collect_year,player_id,player_name,team,position,is_qualified,games,ab,avg,obp,slg,ops,isop,babip,woba,wrc_plus,hr,rbi,run,hit,h2,h3,bb,hbp,so,sb,wpa,war,season_completion
2010,92501,가득염,SK,,False,1,0,0.0,0.0,0.0,0.0,0.0,0.0,0.0,0.0,0,0,0,0,0,0,0,0,0,0,0.0,,1.0
2010,78595,가르시아,롯데,,True,118,429,0.2517482517482518,0.328,0.476,0.804,0.2239999999999999,0.288,0.354,0.0,26,83,73,108,16,1,49,2,123,3,0.0,,1.0
2011,78595,가르시아,한화,,False,72,268,0.2462686567164179,0.308,0.493,0.801,0.247,0.246,0.346,0.0,18,61,37,66,12,0,24,0,55,1,0.0,,1.0
2018,68103,가르시아,LG,,False,50,183,0.3387978142076502,0.383,0.519,0.902,0.18,0.346,0.387,152.5,8,34,27,62,9,0,9,8,25,5,-0.226,1.53,1.0
2022,52125,가르시아,LG,,False,39,136,0.2058823529411764,0.308,0.353,0.661,0.147,0.261,0.31,97.8,4,19,21,28,6,1,19,1,40,4,-1.143,0.43,1.0
2011,61435,가코,삼성,,False,58,189,0.2433862433862433,0.332,0.302,0.634,0.059,0.285,0.303,0.0,1,28,21,46,8,0,22,5,34,0,0.0,,1.0
2024,53006,강건,KT,투수,False,1,0,0.0,0.0,0.0,0.0,0.0,0.0,0.0,0.0,0,0,0,0,0,0,0,0,0,0,0.0,0.0,1.0
2011,61700,강경학,한화,,False,2,1,0.0,0.0,0.0,0.0,0.0,0.0,0.0,0.0,0,0,0,0,0,0,0,0,1,0,0.0,,1.0
2014,61700,강경학,한화,,False,41,86,0.2209302325581395,0.337,0.349,0.686,0.1279999999999999,0.316,0.316,0.0,1,7,11,19,2,3,13,2,28,0,-0.218,,1.0
2015,61700,강경학,한화,,False,120,311,0.2572347266881029,0.348,0.325,0.673,0.068,0.307,0.306,0.0,2,27,50,80,7,4,40,5,58,4,-1.325,,1.0
2016,61700,강경학,한화,,False,46,101,0.1584158415841584,0.232,0.257,0.489,0.099,0.211,0.216,0.0,1,7,16,16,3,2,8,2,30,0,-1.162,,1.0
2017,61700,강경학,한화,,False,59,84,0.2142857142857142,0.29,0.262,0.552,0.048,0.277,0.278,51.1,0,4,17,18,2,1,8,1,19,1,-0.892,-0.23,1.0
2018,61700,강경학,한화,,False,77,245,0.2775510204081632,0.382,0.392,0.774,0.1139999999999999,0.346,0.357,92.7,5,27,42,68,11,1,38,4,59,6,-0.14,1.43,1.0
2019,61700,강경학,한화,,False,52,113,0.2389380530973451,0.341,0.274,0.615,0.035,0.329,0.3,80.0,0,12,21,27,4,0,15,3,32,1,-0.56,0.38,1.0
2020,61700,강경학,한화,,False,94,193,0.2279792746113989,0.352,0.337,0.689,0.109,0.315,0.339,100.7,4,19,25,44,7,1,35,3,64,1,-0.076,1.06,1.0
2021,61700,강경학,KIA,,False,25,33,0.1515151515151515,0.282,0.152,0.434,0.0,0.25,0.227,28.5,0,1,3,5,0,0,5,1,13,1,-0.464,-0.27,1.0
2013,62917,강구성,NC,,False,2,2,0.0,0.0,0.0,0.0,0.0,0.0,0.0,0.0,0,0,0,0,0,0,0,0,0,0,0.0,,1.0
2015,62917,강구성,NC,,False,4,5,0.2,0.2,0.4,0.6,0.2,0.2,0.432,0.0,0,0,0,1,1,0,0,0,0,0,0.16,,1.0
2016,62917,강구성,NC,,False,2,3,0.0,0.0,0.0,0.0,0.0,0.0,0.0,0.0,0,0,0,0,0,0,0,0,1,0,-0.003,,1.0
2017,62917,강구성,NC,,False,1,1,0.0,0.0,0.0,0.0,0.0,0.0,0.0,-117.9,0,0,0,0,0,0,0,0,1,0,-0.012,-0.03,1.0
2018,62917,강구성,NC,,False,4,5,0.2,0.2,0.4,0.6,0.2,0.5,0.248,38.0,0,1,0,1,1,0,0,0,3,0,-0.108,-0.03,1.0
2010,72312,강귀태,넥센,,False,97,269,0.2304832713754646,0.278,0.297,0.575,0.0669999999999999,0.248,0.262,0.0,3,34,24,62,9,0,17,2,31,0,0.0,,1.0
2011,72312,강귀태,넥센,,False,33,81,0.2345679012345679,0.276,0.346,0.622,0.1109999999999999,0.257,0.272,0.0,1,10,4,19,4,1,5,0,11,1,0.0,,1.0
2012,72312,강귀태,넥센,,False,12,19,0.2105263157894736,0.25,0.211,0.461,0.0,0.267,0.207,0.0,0,1,2,4,0,0,0,1,4,0,0.0,,1.0
2016,61295,강동연,두산,,False,3,0,0.0,0.0,0.0,0.0,0.0,0.0,0.0,0.0,0,0,0,0,0,0,0,0,0,0,0.0,,1.0
2020,61295,강동연,NC,,False,3,0,0.0,0.0,0.0,0.0,0.0,0.0,0.0,0.0,0,0,0,0,0,0,0,0,0,0,0.0,0.0,1.0
2010,98420,강동우,한화,,False,98,309,0.2524271844660194,0.343,0.324,0.667,0.072,0.269,0.314,0.0,4,22,45,78,8,1,43,1,33,14,0.0,,1.0
2011,98420,강동우,한화,,True,133,518,0.2876447876447876,0.363,0.4,0.763,0.112,0.311,0.34,0.0,13,51,83,149,13,3,62,2,71,17,0.0,,1.0
2012,98420,강동우,한화,,False,76,257,0.2529182879377432,0.319,0.346,0.665,0.0929999999999999,0.267,0.304,0.0,2,22,35,65,16,1,26,0,21,1,0.0,,1.0
2013,98420,강동우,한화,,False,26,52,0.2115384615384615,0.3,0.269,0.569,0.057,0.239,0.266,0.0,0,3,4,11,1,1,7,0,7,0,0.0,,1.0
2015,65515,강로한,롯데,,False,22,8,0.125,0.125,0.125,0.25,0.0,0.5,0.113,0.0,0,0,2,1,0,0,0,0,6,0,0.113,,1.0
2019,65515,강로한,롯데,,False,104,288,0.2395833333333333,0.279,0.375,0.654,0.135,0.365,0.293,68.8,4,25,38,69,15,6,13,3,107,7,-1.104,-0.02,1.0
2020,65515,강로한,롯데,,False,16,21,0.1904761904761904,0.346,0.19,0.536,0.0,0.267,0.278,53.2,0,1,6,4,0,0,4,1,6,2,0.136,-0.14,1.0
2021,65515,강로한,롯데,,False,21,33,0.1212121212121212,0.171,0.303,0.474,0.182,0.154,0.204,6.0,2,4,7,4,0,0,2,0,18,0,-0.033,-0.31,1.0
2022,65515,강로한,롯데,,False,1,0,0.0,0.0,0.0,0.0,0.0,0.0,0.0,0.0,0,0,0,0,0,0,0,0,0,0,-0.086,0.0,1.0
2010,73409,강명구,삼성,,False,55,63,0.2698412698412698,0.303,0.349,0.652,0.0789999999999999,0.321,0.281,0.0,0,9,17,17,5,0,2,1,10,7,0.0,,1.0
2011,73409,강명구,삼성,,False,89,58,0.1724137931034483,0.234,0.241,0.475,0.069,0.214,0.226,0.0,1,5,22,10,1,0,5,0,16,19,0.0,,1.0
2012,73409,강명구,삼성,,False,72,10,0.1,0.182,0.1,0.282,0.0,0.111,0.147,0.0,0,0,16,1,0,0,1,0,1,15,0.0,,1.0
2013,73409,강명구,삼성,,False,55,58,0.1896551724137931,0.254,0.224,0.478,0.034,0.204,0.225,0.0,0,6,22,11,0,1,4,1,4,11,0.0,,1.0
2014,73409,강명구,삼성,,False,21,4,0.0,0.0,0.0,0.0,0.0,0.0,0.0,0.0,0,0,8,0,0,0,0,0,3,3,0.061,,1.0
2014,64906,강민국,NC,,False,6,3,0.0,0.0,0.0,0.0,0.0,0.0,0.0,0.0,0,0,0,0,0,0,0,0,0,0,-0.025,,1.0
2015,64906,강민국,NC,,False,1,2,0.0,0.0,0.0,0.0,0.0,0.0,0.0,0.0,0,0,0,0,0,0,0,0,1,0,-0.025,,1.0
2016,64906,강민국,NC,,False,24,23,0.1304347826086956,0.2,0.304,0.504,0.174,0.154,0.213,0.0,1,1,2,3,1,0,2,0,9,0,-0.126,,1.0
2018,64906,강민국,NC,,False,6,4,0.25,0.25,0.25,0.5,0.0,0.25,0.225,29.4,0,0,0,1,0,0,0,0,0,0,-0.002,-0.03,1.0
2019,64906,강민국,KT,,False,58,88,0.2727272727272727,0.319,0.295,0.614,0.0219999999999999,0.338,0.283,60.1,0,7,12,24,0,1,6,0,17,2,-0.089,-0.32,1.0
2020,64906,강민국,KT,,False,81,107,0.2242990654205607,0.272,0.252,0.524,0.0279999999999999,0.276,0.284,58.7,0,9,16,24,3,0,7,0,20,0,-0.635,-0.01,1.0
2021,64906,강민국,KT,,False,18,45,0.2444444444444444,0.292,0.289,0.581,0.0449999999999999,0.282,0.255,42.9,0,4,2,11,2,0,3,0,6,0,-0.232,0.01,1.0
2022,64906,강민국,키움,,False,3,3,0.0,0.25,0.0,0.25,0.0,0.0,0.18,-5.0,0,1,0,0,0,0,1,0,1,0,0.236,-0.08,1.0
2026,53103,강민균,LG,내야수,False,4,3,0.0,0.0,0.0,0.0,0.0,0.0,0.0,-125.5,0,0,0,0,0,0,0,0,1,0,-0.009,-0.06,0.757
2023,69064,강민성,KT,내야수,False,12,22,0.1818181818181818,0.308,0.227,0.535,0.045,0.333,0.253,47.3,0,0,2,4,1,0,4,0,10,0,-0.347,-0.16,1.0
2024,69064,강민성,KT,내야수,False,1,1,0.0,0.0,0.0,0.0,0.0,0.0,0.0,-122.6,0,0,0,0,0,0,0,0,0,0,0.0,-0.01,1.0
2025,69064,강민성,KT,내야수,False,25,30,0.0333333333333333,0.167,0.033,0.2,0.0,0.063,0.151,-26.7,0,1,0,1,0,0,5,0,15,0,-0.381,-0.3,1.0
2026,69064,강민성,KT,내야수,False,9,4,0.25,0.25,0.25,0.5,0.0,0.25,0.225,22.5,0,1,0,1,0,0,0,0,0,0,0.241,-0.02,0.757
2010,74540,강민호,롯데,포수,True,117,410,0.3048780487804878,0.376,0.524,0.9,0.219,0.312,0.394,0.0,23,72,66,125,19,1,42,8,65,2,0.0,,1.0
2011,74540,강민호,롯데,포수,True,124,450,0.2888888888888888,0.366,0.48,0.846,0.191,0.316,0.377,0.0,19,66,63,130,25,2,47,8,81,4,0.0,,1.0
2012,74540,강민호,롯데,포수,True,119,400,0.273,0.355,0.468,0.823,0.195,0.315,0.361,0.0,19,66,41,109,21,0,44,8,97,0,0.0,,1.0
2013,74540,강민호,롯데,포수,True,105,327,0.2354740061162079,0.366,0.376,0.742,0.141,0.281,0.342,0.0,11,57,48,77,13,0,60,11,87,4,0.0,,1.0
2014,74540,강민호,롯데,포수,False,98,310,0.2290322580645161,0.325,0.442,0.767,0.213,0.267,0.341,0.0,16,40,37,71,14,2,33,13,92,1,-0.898,,1.0
2015,74540,강민호,롯데,포수,True,123,380,0.3105263157894737,0.421,0.639,1.06,0.328,0.353,0.449,0.0,35,86,63,118,18,1,60,14,112,0,4.08,,1.0
2016,74540,강민호,롯데,포수,True,116,381,0.3228346456692913,0.433,0.549,0.982,0.226,0.377,0.427,0.0,20,72,65,123,26,0,66,10,91,4,4.7940000000000005,,1.0
2017,74540,강민호,롯데,포수,True,130,456,0.2850877192982456,0.361,0.482,0.843,0.197,0.324,0.366,89.0,22,68,62,130,22,1,41,15,104,0,-0.356,2.36,1.0
2018,74540,강민호,삼성,포수,True,129,427,0.2693208430913349,0.331,0.457,0.788,0.188,0.294,0.349,80.5,22,71,46,115,14,0,29,14,96,0,-2.014,0.51,1.0
2019,74540,강민호,삼성,포수,False,112,346,0.2341040462427745,0.315,0.405,0.72,0.171,0.262,0.32,75.0,13,45,36,81,20,0,33,9,76,0,-0.32,0.48,1.0
2020,74540,강민호,삼성,포수,False,119,355,0.2873239436619718,0.349,0.487,0.836,0.2,0.291,0.371,94.4,19,61,46,102,14,0,31,4,54,0,-0.768,1.76,1.0
2021,74540,강민호,삼성,포수,True,123,406,0.2906403940886699,0.361,0.478,0.839,0.187,0.292,0.371,117.3,18,67,55,118,22,0,45,4,53,0,-0.031,3.15,1.0
2022,74540,강민호,삼성,포수,False,130,396,0.2575757575757575,0.33,0.409,0.739,0.1509999999999999,0.271,0.324,89.8,13,66,38,102,19,1,41,3,58,0,-1.11,1.7,1.0
2023,74540,강민호,삼성,포수,True,125,434,0.2903225806451613,0.366,0.445,0.811,0.155,0.307,0.361,116.3,16,77,60,126,19,0,49,6,65,6,-0.03,3.38,1.0
2024,74540,강민호,삼성,포수,True,136,403,0.3027295285359802,0.365,0.496,0.861,0.193,0.305,0.376,110.9,19,77,48,122,19,1,35,8,52,3,1.061,3.14,1.0
2025,74540,강민호,삼성,포수,True,127,412,0.2694174757281553,0.336,0.417,0.753,0.1479999999999999,0.293,0.345,102.2,12,71,37,111,23,1,38,7,69,2,-1.748,2.28,1.0
2026,74540,강민호,삼성,포수,False,75,203,0.2758620689655172,0.378,0.458,0.836,0.182,0.329,0.385,124.2,9,47,25,56,10,0,30,4,52,0,0.994,1.74,0.757
2018,68050,강백호,KT,내야수,True,138,527,0.2903225806451613,0.356,0.524,0.88,0.234,0.329,0.389,107.1,29,84,108,153,32,2,52,3,124,3,1.066,3.94,1.0
2019,68050,강백호,KT,내야수,True,116,438,0.3356164383561644,0.416,0.495,0.911,0.1589999999999999,0.392,0.405,146.4,13,65,72,147,29,1,61,2,87,9,2.533,5.14,1.0
2020,68050,강백호,KT,내야수,True,129,500,0.33,0.411,0.544,0.955,0.214,0.367,0.413,136.1,23,89,95,165,36,1,66,5,93,7,1.781,6.04,1.0
2021,68050,강백호,KT,내야수,True,142,516,0.3468992248062015,0.45,0.521,0.971,0.174,0.385,0.423,153.8,16,102,76,179,40,1,103,0,85,10,3.915,5.85,1.0
2022,68050,강백호,KT,내야수,False,62,237,0.2447257383966244,0.312,0.371,0.683,0.126,0.275,0.299,77.4,6,29,24,58,12,0,23,1,44,0,-0.458,0.2,1.0
2023,68050,강백호,KT,내야수,False,71,238,0.2647058823529412,0.347,0.416,0.763,0.1509999999999999,0.311,0.339,103.8,8,39,32,63,10,1,31,0,55,3,-1.215,1.16,1.0
2024,68050,강백호,KT,내야수,True,144,550,0.289090909090909,0.36,0.48,0.84,0.191,0.333,0.372,112.7,26,96,92,159,27,0,59,3,127,6,0.106,3.1,1.0
2025,68050,강백호,KT,내야수,False,95,321,0.264797507788162,0.358,0.467,0.825,0.202,0.288,0.36,117.6,15,61,41,85,18,1,44,3,64,2,0.579,1.82,1.0
2026,68050,강백호,한화,내야수,True,91,351,0.301994301994302,0.373,0.57,0.943,0.2679999999999999,0.329,0.406,141.6,25,89,57,106,19,0,40,2,84,0,1.953,3.43,0.757
2010,72325,강병식,넥센,,False,107,251,0.2868525896414343,0.391,0.438,0.829,0.151,0.325,0.382,0.0,9,30,32,72,9,1,34,11,51,2,0.0,,1.0
2011,72325,강병식,넥센,,False,77,167,0.1736526946107784,0.249,0.269,0.518,0.095,0.239,0.237,0.0,2,17,16,29,8,1,15,2,53,2,0.0,,1.0
2012,72325,강병식,넥센,,False,26,30,0.2,0.333,0.267,0.6,0.067,0.286,0.341,0.0,0,2,4,6,2,0,5,1,9,1,0.0,,1.0
2010,75143,강병우,넥센,,False,11,2,0.5,0.5,0.5,1.0,0.0,0.5,0.45,0.0,0,0,2,1,0,0,0,0,0,2,0.0,,1.0
2015,61108,강병의,LG,,False,8,3,0.3333333333333333,0.333,0.333,0.666,0.0,0.5,0.607,0.0,0,0,0,1,0,0,0,0,1,1,-0.059,,1.0
2010,70224,강봉규,삼성,,False,89,232,0.2370689655172413,0.353,0.341,0.694,0.104,0.276,0.332,0.0,4,26,38,55,12,0,40,2,44,8,0.0,,1.0
2011,70224,강봉규,삼성,,False,52,146,0.2671232876712329,0.347,0.349,0.696,0.0819999999999999,0.309,0.326,0.0,1,18,14,39,7,1,17,2,24,3,0.0,,1.0
2012,70224,강봉규,삼성,,False,102,235,0.2553191489361702,0.332,0.383,0.715,0.128,0.29,0.319,0.0,6,38,30,60,10,1,28,2,49,5,0.0,,1.0
2013,70224,강봉규,삼성,,False,32,82,0.2073170731707317,0.327,0.268,0.595,0.061,0.266,0.29,0.0,0,5,11,17,5,0,14,1,19,3,0.0,,1.0
2015,70224,강봉규,삼성,,False,5,6,0.0,0.25,0.0,0.25,0.0,0.0,0.184,0.0,0,0,0,0,0,0,1,1,3,0,-0.079,,1.0
2017,66710,강상원,한화,,False,33,14,0.2142857142857142,0.214,0.286,0.5,0.0719999999999999,0.333,0.217,12.2,0,1,8,3,1,0,0,0,5,0,0.021,-0.13,1.0
2018,66710,강상원,한화,,False,6,6,0.0,0.143,0.0,0.143,0.0,0.0,0.103,-61.8,0,0,0,0,0,0,1,0,2,1,-0.047,-0.1,1.0
2021,66710,강상원,한화,,False,35,37,0.1081081081081081,0.298,0.108,0.406,0.0,0.154,0.24,37.9,0,2,7,4,0,0,9,1,11,3,-0.218,-0.22,1.0
2022,66710,강상원,한화,,False,1,0,0.0,0.0,0.0,0.0,0.0,0.0,0.0,0.0,0,0,0,0,0,0,0,0,0,0,0.0,0.0,1.0
2024,54567,강성우,롯데,내야수,False,2,2,0.5,0.5,0.5,1.0,0.0,0.5,0.3,67.0,0,0,0,1,0,0,0,0,0,0,-0.045,-0.05,1.0
2025,54567,강성우,롯데,내야수,False,1,0,0.0,0.0,0.0,0.0,0.0,0.0,0.0,0.0,0,0,0,0,0,0,0,0,0,0,-0.054,0.0,1.0
2024,54506,강승구,롯데,포수,False,5,2,0.0,0.0,0.0,0.0,0.0,0.0,0.0,-123.9,0,0,0,0,0,0,0,0,1,0,-0.257,-0.05,1.0
2025,54506,강승구,롯데,포수,False,1,1,0.0,0.0,0.0,0.0,0.0,0.0,0.0,-135.2,0,0,0,0,0,0,0,0,0,0,-0.072,-0.02,1.0
2017,78552,강승현,한화,,False,1,0,0.0,0.0,0.0,0.0,0.0,0.0,0.0,0.0,0,0,0,0,0,0,0,0,0,0,0.0,0.0,1.0
2016,63123,강승호,LG,내야수,False,18,38,0.1842105263157894,0.22,0.263,0.483,0.079,0.259,0.259,0.0,0,3,4,7,3,0,2,0,12,0,-0.392,,1.0
2017,63123,강승호,LG,내야수,False,85,248,0.25,0.272,0.383,0.655,0.133,0.311,0.281,84.3,5,31,42,62,14,2,7,3,67,2,-1.085,-0.26,1.0
2018,63123,강승호,SK,내야수,False,69,184,0.2554347826086957,0.33,0.359,0.689,0.1039999999999999,0.352,0.311,84.9,3,31,14,47,10,0,18,3,57,1,-1.126,0.16,1.0
2019,63123,강승호,SK,내야수,False,15,39,0.1538461538461538,0.195,0.308,0.503,0.154,0.211,0.213,4.1,2,5,5,6,0,0,2,0,18,0,-0.46,-0.26,1.0
2021,63123,강승호,두산,내야수,False,113,301,0.2392026578073089,0.301,0.375,0.676,0.136,0.297,0.307,90.3,7,37,47,72,16,2,22,6,78,8,-1.982,1.12,1.0
2022,63123,강승호,두산,내야수,True,134,444,0.2635135135135135,0.31,0.399,0.709,0.135,0.316,0.319,107.2,10,62,54,117,28,1,29,3,100,13,-0.736,2.38,1.0
2023,63123,강승호,두산,내야수,True,127,419,0.2649164677804296,0.316,0.387,0.703,0.122,0.341,0.322,106.5,7,59,51,111,18,6,27,6,110,13,-1.405,1.6,1.0
2024,63123,강승호,두산,내야수,True,140,521,0.2802303262955854,0.328,0.476,0.804,0.1959999999999999,0.367,0.348,107.8,18,81,81,146,34,7,32,7,158,16,-0.295,2.86,1.0
2025,63123,강승호,두산,내야수,False,115,360,0.2361111111111111,0.302,0.372,0.674,0.136,0.318,0.304,88.0,8,37,51,85,19,3,24,11,113,14,-2.589,0.88,1.0
2026,63123,강승호,두산,내야수,False,75,181,0.2486187845303867,0.312,0.409,0.721,0.1599999999999999,0.299,0.318,94.2,7,30,31,45,8,0,10,9,52,5,-0.581,0.51,0.757
2010,70615,강영식,롯데,,False,1,0,0.0,0.0,0.0,0.0,0.0,0.0,0.0,0.0,0,0,0,0,0,0,0,0,0,0,0.0,,1.0
2012,70615,강영식,롯데,,False,1,0,0.0,0.0,0.0,0.0,0.0,0.0,0.0,0.0,0,0,0,0,0,0,0,0,0,0,0.0,,1.0
2013,70615,강영식,롯데,,False,1,1,0.0,0.0,0.0,0.0,0.0,0.0,0.0,0.0,0,0,0,0,0,0,0,0,1,0,0.0,,1.0
2014,70615,강영식,롯데,,False,1,0,0.0,0.0,0.0,0.0,0.0,0.0,0.0,0.0,0,0,0,0,0,0,0,0,0,0,0.0,,1.0
2017,79358,강윤구,NC,투수,False,2,0,0.0,0.0,0.0,0.0,0.0,0.0,0.0,0.0,0,0,0,0,0,0,0,0,0,0,0.0,0.0,1.0
2018,79358,강윤구,NC,투수,False,3,0,0.0,0.0,0.0,0.0,0.0,0.0,0.0,0.0,0,0,0,0,0,0,0,0,0,0,0.0,0.0,1.0
2019,79358,강윤구,NC,투수,False,1,0,0.0,0.0,0.0,0.0,0.0,0.0,0.0,0.0,0,0,0,0,0,0,0,0,0,0,0.0,0.0,1.0
2021,79358,강윤구,롯데,투수,False,1,0,0.0,0.0,0.0,0.0,0.0,0.0,0.0,0.0,0,0,0,0,0,0,0,0,0,0,0.0,0.0,1.0
2022,79358,강윤구,롯데,투수,False,1,0,0.0,0.0,0.0,0.0,0.0,0.0,0.0,0.0,0,0,0,0,0,0,0,0,0,0,0.0,0.0,1.0
2015,64907,강장산,NC,,False,2,0,0.0,0.0,0.0,0.0,0.0,0.0,0.0,0.0,0,0,0,0,0,0,0,0,0,0,0.0,,1.0
2017,64907,강장산,KT,,False,1,0,0.0,0.0,0.0,0.0,0.0,0.0,0.0,0.0,0,0,0,0,0,0,0,0,0,0,0.0,0.0,1.0
2021,50705,강재민,한화,투수,False,2,0,0.0,0.0,0.0,0.0,0.0,0.0,0.0,0.0,0,0,0,0,0,0,0,0,0,0,0.0,0.0,1.0
2023,50705,강재민,한화,투수,False,1,0,0.0,0.0,0.0,0.0,0.0,0.0,0.0,0.0,0,0,0,0,0,0,0,0,0,0,0.0,0.0,1.0
2010,76325,강정호,넥센,,True,133,449,0.3006681514476614,0.391,0.457,0.848,0.156,0.349,0.373,0.0,12,58,60,135,30,2,61,7,87,2,0.0,,1.0
2011,76325,강정호,넥센,,True,123,444,0.2815315315315315,0.353,0.401,0.754,0.119,0.307,0.337,0.0,9,63,53,125,22,2,43,9,62,4,0.0,,1.0
2012,76325,강정호,넥센,,True,124,436,0.3142201834862385,0.413,0.56,0.973,0.246,0.331,0.415,0.0,25,82,77,137,32,0,71,6,78,21,0.0,,1.0
2013,76325,강정호,넥센,,True,126,450,0.2911111111111111,0.387,0.489,0.876,0.198,0.335,0.382,0.0,22,96,67,131,21,1,68,6,109,15,0.0,,1.0
2014,76325,강정호,넥센,,True,117,418,0.3564593301435406,0.459,0.739,1.198,0.383,0.398,0.502,0.0,40,117,103,149,36,2,68,13,106,3,7.157,,1.0
2023,53460,강준서,삼성,외야수,False,10,14,0.2142857142857142,0.267,0.286,0.553,0.0719999999999999,0.25,0.251,43.8,0,0,2,3,1,0,1,0,2,0,-0.176,-0.1,1.0
2014,79130,강지광,넥센,,False,1,1,0.0,0.0,0.0,0.0,0.0,0.0,0.0,0.0,0,0,0,0,0,0,0,0,1,0,-0.002,,1.0
2015,79130,강지광,넥센,,False,13,18,0.2777777777777778,0.381,0.278,0.659,0.0,0.556,0.319,0.0,0,2,3,5,0,0,2,1,9,0,0.237,,1.0
2016,79130,강지광,넥센,,False,40,66,0.1969696969696969,0.316,0.273,0.589,0.076,0.286,0.276,0.0,1,7,10,13,2,0,11,1,24,1,-0.479,,1.0
2017,79130,강지광,넥센,,False,1,2,0.0,0.0,0.0,0.0,0.0,0.0,0.0,-131.9,0,0,0,0,0,0,0,0,1,0,-0.069,-0.06,1.0
2018,79130,강지광,SK,,False,1,1,0.0,0.0,0.0,0.0,0.0,0.0,0.0,0.0,0,0,0,0,0,0,0,0,0,0,0.0,0.0,1.0
2013,62925,강진성,NC,,False,3,2,0.5,0.667,1.0,1.667,0.5,0.5,0.653,0.0,0,0,1,1,1,0,1,0,0,0,0.0,,1.0
2017,62925,강진성,NC,,False,28,27,0.2962962962962963,0.406,0.519,0.925,0.223,0.318,0.403,140.6,1,5,5,8,3,0,4,1,4,0,-0.251,0.25,1.0
2018,62925,강진성,NC,,False,45,68,0.2352941176470588,0.274,0.279,0.553,0.044,0.308,0.244,39.7,0,1,5,16,3,0,4,0,17,0,-1.258,-0.44,1.0
2019,62925,강진성,NC,,False,41,97,0.2474226804123711,0.298,0.371,0.669,0.124,0.293,0.315,96.4,2,14,11,24,4,1,3,4,20,2,-0.546,0.22,1.0
2020,62925,강진성,NC,,False,121,395,0.3088607594936708,0.351,0.463,0.814,0.154,0.321,0.358,107.5,12,70,53,122,25,0,20,9,46,9,-0.195,3.0,1.0
2021,62925,강진성,NC,,True,124,406,0.2487684729064039,0.33,0.35,0.68,0.1009999999999999,0.282,0.314,84.0,7,38,49,101,20,0,36,14,68,9,-2.736,0.24,1.0
2022,62925,강진성,두산,,False,40,80,0.163,0.28,0.225,0.505,0.062,0.203,0.248,45.1,1,8,7,13,2,0,11,2,20,4,-0.614,-0.18,1.0
2023,62925,강진성,SSG,,False,58,134,0.2611940298507462,0.306,0.388,0.694,0.127,0.286,0.303,86.1,3,17,10,35,6,1,6,3,20,0,-0.803,0.35,1.0
2024,62925,강진성,SSG,,False,16,27,0.1851851851851851,0.267,0.185,0.452,0.0,0.227,0.245,36.4,0,2,4,5,0,0,3,0,5,0,0.103,-0.16,1.0
2025,62925,강진성,키움,,False,6,11,0.1818181818181818,0.308,0.182,0.49,0.0,0.2,0.249,47.6,0,1,1,2,0,0,2,0,1,0,-0.066,-0.03,1.0
2016,65514,강태율,롯데,,False,2,2,0.0,0.0,0.0,0.0,0.0,0.0,0.0,0.0,0,0,0,0,0,0,0,0,0,0,-0.001,,1.0
2017,65514,강태율,롯데,,False,1,0,0.0,0.0,0.0,0.0,0.0,0.0,0.0,0.0,0,0,0,0,0,0,0,0,0,0,0.0,0.0,1.0
2020,65514,강태율,롯데,,False,14,11,0.4545454545454545,0.667,1.0,1.667,0.5449999999999999,0.429,0.647,286.4,2,2,2,5,0,0,7,0,2,0,0.027,0.52,1.0
2021,65514,강태율,롯데,,False,19,26,0.0769230769230769,0.194,0.231,0.425,0.154,0.063,0.196,0.6,1,5,1,2,1,0,4,0,10,0,-0.556,-0.42,1.0
2022,65514,강태율,롯데,,False,19,32,0.09375,0.171,0.125,0.296,0.031,0.13,0.162,-21.6,0,3,0,3,1,0,2,1,9,0,-0.627,-0.25,1.0
2024,65514,강태율,롯데,,False,10,10,0.0,0.0,0.0,0.0,0.0,0.0,0.0,-123.9,0,0,0,0,0,0,0,0,4,0,-0.163,-0.3,1.0
2014,64610,강한울,KIA,,False,93,208,0.2644230769230769,0.294,0.327,0.621,0.063,0.333,0.294,0.0,0,14,32,55,5,4,8,1,44,4,-0.862,,1.0
2015,64610,강한울,KIA,,False,90,264,0.2045454545454545,0.25,0.258,0.508,0.053,0.254,0.238,0.0,0,12,30,54,8,3,13,3,51,9,-1.705,,1.0
2016,64610,강한울,KIA,,False,104,298,0.2718120805369127,0.307,0.336,0.643,0.064,0.321,0.288,0.0,0,27,36,81,13,3,15,0,46,7,-1.18,,1.0
2017,64610,강한울,삼성,,True,135,412,0.3033980582524271,0.344,0.34,0.684,0.037,0.351,0.31,71.2,0,24,58,125,9,3,26,0,57,12,-2.713,0.91,1.0
2018,64610,강한울,삼성,,False,83,193,0.2590673575129533,0.306,0.306,0.612,0.0469999999999999,0.314,0.288,53.2,0,8,20,50,5,2,12,1,34,3,-1.176,-0.11,1.0
2020,64610,강한울,삼성,,False,34,105,0.3047619047619048,0.368,0.362,0.73,0.0569999999999999,0.383,0.333,80.7,1,10,13,32,3,0,11,0,24,1,-0.219,0.44,1.0
2021,64610,강한울,삼성,,False,124,223,0.2600896860986547,0.341,0.283,0.624,0.0229999999999999,0.345,0.29,70.0,0,27,25,58,5,0,29,0,58,2,-1.036,-0.04,1.0
2022,64610,강한울,삼성,,False,94,226,0.3230088495575221,0.375,0.398,0.773,0.075,0.402,0.344,113.8,1,26,31,73,12,1,20,0,48,4,-1.237,1.35,1.0
2023,64610,강한울,삼성,,False,72,212,0.2169811320754717,0.282,0.269,0.551,0.052,0.288,0.261,50.1,0,10,30,46,7,2,20,0,54,1,-2.79,-0.7,1.0
2024,64610,강한울,삼성,,False,18,21,0.0952380952380952,0.091,0.095,0.186,0.0,0.125,0.072,-77.3,0,1,1,2,0,0,0,0,6,0,-0.548,-0.51,1.0
2022,51269,강현구,두산,,False,3,3,0.3333333333333333,0.6,0.333,0.933,0.0,0.333,0.474,216.8,0,0,0,1,0,0,1,1,0,0,0.013,-0.02,1.0
2025,51269,강현구,두산,,False,1,2,0.0,0.0,0.0,0.0,0.0,0.0,0.0,-130.7,0,0,0,0,0,0,0,0,1,0,-0.06,-0.05,1.0
2020,50066,강현우,KT,포수,False,26,30,0.2,0.25,0.367,0.617,0.1669999999999999,0.278,0.268,49.0,1,3,2,6,2,0,2,0,11,0,0.017,-0.09,1.0
2023,50066,강현우,KT,포수,False,53,103,0.1941747572815534,0.245,0.282,0.527,0.0879999999999999,0.224,0.261,53.4,1,11,11,20,6,0,6,1,17,0,-1.235,-0.21,1.0
2024,50066,강현우,KT,포수,False,18,26,0.3076923076923077,0.471,0.462,0.933,0.154,0.467,0.399,133.0,1,8,4,8,1,0,8,0,10,0,0.357,0.27,1.0
2025,50066,강현우,KT,포수,False,40,64,0.1875,0.293,0.25,0.543,0.062,0.22,0.249,42.7,1,8,5,12,1,0,10,0,14,0,-0.272,-0.34,1.0
2026,50066,강현우,KT,포수,False,21,19,0.1578947368421052,0.304,0.158,0.462,0.0,0.231,0.243,34.9,0,0,1,3,0,0,4,0,6,0,-0.216,-0.13,0.757
2013,63563,고도현,롯데,,False,4,4,0.25,0.25,0.25,0.5,0.0,0.5,0.225,0.0,0,1,0,1,0,0,0,0,2,0,0.0,,1.0
2014,63563,고도현,롯데,,False,4,7,0.2857142857142857,0.286,0.286,0.572,0.0,0.4,0.257,0.0,0,1,0,2,0,0,0,0,2,0,-0.2,,1.0
2011,74745,고동진,한화,,False,97,195,0.2512820512820513,0.319,0.344,0.663,0.0929999999999999,0.288,0.309,0.0,3,19,31,49,9,0,15,5,33,3,0.0,,1.0
2012,74745,고동진,한화,,False,110,281,0.2704626334519573,0.367,0.345,0.712,0.0749999999999999,0.317,0.321,0.0,3,29,32,76,12,0,38,5,48,8,0.0,,1.0
2013,74745,고동진,한화,,False,93,312,0.2724358974358974,0.35,0.327,0.677,0.0549999999999999,0.321,0.312,0.0,1,31,31,85,14,0,34,6,54,4,0.0,,1.0
2014,74745,고동진,한화,,False,73,187,0.2406417112299465,0.31,0.283,0.593,0.0419999999999999,0.286,0.271,0.0,1,14,21,45,5,0,18,2,35,0,-0.899,,1.0
2015,74745,고동진,한화,,False,27,59,0.1694915254237288,0.246,0.237,0.483,0.0679999999999999,0.217,0.211,0.0,0,7,5,10,4,0,2,4,13,0,-0.62,,1.0
2016,66805,고메즈,SK,,True,117,456,0.2828947368421052,0.324,0.489,0.813,0.206,0.307,0.356,0.0,21,62,74,129,31,0,25,5,87,16,-0.589,,1.0
2018,68069,고명성,KT,,False,5,2,0.0,0.0,0.0,0.0,0.0,0.0,0.0,-129.8,0,0,0,0,0,0,0,0,0,0,-0.01,-0.02,1.0
2019,68069,고명성,KT,,False,30,16,0.125,0.222,0.125,0.347,0.0,0.222,0.18,-13.9,0,0,4,2,0,0,2,0,7,0,-0.355,-0.22,1.0
2021,68069,고명성,KT,,False,7,1,0.0,0.0,0.0,0.0,0.0,0.0,0.0,-135.5,0,0,1,0,0,0,0,0,0,0,-0.002,-0.02,1.0
2022,68069,고명성,KT,,False,1,0,0.0,0.0,0.0,0.0,0.0,0.0,0.0,0.0,0,0,0,0,0,0,0,0,0,0,0.0,0.0,1.0
2021,51868,고명준,SSG,내야수,False,3,5,0.0,0.0,0.0,0.0,0.0,0.0,0.184,-3.6,0,0,0,0,0,0,0,0,3,0,-0.249,-0.05,1.0
2023,51868,고명준,SSG,내야수,False,2,4,0.0,0.0,0.0,0.0,0.0,0.0,0.0,-137.3,0,0,0,0,0,0,0,0,3,0,-0.055,-0.09,1.0
2024,51868,고명준,SSG,내야수,False,106,340,0.25,0.303,0.385,0.688,0.135,0.31,0.321,83.4,11,45,33,85,13,0,25,1,90,3,-1.507,0.23,1.0
2025,51868,고명준,SSG,내야수,True,130,471,0.2781316348195329,0.306,0.433,0.739,0.1549999999999999,0.315,0.328,98.8,17,64,46,131,20,1,20,2,99,2,-2.885,2.01,1.0
2026,51868,고명준,SSG,내야수,False,41,153,0.2810457516339869,0.331,0.51,0.841,0.2289999999999999,0.312,0.358,109.9,9,20,18,43,8,0,12,0,36,1,-0.631,0.65,0.757
2016,66201,고봉재,두산,,False,1,0,0.0,0.0,0.0,0.0,0.0,0.0,0.0,0.0,0,0,0,0,0,0,0,0,0,0,0.0,,1.0
2019,69517,고승민,롯데,내야수,False,30,83,0.253012048192771,0.284,0.373,0.657,0.12,0.309,0.293,70.1,0,6,7,21,6,2,4,0,16,0,-0.512,0.25,1.0
2022,69517,고승민,롯데,내야수,False,92,234,0.3162393162393162,0.381,0.453,0.834,0.137,0.377,0.368,130.9,5,30,31,74,15,1,25,0,47,1,0.467,1.92,1.0
2023,69517,고승민,롯데,내야수,False,94,255,0.2235294117647059,0.331,0.318,0.649,0.094,0.285,0.305,78.1,2,24,35,57,14,2,42,1,64,8,-1.282,0.23,1.0
2024,69517,고승민,롯데,내야수,True,120,481,0.3076923076923077,0.358,0.476,0.834,0.1679999999999999,0.338,0.365,108.5,14,87,79,148,27,6,41,1,78,5,-0.198,3.28,1.0
2025,69517,고승민,롯데,내야수,True,121,469,0.2707889125799573,0.35,0.35,0.7,0.0789999999999999,0.319,0.321,91.3,4,45,71,127,21,2,56,3,83,5,-1.478,1.91,1.0
2026,69517,고승민,롯데,내야수,True,74,298,0.2818791946308724,0.34,0.446,0.786,0.164,0.322,0.343,100.7,10,52,50,84,15,2,27,1,61,0,0.641,1.69,0.757
2025,54908,고승완,NC,외야수,False,17,10,0.2,0.273,0.2,0.473,0.0,0.4,0.229,31.8,0,0,5,2,0,0,1,0,5,2,0.025,-0.07,1.0
2010,72214,고영민,두산,"작전,주루코치",False,100,293,0.204778156996587,0.316,0.307,0.623,0.102,0.244,0.296,0.0,6,35,53,60,10,1,34,14,67,11,0.0,,1.0
2011,72214,고영민,두산,"작전,주루코치",False,93,176,0.2102272727272727,0.305,0.301,0.606,0.091,0.272,0.283,0.0,3,16,31,37,5,1,18,7,50,6,0.0,,1.0
2012,72214,고영민,두산,"작전,주루코치",False,58,151,0.2649006622516556,0.335,0.404,0.739,0.139,0.308,0.328,0.0,3,26,33,40,10,1,13,3,28,7,0.0,,1.0
2013,72214,고영민,두산,"작전,주루코치",False,10,14,0.2857142857142857,0.412,0.571,0.983,0.285,0.375,0.402,0.0,1,1,3,4,1,0,3,0,5,1,0.0,,1.0
2014,72214,고영민,두산,"작전,주루코치",False,52,94,0.2872340425531915,0.355,0.34,0.695,0.053,0.338,0.34,0.0,1,7,18,27,2,0,11,0,18,1,-0.037,,1.0
2015,72214,고영민,두산,"작전,주루코치",False,41,67,0.3283582089552239,0.403,0.478,0.881,0.1499999999999999,0.442,0.388,0.0,3,11,13,22,1,0,6,3,22,4,-0.565,,1.0
2016,72214,고영민,두산,"작전,주루코치",False,8,4,0.25,0.4,0.5,0.9,0.25,0.333,0.392,0.0,0,1,1,1,1,0,1,0,1,0,-0.171,,1.0
2024,54344,고영우,키움,내야수,False,94,254,0.2559055118110236,0.329,0.319,0.648,0.063,0.349,0.296,68.5,0,35,21,65,12,2,28,1,71,0,-1.252,-0.57,1.0
2025,54344,고영우,키움,내야수,False,14,23,0.2173913043478261,0.28,0.261,0.541,0.044,0.294,0.277,67.0,0,2,4,5,1,0,2,0,6,0,-0.047,-0.11,1.0
2019,63628,고영창,KIA,,False,1,0,0.0,0.0,0.0,0.0,0.0,0.0,0.0,0.0,0,0,0,0,0,0,0,0,0,0,0.0,0.0,1.0
2015,64001,고영표,KT,투수,False,1,0,0.0,0.0,0.0,0.0,0.0,0.0,0.0,0.0,0,0,0,0,0,0,0,0,0,0,0.0,,1.0
2021,64001,고영표,KT,투수,False,1,0,0.0,1.0,0.0,0.0,0.0,0.0,0.72,0.0,0,0,0,0,0,0,1,0,0,0,0.0,0.0,1.0
2017,67119,고우석,LG,투수,False,1,0,0.0,0.0,0.0,0.0,0.0,0.0,0.0,0.0,0,0,0,0,0,0,0,0,0,0,0.0,0.0,1.0
2019,67119,고우석,LG,투수,False,1,0,0.0,0.0,0.0,0.0,0.0,0.0,0.0,0.0,0,0,0,0,0,0,0,0,0,0,0.0,0.0,1.0
2021,67119,고우석,LG,투수,False,5,0,0.0,0.0,0.0,0.0,0.0,0.0,0.0,0.0,0,0,0,0,0,0,0,0,0,0,0.0,0.0,1.0
2022,67119,고우석,LG,투수,False,4,1,0.0,0.0,0.0,0.0,0.0,0.0,0.0,0.0,0,0,0,0,0,0,0,0,0,0,-0.059,0.0,1.0
2023,67119,고우석,LG,투수,False,1,0,0.0,0.0,0.0,0.0,0.0,0.0,0.0,0.0,0,0,0,0,0,0,0,0,0,0,0.0,0.0,1.0
2010,79349,고원준,넥센,,False,1,0,0.0,0.0,0.0,0.0,0.0,0.0,0.0,0.0,0,0,0,0,0,0,0,0,0,0,0.0,,1.0
2013,63636,고장혁,KIA,,False,29,11,0.0909090909090909,0.091,0.091,0.182,0.0,0.2,0.082,0.0,0,0,7,1,0,0,0,0,6,2,0.0,,1.0
2014,63636,고장혁,KIA,,False,21,24,0.0833333333333333,0.148,0.167,0.315,0.084,0.105,0.146,0.0,0,1,4,2,2,0,1,1,6,0,-0.444,,1.0
2015,63636,고장혁,KIA,,False,82,52,0.1538461538461538,0.214,0.25,0.464,0.096,0.194,0.223,0.0,1,4,17,8,2,0,4,0,15,7,-0.381,,1.0
2016,63636,고장혁,KIA,,False,63,70,0.2142857142857142,0.313,0.257,0.57,0.043,0.273,0.269,0.0,0,4,18,15,3,0,7,3,15,3,-0.802,,1.0
2017,63636,고장혁,KIA,,False,67,38,0.2368421052631578,0.231,0.316,0.547,0.079,0.3,0.228,19.6,0,3,13,9,3,0,0,0,9,0,-0.101,-0.22,1.0
2019,63636,고장혁,KIA,,False,22,31,0.2258064516129032,0.25,0.29,0.54,0.0639999999999999,0.304,0.27,61.1,0,3,2,7,0,1,0,1,8,0,-0.147,-0.3,1.0
2020,63636,고장혁,KIA,,False,7,13,0.2307692307692307,0.231,0.231,0.462,0.0,0.375,0.208,13.1,0,0,0,3,0,0,0,0,5,0,-0.298,-0.1,1.0
2011,61353,고종욱,넥센,외야수,False,54,105,0.2476190476190476,0.279,0.4,0.679,0.152,0.316,0.3,0.0,1,9,12,26,5,4,5,0,26,7,0.0,,1.0
2014,61353,고종욱,넥센,외야수,False,8,12,0.0,0.143,0.0,0.143,0.0,0.0,0.234,0.0,0,0,2,0,0,0,2,0,4,1,-0.125,,1.0
2015,61353,고종욱,넥센,외야수,False,119,407,0.3095823095823096,0.358,0.464,0.822,0.154,0.366,0.367,0.0,10,51,81,126,25,4,25,6,81,22,-0.25,,1.0
2016,61353,고종욱,넥센,외야수,True,133,527,0.333965844402277,0.37,0.455,0.825,0.121,0.399,0.37,0.0,8,72,92,176,22,9,28,5,103,28,3.83,,1.0
2017,61353,고종욱,넥센,외야수,True,123,426,0.312206572769953,0.349,0.462,0.811,0.15,0.381,0.355,90.0,8,54,70,133,24,8,22,3,92,16,-0.072,1.21,1.0
2018,61353,고종욱,넥센,외야수,False,102,330,0.2787878787878788,0.309,0.4,0.709,0.121,0.371,0.317,69.6,6,54,47,92,22,0,15,1,96,17,0.481,-0.04,1.0
2019,61353,고종욱,SK,외야수,True,137,492,0.3231707317073171,0.347,0.421,0.768,0.0979999999999999,0.388,0.347,117.1,3,56,76,159,25,7,18,1,89,31,0.747,2.9,1.0
2020,61353,고종욱,SK,외야수,False,92,272,0.2830882352941176,0.319,0.371,0.69,0.088,0.344,0.319,80.9,3,26,24,77,9,3,14,1,55,1,-1.636,0.26,1.0
2021,61353,고종욱,SSG,외야수,False,88,180,0.2666666666666666,0.323,0.328,0.651,0.061,0.307,0.308,84.0,2,18,25,48,5,0,16,0,30,2,-1.088,0.17,1.0
2022,61353,고종욱,KIA,외야수,False,62,106,0.2830188679245283,0.327,0.425,0.752,0.142,0.337,0.334,110.7,2,14,13,30,7,1,7,0,21,1,0.126,0.52,1.0
2023,61353,고종욱,KIA,외야수,False,114,270,0.2962962962962963,0.329,0.393,0.722,0.097,0.365,0.338,111.4,3,39,35,80,17,0,14,0,58,2,-0.46,1.48,1.0
2024,61353,고종욱,KIA,외야수,False,28,32,0.25,0.333,0.406,0.739,0.156,0.28,0.354,106.6,1,4,3,8,2,0,4,0,6,0,0.137,0.14,1.0
2025,61353,고종욱,KIA,외야수,False,46,115,0.2956521739130434,0.317,0.391,0.708,0.095,0.316,0.313,88.1,3,16,13,34,2,0,5,0,17,2,-0.507,0.42,1.0
2026,61353,고종욱,KIA,외야수,False,19,21,0.1428571428571428,0.269,0.143,0.412,0.0,0.176,0.216,19.3,0,4,0,3,0,0,3,1,5,1,-0.094,-0.17,0.757
2026,56949,고준휘,NC,외야수,False,25,45,0.2222222222222222,0.286,0.378,0.664,0.156,0.25,0.331,95.1,2,8,4,10,1,0,2,2,11,1,-0.368,-0.02,0.757
2010,78248,고창성,두산,,False,3,0,0.0,0.0,0.0,0.0,0.0,0.0,0.0,0.0,0,0,0,0,0,0,0,0,0,0,0.0,,1.0
2014,78248,고창성,NC,,False,1,0,0.0,0.0,0.0,0.0,0.0,0.0,0.0,0.0,0,0,0,0,0,0,0,0,0,0,0.0,,1.0
2015,78248,고창성,NC,,False,1,0,0.0,0.0,0.0,0.0,0.0,0.0,0.0,0.0,0,0,0,0,0,0,0,0,0,0,0.0,,1.0
2018,78248,고창성,KT,,False,1,0,0.0,0.0,0.0,0.0,0.0,0.0,0.0,0.0,0,0,0,0,0,0,0,0,0,0,0.0,0.0,1.0
2010,72523,고효준,SK,,False,2,0,0.0,0.0,0.0,0.0,0.0,0.0,0.0,0.0,0,0,0,0,0,0,0,0,0,0,0.0,,1.0
2015,72523,고효준,SK,,False,1,0,0.0,0.0,0.0,0.0,0.0,0.0,0.0,0.0,0,0,0,0,0,0,0,0,0,0,0.0,,1.0
2017,72523,고효준,KIA,,False,1,0,0.0,0.0,0.0,0.0,0.0,0.0,0.0,0.0,0,0,0,0,0,0,0,0,0,0,0.0,0.0,1.0
2019,72523,고효준,롯데,,False,1,0,0.0,0.0,0.0,0.0,0.0,0.0,0.0,0.0,0,0,0,0,0,0,0,0,0,0,0.0,0.0,1.0
2020,72523,고효준,롯데,,False,1,0,0.0,0.0,0.0,0.0,0.0,0.0,0.0,0.0,0,0,0,0,0,0,0,0,0,0,0.0,0.0,1.0
2022,72523,고효준,SSG,,False,2,0,0.0,0.0,0.0,0.0,0.0,0.0,0.0,0.0,0,0,0,0,0,0,0,0,0,0,0.0,0.0,1.0
2023,72523,고효준,SSG,,False,2,0,0.0,0.0,0.0,0.0,0.0,0.0,0.0,0.0,0,0,0,0,0,0,0,0,0,0,0.0,0.0,1.0
2025,72523,고효준,두산,,False,1,0,0.0,0.0,0.0,0.0,0.0,0.0,0.0,0.0,0,0,0,0,0,0,0,0,0,0,0.0,0.0,1.0
2019,68407,공민규,삼성,,False,28,53,0.2452830188679245,0.333,0.434,0.767,0.189,0.313,0.353,100.6,3,6,4,13,1,0,6,1,18,0,0.002,0.28,1.0
2022,68407,공민규,삼성,,False,15,19,0.1578947368421052,0.227,0.158,0.385,0.0,0.3,0.19,-0.6,0,2,0,3,0,0,1,1,10,0,-0.235,-0.28,1.0
2023,68407,공민규,삼성,,False,22,31,0.1935483870967742,0.242,0.29,0.532,0.0959999999999999,0.333,0.238,35.6,0,2,0,6,1,1,2,0,13,0,0.26,-0.11,1.0
2024,68407,공민규,삼성,,False,12,14,0.0714285714285714,0.235,0.286,0.521,0.2149999999999999,0.0,0.245,26.5,1,2,1,1,0,0,1,2,9,0,-0.102,-0.15,1.0
2024,53609,곽도규,KIA,투수,False,1,0,0.0,0.0,0.0,0.0,0.0,0.0,0.0,0.0,0,0,0,0,0,0,0,0,0,0,0.0,0.0,1.0
2023,53506,구드럼,롯데,내야수,False,50,173,0.2947976878612717,0.373,0.387,0.76,0.092,0.389,0.344,108.7,0,28,16,51,14,1,23,1,46,0,-0.522,0.49,1.0
2019,69100,구본혁,LG,내야수,False,57,85,0.1764705882352941,0.245,0.224,0.469,0.048,0.206,0.237,54.3,1,6,10,15,1,0,6,2,17,2,-0.714,-0.24,1.0
2020,69100,구본혁,LG,내야수,False,125,86,0.1627906976744186,0.242,0.221,0.463,0.0579999999999999,0.194,0.232,42.0,1,7,20,14,0,1,7,2,18,0,-0.391,-0.49,1.0
2021,69100,구본혁,LG,내야수,False,123,38,0.131578947368421,0.205,0.184,0.389,0.0519999999999999,0.152,0.2,12.1,0,3,10,5,2,0,3,1,7,0,-0.241,-0.01,1.0
2024,69100,구본혁,LG,내야수,False,133,339,0.2566371681415929,0.335,0.327,0.662,0.07,0.293,0.307,79.6,2,43,48,87,14,2,38,4,51,8,-1.217,0.68,1.0
2025,69100,구본혁,LG,내야수,False,131,343,0.2857142857142857,0.364,0.353,0.717,0.067,0.326,0.331,105.0,1,38,41,98,16,2,36,6,44,10,-1.155,2.11,1.0
2026,69100,구본혁,LG,내야수,False,101,235,0.2808510638297872,0.341,0.311,0.652,0.0299999999999999,0.328,0.298,76.1,0,18,27,66,7,0,20,2,35,3,-1.09,0.37,0.757
2018,63543,구승민,롯데,투수,False,1,0,0.0,0.0,0.0,0.0,0.0,0.0,0.0,0.0,0,0,0,0,0,0,0,0,0,0,0.0,0.0,1.0
2019,63543,구승민,롯데,투수,False,2,0,0.0,0.0,0.0,0.0,0.0,0.0,0.0,0.0,0,0,0,0,0,0,0,0,0,0,0.0,0.0,1.0
2020,63543,구승민,롯데,투수,False,1,0,0.0,0.0,0.0,0.0,0.0,0.0,0.0,0.0,0,0,0,0,0,0,0,0,0,0,0.0,0.0,1.0
2022,63543,구승민,롯데,투수,False,1,0,0.0,0.0,0.0,0.0,0.0,0.0,0.0,0.0,0,0,0,0,0,0,0,0,0,0,0.0,0.0,1.0
2025,63543,구승민,롯데,투수,False,1,0,0.0,0.0,0.0,0.0,0.0,0.0,0.0,0.0,0,0,0,0,0,0,0,0,0,0,0.0,0.0,1.0
2015,62404,구자욱,삼성,외야수,True,116,410,0.348780487804878,0.417,0.534,0.951,0.185,0.407,0.42,0.0,11,57,97,143,33,5,45,6,79,17,1.066,,1.0
2016,62404,구자욱,삼성,외야수,True,108,428,0.3434579439252336,0.42,0.547,0.967,0.204,0.379,0.425,0.0,14,77,105,147,19,13,55,5,68,10,3.691,,1.0
2017,62404,구자욱,삼성,외야수,True,144,564,0.3102836879432624,0.383,0.527,0.91,0.217,0.371,0.399,123.8,21,107,108,175,39,10,63,10,138,10,1.645,5.75,1.0
2018,62404,구자욱,삼성,외야수,True,116,478,0.3326359832635983,0.392,0.533,0.925,0.2,0.397,0.403,117.8,20,84,100,159,26,5,43,5,110,10,2.876,5.22,1.0
2019,62404,구자욱,삼성,외야수,True,122,475,0.2673684210526316,0.327,0.444,0.771,0.177,0.296,0.347,96.6,15,71,66,127,27,6,38,7,88,11,-0.259,3.45,1.0
2020,62404,구자욱,삼성,외야수,True,118,446,0.3071748878923767,0.385,0.478,0.863,0.1709999999999999,0.355,0.382,105.0,15,78,70,137,27,2,51,8,91,19,2.426,4.18,1.0
2021,62404,구자욱,삼성,외야수,True,139,543,0.3057090239410681,0.361,0.519,0.88,0.213,0.331,0.385,130.0,22,88,107,166,30,10,48,6,98,27,1.255,5.33,1.0
2022,62404,구자욱,삼성,외야수,False,99,409,0.293398533007335,0.34,0.401,0.741,0.108,0.357,0.332,101.0,5,38,69,120,23,3,27,3,84,11,-1.225,1.86,1.0
2023,62404,구자욱,삼성,외야수,True,119,453,0.3355408388520971,0.407,0.494,0.901,0.1579999999999999,0.387,0.396,145.7,11,71,65,152,37,1,53,4,81,12,1.873,4.96,1.0
2024,62404,구자욱,삼성,외야수,True,129,493,0.3427991886409736,0.417,0.627,1.044,0.284,0.346,0.445,151.6,33,115,92,169,39,1,55,12,73,13,4.768,6.17,1.0
2025,62404,구자욱,삼성,외야수,True,142,529,0.3194706994328922,0.402,0.516,0.918,0.197,0.351,0.406,142.9,19,96,106,169,43,2,73,5,91,4,3.041,5.1,1.0
2026,62404,구자욱,삼성,외야수,True,86,328,0.3567073170731707,0.425,0.564,0.989,0.2069999999999999,0.391,0.43,152.4,13,81,67,117,21,4,39,3,53,4,2.1,3.59,0.757
2016,65933,구창모,NC,투수,False,1,0,0.0,0.0,0.0,0.0,0.0,0.0,0.0,0.0,0,0,0,0,0,0,0,0,0,0,0.0,,1.0
2012,79290,국해성,두산,,False,3,6,0.0,0.0,0.0,0.0,0.0,0.0,0.0,0.0,0,0,0,0,0,0,0,0,2,0,0.0,,1.0
2015,79290,국해성,두산,,False,11,20,0.2,0.28,0.4,0.68,0.2,0.188,0.276,0.0,1,5,6,4,1,0,2,1,5,0,-0.294,,1.0
2016,79290,국해성,두산,,False,58,151,0.2781456953642384,0.368,0.43,0.798,0.1519999999999999,0.339,0.359,0.0,4,24,28,42,11,0,21,1,36,1,0.318,,1.0
2017,79290,국해성,두산,,False,57,86,0.2093023255813953,0.281,0.349,0.63,0.1399999999999999,0.246,0.291,79.7,3,17,15,18,3,0,5,4,23,0,-0.383,0.31,1.0
2018,79290,국해성,두산,,False,14,24,0.3333333333333333,0.429,0.458,0.887,0.125,0.421,0.398,138.1,0,1,4,8,3,0,3,1,5,1,-0.052,0.23,1.0
2019,79290,국해성,두산,,False,21,35,0.1714285714285714,0.293,0.257,0.55,0.086,0.273,0.263,65.5,0,2,2,6,3,0,5,1,13,0,-0.538,-0.17,1.0
2020,79290,국해성,두산,,False,46,86,0.2325581395348837,0.287,0.349,0.636,0.1159999999999999,0.27,0.273,69.4,3,17,10,20,1,0,6,1,21,1,-0.212,-0.15,1.0
2021,79290,국해성,두산,,False,4,8,0.125,0.125,0.125,0.25,0.0,0.167,0.113,-50.5,0,0,0,1,0,0,0,0,2,0,-0.127,-0.13,1.0
2023,79290,국해성,롯데,,False,6,8,0.25,0.4,0.25,0.65,0.0,0.4,0.324,98.8,0,1,0,2,0,0,2,0,3,0,-0.145,0.03,1.0
2022,52769,권광민,한화,외야수,False,32,71,0.2253521126760563,0.345,0.296,0.641,0.0709999999999999,0.372,0.301,86.8,0,8,6,16,3,1,13,1,30,0,-0.757,0.01,1.0
2023,52769,권광민,한화,외야수,False,66,73,0.1506849315068493,0.225,0.274,0.499,0.123,0.191,0.223,28.8,2,9,11,11,1,1,6,1,24,2,-1.053,-0.56,1.0
2024,52769,권광민,한화,외야수,False,19,48,0.2708333333333333,0.314,0.583,0.897,0.3119999999999999,0.333,0.374,117.8,4,9,10,13,3,0,3,0,17,0,-0.108,0.27,1.0
2025,52769,권광민,한화,외야수,False,15,18,0.1666666666666666,0.167,0.222,0.389,0.0549999999999999,0.231,0.169,-13.7,0,0,2,3,1,0,0,0,5,0,-0.24,-0.19,1.0
2026,52769,권광민,한화,외야수,False,5,6,0.3333333333333333,0.429,0.333,0.762,0.0,1.0,0.36,112.5,0,1,0,2,0,0,1,0,4,0,-0.06,0.01,0.757
2021,51640,권다결,KIA,포수,False,5,18,0.2222222222222222,0.222,0.222,0.444,0.0,0.333,0.2,8.4,0,0,1,4,0,0,0,0,6,0,-0.305,-0.12,1.0
2022,51640,권다결,KIA,포수,False,2,2,0.5,0.5,0.5,1.0,0.0,0.5,0.45,196.4,0,1,0,1,0,0,0,0,0,0,0.022,0.03,1.0
2010,73363,권도영,넥센,,False,37,61,0.2459016393442623,0.324,0.295,0.619,0.0489999999999999,0.326,0.284,0.0,0,4,7,15,3,0,7,0,15,0,0.0,,1.0
2021,51003,권동진,KT,내야수,False,86,67,0.2537313432835821,0.412,0.373,0.785,0.119,0.444,0.371,125.7,1,6,21,17,5,0,18,0,30,3,-0.153,0.34,1.0
2022,51003,권동진,KT,내야수,False,48,38,0.131578947368421,0.154,0.211,0.365,0.0789999999999999,0.227,0.225,26.3,0,4,9,5,1,1,1,0,16,4,-0.411,0.05,1.0
2024,51003,권동진,KT,내야수,False,9,9,0.2222222222222222,0.3,0.222,0.522,0.0,0.286,0.252,38.8,0,0,3,2,0,0,1,0,2,0,-0.148,-0.06,1.0
2025,51003,권동진,KT,내야수,False,123,271,0.2250922509225092,0.304,0.303,0.607,0.0779999999999999,0.333,0.276,62.4,1,25,34,61,12,3,30,1,91,3,-1.239,-0.03,1.0
2026,51003,권동진,KT,내야수,False,88,167,0.2694610778443114,0.365,0.395,0.76,0.126,0.374,0.34,100.8,2,25,37,45,11,2,23,2,50,1,0.397,1.06,0.757
2020,68204,권민석,두산,,False,55,50,0.26,0.291,0.3,0.591,0.0399999999999999,0.351,0.255,60.0,0,7,6,13,2,0,3,0,15,1,-0.525,-0.21,1.0
2021,68204,권민석,두산,,False,33,14,0.2142857142857142,0.267,0.357,0.624,0.143,0.429,0.335,110.9,0,1,8,3,2,0,1,0,7,0,-0.13,0.06,1.0
2022,68204,권민석,두산,,False,16,3,0.0,0.0,0.0,0.0,0.0,0.0,0.0,-136.2,0,0,3,0,0,0,0,0,1,0,-0.024,-0.06,1.0
2023,68204,권민석,두산,,False,1,2,0.0,0.0,0.0,0.0,0.0,0.0,0.0,-134.6,0,0,0,0,0,0,0,0,1,0,-0.001,-0.05,1.0
2012,79565,권영준,롯데,,False,11,13,0.2307692307692307,0.286,0.231,0.517,0.0,0.429,0.246,0.0,0,0,2,3,0,0,0,1,6,0,0.0,,1.0
2012,78863,권영진,SK,,False,2,3,0.0,0.0,0.0,0.0,0.0,0.0,0.0,0.0,0,0,0,0,0,0,0,0,0,0,0.0,,1.0
2010,99445,권오준,삼성,,False,1,0,0.0,0.0,0.0,0.0,0.0,0.0,0.0,0.0,0,0,0,0,0,0,0,0,0,0,0.0,,1.0
2019,99445,권오준,삼성,,False,2,0,0.0,0.0,0.0,0.0,0.0,0.0,0.0,0.0,0,0,0,0,0,0,0,0,0,0,0.0,0.0,1.0
2010,95158,권용관,SK,,False,61,154,0.2272727272727272,0.292,0.338,0.63,0.111,0.269,0.273,0.0,3,21,14,35,6,1,14,1,34,2,0.0,,1.0
2011,95158,권용관,SK,,False,28,57,0.2105263157894736,0.297,0.351,0.648,0.1399999999999999,0.333,0.274,0.0,1,10,8,12,3,1,6,1,23,0,0.0,,1.0
2012,95158,권용관,SK,,False,3,5,0.2,0.2,0.2,0.4,0.0,0.25,0.18,0.0,0,0,1,1,0,0,0,0,1,0,0.0,,1.0
2013,95158,권용관,LG,,False,68,104,0.2307692307692307,0.316,0.404,0.72,0.173,0.282,0.313,0.0,4,13,19,24,6,0,12,1,29,1,0.0,,1.0
2014,95158,권용관,LG,,False,8,17,0.1176470588235294,0.158,0.176,0.334,0.0579999999999999,0.154,0.136,0.0,0,2,0,2,1,0,1,0,5,0,-0.195,,1.0
2015,95158,권용관,한화,,False,116,296,0.2195945945945946,0.284,0.304,0.588,0.0839999999999999,0.291,0.263,0.0,5,22,32,65,8,1,18,9,86,3,-2.697,,1.0
2016,95158,권용관,한화,,False,40,44,0.25,0.313,0.341,0.654,0.091,0.344,0.308,0.0,0,3,7,11,2,1,2,2,12,0,-0.773,,1.0
2016,65412,권정웅,삼성,,False,3,1,1.0,1.0,1.0,2.0,0.0,1.0,0.9,0.0,0,0,1,1,0,0,0,0,0,0,0.002,,1.0
2017,65412,권정웅,삼성,,False,61,99,0.2121212121212121,0.278,0.424,0.702,0.212,0.242,0.3,58.4,6,11,11,21,3,0,8,1,31,0,-0.617,0.09,1.0
2018,65412,권정웅,삼성,,False,6,8,0.0,0.0,0.0,0.0,0.0,0.0,0.115,-55.0,0,0,0,0,0,0,0,0,0,0,-0.105,-0.17,1.0
2020,65412,권정웅,삼성,,False,3,1,0.0,0.5,0.0,0.5,0.0,0.0,0.36,98.6,0,0,0,0,0,0,1,0,0,0,0.001,0.01,1.0
2021,65412,권정웅,삼성,,False,2,1,0.0,0.0,0.0,0.0,0.0,0.0,0.0,-135.5,0,0,0,0,0,0,0,0,0,0,-0.019,-0.02,1.0
2010,72447,권혁,삼성,,False,2,0,0.0,0.0,0.0,0.0,0.0,0.0,0.0,0.0,0,0,0,0,0,0,0,0,0,0,0.0,,1.0
2014,72447,권혁,삼성,,False,1,0,0.0,0.0,0.0,0.0,0.0,0.0,0.0,0.0,0,0,0,0,0,0,0,0,0,0,0.0,,1.0
2015,72447,권혁,한화,,False,9,1,0.0,0.0,0.0,0.0,0.0,0.0,0.0,0.0,0,0,0,0,0,0,0,0,1,0,-0.158,,1.0
2016,72447,권혁,한화,,False,1,0,0.0,0.0,0.0,0.0,0.0,0.0,0.0,0.0,0,0,0,0,0,0,0,0,0,0,0.0,,1.0
2019,72447,권혁,두산,,False,1,0,0.0,0.0,0.0,0.0,0.0,0.0,0.0,0.0,0,0,0,0,0,0,0,0,0,0,0.0,0.0,1.0
2025,55371,권혁빈,키움,내야수,False,22,20,0.1,0.182,0.1,0.282,0.0,0.154,0.135,-34.4,0,1,1,2,0,0,2,0,7,0,-0.276,-0.27,1.0
2026,55371,권혁빈,키움,내야수,False,77,199,0.2311557788944723,0.28,0.266,0.546,0.035,0.315,0.252,45.7,0,20,20,46,7,0,9,5,54,0,-1.558,-0.16,0.757
2020,50203,권휘,두산,,False,1,0,0.0,0.0,0.0,0.0,0.0,0.0,0.0,0.0,0,0,0,0,0,0,0,0,0,0,0.0,0.0,1.0
2021,50203,권휘,두산,,False,2,0,0.0,0.0,0.0,0.0,0.0,0.0,0.0,0.0,0,0,0,0,0,0,0,0,0,0,0.0,0.0,1.0
2024,50203,권휘,두산,,False,1,1,0.0,0.0,0.0,0.0,0.0,0.0,0.0,0.0,0,0,0,0,0,0,0,0,1,0,0.0,0.0,1.0
2013,63963,권희동,NC,외야수,True,121,349,0.2034383954154728,0.279,0.393,0.672,0.19,0.214,0.29,0.0,15,54,42,71,19,1,36,2,75,4,0.0,,1.0
2014,63963,권희동,NC,외야수,False,101,221,0.2850678733031674,0.363,0.443,0.806,0.158,0.324,0.358,0.0,7,36,39,63,10,2,25,3,43,6,0.59,,1.0
2016,63963,권희동,NC,외야수,False,14,41,0.2682926829268293,0.362,0.341,0.703,0.073,0.323,0.326,0.0,1,9,4,11,0,0,5,1,9,0,-0.006,,1.0
2017,63963,권희동,NC,외야수,True,141,472,0.2860169491525424,0.371,0.458,0.829,0.172,0.314,0.37,121.2,19,86,72,135,20,2,51,17,90,3,0.458,3.06,1.0
2018,63963,권희동,NC,외야수,False,104,343,0.282798833819242,0.352,0.414,0.766,0.131,0.317,0.34,96.5,8,57,43,97,19,1,35,4,58,1,0.665,1.45,1.0
2019,63963,권희동,NC,외야수,False,116,348,0.2557471264367816,0.358,0.356,0.714,0.0999999999999999,0.291,0.34,111.8,6,41,37,89,17,0,50,7,60,3,-0.993,2.18,1.0
2020,63963,권희동,NC,외야수,False,123,346,0.2601156069364161,0.379,0.41,0.789,0.1499999999999999,0.292,0.356,106.1,12,50,67,90,16,0,58,11,72,3,0.62,3.22,1.0
2021,63963,권희동,NC,외야수,False,55,133,0.2631578947368421,0.406,0.466,0.872,0.203,0.26,0.392,135.9,8,26,25,35,3,0,29,5,24,2,0.237,1.53,1.0
2022,63963,권희동,NC,외야수,False,82,238,0.226890756302521,0.335,0.319,0.654,0.092,0.258,0.307,86.2,5,22,30,54,5,1,31,8,44,2,-0.337,0.67,1.0
2023,63963,권희동,NC,외야수,False,96,309,0.284789644012945,0.388,0.405,0.793,0.12,0.315,0.363,129.0,7,63,33,88,16,0,49,6,50,2,0.696,2.44,1.0
2024,63963,권희동,NC,외야수,True,123,416,0.3004807692307692,0.417,0.452,0.869,0.152,0.324,0.391,127.8,13,77,66,125,22,1,77,10,63,4,2.162,4.74,1.0
2025,63963,권희동,NC,외야수,True,136,358,0.2458100558659217,0.393,0.363,0.756,0.1169999999999999,0.299,0.349,116.2,6,39,56,88,24,0,77,11,80,5,-0.028,2.97,1.0
2026,63963,권희동,NC,외야수,False,61,159,0.2515723270440251,0.363,0.377,0.74,0.125,0.281,0.337,100.4,4,26,28,40,8,0,28,1,29,1,0.176,0.59,0.757
2010,77733,김강,한화,,False,14,24,0.4166666666666667,0.462,0.5,0.962,0.083,0.5,0.428,0.0,0,4,2,10,2,0,2,0,4,0,0.0,,1.0
2011,77733,김강,한화,,False,8,19,0.1052631578947368,0.261,0.158,0.419,0.053,0.154,0.22,0.0,0,1,0,2,1,0,3,1,6,0,0.0,,1.0
2017,77263,김강률,두산,투수,False,3,1,1.0,1.0,1.0,2.0,0.0,1.0,0.9,0.0,0,1,0,1,0,0,0,0,0,0,0.024,0.0,1.0
2020,77263,김강률,두산,투수,False,2,0,0.0,0.0,0.0,0.0,0.0,0.0,0.0,0.0,0,0,0,0,0,0,0,0,0,0,0.0,0.0,1.0
2021,77263,김강률,두산,투수,False,8,0,0.0,0.0,0.0,0.0,0.0,0.0,0.0,0.0,0,0,0,0,0,0,0,0,0,0,0.0,0.0,1.0
2022,77263,김강률,두산,투수,False,5,0,0.0,0.0,0.0,0.0,0.0,0.0,0.0,0.0,0,0,0,0,0,0,0,0,0,0,0.0,0.0,1.0
2024,77263,김강률,두산,투수,False,1,0,0.0,0.0,0.0,0.0,0.0,0.0,0.0,0.0,0,0,0,0,0,0,0,0,0,0,0.0,0.0,1.0
2010,71837,김강민,SK,,True,115,401,0.3167082294264339,0.369,0.449,0.818,0.132,0.341,0.361,0.0,10,72,74,127,19,2,33,2,51,23,0.0,,1.0
2011,71837,김강민,SK,,False,80,281,0.2811387900355871,0.331,0.423,0.754,0.1419999999999999,0.324,0.327,0.0,8,33,37,79,14,1,20,2,56,9,0.0,,1.0
2012,71837,김강민,SK,,True,123,427,0.2716627634660422,0.322,0.354,0.676,0.0819999999999999,0.314,0.304,0.0,5,31,49,116,20,0,29,4,72,11,0.0,,1.0
2013,71837,김강민,SK,,True,105,352,0.3011363636363636,0.37,0.466,0.836,0.165,0.33,0.369,0.0,10,55,39,106,22,3,36,4,54,10,0.0,,1.0
2014,71837,김강민,SK,,True,113,430,0.3023255813953488,0.368,0.495,0.863,0.193,0.349,0.383,0.0,16,82,86,130,29,3,43,4,91,32,3.223,,1.0
2015,71837,김강민,SK,,False,96,293,0.2457337883959044,0.315,0.345,0.66,0.0989999999999999,0.329,0.306,0.0,4,31,43,72,17,0,23,7,83,7,-0.539,,1.0
2016,71837,김강민,SK,,False,115,366,0.2978142076502732,0.371,0.437,0.808,0.139,0.368,0.355,0.0,10,47,59,109,21,0,32,12,89,12,-0.666,,1.0
2017,71837,김강민,SK,,False,88,183,0.2185792349726776,0.296,0.339,0.635,0.12,0.273,0.296,64.4,5,18,31,40,5,1,15,5,50,10,-0.01,-0.2,1.0
2018,71837,김강민,SK,,False,80,235,0.2978723404255319,0.37,0.536,0.906,0.238,0.341,0.389,117.5,14,46,40,70,14,0,22,5,57,10,-0.682,1.69,1.0
2019,71837,김강민,SK,,True,127,422,0.2701421800947867,0.324,0.37,0.694,0.0999999999999999,0.338,0.307,79.2,8,50,54,114,14,2,31,4,103,15,-1.734,1.73,1.0
2020,71837,김강민,SK,,False,122,289,0.2525951557093425,0.323,0.422,0.745,0.1689999999999999,0.281,0.336,83.1,12,45,39,73,11,1,27,4,62,7,-1.071,1.67,1.0
2021,71837,김강민,SSG,,False,122,223,0.2376681614349775,0.327,0.404,0.731,0.166,0.271,0.335,100.4,8,27,43,53,11,1,25,6,52,3,-0.989,1.67,1.0
2022,71837,김강민,SSG,,False,84,178,0.3033707865168539,0.375,0.449,0.824,0.146,0.363,0.375,132.3,5,18,24,54,11,0,18,3,39,1,0.529,1.42,1.0
2023,71837,김강민,SSG,,False,70,137,0.2262773722627737,0.335,0.292,0.627,0.0659999999999999,0.29,0.3,80.3,2,7,20,31,3,0,23,1,38,2,-0.993,0.63,1.0
2024,71837,김강민,한화,,False,41,76,0.2236842105263158,0.322,0.263,0.585,0.039,0.296,0.28,58.8,1,7,5,17,0,0,8,3,21,0,-0.254,-0.17,1.0
2025,71837,김강민,SSG,,False,1,0,0.0,0.0,0.0,0.0,0.0,0.0,0.0,0.0,0,0,0,0,0,0,0,0,0,0,0.0,0.0,1.0
2010,79704,김강석,한화,,False,3,2,0.0,0.0,0.0,0.0,0.0,0.0,0.0,0.0,0,0,0,0,0,0,0,0,1,0,0.0,,1.0
2020,65522,김강현,롯데,투수,False,5,3,0.0,0.25,0.0,0.25,0.0,0.0,0.18,-11.2,0,0,0,0,0,0,1,0,2,0,-0.003,-0.04,1.0
2024,65522,김강현,롯데,투수,False,2,0,0.0,0.0,0.0,0.0,0.0,0.0,0.0,0.0,0,0,0,0,0,0,0,0,0,0,0.0,0.0,1.0
2025,65522,김강현,롯데,투수,False,1,0,0.0,0.0,0.0,0.0,0.0,0.0,0.0,0.0,0,0,0,0,0,0,0,0,0,0,0.0,0.0,1.0
2026,65522,김강현,롯데,투수,False,1,0,0.0,0.0,0.0,0.0,0.0,0.0,0.0,0.0,0,0,0,0,0,0,0,0,0,0,0.0,0.0,0.757
2020,69702,김건,한화,내야수,False,4,5,0.4,0.4,0.4,0.8,0.0,0.5,0.36,120.2,0,0,2,2,0,0,0,0,1,0,-0.028,0.0,1.0
2021,69702,김건,한화,내야수,False,5,12,0.0833333333333333,0.083,0.083,0.166,0.0,0.125,0.075,-78.8,0,0,0,1,0,0,0,0,4,0,-0.21,-0.19,1.0
2023,69702,김건,한화,내야수,False,7,12,0.1666666666666666,0.167,0.167,0.334,0.0,0.5,0.15,-25.3,0,0,1,2,0,0,0,0,8,0,-0.129,-0.2,1.0
2025,51867,김건우,SSG,투수,False,1,0,0.0,0.0,0.0,0.0,0.0,0.0,0.0,0.0,0,0,0,0,0,0,0,0,0,0,0.0,0.0,1.0
2023,53844,김건웅,SSG,,False,1,3,0.0,0.0,0.0,0.0,0.0,0.0,0.0,-137.3,0,0,0,0,0,0,0,0,2,0,-0.028,-0.07,1.0
2010,60339,김건태,넥센,,False,1,0,0.0,0.0,0.0,0.0,0.0,0.0,0.0,0.0,0,0,0,0,0,0,0,0,0,0,0.0,,1.0
2012,60339,김건태,넥센,,False,1,0,0.0,0.0,0.0,0.0,0.0,0.0,0.0,0.0,0,0,0,0,0,0,0,0,0,0,0.0,,1.0
2019,60339,김건태,NC,,False,1,0,0.0,0.0,0.0,0.0,0.0,0.0,0.0,0.0,0,0,0,0,0,0,0,0,0,0,0.0,0.0,1.0
2020,60339,김건태,NC,,False,5,0,0.0,0.0,0.0,0.0,0.0,0.0,0.0,0.0,0,0,0,0,0,0,0,0,0,0,0.0,0.0,1.0
2021,60339,김건태,NC,,False,1,0,0.0,0.0,0.0,0.0,0.0,0.0,0.0,0.0,0,0,0,0,0,0,0,0,0,0,0.0,0.0,1.0
2010,71851,김건한,KIA,,False,3,0,0.0,0.0,0.0,0.0,0.0,0.0,0.0,0.0,0,0,0,0,0,0,0,0,0,0,0.0,,1.0
2013,71851,김건한,삼성,,False,2,0,0.0,0.0,0.0,0.0,0.0,0.0,0.0,0.0,0,0,0,0,0,0,0,0,0,0,0.0,,1.0
2014,71851,김건한,삼성,,False,1,0,0.0,0.0,0.0,0.0,0.0,0.0,0.0,0.0,0,0,0,0,0,0,0,0,0,0,0.0,,1.0
2021,51005,김건형,KT,,False,11,33,0.2121212121212121,0.333,0.242,0.575,0.03,0.259,0.269,40.2,0,0,4,7,1,0,6,0,6,1,-0.012,-0.03,1.0
2024,51005,김건형,KT,,False,13,24,0.125,0.16,0.167,0.327,0.042,0.188,0.224,20.9,0,1,2,3,1,0,1,0,8,0,-0.034,-0.21,1.0
2025,51005,김건형,KT,,False,2,1,0.0,0.0,0.0,0.0,0.0,0.0,0.0,-134.2,0,0,0,0,0,0,0,0,0,0,-0.035,-0.03,1.0
2023,53312,김건희,키움,포수,False,9,11,0.1818181818181818,0.308,0.182,0.49,0.0,0.286,0.249,0.0,0,0,0,2,0,0,2,0,4,0,-0.172,0.0,1.0
2024,53312,김건희,키움,포수,False,83,261,0.2567049808429119,0.3,0.418,0.718,0.1609999999999999,0.333,0.323,91.4,9,38,27,67,15,0,18,0,82,0,-2.574,0.67,1.0
2025,53312,김건희,키움,포수,False,105,322,0.2422360248447204,0.27,0.345,0.615,0.1029999999999999,0.342,0.28,69.6,3,25,24,78,20,2,13,0,102,2,-2.338,0.46,1.0
2026,53312,김건희,키움,포수,True,102,312,0.2724358974358974,0.329,0.397,0.726,0.125,0.356,0.322,92.6,7,46,27,85,18,0,27,1,89,0,-0.864,1.32,0.757
2012,78409,김경모,삼성,,False,9,4,0.0,0.0,0.0,0.0,0.0,0.0,0.0,0.0,0,0,2,0,0,0,0,0,1,0,0.0,,1.0
2010,71610,김경언,한화,,False,50,158,0.2531645569620253,0.346,0.323,0.669,0.07,0.308,0.303,0.0,0,11,19,40,7,2,23,0,29,8,0.0,,1.0
2011,71610,김경언,한화,,False,81,173,0.2427745664739884,0.34,0.301,0.641,0.0579999999999999,0.301,0.303,0.0,2,15,22,42,4,0,25,1,39,5,0.0,,1.0
2012,71610,김경언,한화,,False,110,268,0.2425373134328358,0.34,0.354,0.694,0.1109999999999999,0.318,0.324,0.0,4,31,25,65,14,2,39,1,73,7,0.0,,1.0
2013,71610,김경언,한화,,False,70,214,0.2757009345794392,0.355,0.364,0.719,0.0879999999999999,0.352,0.338,0.0,1,24,24,59,14,1,26,3,53,2,0.0,,1.0
2014,71610,김경언,한화,,False,89,300,0.3133333333333333,0.397,0.467,0.864,0.154,0.339,0.385,0.0,8,52,43,94,16,3,40,4,42,1,2.3,,1.0
2015,71610,김경언,한화,,False,107,377,0.3368700265251989,0.414,0.525,0.939,0.188,0.404,0.408,0.0,16,78,58,127,21,1,50,2,89,1,4.579,,1.0
2016,71610,김경언,한화,,False,66,182,0.2637362637362637,0.363,0.39,0.753,0.126,0.321,0.336,0.0,5,25,23,48,6,1,28,2,46,3,-0.013,,1.0
2017,71610,김경언,한화,,False,38,105,0.2476190476190476,0.331,0.457,0.788,0.209,0.288,0.35,95.9,5,17,17,26,7,0,12,1,27,1,0.301,0.33,1.0
2011,60757,김경태,한화,,False,1,0,0.0,0.0,0.0,0.0,0.0,0.0,0.0,0.0,0,0,0,0,0,0,0,0,0,0,0.0,,1.0
2016,60757,김경태,한화,,False,1,0,0.0,0.0,0.0,0.0,0.0,0.0,0.0,0.0,0,0,0,0,0,0,0,0,0,0,0.0,,1.0
2019,60757,김경태,한화,,False,1,0,0.0,0.0,0.0,0.0,0.0,0.0,0.0,0.0,0,0,0,0,0,0,0,0,0,0,0.0,0.0,1.0
2019,64260,김경호,두산,,False,32,26,0.1923076923076923,0.192,0.231,0.423,0.039,0.263,0.213,27.2,0,2,4,5,1,0,0,0,7,0,-0.326,-0.17,1.0
2020,64260,김경호,SK,,False,56,105,0.2857142857142857,0.303,0.333,0.636,0.047,0.333,0.289,62.0,0,9,17,30,3,1,3,0,16,1,-1.057,-0.1,1.0
2012,99152,김광삼,LG,,False,1,0,0.0,0.0,0.0,0.0,0.0,0.0,0.0,0.0,0,0,1,0,0,0,0,0,0,0,0.0,,1.0
2012,70142,김광수,한화,,False,1,0,0.0,0.0,0.0,0.0,0.0,0.0,0.0,0.0,0,0,0,0,0,0,0,0,0,0,0.0,,1.0
2013,70142,김광수,한화,,False,1,0,0.0,0.0,0.0,0.0,0.0,0.0,0.0,0.0,0,0,0,0,0,0,0,0,0,0,0.0,,1.0
2015,70142,김광수,KIA,,False,2,0,0.0,0.0,0.0,0.0,0.0,0.0,0.0,0.0,0,0,0,0,0,0,0,0,0,0,0.0,,1.0
2016,70142,김광수,KIA,,False,1,0,0.0,0.0,0.0,0.0,0.0,0.0,0.0,0.0,0,0,0,0,0,0,0,0,0,0,0.0,,1.0
2017,70142,김광수,KIA,,False,4,0,0.0,0.0,0.0,0.0,0.0,0.0,0.0,0.0,0,0,0,0,0,0,0,0,0,0,0.0,0.0,1.0
2013,63601,김광연,KIA,,False,4,8,0.625,0.625,0.625,1.25,0.0,0.714,0.563,0.0,0,0,2,5,0,0,0,0,1,0,0.0,,1.0
2014,63601,김광연,KIA,,False,8,10,0.0,0.0,0.0,0.0,0.0,0.0,0.0,0.0,0,1,0,0,0,0,0,0,3,0,-0.133,,1.0
2010,77829,김광현,SK,투수,False,1,1,0.0,0.0,0.0,0.0,0.0,0.0,0.0,0.0,0,0,0,0,0,0,0,0,0,0,0.0,,1.0
2021,69810,김규남,SSG,,False,4,7,0.0,0.0,0.0,0.0,0.0,0.0,0.0,-133.9,0,0,0,0,0,0,0,0,3,0,-0.129,-0.18,1.0
2022,69810,김규남,SSG,,False,2,5,0.0,0.0,0.0,0.0,0.0,0.0,0.0,-140.2,0,0,0,0,0,0,0,0,2,0,-0.104,-0.13,1.0
2017,62356,김규민,넥센,,False,14,21,0.238095238095238,0.304,0.333,0.637,0.095,0.333,0.288,51.8,0,2,5,5,0,1,1,1,6,0,0.003,-0.1,1.0
2018,62356,김규민,넥센,,False,104,298,0.2953020134228188,0.361,0.369,0.73,0.074,0.405,0.34,86.0,3,40,47,88,9,2,27,6,89,8,0.654,1.19,1.0
2019,62356,김규민,키움,,False,94,222,0.2477477477477477,0.324,0.333,0.657,0.085,0.34,0.307,85.4,3,24,33,55,8,1,22,4,68,2,-1.223,0.79,1.0
2020,62356,김규민,키움,,False,54,101,0.2079207920792079,0.25,0.277,0.527,0.069,0.26,0.231,30.9,1,6,13,21,2,1,5,1,24,1,-1.344,-0.42,1.0
2020,66614,김규성,KIA,내야수,False,103,157,0.1783439490445859,0.246,0.261,0.507,0.083,0.219,0.244,38.2,3,11,21,28,2,1,13,1,40,2,-2.161,-0.51,1.0
2021,66614,김규성,KIA,내야수,False,54,36,0.1388888888888889,0.244,0.167,0.411,0.0279999999999999,0.263,0.206,12.7,0,2,8,5,1,0,5,0,17,0,-0.569,-0.39,1.0
2022,66614,김규성,KIA,내야수,False,70,50,0.18,0.196,0.28,0.476,0.1,0.216,0.202,12.5,1,4,14,9,0,1,1,0,12,0,-0.761,-0.34,1.0
2023,66614,김규성,KIA,내야수,False,99,158,0.2341772151898734,0.297,0.323,0.62,0.089,0.31,0.293,79.2,2,11,29,37,6,1,13,1,43,6,-1.531,0.4,1.0
2024,66614,김규성,KIA,내야수,False,27,12,0.25,0.357,0.333,0.69,0.083,0.375,0.299,71.0,0,2,5,3,1,0,2,0,4,1,-0.035,-0.08,1.0
2025,66614,김규성,KIA,내야수,False,133,193,0.233160621761658,0.313,0.301,0.614,0.0679999999999999,0.296,0.29,75.3,3,16,30,45,4,0,21,2,49,5,-1.049,0.1,1.0
2026,66614,김규성,KIA,내야수,False,88,172,0.2267441860465116,0.295,0.291,0.586,0.0639999999999999,0.291,0.268,54.8,0,26,23,39,7,2,17,1,41,4,-0.877,-0.25,0.757
2018,66112,김기연,LG,포수,False,2,0,0.0,0.0,0.0,0.0,0.0,0.0,0.0,0.0,0,0,0,0,0,0,0,0,0,0,0.0,0.0,1.0
2022,66112,김기연,LG,포수,False,12,9,0.2222222222222222,0.222,0.222,0.444,0.0,0.333,0.2,11.1,0,1,0,2,0,0,0,0,3,0,-0.066,-0.04,1.0
2023,66112,김기연,LG,포수,False,28,34,0.1176470588235294,0.231,0.118,0.349,0.0,0.167,0.203,14.4,0,2,3,4,0,0,5,0,10,1,-0.279,-0.39,1.0
2024,66112,김기연,두산,포수,False,95,252,0.2777777777777778,0.337,0.377,0.714,0.0989999999999999,0.32,0.327,95.8,5,31,31,70,10,0,22,2,47,0,-1.204,0.92,1.0
2025,66112,김기연,두산,포수,False,100,219,0.2465753424657534,0.307,0.315,0.622,0.068,0.297,0.286,78.1,2,24,19,54,9,0,19,1,44,1,-0.83,0.34,1.0
2026,66112,김기연,두산,포수,False,28,41,0.2195121951219512,0.25,0.244,0.494,0.0239999999999999,0.25,0.241,37.6,0,7,6,9,1,0,1,1,6,0,-0.303,-0.17,0.757
2021,67711,김기탁,한화,,False,1,0,0.0,0.0,0.0,0.0,0.0,0.0,0.0,0.0,0,0,0,0,0,0,0,0,0,0,0.0,0.0,1.0
2014,76461,김기태,삼성,,False,1,0,0.0,0.0,0.0,0.0,0.0,0.0,0.0,0.0,0,0,0,0,0,0,0,0,0,0,0.0,,1.0
2015,76119,김기표,KT,,False,2,0,0.0,0.0,0.0,0.0,0.0,0.0,0.0,0.0,0,0,0,0,0,0,0,0,0,0,0.0,,1.0
2015,77869,김기현,SK,,False,9,7,0.4285714285714285,0.556,0.429,0.985,0.0,0.75,0.46,0.0,0,0,0,3,0,0,2,0,3,0,-0.036,,1.0
2015,62919,김기현,한화,,False,1,0,0.0,0.0,0.0,0.0,0.0,0.0,0.0,0.0,0,0,0,0,0,0,0,0,0,0,0.0,,1.0
2016,77869,김기현,SK,,False,14,16,0.188,0.235,0.25,0.485,0.062,0.3,0.221,0.0,0,0,3,3,1,0,1,0,6,0,-0.29,,1.0
2020,65462,김기환,NC,,False,4,2,0.5,0.5,1.0,1.5,0.5,0.5,0.62,274.3,0,0,1,1,1,0,0,0,0,0,0.0,0.05,1.0
2021,65462,김기환,NC,,False,62,140,0.2071428571428571,0.25,0.35,0.6,0.143,0.283,0.266,51.8,3,13,19,29,7,2,8,0,45,15,-0.966,-0.48,1.0
2022,65462,김기환,NC,,False,73,113,0.2212389380530973,0.31,0.283,0.593,0.0619999999999999,0.329,0.28,69.0,0,6,26,25,5,1,13,2,38,14,-1.576,0.21,1.0
2023,69620,김기훈,KIA,투수,False,1,0,0.0,0.0,0.0,0.0,0.0,0.0,0.0,0.0,0,0,0,0,0,0,0,0,0,0,0.0,0.0,1.0
2025,69620,김기훈,KIA,투수,False,2,1,0.0,0.0,0.0,0.0,0.0,0.0,0.0,0.0,0,0,0,0,0,0,0,0,1,0,-0.003,0.0,1.0
2012,77314,김남형,넥센,,False,6,5,0.0,0.0,0.0,0.0,0.0,0.0,0.0,0.0,0,0,0,0,0,0,0,0,3,0,0.0,,1.0
2010,78765,김다원,KIA,,False,45,56,0.1428571428571428,0.2,0.25,0.45,0.107,0.171,0.219,0.0,2,2,9,8,0,0,2,2,19,1,0.0,,1.0
2011,78765,김다원,KIA,,False,19,9,0.0,0.1,0.0,0.1,0.0,0.0,0.072,0.0,0,0,3,0,0,0,1,0,3,0,0.0,,1.0
2014,78765,김다원,KIA,,False,86,189,0.2698412698412698,0.329,0.429,0.758,0.1589999999999999,0.348,0.331,0.0,5,17,21,51,13,1,12,5,53,2,-1.17,,1.0
2015,78765,김다원,KIA,,False,108,245,0.2448979591836734,0.318,0.343,0.661,0.098,0.314,0.31,0.0,5,30,31,60,9,0,15,12,67,1,-0.838,,1.0
2016,78765,김다원,KIA,,False,25,43,0.3023255813953488,0.362,0.419,0.781,0.1169999999999999,0.444,0.368,0.0,1,6,3,13,2,0,2,2,15,0,-0.458,,1.0
2015,65513,김대륙,롯데,,False,71,54,0.1481481481481481,0.246,0.148,0.394,0.0,0.216,0.194,0.0,0,1,6,8,0,0,7,0,17,0,-0.996,,1.0
2016,65513,김대륙,롯데,,False,58,49,0.1428571428571428,0.259,0.245,0.504,0.102,0.233,0.25,0.0,0,5,5,7,1,2,5,3,20,0,-0.071,,1.0
2017,65513,김대륙,롯데,,False,50,53,0.1509433962264151,0.211,0.189,0.4,0.038,0.222,0.187,-15.2,0,2,4,8,2,0,2,2,17,0,-0.627,-0.56,1.0
2011,61365,김대우,넥센,,False,1,0,0.0,0.0,0.0,0.0,0.0,0.0,0.0,0.0,0,0,0,0,0,0,0,0,0,0,0.0,,1.0
2012,78536,김대우,롯데,,False,6,7,0.0,0.0,0.0,0.0,0.0,0.0,0.0,0.0,0,0,1,0,0,0,0,0,4,0,0.0,,1.0
2013,78536,김대우,롯데,,False,69,180,0.2388888888888889,0.361,0.411,0.772,0.172,0.351,0.356,0.0,4,27,23,43,15,2,33,2,66,4,0.0,,1.0
2014,78536,김대우,롯데,,False,18,25,0.24,0.269,0.24,0.509,0.0,0.462,0.235,0.0,0,2,0,6,0,0,1,0,12,1,-0.229,,1.0
2015,78536,김대우,롯데,,False,39,92,0.1739130434782608,0.224,0.304,0.528,0.13,0.26,0.229,0.0,3,9,9,16,1,1,5,1,39,3,-1.063,,1.0
2016,78536,김대우,롯데,,False,2,1,0.0,0.5,0.0,0.5,0.0,0.0,0.36,0.0,0,0,0,0,0,0,1,0,0,0,-0.018,,1.0
2017,78536,김대우,롯데,,False,12,20,0.2,0.238,0.3,0.538,0.0999999999999999,0.4,0.227,8.2,0,4,1,4,2,0,1,0,10,0,-0.22,-0.2,1.0
2020,61365,김대우,삼성,,False,1,0,0.0,0.0,0.0,0.0,0.0,0.0,0.0,0.0,0,0,0,0,0,0,0,0,0,0,0.0,0.0,1.0
2020,78536,김대우,롯데,,False,1,0,0.0,0.0,0.0,0.0,0.0,0.0,0.0,0.0,0,0,0,0,0,0,0,0,0,0,0.0,0.0,1.0
2023,61365,김대우,삼성,,False,1,0,0.0,0.0,0.0,0.0,0.0,0.0,0.0,0.0,0,0,0,0,0,0,0,0,0,0,0.0,0.0,1.0
2024,61365,김대우,삼성,,False,1,0,0.0,0.0,0.0,0.0,0.0,0.0,0.0,0.0,0,0,0,0,0,0,0,0,0,0,0.0,0.0,1.0
2024,54164,김대원,LG,내야수,False,19,4,0.5,0.5,0.5,1.0,0.0,0.667,0.45,170.2,0,0,5,2,0,0,0,0,1,2,0.072,0.05,1.0
2025,60337,김대유,KIA,투수,False,1,0,0.0,0.0,0.0,0.0,0.0,0.0,0.0,0.0,0,0,0,0,0,0,0,0,0,0,0.0,0.0,1.0
2019,69238,김대한,두산,외야수,False,19,15,0.0,0.167,0.0,0.167,0.0,0.0,0.12,-41.9,0,0,4,0,0,0,3,0,9,0,-0.155,-0.16,1.0
2022,69238,김대한,두산,외야수,False,51,96,0.2395833333333333,0.315,0.448,0.763,0.208,0.288,0.341,125.9,4,11,13,23,6,1,5,6,27,2,-0.499,0.69,1.0
2023,69238,김대한,두산,외야수,False,33,81,0.1975308641975308,0.27,0.296,0.566,0.0979999999999999,0.254,0.258,58.3,1,7,10,16,3,1,7,1,21,1,-0.687,-0.38,1.0
2024,69238,김대한,두산,외야수,False,61,75,0.1333333333333333,0.23,0.187,0.417,0.0539999999999999,0.18,0.209,17.7,1,7,10,10,1,0,8,2,26,1,-0.72,-0.9,1.0
2025,69238,김대한,두산,외야수,False,16,36,0.1944444444444444,0.216,0.278,0.494,0.084,0.207,0.218,28.4,1,5,1,7,0,0,1,0,6,0,-0.513,-0.32,1.0
2026,69238,김대한,두산,외야수,False,19,58,0.2758620689655172,0.338,0.414,0.752,0.1379999999999999,0.341,0.335,105.1,2,7,13,16,2,0,5,1,16,0,-0.16,0.13,0.757
2016,66145,김대현,LG,투수,False,1,0,0.0,0.0,0.0,0.0,0.0,0.0,0.0,0.0,0,0,0,0,0,0,0,0,0,0,0.0,,1.0
2017,66145,김대현,LG,투수,False,1,0,0.0,0.0,0.0,0.0,0.0,0.0,0.0,0.0,0,0,0,0,0,0,0,0,0,0,0.0,0.0,1.0
2020,66145,김대현,LG,투수,False,1,0,0.0,0.0,0.0,0.0,0.0,0.0,0.0,0.0,0,0,0,0,0,0,0,0,0,0,0.0,0.0,1.0
2023,66145,김대현,LG,투수,False,2,0,0.0,0.0,0.0,0.0,0.0,0.0,0.0,0.0,0,0,0,0,0,0,0,0,0,0,0.0,0.0,1.0
2024,66145,김대현,LG,투수,False,3,0,0.0,0.0,0.0,0.0,0.0,0.0,0.0,0.0,0,0,0,0,0,0,0,0,0,0,0.0,0.0,1.0
2025,54401,김대호,삼성,투수,False,1,0,0.0,0.0,0.0,0.0,0.0,0.0,0.0,0.0,0,0,0,0,0,0,0,0,0,0,0.0,0.0,1.0
2022,52605,김도영,KIA,내야수,False,103,224,0.2366071428571428,0.312,0.362,0.674,0.125,0.313,0.307,90.7,3,19,37,53,11,4,22,3,62,13,-1.634,0.4,1.0
2023,52605,김도영,KIA,내야수,False,84,340,0.3029411764705882,0.371,0.453,0.824,0.15,0.349,0.368,133.3,7,47,72,103,20,5,38,1,62,25,-0.397,2.74,1.0
2024,52605,김도영,KIA,내야수,True,141,544,0.3474264705882353,0.42,0.647,1.067,0.3,0.375,0.454,167.5,38,109,143,189,29,10,66,7,110,40,4.2379999999999995,7.34,1.0
2025,52605,김도영,KIA,내야수,False,30,110,0.3090909090909091,0.361,0.582,0.943,0.2729999999999999,0.329,0.4,149.9,7,27,20,34,9,0,10,0,23,3,0.927,1.04,1.0
2026,52605,김도영,KIA,내야수,True,106,392,0.2959183673469387,0.393,0.622,1.015,0.326,0.287,0.429,155.0,35,89,87,116,21,1,60,5,79,7,3.457,5.03,0.757
2011,61360,김도현,넥센,,False,3,8,0.5,0.6,0.5,1.1,0.0,0.667,0.504,0.0,0,1,0,4,0,0,2,0,2,0,0.0,,1.0
2012,61360,김도현,SK,,False,3,3,0.0,0.0,0.0,0.0,0.0,0.0,0.0,0.0,0,0,0,0,0,0,0,0,3,0,0.0,,1.0
2013,61360,김도현,SK,,False,2,4,0.0,0.0,0.0,0.0,0.0,0.0,0.0,0.0,0,0,0,0,0,0,0,0,2,0,0.0,,1.0
2014,61360,김도현,SK,,False,7,12,0.0833333333333333,0.154,0.083,0.237,0.0,0.111,0.127,0.0,0,0,0,1,0,0,0,1,3,0,-0.026,,1.0
2019,69442,김도환,삼성,포수,False,61,93,0.2043010752688172,0.265,0.333,0.598,0.129,0.304,0.272,44.4,2,7,7,19,6,0,8,0,36,0,-0.718,-0.25,1.0
2020,69442,김도환,삼성,포수,False,34,41,0.2195121951219512,0.292,0.268,0.56,0.048,0.333,0.253,28.0,0,9,2,9,2,0,5,0,16,0,-0.517,-0.25,1.0
2021,69442,김도환,삼성,포수,False,25,41,0.1463414634146341,0.222,0.195,0.417,0.049,0.286,0.216,17.2,0,1,1,6,2,0,2,2,20,0,-0.411,-0.32,1.0
2023,69442,김도환,삼성,포수,False,9,7,0.1428571428571428,0.25,0.143,0.393,0.0,0.143,0.203,9.0,0,0,0,1,0,0,1,0,0,0,-0.086,-0.06,1.0
2024,69442,김도환,삼성,포수,False,1,3,0.0,0.0,0.0,0.0,0.0,0.0,0.0,-123.6,0,0,0,0,0,0,0,0,1,0,-0.031,-0.09,1.0
2025,69442,김도환,삼성,포수,False,6,14,0.2857142857142857,0.286,0.357,0.643,0.071,0.4,0.281,64.9,0,1,3,4,1,0,0,0,4,0,-0.188,0.01,1.0
2026,69442,김도환,삼성,포수,False,49,90,0.2444444444444444,0.34,0.356,0.696,0.1119999999999999,0.333,0.307,74.3,2,9,10,22,4,0,11,3,30,0,-1.134,0.25,0.757
2013,71806,김동건,NC,,False,8,16,0.125,0.176,0.313,0.489,0.188,0.125,0.21,0.0,1,1,1,2,0,0,1,0,7,0,0.0,,1.0
2023,53164,김동규,키움,투수,False,1,0,0.0,0.0,0.0,0.0,0.0,0.0,0.0,0.0,0,0,0,0,0,0,0,0,0,0,0.0,0.0,1.0
2010,60296,김동길,두산,,False,8,5,0.4,0.4,1.0,1.4,0.6,1.0,0.56,0.0,0,1,2,2,1,1,0,0,3,0,0.0,,1.0
2011,60296,김동길,두산,,False,6,1,0.0,0.5,0.0,0.5,0.0,0.0,0.36,0.0,0,0,0,0,0,0,1,0,0,0,0.0,,1.0
2016,66838,김동엽,SK,,False,57,143,0.3356643356643357,0.36,0.517,0.877,0.181,0.433,0.389,0.0,6,23,19,48,8,0,5,1,41,2,0.214,,1.0
2017,66838,김동엽,SK,,False,125,393,0.27735368956743,0.329,0.496,0.825,0.2189999999999999,0.279,0.361,101.9,22,70,58,109,18,1,23,9,62,2,0.018,0.97,1.0
2018,66838,김동엽,SK,,True,124,421,0.2517814726840855,0.285,0.48,0.765,0.2279999999999999,0.273,0.335,82.1,27,76,58,106,15,0,17,4,108,11,-0.955,0.78,1.0
2019,66838,김동엽,삼성,,False,60,195,0.2153846153846154,0.265,0.338,0.603,0.123,0.25,0.284,53.5,6,25,15,42,4,1,12,2,47,2,-0.715,-0.21,1.0
2020,66838,김동엽,삼성,,True,115,413,0.3123486682808716,0.36,0.508,0.868,0.196,0.343,0.381,104.2,20,74,60,129,21,0,29,4,79,4,0.285,2.7,1.0
2021,66838,김동엽,삼성,,False,69,185,0.2378378378378378,0.286,0.351,0.637,0.1129999999999999,0.28,0.286,64.1,4,24,20,44,9,0,10,4,42,2,-0.971,-0.2,1.0
2022,66838,김동엽,삼성,,False,30,95,0.2210526315789473,0.25,0.337,0.587,0.116,0.264,0.265,52.2,2,4,9,21,5,0,4,0,22,0,-0.543,-0.36,1.0
2023,66838,김동엽,삼성,,False,69,165,0.2545454545454545,0.313,0.388,0.701,0.133,0.278,0.324,94.5,5,18,20,42,7,0,13,2,29,1,-0.752,0.44,1.0
2024,66838,김동엽,삼성,,False,8,18,0.1111111111111111,0.19,0.167,0.357,0.056,0.143,0.191,-24.4,0,2,1,2,1,0,1,1,5,0,-0.178,-0.28,1.0
2025,66838,김동엽,키움,,False,9,27,0.2222222222222222,0.276,0.296,0.572,0.0739999999999999,0.375,0.259,54.1,0,2,2,6,2,0,2,0,11,0,-0.43,-0.07,1.0
2010,75739,김동영,한화,,False,3,7,0.0,0.222,0.0,0.222,0.0,0.0,0.16,0.0,0,0,0,0,0,0,2,0,1,0,0.0,,1.0
2012,77462,김동욱,삼성,,False,1,1,0.0,0.5,0.0,0.5,0.0,0.0,0.36,0.0,0,0,0,0,0,0,1,0,0,0,0.0,,1.0
2013,77462,김동욱,삼성,,False,4,2,0.5,0.5,0.5,1.0,0.0,0.5,0.45,0.0,0,0,0,1,0,0,0,0,0,0,0.0,,1.0
2015,77462,김동욱,KT,,False,21,51,0.196078431372549,0.369,0.255,0.624,0.059,0.286,0.327,0.0,0,3,8,10,3,0,13,1,16,1,-0.522,,1.0
2016,77462,김동욱,KT,,False,21,37,0.1351351351351351,0.22,0.378,0.598,0.243,0.1,0.258,0.0,3,5,3,5,0,0,3,1,14,0,-0.473,,1.0
2017,77462,김동욱,KT,,False,83,209,0.2870813397129186,0.309,0.388,0.697,0.101,0.337,0.308,60.1,4,24,28,60,9,0,6,3,44,1,-1.989,-0.14,1.0
2018,77462,김동욱,KT,,False,11,11,0.0909090909090909,0.167,0.091,0.258,0.0,0.143,0.135,-47.6,0,0,2,1,0,0,1,0,4,0,-0.166,-0.19,1.0
2021,50393,김동욱,키움,투수,False,1,0,0.0,0.0,0.0,0.0,0.0,0.0,0.0,0.0,0,0,0,0,0,0,0,0,0,0,0.0,0.0,1.0
2024,50393,김동욱,키움,투수,False,1,0,0.0,0.0,0.0,0.0,0.0,0.0,0.0,0.0,0,0,0,0,0,0,0,0,0,0,0.0,0.0,1.0
2015,60496,김동은,KT,,False,23,35,0.4285714285714285,0.447,0.486,0.933,0.0569999999999999,0.5,0.411,0.0,0,3,2,15,2,0,2,0,6,1,0.08,,1.0
2016,60496,김동은,KT,,False,32,50,0.22,0.361,0.22,0.581,0.0,0.306,0.283,0.0,0,2,7,11,0,0,10,1,14,3,-0.197,,1.0
2010,98218,김동주,두산,,True,110,387,0.2945736434108527,0.407,0.506,0.913,0.211,0.287,0.397,0.0,20,67,60,114,22,0,67,10,45,0,0.0,,1.0
2011,98218,김동주,두산,,True,120,406,0.2857142857142857,0.393,0.475,0.868,0.189,0.293,0.382,0.0,17,75,57,116,24,1,66,8,54,6,0.0,,1.0
2012,98218,김동주,두산,,False,66,223,0.2914798206278027,0.339,0.341,0.68,0.05,0.313,0.315,0.0,2,27,18,65,5,0,16,2,24,3,0.0,,1.0
2013,98218,김동주,두산,,False,28,82,0.2560975609756097,0.356,0.317,0.673,0.061,0.263,0.322,0.0,1,9,6,21,2,0,10,5,9,1,0.0,,1.0
2022,51230,김동주,두산,투수,False,1,0,0.0,0.0,0.0,0.0,0.0,0.0,0.0,0.0,0,0,0,0,0,0,0,0,0,0,0.0,0.0,1.0
2024,51230,김동주,두산,투수,False,1,0,0.0,0.0,0.0,0.0,0.0,0.0,0.0,0.0,0,0,0,0,0,0,0,0,0,0,0.0,0.0,1.0
2026,51230,김동주,두산,투수,False,1,0,0.0,0.0,0.0,0.0,0.0,0.0,0.0,0.0,0,0,0,0,0,0,0,0,0,0,0.0,0.0,0.757
2025,52267,김동준,두산,내야수,False,36,93,0.2365591397849462,0.283,0.333,0.616,0.096,0.328,0.282,74.0,2,10,8,22,3,0,5,1,30,1,-0.924,0.02,1.0
2022,51403,김동진,삼성,,False,5,4,0.25,0.25,0.5,0.75,0.25,0.5,0.31,85.8,0,0,0,1,1,0,0,0,2,0,-0.05,0.01,1.0
2023,51403,김동진,삼성,,False,44,122,0.2622950819672131,0.313,0.32,0.633,0.0579999999999999,0.327,0.294,75.7,0,8,14,32,7,0,9,1,26,3,-1.392,0.29,1.0
2024,51403,김동진,삼성,,False,30,37,0.1081081081081081,0.175,0.189,0.364,0.081,0.115,0.162,-22.4,1,2,5,4,0,0,3,0,10,0,-0.718,-0.42,1.0
2012,61204,김동한,두산,,False,10,8,0.375,0.375,0.375,0.75,0.0,0.5,0.338,0.0,0,0,3,3,0,0,0,0,2,2,0.0,,1.0
2013,61204,김동한,두산,,False,26,20,0.35,0.409,0.7,1.109,0.35,0.353,0.46,0.0,1,4,9,7,2,1,2,0,2,5,0.0,,1.0
2016,61204,김동한,롯데,,False,78,107,0.2523364485981308,0.292,0.308,0.6,0.0559999999999999,0.307,0.264,0.0,0,14,9,27,6,0,6,0,19,5,0.085,,1.0
2017,61204,김동한,롯데,,False,81,178,0.2359550561797752,0.292,0.393,0.685,0.157,0.26,0.303,54.8,3,14,26,42,19,0,14,0,25,4,-0.876,-0.42,1.0
2018,61204,김동한,롯데,,False,55,83,0.1927710843373494,0.266,0.277,0.543,0.084,0.215,0.253,27.5,2,9,11,16,1,0,9,0,18,3,-0.933,-0.63,1.0
2019,61204,김동한,롯데,,False,42,78,0.282051282051282,0.333,0.333,0.666,0.051,0.349,0.311,82.2,0,2,9,22,4,0,6,0,15,3,-0.34,0.26,1.0
2020,61204,김동한,롯데,,False,82,68,0.2205882352941176,0.274,0.294,0.568,0.0729999999999999,0.25,0.27,45.7,0,5,23,15,5,0,5,0,8,10,-0.966,-0.26,1.0
2023,53344,김동헌,키움,포수,False,102,211,0.2417061611374407,0.318,0.313,0.631,0.071,0.312,0.298,81.7,2,17,22,51,5,2,17,8,55,0,-1.831,0.68,1.0
2024,53344,김동헌,키움,포수,False,2,5,0.2,0.429,0.2,0.629,0.0,0.2,0.339,96.9,0,1,0,1,0,0,1,1,0,0,-0.014,-0.06,1.0
2025,53344,김동헌,키움,포수,False,49,82,0.2682926829268293,0.33,0.305,0.635,0.0369999999999999,0.367,0.313,92.9,0,8,8,22,3,0,7,1,23,0,-0.321,0.2,1.0
2026,53344,김동헌,키움,포수,False,27,70,0.2428571428571428,0.303,0.371,0.674,0.128,0.308,0.296,75.9,1,11,5,17,6,0,3,3,17,0,-0.371,0.1,0.757
2020,50360,김동혁,키움,투수,False,1,0,0.0,0.0,0.0,0.0,0.0,0.0,0.0,0.0,0,0,0,0,0,0,0,0,0,0,0.0,0.0,1.0
2023,50360,김동혁,키움,투수,False,2,0,0.0,0.0,0.0,0.0,0.0,0.0,0.0,0.0,0,0,0,0,0,0,0,0,0,0,0.0,0.0,1.0
2023,52504,김동혁,롯데,외야수,False,15,7,0.0,0.222,0.0,0.222,0.0,0.0,0.16,-21.5,0,0,3,0,0,0,2,0,3,1,-0.092,-0.09,1.0
2024,52504,김동혁,롯데,외야수,False,39,15,0.2,0.294,0.333,0.627,0.133,0.3,0.282,51.7,0,1,8,3,0,1,2,0,5,3,-0.21,-0.19,1.0
2025,52504,김동혁,롯데,외야수,False,93,89,0.2247191011235955,0.373,0.292,0.665,0.0669999999999999,0.317,0.317,88.8,0,6,19,20,4,1,18,3,26,13,-0.799,0.75,1.0
2026,52504,김동혁,롯데,외야수,False,38,17,0.1764705882352941,0.333,0.176,0.509,0.0,0.231,0.295,69.4,0,1,12,3,0,0,4,0,4,0,-0.215,-0.11,0.757
2026,55502,김동현,롯데,외야수,False,17,37,0.2162162162162162,0.31,0.459,0.769,0.243,0.231,0.332,95.4,2,6,6,8,1,1,4,1,9,0,-0.077,0.01,0.757
2017,79791,김동호,삼성,,False,1,0,0.0,0.0,0.0,0.0,0.0,0.0,0.0,0.0,0,0,0,0,0,0,0,0,0,0,0.0,0.0,1.0
2024,54614,김두현,KIA,내야수,False,3,5,0.4,0.5,0.4,0.9,0.0,0.4,0.425,152.9,0,0,2,2,0,0,0,1,0,0,-0.058,0.0,1.0
2016,65044,김만수,KT,,False,1,1,0.0,0.0,0.0,0.0,0.0,0.0,0.0,0.0,0,0,0,0,0,0,0,0,0,0,-0.003,,1.0
2017,65044,김만수,KT,,False,10,6,0.1666666666666666,0.167,0.167,0.334,0.0,0.333,0.15,-40.2,0,0,0,1,0,0,0,0,3,0,-0.086,-0.12,1.0
2017,67246,김명신,두산,투수,False,1,0,0.0,0.0,0.0,0.0,0.0,0.0,0.0,0.0,0,0,0,0,0,0,0,0,0,0,0.0,0.0,1.0
2021,67246,김명신,두산,투수,False,4,0,0.0,0.0,0.0,0.0,0.0,0.0,0.0,0.0,0,0,0,0,0,0,0,0,0,0,0.0,0.0,1.0
2022,67246,김명신,두산,투수,False,3,0,0.0,0.0,0.0,0.0,0.0,0.0,0.0,0.0,0,0,0,0,0,0,0,0,0,0,0.0,0.0,1.0
2024,67246,김명신,두산,투수,False,3,0,0.0,0.0,0.0,0.0,0.0,0.0,0.0,0.0,0,0,0,0,0,0,0,0,0,0,0.0,0.0,1.0
2021,68403,김무신,삼성,투수,False,2,0,0.0,0.0,0.0,0.0,0.0,0.0,0.0,0.0,0,0,0,0,0,0,0,0,0,0,0.0,0.0,1.0
2011,76509,김문호,롯데,,False,19,26,0.2307692307692307,0.31,0.269,0.579,0.038,0.316,0.256,0.0,0,1,4,6,1,0,3,0,7,1,0.0,,1.0
2012,76509,김문호,롯데,,False,56,79,0.2025316455696202,0.323,0.241,0.564,0.0379999999999999,0.281,0.274,0.0,0,2,10,16,3,0,11,3,22,1,0.0,,1.0
2013,76509,김문호,롯데,,False,40,137,0.2627737226277372,0.373,0.336,0.709,0.073,0.34,0.32,0.0,0,10,19,36,10,0,21,3,31,8,0.0,,1.0
2014,76509,김문호,롯데,,False,71,192,0.2135416666666666,0.301,0.333,0.634,0.119,0.281,0.288,0.0,2,27,28,41,11,3,19,5,51,4,-0.649,,1.0
2015,76509,김문호,롯데,,False,93,288,0.3055555555555556,0.367,0.392,0.759,0.086,0.349,0.338,0.0,4,31,35,88,13,0,25,4,45,8,-1.394,,1.0
2016,76509,김문호,롯데,,True,140,526,0.3250950570342205,0.401,0.43,0.831,0.1049999999999999,0.364,0.381,0.0,7,70,77,171,28,3,62,6,70,12,0.753,,1.0
2017,76509,김문호,롯데,,True,131,390,0.2923076923076923,0.372,0.356,0.728,0.064,0.354,0.334,75.7,2,35,49,114,17,1,37,13,73,9,-1.276,0.28,1.0
2018,76509,김문호,롯데,,False,46,100,0.25,0.336,0.38,0.716,0.13,0.324,0.321,64.3,2,16,12,25,7,0,13,0,27,1,0.004,-0.17,1.0
2019,76509,김문호,롯데,,False,51,103,0.2427184466019417,0.269,0.311,0.58,0.068,0.338,0.28,58.9,0,4,6,25,7,0,4,0,30,2,-1.295,-0.08,1.0
2020,76509,김문호,한화,,False,18,46,0.217391304347826,0.308,0.37,0.678,0.153,0.242,0.304,75.1,2,5,6,10,1,0,5,1,11,0,0.071,0.1,1.0
2020,68043,김민,KT,투수,False,2,0,0.0,0.0,0.0,0.0,0.0,0.0,0.0,0.0,0,0,0,0,0,0,0,0,0,0,0.0,0.0,1.0
2023,68043,김민,KT,투수,False,1,0,0.0,0.0,0.0,0.0,0.0,0.0,0.0,0.0,0,0,0,0,0,0,0,0,0,0,0.0,0.0,1.0
2024,68043,김민,KT,투수,False,1,0,0.0,0.0,0.0,0.0,0.0,0.0,0.0,0.0,0,0,0,0,0,0,0,0,0,0,0.0,0.0,1.0
2020,68200,김민규,두산,투수,False,3,0,0.0,0.0,0.0,0.0,0.0,0.0,0.0,0.0,0,0,0,0,0,0,0,0,0,0,0.0,0.0,1.0
2021,68200,김민규,두산,투수,False,2,0,0.0,0.0,0.0,0.0,0.0,0.0,0.0,0.0,0,0,0,0,0,0,0,0,0,0,0.0,0.0,1.0
2023,68200,김민규,두산,투수,False,1,0,0.0,0.0,0.0,0.0,0.0,0.0,0.0,0.0,0,0,0,0,0,0,0,0,0,0,0.0,0.0,1.0
2024,68200,김민규,두산,투수,False,1,0,0.0,0.0,0.0,0.0,0.0,0.0,0.0,0.0,0,0,0,0,0,0,0,0,0,0,0.0,0.0,1.0
2026,56637,김민규,KIA,외야수,False,47,42,0.2857142857142857,0.302,0.452,0.754,0.166,0.429,0.323,92.5,0,6,18,12,5,1,1,0,14,12,-0.004,0.24,0.757
2023,53554,김민석,롯데,외야수,True,129,400,0.255,0.314,0.338,0.652,0.083,0.341,0.293,73.5,3,39,53,102,24,0,31,6,112,16,-3.365,0.87,1.0
2024,53554,김민석,롯데,외야수,False,41,76,0.2105263157894736,0.268,0.276,0.544,0.065,0.286,0.269,46.4,0,6,14,16,3,1,2,4,20,3,-0.809,-0.18,1.0
2025,53554,김민석,두산,외야수,False,95,228,0.2280701754385964,0.269,0.298,0.567,0.0699999999999999,0.304,0.254,49.9,1,21,21,52,7,3,12,2,62,3,-1.552,-0.84,1.0
2025,54097,김민석,KT,포수,False,2,0,0.0,0.0,0.0,0.0,0.0,0.0,0.0,0.0,0,0,0,0,0,0,0,0,0,0,0.0,0.0,1.0
2026,53554,김민석,두산,외야수,True,99,326,0.3159509202453988,0.393,0.42,0.813,0.1039999999999999,0.385,0.37,127.2,4,38,42,103,18,2,40,2,66,2,1.244,2.47,0.757
2026,54097,김민석,KT,포수,False,1,1,0.0,0.5,0.0,0.5,0.0,0.0,0.36,114.8,0,0,0,0,0,0,1,0,0,0,-0.032,0.01,0.757
2010,77564,김민성,넥센,내야수,False,80,180,0.2,0.31,0.256,0.566,0.0559999999999999,0.246,0.262,0.0,2,12,26,36,4,0,18,11,41,1,0.0,,1.0
2011,77564,김민성,넥센,내야수,False,124,314,0.2356687898089172,0.311,0.312,0.623,0.076,0.268,0.274,0.0,4,23,37,74,10,1,26,9,51,12,0.0,,1.0
2012,77564,김민성,넥센,내야수,False,71,219,0.2831050228310502,0.346,0.379,0.725,0.096,0.36,0.325,0.0,4,22,24,62,9,0,17,6,58,7,0.0,,1.0
2013,77564,김민성,넥센,내야수,True,128,458,0.2816593886462882,0.36,0.441,0.801,0.159,0.314,0.352,0.0,15,72,60,129,24,2,42,16,84,7,0.0,,1.0
2014,77564,김민성,넥센,내야수,True,116,438,0.2922374429223744,0.349,0.45,0.799,0.158,0.332,0.355,0.0,12,77,60,128,29,2,30,10,80,3,1.902,,1.0
2015,77564,김민성,넥센,내야수,True,118,445,0.3033707865168539,0.357,0.465,0.822,0.162,0.322,0.362,0.0,16,71,60,135,24,0,31,8,62,1,-1.062,,1.0
2016,77564,김민성,넥센,내야수,True,141,510,0.3058823529411765,0.367,0.502,0.869,0.196,0.334,0.373,0.0,17,90,76,156,39,5,53,3,89,6,1.717,,1.0
2017,77564,김민성,넥센,내야수,True,133,472,0.2817796610169492,0.345,0.436,0.781,0.154,0.317,0.349,86.9,15,78,59,133,26,1,43,7,93,0,0.472,1.78,1.0
2018,77564,김민성,넥센,내야수,True,128,413,0.2832929782082324,0.351,0.414,0.765,0.131,0.326,0.338,81.0,10,45,46,117,24,0,40,6,80,1,-1.956,0.66,1.0
2019,77564,김민성,LG,내야수,False,107,361,0.260387811634349,0.323,0.371,0.694,0.1109999999999999,0.308,0.314,115.4,8,50,44,94,16,0,30,4,75,2,-0.465,1.27,1.0
2020,77564,김민성,LG,내야수,False,87,297,0.265993265993266,0.325,0.384,0.709,0.118,0.322,0.314,98.6,5,47,29,79,20,0,24,4,66,2,-1.049,0.54,1.0
2021,77564,김민성,LG,내야수,False,121,360,0.2222222222222222,0.313,0.35,0.663,0.1279999999999999,0.254,0.305,86.5,8,39,35,80,22,0,42,8,73,3,-1.908,0.61,1.0
2022,77564,김민성,LG,내야수,False,92,140,0.2071428571428571,0.273,0.3,0.573,0.093,0.234,0.261,60.5,3,20,16,29,4,0,10,3,27,0,-0.371,-0.2,1.0
2023,77564,김민성,LG,내야수,False,112,273,0.2490842490842491,0.326,0.377,0.703,0.128,0.287,0.311,98.9,8,41,34,68,11,0,25,7,58,2,-2.075,1.21,1.0
2024,77564,김민성,롯데,내야수,False,35,70,0.2,0.321,0.357,0.678,0.1569999999999999,0.235,0.319,80.1,2,8,6,14,5,0,10,3,18,0,-0.176,0.06,1.0
2025,77564,김민성,롯데,내야수,False,96,214,0.2429906542056074,0.353,0.346,0.699,0.1029999999999999,0.299,0.318,88.3,3,35,25,52,13,0,33,4,48,0,-0.671,0.51,1.0
2026,77564,김민성,롯데,내야수,False,16,27,0.1481481481481481,0.281,0.296,0.577,0.148,0.143,0.268,53.4,1,4,3,4,1,0,5,0,5,0,-0.131,-0.08,0.757
2014,64793,김민수,한화,포수,False,35,74,0.1486486486486486,0.182,0.162,0.344,0.013,0.208,0.171,0.0,0,5,5,11,1,0,3,0,21,0,-0.772,,1.0
2015,65048,김민수,KT,투수,False,2,0,0.0,0.0,0.0,0.0,0.0,0.0,0.0,0.0,0,0,0,0,0,0,0,0,0,0,0.0,,1.0
2017,64793,김민수,삼성,포수,False,13,21,0.1428571428571428,0.182,0.19,0.372,0.047,0.231,0.171,-20.1,0,3,2,3,1,0,1,0,8,0,-0.156,-0.24,1.0
2018,64793,김민수,삼성,포수,False,8,6,0.1666666666666666,0.167,0.167,0.334,0.0,0.25,0.15,-31.9,0,0,0,1,0,0,0,0,2,0,-0.093,-0.08,1.0
2019,64793,김민수,삼성,포수,False,29,39,0.2051282051282051,0.22,0.231,0.451,0.026,0.333,0.201,-2.5,0,2,5,8,1,0,1,0,16,0,-0.701,-0.28,1.0
2020,64793,김민수,삼성,포수,False,17,23,0.1739130434782608,0.24,0.174,0.414,0.0,0.235,0.229,13.6,0,1,3,4,0,0,2,0,6,0,-0.272,-0.12,1.0
2020,65048,김민수,KT,투수,False,1,0,0.0,0.0,0.0,0.0,0.0,0.0,0.0,0.0,0,0,0,0,0,0,0,0,0,0,0.0,0.0,1.0
2021,64793,김민수,삼성,포수,False,47,76,0.2631578947368421,0.318,0.447,0.765,0.184,0.274,0.321,87.1,3,13,9,20,5,0,6,1,13,0,-0.129,0.23,1.0
2021,65048,김민수,KT,투수,False,6,0,0.0,0.0,0.0,0.0,0.0,0.0,0.0,0.0,0,0,0,0,0,0,0,0,0,0,0.0,0.0,1.0
2022,69500,김민수,롯데,,False,5,7,0.1428571428571428,0.143,0.143,0.286,0.0,0.333,0.129,-45.9,0,1,0,1,0,0,0,0,4,0,-0.03,-0.1,1.0
2023,64793,김민수,삼성,포수,False,2,1,0.0,0.0,0.0,0.0,0.0,0.0,0.0,-140.2,0,0,0,0,0,0,0,0,1,0,-0.052,-0.03,1.0
2024,64793,김민수,삼성,포수,False,9,8,0.25,0.25,0.625,0.875,0.375,0.167,0.356,89.2,1,3,1,2,0,0,0,0,1,0,-0.029,0.04,1.0
2025,65048,김민수,KT,투수,False,1,0,0.0,0.0,0.0,0.0,0.0,0.0,0.0,0.0,0,0,0,0,0,0,0,0,0,0,0.0,0.0,1.0
2026,64793,김민수,LG,포수,False,2,3,0.0,0.0,0.0,0.0,0.0,0.0,0.0,-125.5,0,0,0,0,0,0,0,0,0,0,-0.034,-0.07,0.757
2026,65048,김민수,KT,투수,False,1,0,0.0,0.0,0.0,0.0,0.0,0.0,0.0,0.0,0,0,0,0,0,0,0,0,0,0,0.0,0.0,0.757
2015,62864,김민식,SK,포수,False,23,24,0.1666666666666666,0.231,0.167,0.398,0.0,0.182,0.194,0.0,0,0,4,4,0,0,2,0,2,0,-0.701,,1.0
2016,62864,김민식,SK,포수,False,88,144,0.2569444444444444,0.359,0.361,0.72,0.1039999999999999,0.337,0.329,0.0,2,14,17,37,9,0,21,2,38,1,0.124,,1.0
2017,62864,김민식,KIA,포수,False,137,352,0.2215909090909091,0.283,0.293,0.576,0.0709999999999999,0.251,0.268,45.2,4,40,39,78,9,2,26,5,55,3,-1.296,-0.69,1.0
2018,62864,김민식,KIA,포수,False,125,310,0.2451612903225806,0.333,0.352,0.685,0.1069999999999999,0.288,0.314,76.3,6,37,53,76,9,3,39,3,63,5,-1.659,-0.2,1.0
2019,62864,김민식,KIA,포수,False,53,96,0.1666666666666666,0.293,0.188,0.481,0.0209999999999999,0.232,0.243,41.8,0,14,6,16,2,0,15,3,29,2,-0.493,-0.57,1.0
2020,62864,김민식,KIA,포수,False,69,211,0.2511848341232227,0.31,0.318,0.628,0.067,0.279,0.286,65.5,2,21,22,53,6,1,17,2,28,0,-1.029,-0.12,1.0
2021,62864,김민식,KIA,포수,False,100,250,0.22,0.336,0.288,0.624,0.0679999999999999,0.259,0.297,75.6,3,26,30,55,8,0,41,4,49,0,-0.988,0.46,1.0
2022,62864,김민식,SSG,포수,False,104,222,0.2207207207207207,0.32,0.297,0.617,0.0759999999999999,0.264,0.292,76.3,2,28,30,49,9,1,32,2,45,0,-1.766,0.6,1.0
2023,62864,김민식,SSG,포수,False,122,266,0.2180451127819548,0.302,0.316,0.618,0.098,0.257,0.277,65.4,5,34,28,58,9,1,31,2,57,0,-2.037,0.5,1.0
2024,62864,김민식,SSG,포수,False,45,106,0.2075471698113207,0.311,0.283,0.594,0.0749999999999999,0.292,0.285,62.2,1,10,10,22,5,0,16,0,33,0,-1.545,-0.05,1.0
2026,62864,김민식,SSG,포수,False,14,28,0.1428571428571428,0.143,0.143,0.286,0.0,0.174,0.129,-39.5,0,0,0,4,0,0,0,0,5,0,-0.47,-0.31,0.757
2010,72303,김민우,넥센,,True,128,447,0.2572706935123042,0.356,0.376,0.732,0.119,0.298,0.327,0.0,9,44,64,115,20,3,61,9,85,28,0.0,,1.0
2011,72303,김민우,넥센,,True,126,466,0.2467811158798283,0.319,0.333,0.652,0.086,0.301,0.298,0.0,6,31,66,115,22,0,48,2,100,23,0.0,,1.0
2012,72303,김민우,넥센,,False,69,197,0.2284263959390862,0.313,0.355,0.668,0.1269999999999999,0.276,0.298,0.0,5,25,20,45,6,2,22,3,49,5,0.0,,1.0
2013,72303,김민우,넥센,,False,33,48,0.2916666666666667,0.364,0.354,0.718,0.062,0.341,0.326,0.0,0,11,5,14,1,1,5,1,8,1,0.0,,1.0
2014,72303,김민우,KIA,,False,87,167,0.2514970059880239,0.387,0.365,0.752,0.1139999999999999,0.331,0.351,0.0,3,15,34,42,10,0,36,1,46,7,0.177,,1.0
2015,72303,김민우,KIA,,False,90,269,0.2602230483271375,0.313,0.394,0.707,0.134,0.335,0.301,0.0,6,34,28,70,16,1,21,1,75,8,0.154,,1.0
2015,65764,김민우,한화,투수,False,1,0,0.0,0.0,0.0,0.0,0.0,0.0,0.0,0.0,0,0,0,0,0,0,0,0,0,0,0.0,,1.0
2016,72303,김민우,KIA,,False,19,41,0.1951219512195122,0.283,0.22,0.503,0.0249999999999999,0.276,0.257,0.0,0,4,3,8,1,0,5,0,12,1,-0.261,,1.0
2022,65764,김민우,한화,투수,False,1,0,0.0,0.0,0.0,0.0,0.0,0.0,0.0,0.0,0,0,0,0,0,0,0,0,0,0,0.0,0.0,1.0
2024,54645,김민주,KIA,,False,1,0,0.0,0.0,0.0,0.0,0.0,0.0,0.0,0.0,0,0,0,0,0,0,0,0,0,0,0.0,0.0,1.0
2015,63339,김민준,넥센,,False,2,1,0.0,0.5,0.0,0.5,0.0,0.0,0.36,0.0,0,0,1,0,0,0,1,0,0,0,-0.008,,1.0
2016,63339,김민준,넥센,,False,20,12,0.0833333333333333,0.154,0.083,0.237,0.0,0.143,0.125,0.0,0,0,4,1,0,0,1,0,5,0,-0.189,,1.0
2017,63339,김민준,넥센,,False,12,4,0.0,0.2,0.0,0.2,0.0,0.0,0.0,-247.9,0,0,2,0,0,0,1,0,3,0,-0.181,-0.22,1.0
2020,63339,김민준,SK,,False,12,4,0.0,0.0,0.0,0.0,0.0,0.0,0.184,-9.4,0,0,4,0,0,0,0,0,1,1,-0.162,-0.11,1.0
2026,53893,김민준,SSG,내야수,False,17,10,0.1,0.182,0.1,0.282,0.0,0.143,0.147,-27.1,0,0,2,1,0,0,1,0,3,0,-0.054,-0.17,0.757
2011,61554,김민하,롯데,,False,2,2,0.0,0.0,0.0,0.0,0.0,0.0,0.0,0.0,0,0,1,0,0,0,0,0,2,0,0.0,,1.0
2014,61554,김민하,롯데,,False,55,94,0.2659574468085106,0.289,0.415,0.704,0.1489999999999999,0.397,0.311,0.0,2,7,23,25,8,0,2,1,34,3,-0.866,,1.0
2015,61554,김민하,롯데,,False,54,116,0.2413793103448276,0.362,0.319,0.681,0.078,0.36,0.327,0.0,1,8,18,28,6,0,18,4,40,4,-0.562,,1.0
2016,61554,김민하,롯데,,False,46,45,0.2,0.234,0.289,0.523,0.0889999999999999,0.32,0.224,0.0,1,1,8,9,1,0,1,1,19,4,-0.937,,1.0
2018,61554,김민하,한화,,False,59,97,0.2164948453608247,0.274,0.351,0.625,0.1349999999999999,0.277,0.279,43.9,3,17,13,21,4,0,5,3,30,5,-1.483,-0.35,1.0
2019,61554,김민하,한화,,False,72,125,0.256,0.319,0.352,0.671,0.0959999999999999,0.361,0.298,76.7,2,14,14,32,6,0,9,3,41,5,-1.018,0.59,1.0
2020,61554,김민하,한화,,False,36,74,0.2837837837837837,0.369,0.405,0.774,0.121,0.351,0.344,104.1,1,11,10,21,6,0,8,2,16,0,-0.192,0.3,1.0
2021,61554,김민하,한화,,False,46,115,0.208695652173913,0.345,0.287,0.632,0.0779999999999999,0.288,0.309,86.8,1,17,14,24,4,1,17,8,36,6,-0.964,0.19,1.0
2015,64004,김민혁,KT,외야수,False,82,156,0.2756410256410256,0.343,0.327,0.67,0.0509999999999999,0.341,0.321,0.0,0,10,21,43,2,3,14,2,30,12,-1.318,,1.0
2016,64004,김민혁,KT,외야수,False,26,29,0.1034482758620689,0.161,0.138,0.299,0.035,0.143,0.145,0.0,0,0,3,3,1,0,2,0,8,2,-0.37,,1.0
2017,65269,김민혁,두산,내야수,False,18,21,0.1904761904761904,0.19,0.286,0.476,0.0959999999999999,0.267,0.204,16.6,0,2,1,4,2,0,0,0,6,0,-0.272,-0.19,1.0
2018,65269,김민혁,두산,내야수,False,22,53,0.2264150943396226,0.293,0.377,0.67,0.151,0.313,0.328,102.0,2,10,7,12,2,0,5,0,19,0,0.049,0.18,1.0
2019,64004,김민혁,KT,외야수,True,127,466,0.2811158798283262,0.341,0.307,0.648,0.0259999999999999,0.32,0.308,78.1,0,32,68,131,10,1,32,13,61,22,-2.243,0.53,1.0
2020,64004,김민혁,KT,외야수,False,108,222,0.2387387387387387,0.312,0.347,0.659,0.1079999999999999,0.273,0.306,73.8,5,25,35,53,5,2,22,2,42,8,0.255,-0.04,1.0
2021,64004,김민혁,KT,외야수,False,75,172,0.3197674418604651,0.397,0.395,0.792,0.075,0.372,0.369,124.0,1,13,22,55,6,2,20,2,26,6,-0.24,1.1,1.0
2021,65269,김민혁,두산,내야수,False,6,6,0.0,0.25,0.0,0.25,0.0,0.0,0.18,-2.8,0,0,0,0,0,0,2,0,2,0,0.02,-0.06,1.0
2022,64004,김민혁,KT,외야수,False,132,373,0.2841823056300268,0.349,0.322,0.671,0.038,0.338,0.308,85.0,0,35,47,106,10,2,37,2,62,6,-1.664,0.66,1.0
2022,65269,김민혁,두산,내야수,False,38,88,0.2840909090909091,0.351,0.477,0.828,0.193,0.345,0.361,140.7,5,16,11,25,2,0,7,2,25,0,-0.234,0.71,1.0
2023,64004,김민혁,KT,외야수,True,113,397,0.2972292191435768,0.356,0.385,0.741,0.088,0.328,0.339,111.1,3,41,68,118,20,3,36,3,48,11,-0.537,1.86,1.0
2023,65269,김민혁,두산,내야수,False,21,29,0.1379310344827586,0.25,0.172,0.422,0.0339999999999999,0.182,0.21,21.8,0,3,2,4,1,0,4,1,9,0,-0.38,-0.28,1.0
2024,64004,김민혁,KT,외야수,False,115,351,0.3532763532763532,0.41,0.419,0.829,0.066,0.399,0.378,118.6,1,34,47,124,14,3,35,1,45,4,-0.557,2.06,1.0
2024,65269,김민혁,두산,내야수,False,5,5,0.2,0.5,0.8,1.3,0.6000000000000001,0.0,0.514,228.1,1,2,1,1,0,0,3,0,3,0,-0.049,0.16,1.0
2025,64004,김민혁,KT,외야수,False,106,380,0.2868421052631579,0.341,0.329,0.67,0.042,0.321,0.314,88.0,0,35,52,109,12,2,25,7,41,11,-0.8,0.76,1.0
2025,65269,김민혁,두산,내야수,False,10,17,0.1176470588235294,0.286,0.294,0.58,0.176,0.1,0.317,101.8,1,1,2,2,0,0,4,0,6,0,-0.328,0.11,1.0
2026,64004,김민혁,KT,외야수,False,78,269,0.312267657992565,0.362,0.353,0.715,0.0409999999999999,0.371,0.33,93.6,1,28,34,84,6,1,18,4,46,1,-0.176,0.56,0.757
2023,53144,김범석,LG,포수,False,10,27,0.1111111111111111,0.138,0.259,0.397,0.148,0.091,0.198,16.2,1,4,3,3,1,0,1,0,5,0,-0.129,-0.24,1.0
2024,53144,김범석,LG,포수,False,70,162,0.2407407407407407,0.306,0.377,0.683,0.136,0.303,0.302,74.7,6,24,14,39,4,0,14,2,49,0,-0.459,-0.11,1.0
2022,65769,김범수,한화,투수,False,1,0,0.0,0.0,0.0,0.0,0.0,0.0,0.0,0.0,0,0,0,0,0,0,0,0,0,0,0.0,0.0,1.0
2026,65769,김범수,KIA,투수,False,1,0,0.0,0.0,0.0,0.0,0.0,0.0,0.0,0.0,0,0,0,0,0,0,0,0,0,0,0.0,0.0,0.757
2024,69980,김범준,NC,외야수,False,5,5,0.0,0.0,0.0,0.0,0.0,0.0,0.0,-121.7,0,0,0,0,0,0,0,0,2,0,-0.037,-0.13,1.0
2025,69980,김범준,NC,외야수,False,1,1,0.0,0.0,0.0,0.0,0.0,0.0,0.0,-132.9,0,0,0,0,0,0,0,0,1,0,-0.078,-0.03,1.0
2023,52002,김병준,KT,외야수,False,3,2,0.0,0.0,0.0,0.0,0.0,0.0,0.0,-138.4,0,0,0,0,0,0,0,0,2,0,-0.081,-0.05,1.0
2024,52002,김병준,KT,외야수,False,35,14,0.3571428571428571,0.438,0.357,0.795,0.0,0.417,0.429,152.1,0,1,9,5,0,0,2,0,2,0,-0.056,0.45,1.0
2025,52002,김병준,KT,외야수,False,9,5,0.2,0.2,0.2,0.4,0.0,0.333,0.18,-6.4,0,0,2,1,0,0,0,0,2,0,-0.119,-0.05,1.0
2012,62349,김병현,넥센,,False,1,0,0.0,0.0,0.0,0.0,0.0,0.0,0.0,0.0,0,0,0,0,0,0,0,0,0,0,0.0,,1.0
2014,62349,김병현,KIA,,False,1,0,0.0,0.0,0.0,0.0,0.0,0.0,0.0,0.0,0,0,0,0,0,0,0,0,0,0,0.0,,1.0
2015,62349,김병현,KIA,,False,1,0,0.0,0.0,0.0,0.0,0.0,0.0,0.0,0.0,0,0,0,0,0,0,0,0,0,0,0.0,,1.0
2020,50304,김병휘,키움,내야수,False,1,1,0.0,0.0,0.0,0.0,0.0,0.0,0.0,-120.2,0,0,1,0,0,0,0,0,1,0,0.0,-0.03,1.0
2021,50304,김병휘,키움,내야수,False,13,10,0.2,0.273,0.2,0.473,0.0,0.25,0.229,28.2,0,0,5,2,0,0,1,0,2,0,-0.061,-0.07,1.0
2023,50304,김병휘,키움,내야수,False,10,21,0.1428571428571428,0.143,0.19,0.333,0.047,0.231,0.145,-31.6,0,1,0,3,1,0,0,0,8,0,-0.28,-0.25,1.0
2024,50304,김병휘,키움,내야수,False,28,59,0.1694915254237288,0.3,0.271,0.571,0.102,0.281,0.27,53.3,1,3,6,10,3,0,6,5,26,0,-0.432,-0.08,1.0
2025,50304,김병휘,키움,내야수,False,7,4,0.25,0.5,0.25,0.75,0.0,0.333,0.39,148.3,0,0,2,1,0,0,2,0,1,0,-0.031,0.08,1.0
2019,64014,김병희,KT,,False,4,7,0.1428571428571428,0.143,0.143,0.286,0.0,0.2,0.129,-52.4,0,0,0,1,0,0,0,0,2,0,-0.042,-0.1,1.0
2020,64014,김병희,KT,,False,29,21,0.1428571428571428,0.136,0.286,0.422,0.143,0.143,0.17,-13.3,1,2,4,3,0,0,0,0,7,0,-0.21,-0.24,1.0
2021,64014,김병희,KT,,False,34,52,0.2884615384615384,0.456,0.635,1.091,0.347,0.313,0.461,191.7,5,13,16,15,3,0,13,3,15,3,0.986,0.96,1.0
2022,64014,김병희,KT,,False,41,74,0.2027027027027027,0.294,0.27,0.564,0.067,0.292,0.276,63.9,1,6,8,15,2,0,7,3,26,0,-0.688,-0.18,1.0
2023,64014,김병희,KT,,False,5,8,0.0,0.111,0.0,0.111,0.0,0.0,0.08,-79.3,0,0,0,0,0,0,1,0,4,0,-0.08,-0.16,1.0
2020,63894,김사윤,SK,투수,False,4,0,0.0,0.0,0.0,0.0,0.0,0.0,0.0,0.0,0,0,0,0,0,0,0,0,0,0,0.0,0.0,1.0
2024,63894,김사윤,KIA,투수,False,1,0,0.0,0.0,0.0,0.0,0.0,0.0,0.0,0.0,0,0,0,0,0,0,0,0,0,0,0.0,0.0,1.0
2010,99563,김사율,롯데,,False,2,0,0.0,0.0,0.0,0.0,0.0,0.0,0.0,0.0,0,0,0,0,0,0,0,0,0,0,0.0,,1.0
2012,99563,김사율,롯데,,False,1,0,0.0,0.0,0.0,0.0,0.0,0.0,0.0,0.0,0,0,0,0,0,0,0,0,0,0,0.0,,1.0
2013,99563,김사율,롯데,,False,1,0,0.0,0.0,0.0,0.0,0.0,0.0,0.0,0.0,0,0,0,0,0,0,0,0,0,0,0.0,,1.0
2015,99563,김사율,KT,,False,1,0,0.0,0.0,0.0,0.0,0.0,0.0,0.0,0.0,0,0,0,0,0,0,0,0,0,0,0.0,,1.0
2016,99563,김사율,KT,,False,1,0,0.0,0.0,0.0,0.0,0.0,0.0,0.0,0.0,0,0,0,0,0,0,0,0,0,0,0.0,,1.0
2017,99563,김사율,KT,,False,1,0,0.0,0.0,0.0,0.0,0.0,0.0,0.0,0.0,0,0,0,0,0,0,0,0,0,0,0.0,0.0,1.0
2018,99563,김사율,KT,,False,1,0,0.0,0.0,0.0,0.0,0.0,0.0,0.0,0.0,0,0,0,0,0,0,0,0,0,0,0.0,0.0,1.0
2012,61591,김사훈,롯데,,False,17,15,0.2666666666666666,0.267,0.333,0.6,0.066,0.5,0.263,0.0,0,2,0,4,1,0,0,0,7,0,0.0,,1.0
2013,61591,김사훈,롯데,,False,17,29,0.1034482758620689,0.235,0.138,0.373,0.035,0.143,0.191,0.0,0,1,2,3,1,0,4,1,8,0,0.0,,1.0
2014,61591,김사훈,롯데,,False,4,3,0.3333333333333333,0.333,0.333,0.666,0.0,0.5,0.3,0.0,0,1,0,1,0,0,0,0,1,0,0.033,,1.0
2016,61591,김사훈,롯데,,False,19,28,0.3214285714285714,0.387,0.357,0.744,0.0359999999999999,0.409,0.294,0.0,0,4,5,9,1,0,3,0,6,0,-0.12,,1.0
2017,61591,김사훈,롯데,,False,57,76,0.1842105263157894,0.25,0.224,0.474,0.04,0.25,0.21,0.1,0,8,1,14,3,0,6,1,21,1,-1.002,-0.55,1.0
2018,61591,김사훈,롯데,,False,56,74,0.2297297297297297,0.25,0.27,0.52,0.04,0.327,0.26,33.8,0,6,7,17,3,0,1,1,22,0,-0.865,-0.49,1.0
2019,61591,김사훈,롯데,,False,3,1,0.0,0.0,0.0,0.0,0.0,0.0,0.0,-147.1,0,0,0,0,0,0,0,0,0,0,-0.031,-0.02,1.0
2023,52402,김상민,삼성,외야수,False,8,12,0.0833333333333333,0.154,0.083,0.237,0.0,0.111,0.125,-48.4,0,0,3,1,0,0,1,0,3,0,-0.142,-0.19,1.0
2010,79402,김상수,삼성,내야수,False,101,282,0.2446808510638297,0.344,0.291,0.635,0.0459999999999999,0.29,0.295,0.0,0,22,37,69,7,3,31,12,45,30,0.0,,1.0
2011,79402,김상수,삼성,내야수,True,128,406,0.2783251231527093,0.362,0.352,0.714,0.0739999999999999,0.323,0.324,0.0,2,47,53,113,16,4,47,7,61,29,0.0,,1.0
2012,79402,김상수,삼성,내야수,True,129,419,0.2744630071599045,0.345,0.351,0.696,0.0769999999999999,0.308,0.317,0.0,2,36,64,115,18,4,41,7,56,25,0.0,,1.0
2013,79402,김상수,삼성,내야수,True,115,372,0.2983870967741935,0.354,0.417,0.771,0.119,0.318,0.34,0.0,7,44,57,111,17,3,30,5,44,14,0.0,,1.0
2014,79402,김상수,삼성,내야수,True,128,427,0.2880562060889929,0.354,0.407,0.761,0.119,0.334,0.335,0.0,5,63,74,123,20,8,41,7,77,53,1.301,,1.0
2015,79402,김상수,삼성,내야수,True,132,449,0.2783964365256124,0.345,0.416,0.761,0.1379999999999999,0.298,0.339,0.0,8,63,67,125,30,4,43,6,56,26,0.27,,1.0
2016,79402,김상수,삼성,내야수,False,105,358,0.2709497206703911,0.326,0.332,0.658,0.061,0.294,0.3,0.0,3,38,56,97,13,0,23,8,39,6,-1.368,,1.0
2017,79402,김상수,삼성,내야수,False,42,144,0.2638888888888889,0.291,0.375,0.666,0.1109999999999999,0.302,0.31,68.3,3,13,17,38,7,0,5,1,26,1,-1.621,0.08,1.0
2018,79402,김상수,삼성,내야수,True,122,453,0.2626931567328918,0.314,0.362,0.676,0.0989999999999999,0.307,0.304,60.9,10,50,63,119,13,1,27,8,91,12,-2.649,-0.46,1.0
2019,79402,김상수,삼성,내야수,True,129,468,0.2713675213675213,0.358,0.355,0.713,0.0839999999999999,0.305,0.33,89.4,5,38,76,127,20,2,50,15,67,21,-3.398,2.85,1.0
2020,79402,김상수,삼성,내야수,True,120,404,0.3044554455445544,0.397,0.401,0.798,0.097,0.341,0.371,103.8,5,47,71,123,18,3,55,8,55,10,-0.057,3.6,1.0
2021,79402,김상수,삼성,내야수,True,132,429,0.2354312354312354,0.32,0.301,0.621,0.066,0.259,0.297,74.4,3,42,46,101,17,1,52,3,51,4,-2.692,1.11,1.0
2022,79402,김상수,삼성,내야수,False,72,235,0.251063829787234,0.305,0.323,0.628,0.072,0.298,0.287,70.0,2,29,30,59,11,0,18,1,44,2,-1.892,0.36,1.0
2023,79402,김상수,KT,내야수,True,129,443,0.2708803611738149,0.353,0.339,0.692,0.068,0.312,0.325,100.9,3,56,58,120,19,1,55,3,68,5,-1.302,2.71,1.0
2024,79402,김상수,KT,내야수,False,113,369,0.2764227642276423,0.351,0.379,0.73,0.1029999999999999,0.319,0.33,89.0,4,45,60,102,18,4,37,6,59,3,-0.931,1.27,1.0
2025,79402,김상수,KT,내야수,False,113,355,0.2535211267605634,0.349,0.335,0.684,0.081,0.283,0.321,92.7,5,47,42,90,14,0,52,4,57,3,-0.302,1.78,1.0
2026,79402,김상수,KT,내야수,True,94,304,0.2861842105263157,0.382,0.339,0.721,0.053,0.335,0.329,93.1,1,29,33,87,11,1,40,8,47,0,-0.754,1.66,0.757
2026,55425,김상준,삼성,내야수,False,43,51,0.1764705882352941,0.276,0.196,0.472,0.02,0.243,0.23,25.1,0,1,13,9,1,0,4,3,14,1,-0.731,-0.25,0.757
2010,70646,김상현,KIA,,False,79,288,0.2152777777777778,0.312,0.458,0.77,0.243,0.224,0.343,0.0,21,53,44,62,5,1,33,8,85,3,0.0,,1.0
2011,70646,김상현,KIA,,False,101,357,0.2549019607843137,0.338,0.415,0.753,0.1599999999999999,0.294,0.342,0.0,14,64,38,91,15,0,37,9,83,8,0.0,,1.0
2012,70646,김상현,KIA,,False,32,116,0.2586206896551724,0.312,0.44,0.752,0.181,0.302,0.331,0.0,4,17,17,30,9,0,6,3,26,1,0.0,,1.0
2013,70646,김상현,SK,,False,113,322,0.2360248447204969,0.304,0.354,0.658,0.118,0.294,0.294,0.0,7,37,39,76,17,0,29,4,84,8,0.0,,1.0
2014,70646,김상현,SK,,False,42,80,0.263,0.31,0.513,0.823,0.25,0.296,0.347,0.0,5,20,8,21,3,1,5,1,22,1,0.287,,1.0
2015,70646,김상현,KT,,True,134,475,0.28,0.354,0.493,0.847,0.2129999999999999,0.313,0.368,0.0,27,88,71,133,20,0,50,8,115,4,-0.122,,1.0
2016,70646,김상현,KT,,False,62,222,0.2252252252252252,0.293,0.396,0.689,0.171,0.236,0.309,0.0,11,32,29,50,5,0,20,2,48,0,-1.804,,1.0
2012,62559,김상호,롯데,,False,8,12,0.1666666666666666,0.333,0.167,0.5,0.0,0.286,0.264,0.0,0,0,1,2,0,0,3,0,5,0,0.0,,1.0
2013,62559,김상호,롯데,,False,25,44,0.2045454545454545,0.28,0.273,0.553,0.068,0.265,0.254,0.0,0,3,5,9,3,0,5,0,11,0,0.0,,1.0
2016,62559,김상호,롯데,,False,114,366,0.2896174863387978,0.358,0.402,0.76,0.112,0.354,0.344,0.0,7,56,39,106,20,0,38,4,84,3,-1.034,,1.0
2017,62559,김상호,롯데,,False,80,101,0.2277227722772277,0.316,0.277,0.593,0.049,0.291,0.275,38.8,0,7,7,23,3,1,11,2,22,0,-0.521,-0.5,1.0
2010,70612,김상훈,KIA,,False,107,300,0.2433333333333333,0.326,0.32,0.646,0.077,0.271,0.293,0.0,4,39,25,73,11,0,34,4,43,1,0.0,,1.0
2011,70612,김상훈,KIA,,False,67,123,0.1951219512195122,0.329,0.293,0.622,0.0979999999999999,0.221,0.298,0.0,3,16,19,24,3,0,24,1,26,0,0.0,,1.0
2012,70612,김상훈,KIA,,False,80,163,0.1717791411042944,0.262,0.239,0.501,0.067,0.213,0.243,0.0,2,20,11,28,5,0,18,2,39,0,0.0,,1.0
2013,70612,김상훈,KIA,,False,49,87,0.2298850574712643,0.33,0.276,0.606,0.046,0.278,0.273,0.0,0,8,7,20,4,0,13,1,17,0,0.0,,1.0
2014,70612,김상훈,KIA,,False,9,10,0.1,0.25,0.1,0.35,0.0,0.143,0.195,0.0,0,0,0,1,0,0,2,0,3,0,-0.16,,1.0
2022,52460,김서준,삼성,투수,False,1,0,0.0,0.0,0.0,0.0,0.0,0.0,0.0,0.0,0,0,0,0,0,0,0,0,0,0,0.0,0.0,1.0
2023,52460,김서준,삼성,투수,False,1,0,0.0,0.0,0.0,0.0,0.0,0.0,0.0,0.0,0,0,0,0,0,0,0,0,0,0,0.0,0.0,1.0
2023,53754,김서현,한화,투수,False,1,0,0.0,0.0,0.0,0.0,0.0,0.0,0.0,0.0,0,0,0,0,0,0,0,0,0,0,0.0,0.0,1.0
2024,53754,김서현,한화,투수,False,1,0,0.0,0.0,0.0,0.0,0.0,0.0,0.0,0.0,0,0,0,0,0,0,0,0,0,0,0.0,0.0,1.0
2025,53754,김서현,한화,투수,False,3,0,0.0,0.0,0.0,0.0,0.0,0.0,0.0,0.0,0,0,0,0,0,0,0,0,0,0,0.0,0.0,1.0
2026,53754,김서현,한화,투수,False,1,0,0.0,0.0,0.0,0.0,0.0,0.0,0.0,0.0,0,0,0,0,0,0,0,0,0,0,0.0,0.0,0.757
2018,67610,김석환,KIA,외야수,False,1,2,0.0,0.0,0.0,0.0,0.0,0.0,0.0,-117.3,0,0,0,0,0,0,0,0,1,0,0.0,-0.04,1.0
2021,67610,김석환,KIA,외야수,False,5,19,0.2631578947368421,0.3,0.421,0.721,0.1579999999999999,0.364,0.315,91.4,1,3,1,5,0,0,0,1,7,0,-0.133,-0.04,1.0
2022,67610,김석환,KIA,외야수,False,51,94,0.1489361702127659,0.252,0.266,0.518,0.117,0.186,0.242,41.7,3,7,15,14,2,0,10,3,32,0,-1.209,-0.43,1.0
2023,67610,김석환,KIA,외야수,False,12,23,0.1304347826086956,0.2,0.174,0.374,0.0439999999999999,0.214,0.172,-10.5,0,3,1,3,1,0,2,0,9,0,-0.136,-0.23,1.0
2025,67610,김석환,KIA,외야수,False,47,117,0.2649572649572649,0.351,0.359,0.71,0.0939999999999999,0.475,0.33,105.0,2,16,14,31,1,2,14,2,55,0,0.104,0.4,1.0
2010,75852,김선규,LG,,False,2,0,0.0,0.0,0.0,0.0,0.0,0.0,0.0,0.0,0,0,0,0,0,0,0,0,0,0,0.0,,1.0
2012,75852,김선규,LG,,False,1,0,0.0,0.0,0.0,0.0,0.0,0.0,0.0,0.0,0,0,0,0,0,0,0,0,0,0,0.0,,1.0
2016,75852,김선규,NC,,False,1,0,0.0,0.0,0.0,0.0,0.0,0.0,0.0,0.0,0,0,0,0,0,0,0,0,0,0,0.0,,1.0
2023,66018,김선기,키움,투수,False,2,0,0.0,0.0,0.0,0.0,0.0,0.0,0.0,0.0,0,0,0,0,0,0,0,0,0,0,0.0,0.0,1.0
2024,66018,김선기,키움,투수,False,1,0,0.0,0.0,0.0,0.0,0.0,0.0,0.0,0.0,0,0,0,0,0,0,0,0,0,0,0.0,0.0,1.0
2010,78603,김선빈,KIA,내야수,False,115,348,0.293103448275862,0.362,0.353,0.715,0.06,0.329,0.322,0.0,1,28,40,102,14,2,34,6,44,23,0.0,,1.0
2011,78603,김선빈,KIA,내야수,True,98,335,0.2895522388059701,0.38,0.373,0.753,0.083,0.316,0.331,0.0,4,47,58,97,12,2,50,2,42,22,0.0,,1.0
2012,78603,김선빈,KIA,내야수,True,126,441,0.2811791383219955,0.363,0.367,0.73,0.0859999999999999,0.302,0.317,0.0,5,55,63,124,19,2,58,2,48,30,0.0,,1.0
2013,78603,김선빈,KIA,내야수,False,88,310,0.3,0.377,0.348,0.725,0.0479999999999999,0.321,0.336,0.0,1,29,51,93,12,0,39,2,26,28,0.0,,1.0
2014,78603,김선빈,KIA,내야수,False,33,93,0.2903225806451613,0.313,0.333,0.646,0.043,0.325,0.284,0.0,0,9,7,27,4,0,3,0,10,2,-0.753,,1.0
2016,78603,김선빈,KIA,내야수,False,6,25,0.36,0.385,0.52,0.905,0.16,0.409,0.376,0.0,0,0,3,9,2,1,1,0,3,1,-0.164,,1.0
2017,78603,김선빈,KIA,내야수,True,137,476,0.3697478991596639,0.42,0.477,0.897,0.1069999999999999,0.393,0.397,124.9,5,64,84,176,34,1,39,5,40,4,0.801,4.7,1.0
2018,78603,김선빈,KIA,내야수,True,127,424,0.294811320754717,0.374,0.373,0.747,0.078,0.316,0.342,93.4,4,49,73,125,17,2,48,9,42,4,0.24,1.5,1.0
2019,78603,김선빈,KIA,내야수,True,121,394,0.2918781725888325,0.36,0.371,0.731,0.079,0.304,0.343,116.0,3,40,55,115,22,0,43,1,26,5,-0.389,2.69,1.0
2020,78603,김선빈,KIA,내야수,False,85,303,0.33003300330033,0.406,0.403,0.809,0.073,0.375,0.372,121.9,1,37,42,100,19,0,40,2,43,1,0.267,3.03,1.0
2021,78603,김선빈,KIA,내야수,True,130,501,0.3073852295409182,0.375,0.401,0.776,0.094,0.323,0.354,116.1,5,67,55,154,32,0,56,1,39,0,1.448,4.14,1.0
2022,78603,김선빈,KIA,내야수,True,140,505,0.2871287128712871,0.373,0.35,0.723,0.063,0.31,0.335,110.6,3,61,51,145,23,0,65,6,47,13,-0.424,3.76,1.0
2023,78603,김선빈,KIA,내야수,True,119,419,0.3198090692124105,0.381,0.358,0.739,0.0379999999999999,0.338,0.346,117.6,0,48,41,134,16,0,38,5,26,3,-0.35,3.54,1.0
2024,78603,김선빈,KIA,내야수,True,116,423,0.3286052009456264,0.38,0.447,0.827,0.118,0.347,0.366,114.5,9,57,48,139,23,0,30,5,39,5,1.229,3.21,1.0
2025,78603,김선빈,KIA,내야수,False,84,271,0.3210332103321033,0.395,0.428,0.823,0.1069999999999999,0.359,0.369,131.9,3,46,31,87,18,1,31,3,35,4,0.412,2.4,1.0
2026,78603,김선빈,KIA,내야수,True,100,333,0.2732732732732733,0.374,0.33,0.704,0.0569999999999999,0.307,0.328,94.1,1,34,39,91,16,0,49,5,40,1,-1.055,1.4,0.757
2022,51604,김선우,KIA,포수,False,3,3,0.3333333333333333,0.5,0.333,0.833,0.0,0.333,0.413,168.4,0,0,1,1,0,0,0,1,0,0,0.043,0.05,1.0
2023,51604,김선우,KIA,포수,False,5,7,0.1428571428571428,0.143,0.143,0.286,0.0,0.2,0.129,-42.6,0,0,0,1,0,0,0,0,2,0,-0.22,-0.06,1.0
2018,67828,김성민,넥센,투수,False,1,0,0.0,0.0,0.0,0.0,0.0,0.0,0.0,0.0,0,0,0,0,0,0,0,0,0,0,0.0,0.0,1.0
2019,69860,김성민,SK,,False,2,4,0.25,0.25,0.25,0.5,0.0,1.0,0.225,22.9,0,0,0,1,0,0,0,0,3,0,-0.071,-0.05,1.0
2020,50848,김성민,SK,투수,False,9,14,0.2857142857142857,0.375,0.714,1.089,0.428,0.222,0.448,141.8,2,4,4,4,0,0,1,1,3,0,0.106,0.07,1.0
2020,67828,김성민,키움,투수,False,3,0,0.0,0.0,0.0,0.0,0.0,0.0,0.0,0.0,0,0,0,0,0,0,0,0,0,0,0.0,0.0,1.0
2021,67828,김성민,키움,투수,False,5,0,0.0,0.0,0.0,0.0,0.0,0.0,0.0,0.0,0,0,0,0,0,0,0,0,0,0,0.0,0.0,1.0
2012,73226,김성배,롯데,,False,1,0,0.0,0.0,0.0,0.0,0.0,0.0,0.0,0.0,0,0,0,0,0,0,0,0,0,0,0.0,,1.0
2013,73226,김성배,롯데,,False,3,0,0.0,0.0,0.0,0.0,0.0,0.0,0.0,0.0,0,0,0,0,0,0,0,0,0,0,0.0,,1.0
2016,73226,김성배,두산,,False,1,0,0.0,0.0,0.0,0.0,0.0,0.0,0.0,0.0,0,0,0,0,0,0,0,0,0,0,0.0,,1.0
2024,52105,김성우,LG,포수,False,4,5,0.0,0.0,0.0,0.0,0.0,0.0,0.0,-119.3,0,0,0,0,0,0,0,0,4,0,-0.075,-0.13,1.0
2025,52105,김성우,LG,포수,False,7,5,0.2,0.2,0.2,0.4,0.0,0.25,0.18,-2.1,0,1,0,1,0,0,0,0,1,0,-0.211,-0.04,1.0
2013,62934,김성욱,NC,외야수,False,4,4,0.25,0.25,0.25,0.5,0.0,0.5,0.225,0.0,0,1,0,1,0,0,0,0,2,0,0.0,,1.0
2014,62934,김성욱,NC,외야수,False,26,23,0.1739130434782608,0.269,0.348,0.617,0.174,0.231,0.275,0.0,1,1,6,4,1,0,3,0,9,1,-0.443,,1.0
2015,62934,김성욱,NC,외야수,False,125,182,0.2582417582417582,0.333,0.363,0.696,0.1049999999999999,0.344,0.319,0.0,3,26,32,47,8,1,17,4,52,3,-0.955,,1.0
2016,62934,김성욱,NC,외야수,False,130,306,0.2647058823529412,0.334,0.467,0.801,0.202,0.288,0.345,0.0,15,51,60,81,15,1,30,3,64,5,0.597,,1.0
2017,62934,김성욱,NC,외야수,False,124,308,0.2467532467532467,0.315,0.39,0.705,0.143,0.282,0.319,89.8,6,31,60,76,18,4,24,9,59,10,-1.88,1.27,1.0
2018,62934,김성욱,NC,외야수,False,111,323,0.2600619195046439,0.32,0.433,0.753,0.173,0.285,0.339,97.8,13,45,49,84,13,2,29,1,64,11,-0.753,2.11,1.0
2019,62934,김성욱,NC,외야수,False,116,287,0.229965156794425,0.302,0.387,0.689,0.157,0.266,0.307,86.4,9,36,38,66,16,1,29,3,69,6,-1.143,0.8,1.0
2020,62934,김성욱,NC,외야수,False,104,195,0.2205128205128205,0.294,0.374,0.668,0.153,0.235,0.294,65.2,8,26,32,43,4,1,17,4,40,12,-0.815,0.26,1.0
2023,62934,김성욱,NC,외야수,False,93,179,0.2234636871508379,0.303,0.38,0.683,0.157,0.306,0.317,93.8,6,16,28,40,10,0,16,5,63,6,-1.004,0.63,1.0
2024,62934,김성욱,NC,외야수,False,129,358,0.2039106145251396,0.291,0.38,0.671,0.176,0.21,0.303,71.1,17,60,55,73,8,2,31,15,79,10,-0.974,0.66,1.0
2025,62934,김성욱,SSG,외야수,False,56,123,0.1951219512195122,0.244,0.293,0.537,0.0979999999999999,0.256,0.239,38.0,2,13,10,24,6,0,7,1,35,1,-1.033,-0.57,1.0
2026,62934,김성욱,SSG,외야수,False,61,116,0.2672413793103448,0.377,0.405,0.782,0.138,0.31,0.363,116.2,4,13,20,31,4,0,18,3,26,3,-0.172,0.96,0.757
2017,67449,김성윤,삼성,외야수,False,22,12,0.0833333333333333,0.214,0.333,0.547,0.25,0.0,0.242,18.6,1,2,3,1,0,0,2,0,7,0,0.069,-0.12,1.0
2018,67449,김성윤,삼성,외야수,False,1,2,0.0,0.0,0.0,0.0,0.0,0.0,0.0,-126.0,0,0,0,0,0,0,0,0,1,0,-0.178,-0.05,1.0
2020,67449,김성윤,삼성,외야수,False,9,7,0.2857142857142857,0.444,0.429,0.873,0.143,0.333,0.401,124.1,0,0,1,2,1,0,1,1,1,0,-0.112,0.05,1.0
2021,67449,김성윤,삼성,외야수,False,30,18,0.1666666666666666,0.158,0.167,0.325,0.0,0.214,0.142,-34.5,0,2,7,3,0,0,0,0,5,0,-0.396,-0.41,1.0
2022,67449,김성윤,삼성,외야수,False,48,42,0.1904761904761904,0.292,0.333,0.625,0.143,0.226,0.278,61.7,1,2,14,8,3,0,5,1,10,10,-0.288,0.24,1.0
2023,67449,김성윤,삼성,외야수,False,101,245,0.3142857142857143,0.354,0.404,0.758,0.09,0.352,0.337,107.4,2,28,40,77,4,6,14,4,35,20,-0.042,1.58,1.0
2024,67449,김성윤,삼성,외야수,False,32,74,0.2432432432432432,0.326,0.297,0.623,0.0539999999999999,0.3,0.289,62.1,0,6,15,18,4,0,9,1,16,3,-0.651,0.17,1.0
2025,67449,김성윤,삼성,외야수,True,127,456,0.3311403508771929,0.419,0.474,0.893,0.1429999999999999,0.364,0.398,146.5,6,61,92,151,29,9,65,5,54,26,1.163,5.78,1.0
2026,67449,김성윤,삼성,외야수,True,87,303,0.3069306930693069,0.38,0.403,0.783,0.096,0.336,0.352,105.8,3,39,53,93,16,2,35,2,34,16,-0.277,2.24,0.757
2025,55216,김성재,두산,포수,False,1,1,0.0,0.0,0.0,0.0,0.0,0.0,0.0,-130.7,0,0,0,0,0,0,0,0,0,0,-0.001,-0.03,1.0
2021,51301,김성진,키움,투수,False,3,0,0.0,0.0,0.0,0.0,0.0,0.0,0.0,0.0,0,0,0,0,0,0,0,0,0,0,0.0,0.0,1.0
2022,51301,김성진,키움,투수,False,2,0,0.0,0.0,0.0,0.0,0.0,0.0,0.0,0.0,0,0,0,0,0,0,0,0,0,0,0.0,0.0,1.0
2023,51301,김성진,키움,투수,False,2,0,0.0,0.0,0.0,0.0,0.0,0.0,0.0,0.0,0,0,0,0,0,0,0,0,0,0,0.0,0.0,1.0
2024,69105,김성진,LG,내야수,False,14,15,0.2666666666666666,0.313,0.467,0.78,0.2,0.3,0.336,104.5,1,2,1,4,0,0,1,0,4,0,-0.15,0.08,1.0
2026,69105,김성진,LG,내야수,False,4,5,0.0,0.167,0.0,0.167,0.0,0.0,0.12,-44.5,0,0,0,0,0,0,1,0,3,0,-0.05,-0.1,0.757
2020,63435,김성표,삼성,,False,15,8,0.125,0.125,0.125,0.25,0.0,0.167,0.113,-63.7,0,0,1,1,0,0,0,0,2,1,0.021,-0.11,1.0
2021,63435,김성표,삼성,,False,39,18,0.3333333333333333,0.478,0.333,0.811,0.0,0.545,0.413,157.7,0,1,10,6,0,0,5,0,7,2,-0.262,0.17,1.0
2022,63435,김성표,삼성,,False,17,17,0.1176470588235294,0.167,0.118,0.285,0.0,0.167,0.14,-37.5,0,0,5,2,0,0,1,0,5,2,-0.341,-0.18,1.0
2010,78353,김성현,넥센,,False,1,1,0.0,0.0,0.0,0.0,0.0,0.0,0.0,0.0,0,0,0,0,0,0,0,0,1,0,0.0,,1.0
2011,76802,김성현,SK,내야수,False,10,9,0.0,0.0,0.0,0.0,0.0,0.0,0.0,0.0,0,0,3,0,0,0,0,0,5,1,0.0,,1.0
2012,76802,김성현,SK,내야수,False,88,163,0.2392638036809816,0.311,0.362,0.673,0.123,0.274,0.294,0.0,2,14,28,39,8,3,12,5,26,6,0.0,,1.0
2013,76802,김성현,SK,내야수,False,97,162,0.2160493827160493,0.291,0.29,0.581,0.0739999999999999,0.256,0.27,0.0,1,16,27,35,7,1,16,1,28,2,0.0,,1.0
2014,76802,김성현,SK,내야수,True,122,398,0.2839195979899497,0.376,0.377,0.753,0.093,0.31,0.344,0.0,5,43,73,113,20,1,55,7,51,6,-0.167,,1.0
2015,76802,김성현,SK,내야수,True,129,397,0.2972292191435768,0.357,0.408,0.765,0.1109999999999999,0.315,0.34,0.0,8,48,49,118,20,0,31,7,42,1,-0.616,,1.0
2016,76802,김성현,SK,내야수,True,138,479,0.3194154488517745,0.366,0.428,0.794,0.1089999999999999,0.329,0.35,0.0,8,65,66,153,28,0,33,6,37,3,1.568,,1.0
2017,76802,김성현,SK,내야수,False,130,380,0.2710526315789474,0.335,0.339,0.674,0.068,0.282,0.306,73.1,4,29,45,103,14,0,34,4,28,2,-1.946,1.09,1.0
2018,76802,김성현,SK,내야수,True,135,415,0.2771084337349397,0.336,0.357,0.693,0.0799999999999999,0.298,0.318,79.2,4,55,51,115,19,1,29,9,42,6,-1.205,0.73,1.0
2019,76802,김성현,SK,내야수,True,144,426,0.2464788732394366,0.302,0.3,0.602,0.0539999999999999,0.27,0.282,67.5,1,34,45,105,16,2,33,2,43,6,-3.532,0.06,1.0
2020,76802,김성현,SK,내야수,False,133,343,0.271137026239067,0.336,0.321,0.657,0.0499999999999999,0.287,0.307,71.9,2,25,34,93,9,1,30,5,27,1,-2.528,0.89,1.0
2021,76802,김성현,SSG,내야수,False,110,237,0.2827004219409282,0.356,0.422,0.778,0.139,0.296,0.358,119.2,6,37,27,67,15,0,29,0,29,5,0.343,1.99,1.0
2022,76802,김성현,SSG,내야수,False,130,302,0.2185430463576159,0.295,0.275,0.57,0.056,0.24,0.26,54.0,2,37,38,66,9,1,31,3,36,3,-1.262,-0.1,1.0
2023,76802,김성현,SSG,내야수,False,112,310,0.267741935483871,0.328,0.323,0.651,0.0549999999999999,0.298,0.293,78.9,1,27,35,83,14,0,29,0,36,4,-1.876,0.85,1.0
2024,76802,김성현,SSG,내야수,False,71,141,0.226950354609929,0.321,0.284,0.605,0.0569999999999999,0.274,0.287,63.8,1,15,21,32,3,1,16,4,28,2,-0.893,0.0,1.0
2025,76802,김성현,SSG,내야수,False,59,115,0.2173913043478261,0.316,0.27,0.586,0.053,0.253,0.276,64.8,1,11,15,25,3,0,16,1,20,1,-0.742,-0.2,1.0
2017,66462,김성훈,삼성,,False,47,151,0.3178807947019867,0.37,0.371,0.741,0.0529999999999999,0.353,0.35,96.5,0,18,27,48,4,2,12,1,16,4,-0.363,0.97,1.0
2018,66462,김성훈,삼성,,False,110,185,0.2432432432432432,0.321,0.324,0.645,0.081,0.274,0.303,62.1,0,24,24,45,9,3,16,6,23,12,-0.374,0.15,1.0
2019,66462,김성훈,삼성,,False,65,77,0.1818181818181818,0.25,0.26,0.51,0.078,0.2,0.234,19.8,1,5,14,14,1,1,7,0,11,4,-0.447,-0.46,1.0
2020,69098,김성훈,KT,,False,1,0,0.0,0.0,0.0,0.0,0.0,0.0,0.0,0.0,0,0,0,0,0,0,0,0,0,0,0.0,0.0,1.0
2022,52514,김세민,롯데,내야수,False,4,1,0.0,0.5,0.0,0.5,0.0,0.0,0.18,-7.1,0,0,1,0,0,0,1,0,0,0,-0.003,-0.02,1.0
2026,52514,김세민,롯데,내야수,False,50,40,0.2,0.289,0.35,0.639,0.1499999999999999,0.259,0.274,54.9,1,2,12,8,3,0,5,0,12,0,-0.127,-0.16,0.757
2012,76350,김세현,넥센,,False,2,0,0.0,0.0,0.0,0.0,0.0,0.0,0.0,0.0,0,0,0,0,0,0,0,0,0,0,0.0,,1.0
2016,76350,김세현,넥센,,False,2,0,0.0,0.0,0.0,0.0,0.0,0.0,0.0,0.0,0,0,0,0,0,0,0,0,0,0,0.0,,1.0
2017,76350,김세현,KIA,,False,1,0,0.0,0.0,0.0,0.0,0.0,0.0,0.0,0.0,0,0,0,0,0,0,0,0,0,0,0.0,0.0,1.0
2018,76350,김세현,KIA,,False,5,0,0.0,0.0,0.0,0.0,0.0,0.0,0.0,0.0,0,0,0,0,0,0,0,0,0,0,0.0,0.0,1.0
2019,76350,김세현,KIA,,False,1,0,0.0,0.0,0.0,0.0,0.0,0.0,0.0,0.0,0,0,0,0,0,0,0,0,0,0,0.0,0.0,1.0
2024,54905,김세훈,NC,내야수,False,7,4,0.0,0.2,0.0,0.2,0.0,0.0,0.144,-29.0,0,0,0,0,0,0,1,0,2,0,-0.045,-0.06,1.0
2012,98330,김수경,넥센,,False,1,0,0.0,0.0,0.0,0.0,0.0,0.0,0.0,0.0,0,0,0,0,0,0,0,0,0,0,0.0,,1.0
2011,78550,김수완,롯데,,False,1,0,0.0,0.0,0.0,0.0,0.0,0.0,0.0,0.0,0,0,0,0,0,0,0,0,0,0,0.0,,1.0
2012,78550,김수완,롯데,,False,5,0,0.0,0.0,0.0,0.0,0.0,0.0,0.0,0.0,0,0,0,0,0,0,0,0,0,0,0.0,,1.0
2021,67900,김수윤,NC,내야수,False,7,7,0.0,0.0,0.0,0.0,0.0,0.0,0.0,-135.0,0,0,0,0,0,0,0,0,2,0,-0.075,-0.17,1.0
2022,67900,김수윤,NC,내야수,False,10,17,0.1176470588235294,0.167,0.353,0.52,0.235,0.111,0.217,16.9,1,2,1,2,1,0,1,0,7,0,-0.057,-0.13,1.0
2023,67900,김수윤,NC,내야수,False,16,14,0.2142857142857142,0.267,0.214,0.481,0.0,0.3,0.228,31.3,0,2,0,3,0,0,1,0,4,0,-0.032,-0.1,1.0
2024,67900,김수윤,NC,내야수,False,9,9,0.2222222222222222,0.3,0.222,0.522,0.0,0.4,0.344,100.9,0,0,0,2,0,0,1,0,4,0,-0.085,0.0,1.0
2025,67900,김수윤,SSG,내야수,False,7,11,0.0909090909090909,0.167,0.091,0.258,0.0,0.143,0.137,-33.9,0,0,0,1,0,0,0,1,4,0,-0.115,-0.22,1.0
2024,50115,김수인,LG,,False,4,3,0.0,0.0,0.0,0.0,0.0,0.0,0.0,-119.3,0,0,0,0,0,0,0,0,2,0,-0.043,-0.1,1.0
2020,68346,김수환,키움,,False,9,11,0.1818181818181818,0.25,0.273,0.523,0.091,0.333,0.238,34.7,0,2,1,2,1,0,1,0,5,0,-0.456,-0.02,1.0
2021,68346,김수환,키움,,False,13,41,0.2195121951219512,0.25,0.415,0.665,0.1949999999999999,0.304,0.28,67.9,2,5,5,9,2,0,2,0,17,0,-0.293,-0.05,1.0
2022,68346,김수환,키움,,False,57,140,0.1785714285714285,0.297,0.307,0.604,0.128,0.259,0.274,67.2,4,14,18,25,6,0,21,3,56,0,-0.921,-0.19,1.0
2023,68346,김수환,키움,,False,50,97,0.2164948453608247,0.319,0.32,0.639,0.104,0.317,0.292,79.2,2,15,8,21,4,0,11,4,36,0,-0.236,0.1,1.0
2024,68346,김수환,키움,,False,2,3,0.0,0.0,0.0,0.0,0.0,0.0,0.0,-121.0,0,0,0,0,0,0,0,0,1,0,-0.123,-0.08,1.0
2025,50711,김승일,한화,투수,False,1,0,0.0,0.0,0.0,0.0,0.0,0.0,0.0,0.0,0,0,0,0,0,0,0,0,0,0,0.0,0.0,1.0
2017,66492,김승현,삼성,,False,1,0,0.0,0.0,0.0,0.0,0.0,0.0,0.0,0.0,0,0,0,0,0,0,0,0,0,0,0.0,0.0,1.0
2024,66492,김승현,KIA,,False,1,0,0.0,0.0,0.0,0.0,0.0,0.0,0.0,0.0,0,0,0,0,0,0,0,0,0,0,0.0,0.0,1.0
2010,73248,김승회,두산,,False,2,1,0.0,0.0,0.0,0.0,0.0,0.0,0.0,0.0,0,0,0,0,0,0,0,0,1,0,0.0,,1.0
2014,73248,김승회,롯데,,False,1,0,0.0,0.0,0.0,0.0,0.0,0.0,0.0,0.0,0,0,0,0,0,0,0,0,0,0,0.0,,1.0
2016,73248,김승회,SK,,False,1,0,0.0,0.0,0.0,0.0,0.0,0.0,0.0,0.0,0,0,0,0,0,0,0,0,0,0,0.0,,1.0
2019,73248,김승회,두산,,False,1,0,0.0,0.0,0.0,0.0,0.0,0.0,0.0,0.0,0,0,0,0,0,0,0,0,0,0,0.0,0.0,1.0
2022,51303,김시앙,키움,포수,False,13,12,0.0833333333333333,0.154,0.083,0.237,0.0,0.25,0.116,-52.9,0,0,1,1,0,0,1,0,8,0,-0.18,-0.24,1.0
2023,51303,김시앙,키움,포수,False,33,76,0.2236842105263158,0.28,0.237,0.517,0.0129999999999999,0.293,0.245,42.6,0,7,6,17,1,0,3,3,18,0,-1.569,-0.19,1.0
2024,51303,김시앙,키움,포수,False,6,7,0.1428571428571428,0.143,0.143,0.286,0.0,0.167,0.129,-38.2,0,0,1,1,0,0,0,0,1,0,-0.127,-0.09,1.0
2023,68928,김시훈,NC,투수,False,1,0,0.0,0.0,0.0,0.0,0.0,0.0,0.0,0.0,0,0,0,0,0,0,0,0,0,0,0.0,0.0,1.0
2025,68928,김시훈,KIA,투수,False,4,0,0.0,0.0,0.0,0.0,0.0,0.0,0.0,0.0,0,0,0,0,0,0,0,0,0,0,0.0,0.0,1.0
2024,54368,김연주,키움,투수,False,4,0,0.0,0.0,0.0,0.0,0.0,0.0,0.0,0.0,0,0,0,0,0,0,0,0,0,0,0.0,0.0,1.0
2010,77609,김연훈,SK,"외야수비,주루코치",False,73,136,0.2426470588235294,0.259,0.287,0.546,0.0439999999999999,0.27,0.251,0.0,0,4,20,33,4,1,2,1,14,8,0.0,,1.0
2011,77609,김연훈,SK,"외야수비,주루코치",False,84,149,0.1879194630872483,0.25,0.228,0.478,0.04,0.245,0.238,0.0,1,13,15,28,3,0,7,6,40,2,0.0,,1.0
2015,77609,김연훈,SK,"외야수비,주루코치",False,49,60,0.2666666666666666,0.338,0.333,0.671,0.066,0.357,0.286,0.0,1,3,4,16,1,0,6,1,18,0,-0.583,,1.0
2016,77609,김연훈,KT,"외야수비,주루코치",False,103,166,0.216867469879518,0.244,0.295,0.539,0.0779999999999999,0.287,0.229,0.0,1,18,13,36,10,0,7,0,46,2,-0.468,,1.0
2017,77609,김연훈,KT,"외야수비,주루코치",False,19,24,0.1666666666666666,0.16,0.25,0.41,0.0829999999999999,0.182,0.2,-8.7,0,3,1,4,2,0,0,0,3,0,-0.46,-0.23,1.0
2019,68900,김영규,NC,투수,False,1,0,0.0,0.0,0.0,0.0,0.0,0.0,0.0,0.0,0,0,0,0,0,0,0,0,0,0,0.0,0.0,1.0
2021,68900,김영규,NC,투수,False,1,0,0.0,0.0,0.0,0.0,0.0,0.0,0.0,0.0,0,0,0,0,0,0,0,0,0,0,0.0,0.0,1.0
2024,68900,김영규,NC,투수,False,1,0,0.0,0.0,0.0,0.0,0.0,0.0,0.0,0.0,0,0,0,0,0,0,0,0,0,0,0.0,0.0,1.0
2025,68900,김영규,NC,투수,False,1,0,0.0,0.0,0.0,0.0,0.0,0.0,0.0,0.0,0,0,0,0,0,0,0,0,0,0,0.0,0.0,1.0
2025,55167,김영우,LG,투수,False,4,0,0.0,0.0,0.0,0.0,0.0,0.0,0.0,0.0,0,0,0,0,0,0,0,0,0,0,0.0,0.0,1.0
2026,55167,김영우,LG,투수,False,2,0,0.0,0.0,0.0,0.0,0.0,0.0,0.0,0.0,0,0,0,0,0,0,0,0,0,0,0.0,0.0,0.757
2022,52430,김영웅,삼성,내야수,False,13,15,0.1333333333333333,0.133,0.333,0.466,0.2,0.143,0.19,-9.4,1,1,2,2,0,0,0,0,7,0,-0.19,-0.18,1.0
2023,52430,김영웅,삼성,내야수,False,55,91,0.1868131868131868,0.25,0.319,0.569,0.132,0.242,0.254,43.3,2,12,11,17,6,0,8,0,28,1,-0.76,-0.5,1.0
2024,52430,김영웅,삼성,내야수,True,126,456,0.2521929824561403,0.321,0.485,0.806,0.2329999999999999,0.314,0.358,99.7,28,79,65,115,16,3,45,3,155,9,0.937,1.94,1.0
2025,52430,김영웅,삼성,내야수,True,125,446,0.2488789237668161,0.323,0.455,0.778,0.206,0.313,0.338,96.0,22,72,66,111,22,2,48,2,143,6,-1.037,1.64,1.0
2026,52430,김영웅,삼성,내야수,False,31,111,0.1711711711711711,0.198,0.252,0.45,0.0809999999999999,0.221,0.207,7.3,2,9,7,19,3,0,4,0,33,0,-1.292,-1.09,0.757
2024,68130,김영준,LG,투수,False,1,0,0.0,0.0,0.0,0.0,0.0,0.0,0.0,0.0,0,0,0,0,0,0,0,0,0,0,0.0,0.0,1.0
2023,51097,김영현,KT,투수,False,1,0,0.0,0.0,0.0,0.0,0.0,0.0,0.0,0.0,0,0,0,0,0,0,0,0,0,0,0.0,0.0,1.0
2024,51097,김영현,KT,투수,False,1,0,0.0,0.0,0.0,0.0,0.0,0.0,0.0,0.0,0,0,0,0,0,0,0,0,0,0,0.0,0.0,1.0
2015,63448,김영환,KT,,False,37,48,0.2291666666666666,0.245,0.292,0.537,0.0629999999999999,0.278,0.238,0.0,1,7,4,11,0,0,1,0,11,1,-0.476,,1.0
2016,63448,김영환,KT,,False,12,12,0.1666666666666666,0.167,0.167,0.334,0.0,0.222,0.15,0.0,0,0,2,2,0,0,0,0,3,0,0.007,,1.0
2018,63448,김영환,KT,,False,4,4,0.0,0.0,0.0,0.0,0.0,0.0,0.0,-129.8,0,0,1,0,0,0,0,0,1,0,-0.093,-0.11,1.0
2019,63448,김영환,KT,,False,13,14,0.0714285714285714,0.133,0.071,0.204,0.0,0.091,0.108,-66.3,0,0,1,1,0,0,1,0,3,0,-0.434,-0.23,1.0
2020,63448,김영환,KIA,,False,14,16,0.0,0.059,0.0,0.059,0.0,0.0,0.091,-64.6,0,0,0,0,0,0,1,0,5,1,-0.172,-0.31,1.0
2012,62407,김영훈,삼성,,False,2,0,0.0,0.0,0.0,0.0,0.0,0.0,0.0,0.0,0,0,0,0,0,0,0,0,0,0,0.0,,1.0
2011,76868,김용섭,SK,,False,2,1,0.0,0.0,0.0,0.0,0.0,0.0,0.0,0.0,0,0,0,0,0,0,0,0,1,0,0.0,,1.0
2012,78217,김용의,LG,,False,83,194,0.2474226804123711,0.304,0.299,0.603,0.0519999999999999,0.317,0.271,0.0,2,21,22,48,4,0,17,0,50,5,0.0,,1.0
2013,78217,김용의,LG,,False,109,301,0.2757475083056478,0.346,0.379,0.725,0.1029999999999999,0.324,0.318,0.0,5,34,42,83,6,5,34,0,58,21,0.0,,1.0
2014,78217,김용의,LG,,False,103,183,0.2404371584699453,0.317,0.29,0.607,0.0499999999999999,0.319,0.291,0.0,0,22,31,44,7,1,19,2,46,9,-0.357,,1.0
2015,78217,김용의,LG,,False,71,171,0.2514619883040935,0.347,0.292,0.639,0.0409999999999999,0.323,0.328,0.0,0,15,30,43,5,1,22,3,38,11,-0.534,,1.0
2016,78217,김용의,LG,,False,105,308,0.3181818181818182,0.388,0.412,0.8,0.0939999999999999,0.399,0.366,0.0,1,20,62,98,18,4,35,0,64,19,0.39,,1.0
2017,78217,김용의,LG,,False,60,164,0.2682926829268293,0.344,0.329,0.673,0.061,0.383,0.3,87.1,0,8,17,44,6,2,19,0,49,9,-0.742,-0.06,1.0
2018,78217,김용의,LG,,False,114,159,0.2327044025157232,0.298,0.245,0.543,0.0119999999999999,0.285,0.273,65.1,0,13,28,37,2,0,16,0,32,10,-0.784,-0.23,1.0
2019,78217,김용의,LG,,False,114,179,0.217877094972067,0.316,0.279,0.595,0.061,0.275,0.276,74.2,0,17,35,39,5,3,24,2,38,8,-0.883,0.04,1.0
2020,78217,김용의,LG,,False,101,70,0.2714285714285714,0.297,0.357,0.654,0.0859999999999999,0.327,0.284,77.1,1,12,28,19,1,1,3,0,15,7,-0.133,0.2,1.0
2021,78217,김용의,LG,,False,102,27,0.1481481481481481,0.351,0.222,0.573,0.074,0.174,0.262,56.3,0,2,19,4,2,0,9,0,5,6,0.162,0.07,1.0
2011,61710,김용호,한화,,False,2,8,0.0,0.0,0.0,0.0,0.0,0.0,0.0,0.0,0,0,0,0,0,0,0,0,3,0,0.0,,1.0
2016,65898,김웅빈,넥센,내야수,False,10,14,0.4285714285714285,0.4,0.643,1.043,0.214,0.455,0.43,0.0,1,4,4,6,0,0,0,0,3,0,0.253,,1.0
2017,65898,김웅빈,넥센,내야수,False,67,135,0.2518518518518518,0.289,0.378,0.667,0.126,0.313,0.312,64.9,3,19,18,34,8,0,6,1,33,0,-0.204,-0.13,1.0
2019,65898,김웅빈,키움,내야수,False,4,11,0.2727272727272727,0.273,0.364,0.637,0.0909999999999999,0.333,0.276,59.6,0,3,1,3,1,0,0,0,2,0,0.062,-0.01,1.0
2020,65898,김웅빈,키움,내야수,False,73,207,0.2753623188405797,0.335,0.454,0.789,0.179,0.358,0.337,103.8,8,31,25,57,13,0,17,3,65,1,-0.22,1.04,1.0
2021,65898,김웅빈,키움,내야수,False,97,232,0.2413793103448276,0.357,0.384,0.741,0.143,0.323,0.337,101.8,6,35,24,56,13,1,34,9,73,1,-0.8,0.98,1.0
2022,65898,김웅빈,키움,내야수,False,45,115,0.2260869565217391,0.326,0.313,0.639,0.087,0.329,0.328,100.7,1,11,17,26,5,1,13,4,38,0,-1.281,0.32,1.0
2023,65898,김웅빈,키움,내야수,False,29,64,0.188,0.27,0.234,0.504,0.046,0.261,0.238,37.6,0,9,2,12,3,0,6,2,20,0,-1.499,-0.39,1.0
2024,65898,김웅빈,키움,내야수,False,12,32,0.125,0.243,0.125,0.368,0.0,0.235,0.19,1.5,0,2,2,4,0,0,4,1,15,0,-0.447,-0.38,1.0
2025,65898,김웅빈,키움,내야수,False,10,24,0.0833333333333333,0.267,0.083,0.35,0.0,0.118,0.197,10.1,0,0,1,2,0,0,6,0,7,0,-0.352,-0.25,1.0
2026,65898,김웅빈,키움,내야수,False,67,190,0.2631578947368421,0.349,0.437,0.786,0.174,0.328,0.355,117.7,8,24,21,50,7,1,21,4,54,0,0.084,1.05,0.757
2016,62768,김원석,한화,외야수,False,11,8,0.25,0.333,0.25,0.583,0.0,0.667,0.28,0.0,0,0,2,2,0,0,1,0,5,0,-0.081,,1.0
2017,62768,김원석,한화,외야수,False,78,195,0.2769230769230769,0.329,0.467,0.796,0.19,0.364,0.341,90.3,7,26,29,54,12,2,10,5,59,0,0.355,0.41,1.0
2010,71207,김원섭,KIA,,True,111,353,0.2379603399433427,0.345,0.343,0.688,0.105,0.276,0.313,0.0,5,28,43,84,16,3,56,2,63,15,0.0,,1.0
2011,71207,김원섭,KIA,,False,87,269,0.2713754646840148,0.343,0.375,0.718,0.1039999999999999,0.291,0.321,0.0,2,30,36,73,18,2,32,0,28,1,0.0,,1.0
2012,71207,김원섭,KIA,,True,120,386,0.3031088082901554,0.409,0.402,0.811,0.099,0.343,0.362,0.0,3,61,60,117,21,4,69,2,54,8,0.0,,1.0
2013,71207,김원섭,KIA,,False,42,96,0.188,0.345,0.302,0.647,0.1139999999999999,0.227,0.315,0.0,1,12,12,18,8,0,23,0,20,1,0.0,,1.0
2014,71207,김원섭,KIA,,False,44,80,0.225,0.354,0.3,0.654,0.0749999999999999,0.261,0.311,0.0,0,13,21,18,4,1,17,0,13,3,0.759,,1.0
2015,71207,김원섭,KIA,,False,110,277,0.2671480144404332,0.388,0.39,0.778,0.123,0.303,0.356,0.0,5,33,45,74,13,3,53,3,46,8,0.395,,1.0
2016,71207,김원섭,KIA,,False,37,73,0.2191780821917808,0.348,0.288,0.636,0.0689999999999999,0.276,0.319,0.0,0,12,10,16,5,0,15,0,16,1,0.278,,1.0
2020,62528,김원중,롯데,투수,False,3,0,0.0,0.0,0.0,0.0,0.0,0.0,0.0,0.0,0,0,0,0,0,0,0,0,0,0,0.0,0.0,1.0
2021,62528,김원중,롯데,투수,False,3,0,0.0,0.0,0.0,0.0,0.0,0.0,0.0,0.0,0,0,0,0,0,0,0,0,0,0,0.0,0.0,1.0
2022,62528,김원중,롯데,투수,False,1,0,0.0,0.0,0.0,0.0,0.0,0.0,0.0,0.0,0,0,0,0,0,0,0,0,0,0,0.0,0.0,1.0
2023,62528,김원중,롯데,투수,False,3,0,0.0,0.0,0.0,0.0,0.0,0.0,0.0,0.0,0,0,0,0,0,0,0,0,0,0,0.0,0.0,1.0
2024,62528,김원중,롯데,투수,False,1,0,0.0,0.0,0.0,0.0,0.0,0.0,0.0,0.0,0,0,0,0,0,0,0,0,0,0,0.0,0.0,1.0
2025,62528,김원중,롯데,투수,False,8,0,0.0,0.0,0.0,0.0,0.0,0.0,0.0,0.0,0,0,0,0,0,0,0,0,0,0,0.0,0.0,1.0
2026,62528,김원중,롯데,투수,False,3,0,0.0,0.0,0.0,0.0,0.0,0.0,0.0,0.0,0,0,0,0,0,0,0,0,0,0,0.0,0.0,0.757
2018,68659,김유신,KIA,,False,2,0,0.0,0.0,0.0,0.0,0.0,0.0,0.0,0.0,0,0,0,0,0,0,0,0,0,0,0.0,0.0,1.0
2021,64596,김유영,롯데,투수,False,2,0,0.0,0.0,0.0,0.0,0.0,0.0,0.0,0.0,0,0,0,0,0,0,0,0,0,0,0.0,0.0,1.0
2024,64596,김유영,LG,투수,False,2,0,0.0,0.0,0.0,0.0,0.0,0.0,0.0,0.0,0,0,0,0,0,0,0,0,0,0,0.0,0.0,1.0
2016,62648,김윤동,KIA,,False,1,0,0.0,0.0,0.0,0.0,0.0,0.0,0.0,0.0,0,0,0,0,0,0,0,0,0,0,0.0,,1.0
2017,62648,김윤동,KIA,,False,2,0,0.0,0.0,0.0,0.0,0.0,0.0,0.0,0.0,0,0,0,0,0,0,0,0,0,0,0.0,0.0,1.0
2018,62648,김윤동,KIA,,False,2,0,0.0,0.0,0.0,0.0,0.0,0.0,0.0,0.0,0,0,0,0,0,0,0,0,0,0,0.0,0.0,1.0
2024,54319,김윤하,키움,투수,False,1,0,0.0,0.0,0.0,0.0,0.0,0.0,0.0,0.0,0,0,0,0,0,0,0,0,0,0,0.0,0.0,1.0
2026,54319,김윤하,키움,투수,False,1,0,0.0,0.0,0.0,0.0,0.0,0.0,0.0,0.0,0,0,0,0,0,0,0,0,0,0,0.0,0.0,0.757
2019,65304,김은성,키움,,False,5,8,0.125,0.3,0.125,0.425,0.0,0.167,0.234,33.3,0,0,1,1,0,0,2,0,2,0,-0.244,-0.08,1.0
2020,65304,김은성,키움,,False,16,4,0.5,0.667,0.5,1.167,0.0,0.667,0.545,238.5,0,0,0,2,0,0,1,1,1,0,-0.165,0.18,1.0
2021,65304,김은성,키움,,False,6,18,0.2777777777777778,0.278,0.444,0.722,0.1659999999999999,0.417,0.307,79.6,0,2,1,5,3,0,0,0,6,0,-0.087,0.0,1.0
2014,60288,김응민,두산,,False,11,10,0.2,0.333,0.2,0.533,0.0,0.222,0.275,0.0,0,3,0,2,0,0,0,2,1,0,-0.025,,1.0
2015,60288,김응민,두산,,False,4,3,0.3333333333333333,0.333,1.333,1.666,1.0,0.0,0.65,0.0,1,2,1,1,0,0,0,0,0,0,-0.036,,1.0
2018,60288,김응민,삼성,,False,1,1,0.0,0.0,0.0,0.0,0.0,0.0,0.0,-126.0,0,0,0,0,0,0,0,0,0,0,-0.001,-0.03,1.0
2019,60288,김응민,삼성,,False,8,13,0.2307692307692307,0.231,0.308,0.539,0.0769999999999999,0.429,0.234,19.2,0,0,0,3,1,0,0,0,6,0,-0.288,-0.06,1.0
2020,60288,김응민,삼성,,False,45,76,0.2236842105263158,0.28,0.237,0.517,0.0129999999999999,0.315,0.246,24.8,0,5,7,17,1,0,5,1,22,0,-0.268,-0.51,1.0
2021,60288,김응민,삼성,,False,1,2,0.0,0.0,0.0,0.0,0.0,0.0,0.0,-135.5,0,0,0,0,0,0,0,0,0,0,-0.07,-0.06,1.0
2022,60288,김응민,NC,,False,34,67,0.1343283582089552,0.192,0.194,0.386,0.06,0.145,0.2,8.4,1,5,7,9,1,0,3,2,12,0,-0.752,-0.27,1.0
2016,63257,김인태,두산,외야수,False,14,18,0.1666666666666666,0.211,0.222,0.433,0.0549999999999999,0.214,0.198,0.0,0,3,0,3,1,0,1,0,4,0,-0.395,,1.0
2017,63257,김인태,두산,외야수,False,31,43,0.1860465116279069,0.205,0.349,0.554,0.1629999999999999,0.2,0.235,48.2,2,4,5,8,1,0,1,0,11,0,-0.574,-0.29,1.0
2018,63257,김인태,두산,외야수,False,46,95,0.2631578947368421,0.343,0.368,0.711,0.1049999999999999,0.348,0.317,89.7,1,10,16,25,7,0,12,0,26,0,0.392,0.02,1.0
2019,63257,김인태,두산,외야수,False,26,60,0.2333333333333333,0.319,0.4,0.719,0.167,0.255,0.311,107.8,2,7,6,14,2,1,8,0,12,1,0.136,0.21,1.0
2020,63257,김인태,두산,외야수,False,77,84,0.2023809523809523,0.37,0.298,0.668,0.0959999999999999,0.225,0.324,108.3,1,13,15,17,5,0,21,2,13,0,0.591,0.3,1.0
2021,63257,김인태,두산,외야수,False,133,344,0.2587209302325581,0.373,0.378,0.751,0.119,0.297,0.342,116.1,8,46,51,89,15,1,62,3,67,0,0.421,2.32,1.0
2022,63257,김인태,두산,외야수,False,83,235,0.2468085106382978,0.366,0.336,0.702,0.089,0.29,0.339,117.8,5,25,25,58,6,0,41,3,47,1,-0.728,1.23,1.0
2023,63257,김인태,두산,외야수,False,47,98,0.2551020408163265,0.36,0.337,0.697,0.082,0.338,0.32,104.7,1,14,8,25,5,0,15,1,26,2,-0.429,0.26,1.0
2024,63257,김인태,두산,외야수,False,10,23,0.1739130434782608,0.231,0.304,0.535,0.13,0.188,0.234,37.3,1,2,3,4,0,0,2,0,7,0,-0.441,-0.17,1.0
2025,63257,김인태,두산,외야수,False,106,183,0.2131147540983606,0.356,0.328,0.684,0.115,0.29,0.324,103.7,3,25,17,39,10,1,36,5,57,0,-0.449,0.72,1.0
2026,63257,김인태,두산,외야수,False,43,45,0.2222222222222222,0.34,0.356,0.696,0.1339999999999999,0.346,0.319,94.0,1,4,4,10,3,0,5,3,18,0,-0.738,0.12,0.757
2018,66715,김인환,한화,,False,4,6,0.0,0.0,0.0,0.0,0.0,0.0,0.0,-125.4,0,0,0,0,0,0,0,0,2,0,-0.026,-0.16,1.0
2019,66715,김인환,한화,,False,18,42,0.2142857142857142,0.239,0.238,0.477,0.0239999999999999,0.257,0.215,16.9,0,2,1,9,1,0,2,0,9,0,-0.507,-0.26,1.0
2022,66715,김인환,한화,,False,113,398,0.2613065326633166,0.305,0.417,0.722,0.1559999999999999,0.32,0.325,100.0,16,54,48,104,14,0,24,3,111,2,-2.586,1.4,1.0
2023,66715,김인환,한화,,False,112,325,0.2246153846153846,0.301,0.338,0.639,0.113,0.287,0.286,71.2,7,42,34,73,16,0,35,2,91,1,-1.829,-0.21,1.0
2024,66715,김인환,한화,,False,51,131,0.2366412213740458,0.301,0.275,0.576,0.038,0.306,0.281,59.5,1,7,11,31,2,0,10,2,32,0,-1.446,-0.35,1.0
2025,66715,김인환,한화,,False,10,25,0.08,0.115,0.2,0.315,0.12,0.067,0.137,-36.0,1,3,2,2,0,0,1,0,9,0,-0.516,-0.4,1.0
2010,97300,김일경,넥센,,False,104,195,0.2512820512820513,0.293,0.39,0.683,0.139,0.3,0.291,0.0,4,21,30,49,13,1,8,4,42,21,0.0,,1.0
2011,97300,김일경,넥센,,False,41,47,0.2553191489361702,0.271,0.255,0.526,0.0,0.353,0.24,0.0,0,0,11,12,0,0,1,0,13,9,0.0,,1.0
2012,97300,김일경,LG,,False,44,82,0.2195121951219512,0.297,0.28,0.577,0.06,0.27,0.289,0.0,1,12,10,18,2,0,9,0,18,4,0.0,,1.0
2013,63125,김재민,LG,,False,10,8,0.125,0.125,0.125,0.25,0.0,0.2,0.113,0.0,0,0,0,1,0,0,0,0,3,0,0.0,,1.0
2014,63125,김재민,LG,,False,38,16,0.063,0.167,0.063,0.23,0.0,0.083,0.13,0.0,0,0,0,1,0,0,2,0,4,0,-0.111,,1.0
2023,53400,김재상,삼성,내야수,False,17,20,0.15,0.227,0.3,0.527,0.15,0.133,0.236,27.1,1,2,1,3,0,0,2,0,4,0,-0.289,-0.15,1.0
2024,53400,김재상,삼성,내야수,False,35,84,0.238095238095238,0.278,0.357,0.635,0.119,0.3,0.275,50.5,2,12,13,20,4,0,5,0,23,4,-0.687,-0.09,1.0
2026,53400,김재상,삼성,내야수,False,8,14,0.2857142857142857,0.333,0.286,0.619,0.0,0.4,0.27,51.9,0,1,1,4,0,0,1,0,4,0,-0.103,0.01,0.757
2015,65132,김재성,LG,포수,False,9,6,0.0,0.143,0.0,0.143,0.0,0.0,0.103,0.0,0,0,0,0,0,0,1,0,2,0,-0.508,,1.0
2019,65132,김재성,LG,포수,False,3,5,0.2,0.429,0.2,0.629,0.0,0.333,0.334,121.6,0,1,0,1,0,0,2,0,2,0,0.05,0.06,1.0
2021,65132,김재성,LG,포수,False,58,65,0.1384615384615384,0.208,0.246,0.454,0.1079999999999999,0.154,0.203,15.0,1,3,6,9,2,1,5,1,13,1,-0.804,-0.38,1.0
2022,65132,김재성,삼성,포수,False,63,161,0.3354037267080745,0.402,0.453,0.855,0.118,0.421,0.376,135.5,3,26,16,54,10,0,18,2,40,0,-0.002,1.45,1.0
2023,65132,김재성,삼성,포수,False,57,99,0.1919191919191919,0.35,0.253,0.603,0.061,0.269,0.297,72.8,1,7,7,19,3,0,19,5,31,0,-0.639,0.2,1.0
2024,65132,김재성,삼성,포수,False,10,20,0.2,0.304,0.25,0.554,0.0499999999999999,0.267,0.305,72.6,0,1,3,4,1,0,3,0,5,0,-0.381,-0.03,1.0
2025,65132,김재성,삼성,포수,False,43,63,0.1269841269841269,0.222,0.159,0.381,0.032,0.195,0.2,7.3,0,4,3,8,2,0,6,2,23,0,-0.681,-0.31,1.0
2022,64580,김재열,KIA,투수,False,1,0,0.0,0.0,0.0,0.0,0.0,0.0,0.0,0.0,0,0,0,0,0,0,0,0,0,0,0.0,0.0,1.0
2024,64580,김재열,NC,투수,False,1,0,0.0,0.0,0.0,0.0,0.0,0.0,0.0,0.0,0,0,0,0,0,0,0,0,0,0,0.0,0.0,1.0
2010,60759,김재우,한화,,False,5,5,0.2,0.2,0.2,0.4,0.0,0.333,0.18,0.0,0,0,3,1,0,0,0,0,2,0,0.0,,1.0
2020,67391,김재웅,키움,투수,False,2,0,0.0,0.0,0.0,0.0,0.0,0.0,0.0,0.0,0,0,0,0,0,0,0,0,0,0,0.0,0.0,1.0
2021,67391,김재웅,키움,투수,False,3,0,0.0,0.0,0.0,0.0,0.0,0.0,0.0,0.0,0,0,0,0,0,0,0,0,0,0,0.0,0.0,1.0
2023,67391,김재웅,키움,투수,False,1,0,0.0,0.0,0.0,0.0,0.0,0.0,0.0,0.0,0,0,0,0,0,0,0,0,0,0,0.0,0.0,1.0
2024,67391,김재웅,키움,투수,False,2,0,0.0,0.0,0.0,0.0,0.0,0.0,0.0,0.0,0,0,0,0,0,0,0,0,0,0,0.0,0.0,1.0
2015,65506,김재유,롯데,,False,18,9,0.1111111111111111,0.2,0.111,0.311,0.0,0.167,0.165,0.0,0,1,3,1,0,0,0,1,3,1,-0.326,,1.0
2016,65506,김재유,롯데,,False,21,27,0.1481481481481481,0.207,0.148,0.355,0.0,0.2,0.169,0.0,0,1,8,4,0,0,1,1,7,2,-0.116,,1.0
2017,65506,김재유,롯데,,False,1,1,0.0,0.0,0.0,0.0,0.0,0.0,0.0,-134.6,0,0,0,0,0,0,0,0,0,0,-0.081,-0.03,1.0
2020,65506,김재유,롯데,,False,68,116,0.2586206896551724,0.344,0.293,0.637,0.0339999999999999,0.363,0.323,81.8,1,9,20,30,1,0,12,3,35,10,-0.34,0.36,1.0
2021,65506,김재유,롯데,,False,87,174,0.2873563218390804,0.34,0.351,0.691,0.064,0.358,0.322,89.8,1,18,27,50,8,0,10,4,36,7,-0.292,0.84,1.0
2022,65506,김재유,롯데,,False,1,0,0.0,0.0,0.0,0.0,0.0,0.0,0.0,0.0,0,0,0,0,0,0,0,0,0,0,-0.039,0.0,1.0
2016,65062,김재윤,KT,투수,False,3,0,0.0,0.0,0.0,0.0,0.0,0.0,0.0,0.0,0,0,0,0,0,0,0,0,0,0,0.0,,1.0
2017,65062,김재윤,KT,투수,False,5,0,0.0,0.0,0.0,0.0,0.0,0.0,0.0,0.0,0,0,0,0,0,0,0,0,0,0,0.0,0.0,1.0
2018,65062,김재윤,KT,투수,False,6,0,0.0,0.0,0.0,0.0,0.0,0.0,0.0,0.0,0,0,0,0,0,0,0,0,0,0,0.0,0.0,1.0
2019,65062,김재윤,KT,투수,False,3,1,0.0,0.0,0.0,0.0,0.0,0.0,0.0,0.0,0,0,0,0,0,0,0,0,0,0,-0.053,0.0,1.0
2020,65062,김재윤,KT,투수,False,2,0,0.0,0.0,0.0,0.0,0.0,0.0,0.0,0.0,0,0,0,0,0,0,0,0,0,0,0.0,0.0,1.0
2021,65062,김재윤,KT,투수,False,8,0,0.0,0.0,0.0,0.0,0.0,0.0,0.0,0.0,0,0,0,0,0,0,0,0,0,0,0.0,0.0,1.0
2022,65062,김재윤,KT,투수,False,1,0,0.0,0.0,0.0,0.0,0.0,0.0,0.0,0.0,0,0,0,0,0,0,0,0,0,0,0.0,0.0,1.0
2023,65062,김재윤,KT,투수,False,5,0,0.0,0.0,0.0,0.0,0.0,0.0,0.0,0.0,0,0,0,0,0,0,0,0,0,0,0.0,0.0,1.0
2024,65062,김재윤,삼성,투수,False,3,0,0.0,0.0,0.0,0.0,0.0,0.0,0.0,0.0,0,0,0,0,0,0,0,0,0,0,0.0,0.0,1.0
2025,65062,김재윤,삼성,투수,False,2,0,0.0,0.0,0.0,0.0,0.0,0.0,0.0,0.0,0,0,0,0,0,0,0,0,0,0,0.0,0.0,1.0
2026,65062,김재윤,삼성,투수,False,1,0,0.0,0.0,0.0,0.0,0.0,0.0,0.0,0.0,0,0,0,0,0,0,0,0,0,0,0.0,0.0,0.757
2011,61114,김재율,LG,,False,25,24,0.25,0.357,0.333,0.69,0.083,0.353,0.32,0.0,0,4,2,6,2,0,4,0,7,0,0.0,,1.0
2012,61114,김재율,LG,,False,19,36,0.0833333333333333,0.171,0.167,0.338,0.084,0.077,0.184,0.0,1,5,3,3,0,0,4,0,10,0,0.0,,1.0
2015,61114,김재율,LG,,False,1,3,0.0,0.0,0.0,0.0,0.0,0.0,0.0,0.0,0,0,0,0,0,0,0,0,0,0,-0.102,,1.0
2017,61114,김재율,LG,,False,75,181,0.3038674033149171,0.345,0.453,0.798,0.149,0.348,0.346,131.2,6,28,21,55,9,0,10,2,35,0,-0.501,1.0,1.0
2018,61114,김재율,LG,,False,25,36,0.2222222222222222,0.317,0.306,0.623,0.0839999999999999,0.296,0.29,80.8,0,3,5,8,3,0,3,2,9,0,-0.206,0.02,1.0
2019,61114,김재율,LG,,False,4,9,0.1111111111111111,0.111,0.111,0.222,0.0,0.111,0.1,-51.3,0,0,0,1,0,0,0,0,0,0,-0.189,-0.14,1.0
2022,52424,김재혁,삼성,외야수,False,15,33,0.2424242424242424,0.333,0.273,0.606,0.031,0.32,0.357,123.9,0,3,5,8,1,0,4,1,9,4,-0.008,0.4,1.0
2024,52424,김재혁,삼성,외야수,False,35,49,0.1836734693877551,0.222,0.265,0.487,0.081,0.281,0.249,37.0,0,6,6,9,2,1,3,0,19,2,-0.819,-0.35,1.0
2025,52424,김재혁,삼성,외야수,False,8,3,0.0,0.25,0.0,0.25,0.0,0.0,0.18,-7.0,0,0,2,0,0,0,1,0,2,0,-0.024,-0.04,1.0
2026,52424,김재혁,삼성,외야수,False,10,6,0.1666666666666666,0.167,0.167,0.334,0.0,0.25,0.15,-29.0,0,0,1,1,0,0,0,0,2,0,-0.041,-0.08,0.757
2010,94107,김재현,SK,,False,111,267,0.2883895131086142,0.404,0.464,0.868,0.176,0.307,0.38,0.0,10,48,41,77,17,0,52,2,42,7,0.0,,1.0
2012,76869,김재현,SK,,False,84,89,0.2134831460674157,0.213,0.258,0.471,0.045,0.268,0.198,0.0,0,5,22,19,4,0,0,0,18,12,0.0,,1.0
2013,76869,김재현,SK,,False,33,36,0.2777777777777778,0.341,0.389,0.73,0.1109999999999999,0.345,0.359,0.0,0,6,12,10,2,1,4,0,8,11,0.0,,1.0
2014,76869,김재현,SK,,False,60,25,0.2,0.25,0.24,0.49,0.0399999999999999,0.313,0.226,0.0,0,6,12,5,1,0,0,2,10,8,0.312,,1.0
2014,64499,김재현,삼성,,False,8,7,0.1428571428571428,0.25,0.143,0.393,0.0,0.333,0.206,0.0,0,1,0,1,0,0,0,1,4,0,-0.133,,1.0
2015,62332,김재현,넥센,포수,False,59,65,0.2615384615384615,0.29,0.354,0.644,0.0919999999999999,0.32,0.288,0.0,1,6,7,17,3,0,2,1,15,0,-0.809,,1.0
2015,64499,김재현,삼성,,False,73,41,0.1707317073170731,0.261,0.171,0.432,0.0,0.233,0.206,0.0,0,5,7,7,0,0,5,0,11,0,-0.234,,1.0
2015,76869,김재현,SK,,False,46,19,0.1052631578947368,0.15,0.211,0.361,0.106,0.154,0.161,0.0,0,0,13,2,0,1,0,1,6,7,-0.057,,1.0
2016,76869,김재현,SK,,False,100,168,0.3214285714285714,0.378,0.429,0.807,0.1079999999999999,0.417,0.344,0.0,1,18,27,54,5,5,11,5,41,13,-0.619,,1.0
2016,64499,김재현,삼성,,False,122,188,0.2180851063829787,0.275,0.255,0.53,0.037,0.279,0.247,0.0,0,14,25,41,7,0,8,7,42,1,-1.533,,1.0
2016,62332,김재현,넥센,포수,False,56,72,0.1805555555555555,0.263,0.208,0.471,0.0269999999999999,0.224,0.244,0.0,0,8,8,13,2,0,7,1,14,0,-0.26,,1.0
2017,62332,김재현,넥센,포수,False,70,84,0.1666666666666666,0.205,0.262,0.467,0.095,0.218,0.218,6.1,2,6,6,14,2,0,3,1,27,0,-1.218,-0.38,1.0
2017,76869,김재현,SK,,False,14,4,0.0,0.0,0.0,0.0,0.0,0.0,0.0,-125.8,0,0,3,0,0,0,0,0,2,1,-0.031,-0.05,1.0
2018,76869,김재현,SK,,False,53,65,0.2769230769230769,0.39,0.369,0.759,0.0919999999999999,0.362,0.35,98.2,1,5,19,18,1,1,9,3,17,7,0.273,0.45,1.0
2018,62332,김재현,넥센,포수,False,116,202,0.2277227722772277,0.293,0.307,0.6,0.0789999999999999,0.299,0.263,38.7,3,18,22,46,7,0,12,8,58,0,-1.432,-1.19,1.0
2018,64499,김재현,삼성,,False,5,1,0.0,0.0,0.0,0.0,0.0,0.0,0.0,-126.0,0,0,0,0,0,0,0,0,1,0,0.0,-0.01,1.0
2019,76869,김재현,SK,,False,83,42,0.2857142857142857,0.348,0.381,0.729,0.095,0.387,0.307,89.7,0,2,29,12,2,1,4,0,11,13,0.099,0.03,1.0
2019,64499,김재현,삼성,,False,6,2,0.0,0.0,0.0,0.0,0.0,0.0,0.0,-152.1,0,0,1,0,0,0,0,0,1,0,-0.038,-0.05,1.0
2020,64499,김재현,삼성,,False,35,14,0.1428571428571428,0.294,0.143,0.437,0.0,0.182,0.22,7.2,0,4,4,2,0,0,3,0,3,0,-0.037,-0.15,1.0
2020,76869,김재현,SK,,False,8,14,0.1428571428571428,0.143,0.143,0.286,0.0,0.2,0.129,-46.6,0,0,3,2,0,0,0,0,4,0,-0.088,-0.24,1.0
2020,62332,김재현,키움,포수,False,4,3,0.0,0.0,0.0,0.0,0.0,0.0,0.0,-120.2,0,0,0,0,0,0,0,0,2,0,-0.013,-0.08,1.0
2021,62332,김재현,키움,포수,False,39,46,0.217391304347826,0.265,0.37,0.635,0.153,0.294,0.265,51.1,0,8,2,10,7,0,3,0,12,0,-0.28,-0.12,1.0
2022,64499,김재현,SSG,,False,18,18,0.2222222222222222,0.222,0.278,0.5,0.056,0.267,0.243,41.8,0,4,2,4,1,0,0,0,3,0,0.036,-0.1,1.0
2022,62332,김재현,키움,포수,False,56,82,0.2073170731707317,0.233,0.293,0.526,0.086,0.254,0.237,37.5,1,9,4,17,4,0,2,1,19,0,-0.921,-0.29,1.0
2023,62332,김재현,키움,포수,False,8,9,0.1111111111111111,0.111,0.111,0.222,0.0,0.167,0.09,-71.2,0,0,0,1,0,0,0,0,3,0,-0.403,-0.16,1.0
2024,62332,김재현,키움,포수,False,110,288,0.2430555555555555,0.297,0.281,0.578,0.038,0.306,0.264,48.8,0,26,27,70,11,0,14,10,63,1,-2.699,-0.76,1.0
2025,62332,김재현,키움,포수,False,62,120,0.2083333333333333,0.234,0.25,0.484,0.042,0.281,0.212,20.8,0,5,12,25,5,0,1,3,31,1,-1.552,-0.6,1.0
2026,62332,김재현,키움,포수,False,5,9,0.0,0.1,0.0,0.1,0.0,0.0,0.075,-74.7,0,0,0,0,0,0,0,1,6,0,-0.311,-0.19,0.757
2010,74206,김재호,두산,,False,83,85,0.2235294117647059,0.34,0.282,0.622,0.0579999999999999,0.271,0.299,0.0,0,8,11,19,3,1,14,1,15,5,0.0,,1.0
2011,74206,김재호,두산,,False,57,109,0.1834862385321101,0.242,0.248,0.49,0.065,0.208,0.228,0.0,0,9,6,20,5,1,7,2,15,1,0.0,,1.0
2012,74206,김재호,두산,,False,84,177,0.2146892655367231,0.287,0.249,0.536,0.034,0.26,0.251,0.0,0,11,23,38,2,2,16,2,31,3,0.0,,1.0
2013,74206,김재호,두산,,False,91,248,0.314516129032258,0.377,0.391,0.768,0.076,0.342,0.34,0.0,1,32,42,78,10,3,26,0,24,9,0.0,,1.0
2014,74206,김재호,두산,,True,122,341,0.252199413489736,0.348,0.326,0.674,0.074,0.286,0.304,0.0,3,54,50,86,14,1,54,2,59,2,-1.078,,1.0
2015,74206,김재호,두산,,True,133,410,0.3073170731707317,0.386,0.402,0.788,0.095,0.331,0.346,0.0,3,50,63,126,24,3,54,3,42,7,-0.737,,1.0
2016,74206,김재호,두산,,True,137,416,0.3100961538461538,0.389,0.44,0.829,0.13,0.33,0.365,0.0,7,78,69,129,27,3,57,5,52,8,1.807,,1.0
2017,74206,김재호,두산,,False,91,283,0.293286219081272,0.371,0.438,0.809,0.145,0.329,0.355,116.7,7,50,34,83,18,1,36,3,52,7,0.384,2.26,1.0
2018,74206,김재호,두산,,True,131,402,0.3109452736318407,0.39,0.48,0.87,0.1689999999999999,0.346,0.377,131.4,16,75,78,125,20,0,52,4,77,6,0.594,3.46,1.0
2019,74206,김재호,두산,,True,130,377,0.2679045092838196,0.379,0.358,0.737,0.0899999999999999,0.298,0.337,118.3,4,48,51,101,22,0,67,7,58,3,-0.701,2.58,1.0
2020,74206,김재호,두산,,True,120,402,0.2885572139303483,0.362,0.346,0.708,0.0569999999999999,0.317,0.336,113.3,2,39,48,116,15,1,45,4,45,6,-1.356,1.85,1.0
2021,74206,김재호,두산,,False,89,211,0.2085308056872037,0.306,0.261,0.567,0.052,0.24,0.273,64.7,1,24,23,44,8,0,29,2,34,1,-2.224,0.36,1.0
2022,74206,김재호,두산,,False,102,223,0.2152466367713004,0.304,0.26,0.564,0.045,0.244,0.269,65.9,1,21,26,48,7,0,28,2,33,0,-2.512,0.34,1.0
2023,74206,김재호,두산,,False,91,247,0.2834008097165992,0.376,0.372,0.748,0.089,0.302,0.338,114.5,3,29,32,70,13,0,30,8,24,4,-0.507,2.01,1.0
2024,74206,김재호,두산,,False,57,126,0.3015873015873015,0.395,0.365,0.76,0.063,0.359,0.352,109.8,1,11,20,38,5,0,19,1,23,0,-0.101,0.79,1.0
2025,74206,김재호,두산,,False,1,0,0.0,0.0,0.0,0.0,0.0,0.0,0.0,0.0,0,0,0,0,0,0,0,0,0,0,0.0,0.0,1.0
2011,78224,김재환,두산,외야수,False,30,54,0.1851851851851851,0.214,0.352,0.566,0.1669999999999999,0.211,0.243,0.0,2,8,4,10,3,0,1,1,14,1,0.0,,1.0
2012,78224,김재환,두산,외야수,False,13,39,0.1282051282051282,0.209,0.231,0.44,0.103,0.138,0.225,0.0,1,1,7,5,1,0,4,0,9,0,0.0,,1.0
2014,78224,김재환,두산,외야수,False,52,85,0.3058823529411765,0.385,0.482,0.867,0.176,0.329,0.377,0.0,3,13,12,26,6,0,11,0,12,1,-0.29,,1.0
2015,78224,김재환,두산,외야수,False,48,153,0.2352941176470588,0.335,0.425,0.76,0.19,0.266,0.335,0.0,7,22,24,36,8,0,22,2,39,4,-0.44,,1.0
2016,78224,김재환,두산,외야수,True,134,492,0.3252032520325203,0.407,0.628,1.035,0.303,0.348,0.44,0.0,37,124,107,160,32,3,71,0,107,8,5.567,,1.0
2017,78224,김재환,두산,외야수,True,144,544,0.3400735294117647,0.429,0.603,1.032,0.2629999999999999,0.385,0.443,176.9,35,115,110,185,34,2,81,7,123,4,6.263,7.78,1.0
2018,78224,김재환,두산,외야수,True,139,527,0.333965844402277,0.405,0.657,1.062,0.323,0.371,0.45,184.9,44,133,104,176,36,1,59,9,134,2,3.839,9.39,1.0
2019,78224,김재환,두산,외야수,True,136,495,0.2828282828282828,0.362,0.434,0.796,0.151,0.331,0.352,132.2,15,91,76,140,20,5,63,5,113,3,0.311,4.22,1.0
2020,78224,김재환,두산,외야수,True,140,516,0.2655038759689923,0.373,0.494,0.867,0.2279999999999999,0.317,0.377,152.2,30,113,82,137,26,1,91,1,154,6,0.983,5.92,1.0
2021,78224,김재환,두산,외야수,True,137,475,0.2736842105263158,0.382,0.501,0.883,0.2269999999999999,0.316,0.394,154.5,27,102,86,130,23,2,81,5,127,2,1.457,5.18,1.0
2022,78224,김재환,두산,외야수,True,128,448,0.2477678571428571,0.34,0.46,0.8,0.212,0.297,0.356,133.1,23,72,64,111,24,1,61,4,133,2,-1.055,3.81,1.0
2023,78224,김재환,두산,외야수,True,132,405,0.219753086419753,0.343,0.331,0.674,0.111,0.266,0.315,97.9,10,46,40,89,15,0,72,5,100,3,0.212,1.51,1.0
2024,78224,김재환,두산,외야수,True,136,474,0.2827004219409282,0.368,0.525,0.893,0.242,0.367,0.381,132.7,29,92,78,134,28,0,63,6,168,1,1.388,3.86,1.0
2025,78224,김재환,두산,외야수,False,103,344,0.2412790697674418,0.354,0.404,0.758,0.163,0.295,0.337,110.9,13,50,42,83,13,2,57,4,96,7,-0.486,1.84,1.0
2026,78224,김재환,SSG,외야수,True,97,330,0.2333333333333333,0.351,0.427,0.778,0.1939999999999999,0.29,0.352,105.4,19,62,40,77,7,0,57,4,113,1,-0.474,1.47,0.757
2011,79868,김정남,SK,,False,1,0,0.0,0.0,0.0,0.0,0.0,0.0,0.0,0.0,0,0,0,0,0,0,0,0,0,0,0.0,,1.0
2023,53865,김정민,SSG,외야수,False,8,2,0.5,0.5,0.5,1.0,0.0,1.0,0.45,197.3,0,0,1,1,0,0,0,0,1,0,-0.002,0.03,1.0
2026,53865,김정민,SSG,외야수,False,14,9,0.1111111111111111,0.2,0.111,0.311,0.0,0.167,0.162,-17.1,0,1,1,1,0,0,1,0,3,1,0.103,-0.12,0.757
2023,68830,김정우,두산,투수,False,1,0,0.0,0.0,0.0,0.0,0.0,0.0,0.0,0.0,0,0,0,0,0,0,0,0,0,0,0.0,0.0,1.0
2025,68830,김정우,두산,투수,False,1,0,0.0,0.0,0.0,0.0,0.0,0.0,0.0,0.0,0,0,0,0,0,0,0,0,0,0,0.0,0.0,1.0
2026,68830,김정우,두산,투수,False,1,0,0.0,0.0,0.0,0.0,0.0,0.0,0.0,0.0,0,0,0,0,0,0,0,0,0,0,0.0,0.0,0.757
2026,53029,김정운,KT,투수,False,1,0,0.0,0.0,0.0,0.0,0.0,0.0,0.0,0.0,0,0,0,0,0,0,0,0,0,0,0.0,0.0,0.757
2017,67504,김정율,롯데,내야수,False,10,17,0.1764705882352941,0.222,0.176,0.398,0.0,0.375,0.18,-17.3,0,0,0,3,0,0,1,0,9,0,-0.3,-0.23,1.0
2019,67504,김정율,롯데,내야수,False,11,34,0.2352941176470588,0.297,0.324,0.621,0.089,0.4,0.282,60.0,0,1,0,8,3,0,1,2,14,0,-0.431,-0.07,1.0
2020,67504,김정율,롯데,내야수,False,3,8,0.25,0.4,0.25,0.65,0.0,0.5,0.324,83.5,0,0,1,2,0,0,2,0,4,1,-0.032,0.07,1.0
2021,67504,김정율,롯데,내야수,False,82,199,0.2412060301507537,0.312,0.352,0.664,0.1109999999999999,0.333,0.299,73.2,3,25,19,48,11,1,18,3,62,0,-1.853,0.32,1.0
2022,67504,김정율,롯데,내야수,False,57,140,0.2571428571428571,0.32,0.3,0.62,0.0429999999999999,0.391,0.299,80.0,0,11,9,36,6,0,9,4,48,0,-0.133,0.23,1.0
2023,67504,김정율,롯데,내야수,False,25,43,0.2093023255813953,0.32,0.279,0.599,0.07,0.346,0.277,63.8,0,2,4,9,1,1,7,0,17,0,-0.552,-0.03,1.0
2024,67504,김정율,LG,내야수,False,19,20,0.15,0.227,0.15,0.377,0.0,0.188,0.19,2.7,0,0,1,3,0,0,1,1,4,0,-0.157,-0.2,1.0
2025,67504,김정율,LG,내야수,False,13,11,0.1818181818181818,0.231,0.182,0.413,0.0,0.333,0.194,7.7,0,1,0,2,0,0,1,0,6,1,-0.067,-0.06,1.0
2021,65392,김정인,키움,,False,3,0,0.0,0.0,0.0,0.0,0.0,0.0,0.0,0.0,0,0,0,0,0,0,0,0,0,0,0.0,0.0,1.0
2011,61463,김정혁,삼성,,False,3,2,0.0,0.0,0.0,0.0,0.0,0.0,0.0,0.0,0,0,0,0,0,0,0,0,1,0,0.0,,1.0
2014,61463,김정혁,삼성,,False,2,5,0.0,0.0,0.0,0.0,0.0,0.0,0.0,0.0,0,0,2,0,0,0,0,0,1,0,-0.173,,1.0
2015,61463,김정혁,삼성,,False,17,18,0.1666666666666666,0.211,0.167,0.378,0.0,0.2,0.171,0.0,0,1,3,3,0,0,1,0,3,0,-0.297,,1.0
2016,61463,김정혁,삼성,,False,46,106,0.2358490566037736,0.299,0.321,0.62,0.085,0.288,0.286,0.0,2,11,13,25,1,1,9,1,25,1,-0.981,,1.0
2017,61463,김정혁,삼성,,False,31,84,0.2738095238095238,0.319,0.333,0.652,0.059,0.343,0.294,60.1,0,13,15,23,5,0,4,2,18,3,0.197,-0.04,1.0
2025,51903,김정호,NC,포수,False,8,9,0.4444444444444445,0.5,0.444,0.944,0.0,0.8,0.395,151.8,0,0,3,4,0,0,0,1,4,0,-0.004,0.12,1.0
2026,51903,김정호,NC,포수,False,9,8,0.125,0.125,0.125,0.25,0.0,0.25,0.113,-49.8,0,0,0,1,0,0,0,0,4,0,-0.149,-0.17,0.757
2013,61962,김정후,SK,,False,5,4,0.0,0.0,0.0,0.0,0.0,0.0,0.0,0.0,0,0,0,0,0,0,0,0,2,0,0.0,,1.0
2018,61962,김정후,두산,,False,1,1,0.0,0.0,0.0,0.0,0.0,0.0,0.0,0.0,0,0,0,0,0,0,0,0,1,0,-0.057,0.0,1.0
2011,60860,김정훈,SK,,False,3,2,0.5,0.5,0.5,1.0,0.0,1.0,0.3,0.0,0,1,0,1,0,0,0,0,1,0,0.0,,1.0
2013,60860,김정훈,SK,,False,4,3,0.6666666666666666,0.667,0.667,1.334,0.0,1.0,0.6,0.0,0,0,2,2,0,0,0,0,1,0,0.0,,1.0
2014,60860,김정훈,SK,,False,1,0,0.0,0.0,0.0,0.0,0.0,0.0,0.0,0.0,0,0,0,0,0,0,0,0,0,0,0.0,,1.0
2018,66392,김종덕,넥센,,False,3,2,0.5,0.5,0.5,1.0,0.0,0.5,0.45,153.6,0,0,0,1,0,0,0,0,0,0,-0.005,0.02,1.0
2015,79364,김종민,KT,,False,26,32,0.21875,0.286,0.219,0.505,0.0,0.241,0.269,0.0,0,1,2,7,0,0,2,1,3,0,-0.464,,1.0
2016,79364,김종민,KT,,False,78,180,0.2444444444444444,0.329,0.261,0.59,0.017,0.291,0.271,0.0,0,20,17,44,3,0,21,3,32,0,-0.435,,1.0
2017,79364,김종민,NC,,False,22,22,0.1363636363636363,0.208,0.136,0.344,0.0,0.15,0.173,-5.5,0,1,2,3,0,0,2,0,2,0,-0.05,-0.22,1.0
2018,79364,김종민,NC,,False,6,4,0.0,0.0,0.0,0.0,0.0,0.0,0.0,-112.9,0,0,0,0,0,0,0,0,1,0,-0.042,-0.12,1.0
2019,79364,김종민,한화,,False,10,20,0.2,0.2,0.35,0.55,0.1499999999999999,0.25,0.221,18.2,1,1,2,4,0,0,0,0,7,0,-0.409,-0.15,1.0
2019,63765,김종수,한화,투수,False,1,0,0.0,0.0,0.0,0.0,0.0,0.0,0.0,0.0,0,0,0,0,0,0,0,0,0,0,0.0,0.0,1.0
2021,63765,김종수,한화,투수,False,1,0,0.0,0.0,0.0,0.0,0.0,0.0,0.0,0.0,0,0,0,0,0,0,0,0,0,0,0.0,0.0,1.0
2025,63765,김종수,한화,투수,False,1,0,0.0,0.0,0.0,0.0,0.0,0.0,0.0,0.0,0,0,0,0,0,0,0,0,0,0,0.0,0.0,1.0
2013,60032,김종찬,NC,,False,5,7,0.1428571428571428,0.143,0.143,0.286,0.0,0.25,0.129,0.0,0,0,0,1,0,0,0,0,3,0,0.0,,1.0
2011,77454,김종호,삼성,,False,2,1,0.0,0.0,0.0,0.0,0.0,0.0,0.0,0.0,0,0,0,0,0,0,0,0,0,0,0.0,,1.0
2012,77454,김종호,삼성,,False,22,12,0.25,0.357,0.25,0.607,0.0,0.333,0.298,0.0,0,0,3,3,0,0,1,1,3,1,0.0,,1.0
2013,77454,김종호,NC,,True,128,465,0.2774193548387096,0.376,0.333,0.709,0.0559999999999999,0.352,0.34,0.0,0,22,72,129,12,7,57,17,100,50,0.0,,1.0
2014,77454,김종호,NC,,False,113,317,0.2618296529968454,0.316,0.341,0.657,0.079,0.312,0.305,0.0,2,25,58,83,11,4,19,6,55,22,0.431,,1.0
2015,77454,김종호,NC,,True,133,424,0.294811320754717,0.364,0.394,0.758,0.099,0.338,0.345,0.0,4,36,90,125,16,7,44,4,65,41,0.045,,1.0
2016,77454,김종호,NC,,False,93,122,0.2950819672131147,0.368,0.311,0.679,0.016,0.391,0.315,0.0,0,7,26,36,2,0,14,0,30,13,-0.165,,1.0
2017,77454,김종호,NC,,False,3,2,0.0,0.0,0.0,0.0,0.0,0.0,0.0,-117.9,0,0,0,0,0,0,0,0,2,1,0.018,-0.04,1.0
2017,66162,김주성,LG,내야수,False,2,1,1.0,1.0,1.0,2.0,0.0,1.0,0.9,470.4,0,0,1,1,0,0,0,0,0,0,0.003,0.05,1.0
2021,66162,김주성,LG,내야수,False,3,6,0.1666666666666666,0.286,0.667,0.953,0.5,0.0,0.381,160.0,1,1,1,1,0,0,1,0,3,0,-0.314,-0.03,1.0
2023,66162,김주성,LG,내야수,False,11,5,0.2,0.429,0.2,0.629,0.0,0.333,0.339,114.4,0,0,1,1,0,0,1,1,2,0,0.001,-0.06,1.0
2024,66162,김주성,LG,내야수,False,12,6,0.1666666666666666,0.444,0.167,0.611,0.0,0.167,0.34,99.5,0,0,1,1,0,0,3,0,0,0,0.04,-0.01,1.0
2025,66162,김주성,LG,내야수,False,16,15,0.2,0.294,0.4,0.694,0.2,0.167,0.307,96.0,1,1,3,3,0,0,1,1,2,0,-0.387,-0.1,1.0
2026,66162,김주성,LG,내야수,False,1,2,0.0,0.0,0.0,0.0,0.0,0.0,0.0,-125.5,0,0,0,0,0,0,0,0,0,0,-0.013,-0.1,0.757
2020,65411,김주온,SK,투수,False,2,0,0.0,0.0,0.0,0.0,0.0,0.0,0.0,0.0,0,0,0,0,0,0,0,0,0,0,0.0,0.0,1.0
2021,51907,김주원,NC,내야수,False,69,166,0.2409638554216867,0.316,0.386,0.702,0.145,0.33,0.312,83.7,5,16,20,40,7,1,17,2,57,6,-0.956,0.29,1.0
2022,51907,김주원,NC,내야수,False,96,273,0.2234432234432234,0.331,0.388,0.719,0.165,0.293,0.322,96.2,10,47,35,61,9,3,30,14,89,10,-1.269,1.66,1.0
2023,51907,김주원,NC,내야수,True,127,403,0.2332506203473945,0.328,0.34,0.668,0.107,0.289,0.305,84.9,10,54,56,94,9,2,44,15,106,15,-1.523,1.11,1.0
2024,51907,김주원,NC,내야수,True,134,385,0.2519480519480519,0.371,0.379,0.75,0.127,0.326,0.341,95.9,9,49,61,97,18,2,51,25,111,16,-1.025,1.94,1.0
2025,51907,김주원,NC,내야수,True,144,539,0.2894248608534323,0.379,0.451,0.83,0.162,0.34,0.378,134.8,15,65,98,156,26,8,63,16,111,44,1.8010000000000002,5.29,1.0
2026,51907,김주원,NC,내야수,True,99,388,0.3015463917525773,0.381,0.459,0.84,0.157,0.323,0.379,126.1,15,48,68,117,16,0,37,15,60,25,1.395,3.79,0.757
2010,70410,김주찬,롯데,,True,118,485,0.2762886597938144,0.324,0.386,0.71,0.1099999999999999,0.302,0.316,0.0,9,40,89,134,18,4,31,5,65,65,0.0,,1.0
2011,70410,김주찬,롯데,,False,86,321,0.3115264797507788,0.373,0.424,0.797,0.1119999999999999,0.335,0.352,0.0,6,40,58,100,12,3,27,7,38,25,0.0,,1.0
2012,70410,김주찬,롯데,,True,118,435,0.2942528735632184,0.346,0.405,0.751,0.111,0.318,0.331,0.0,5,39,62,128,27,3,30,7,48,32,0.0,,1.0
2013,70410,김주찬,KIA,,False,47,168,0.3035714285714285,0.372,0.405,0.777,0.101,0.338,0.348,0.0,0,28,24,51,9,4,15,4,18,23,0.0,,1.0
2014,70410,김주찬,KIA,,True,100,399,0.3458646616541353,0.397,0.514,0.911,0.168,0.375,0.395,0.0,9,46,72,138,32,4,31,4,48,22,2.131,,1.0
2015,70410,김주찬,KIA,,False,98,333,0.3273273273273273,0.383,0.571,0.954,0.2439999999999999,0.343,0.405,0.0,18,62,66,109,23,2,23,12,58,8,0.942,,1.0
2016,70410,김주찬,KIA,,True,130,511,0.3463796477495107,0.386,0.566,0.952,0.2199999999999999,0.362,0.408,0.0,23,101,97,177,37,3,30,7,68,9,3.551,,1.0
2017,70410,김주찬,KIA,,True,122,440,0.3090909090909091,0.359,0.489,0.848,0.18,0.335,0.37,110.5,12,70,78,136,39,2,31,4,59,9,1.042,2.81,1.0
2018,70410,김주찬,KIA,,True,121,429,0.3403263403263403,0.375,0.52,0.895,0.18,0.352,0.386,116.8,18,93,71,146,23,0,23,7,57,8,1.105,3.72,1.0
2019,70410,김주찬,KIA,,False,100,337,0.2997032640949555,0.34,0.374,0.714,0.074,0.334,0.32,94.6,3,32,35,101,16,0,17,5,44,3,-1.351,1.55,1.0
2020,70410,김주찬,KIA,,False,7,18,0.3333333333333333,0.333,0.5,0.833,0.1669999999999999,0.333,0.358,113.7,1,2,3,6,0,0,0,0,2,0,-0.353,0.07,1.0
2016,66859,김주한,SK,,False,3,0,0.0,0.0,0.0,0.0,0.0,0.0,0.0,0.0,0,0,0,0,0,0,0,0,0,0,0.0,,1.0
2017,66859,김주한,SK,,False,2,0,0.0,0.0,0.0,0.0,0.0,0.0,0.0,0.0,0,0,0,0,0,0,0,0,0,0,0.0,0.0,1.0
2020,66859,김주한,SK,,False,1,0,0.0,0.0,0.0,0.0,0.0,0.0,0.0,0.0,0,0,0,0,0,0,0,0,0,0,0.0,0.0,1.0
2014,77669,김주현,롯데,,False,9,12,0.1666666666666666,0.167,0.25,0.417,0.0829999999999999,0.25,0.178,0.0,0,1,2,2,1,0,0,0,4,0,-0.027,,1.0
2015,77669,김주현,롯데,,False,47,73,0.2602739726027397,0.308,0.397,0.705,0.137,0.327,0.317,0.0,2,12,7,19,4,0,5,0,19,1,-0.206,,1.0
2016,77669,김주현,롯데,,False,21,29,0.2068965517241379,0.281,0.345,0.626,0.1379999999999999,0.353,0.27,0.0,0,1,4,6,4,0,3,0,12,1,-0.46,,1.0
2016,66749,김주현,한화,,False,4,3,0.0,0.0,0.0,0.0,0.0,0.0,0.0,0.0,0,0,0,0,0,0,0,0,2,0,-0.013,,1.0
2017,66749,김주현,한화,,False,24,34,0.2647058823529412,0.419,0.324,0.743,0.059,0.474,0.356,100.9,0,3,3,9,2,0,8,1,15,0,0.081,0.05,1.0
2017,77669,김주현,롯데,,False,2,4,0.0,0.0,0.0,0.0,0.0,0.0,0.0,-134.6,0,0,0,0,0,0,0,0,0,0,-0.058,-0.11,1.0
2021,66749,김주현,롯데,,False,8,16,0.25,0.294,0.25,0.544,0.0,0.4,0.254,43.2,0,0,1,4,0,0,1,0,6,0,-0.366,-0.01,1.0
2011,74605,김주형,KIA,,False,88,271,0.1992619926199262,0.256,0.351,0.607,0.1519999999999999,0.234,0.263,0.0,9,40,23,54,14,0,17,4,71,1,0.0,,1.0
2012,74605,김주형,KIA,,False,56,117,0.1538461538461538,0.198,0.248,0.446,0.094,0.185,0.195,0.0,3,12,8,18,2,0,6,1,35,0,0.0,,1.0
2013,74605,김주형,KIA,,False,81,249,0.2409638554216867,0.308,0.382,0.69,0.141,0.268,0.306,0.0,9,34,27,60,8,0,23,3,54,1,0.0,,1.0
2014,74605,김주형,KIA,,False,64,151,0.2450331125827814,0.326,0.411,0.737,0.1659999999999999,0.236,0.332,0.0,7,26,16,37,4,0,17,2,19,0,-0.155,,1.0
2015,74605,김주형,KIA,,False,45,83,0.2289156626506024,0.273,0.337,0.61,0.108,0.288,0.282,0.0,2,3,2,19,3,0,3,2,22,0,-0.911,,1.0
2016,74605,김주형,KIA,,False,135,345,0.2811594202898551,0.355,0.499,0.854,0.2179999999999999,0.287,0.37,0.0,19,49,43,97,16,1,34,6,55,1,-0.33,,1.0
2017,74605,김주형,KIA,,False,57,106,0.1698113207547169,0.233,0.217,0.45,0.0469999999999999,0.191,0.218,13.6,0,10,11,18,5,0,8,1,13,0,-0.771,-0.9,1.0
2018,74605,김주형,KIA,,False,6,8,0.125,0.125,0.125,0.25,0.0,0.143,0.113,-47.9,0,0,0,1,0,0,0,0,1,0,-0.046,-0.19,1.0
2019,69306,김주형,키움,,False,3,1,0.0,0.0,0.0,0.0,0.0,0.0,0.0,-139.5,0,0,0,0,0,0,0,0,0,0,-0.001,-0.02,1.0
2020,69306,김주형,키움,,False,39,43,0.2325581395348837,0.327,0.372,0.699,0.1389999999999999,0.281,0.309,85.2,1,6,8,10,3,0,4,2,10,0,-0.158,-0.07,1.0
2021,69306,김주형,키움,,False,36,50,0.18,0.388,0.24,0.628,0.06,0.257,0.324,94.5,0,5,5,9,3,0,4,13,15,1,-0.037,0.23,1.0
2022,69306,김주형,키움,,False,55,110,0.2,0.305,0.309,0.614,0.1089999999999999,0.259,0.288,74.4,1,5,16,22,7,1,4,13,29,1,-1.237,-0.05,1.0
2023,69306,김주형,키움,,False,46,68,0.1470588235294117,0.256,0.176,0.432,0.0289999999999999,0.244,0.209,16.1,0,4,5,10,2,0,9,1,27,0,-0.937,-0.43,1.0
2024,69306,김주형,키움,,False,22,20,0.15,0.292,0.15,0.442,0.0,0.273,0.227,25.0,0,2,0,3,0,0,1,3,9,0,-0.302,-0.19,1.0
2015,78823,김준,KIA,,False,1,0,0.0,0.0,0.0,0.0,0.0,0.0,0.0,0.0,0,0,0,0,0,0,0,0,0,0,0.0,,1.0
2025,55226,김준상,두산,내야수,False,9,15,0.2,0.25,0.267,0.517,0.067,0.429,0.223,30.3,0,0,1,3,1,0,0,1,8,0,-0.381,-0.05,1.0
2013,63920,김준완,NC,,False,3,5,0.0,0.0,0.0,0.0,0.0,0.0,0.0,0.0,0,0,0,0,0,0,0,0,3,0,0.0,,1.0
2014,63920,김준완,NC,,False,6,4,0.5,0.6,0.5,1.1,0.0,0.667,0.504,0.0,0,0,1,2,0,0,1,0,1,1,0.036,,1.0
2015,63920,김준완,NC,,False,30,44,0.2272727272727272,0.37,0.227,0.597,0.0,0.294,0.317,0.0,0,2,12,10,0,0,10,0,10,2,-0.261,,1.0
2016,63920,김준완,NC,,False,122,253,0.2608695652173913,0.416,0.308,0.724,0.0469999999999999,0.34,0.369,0.0,1,12,60,66,7,1,66,2,62,2,0.154,,1.0
2017,63920,김준완,NC,,False,104,124,0.25,0.331,0.282,0.613,0.0319999999999999,0.313,0.29,72.4,0,8,19,31,2,1,15,1,27,2,-0.515,-0.21,1.0
2019,63920,김준완,NC,,False,8,16,0.25,0.316,0.25,0.566,0.0,0.267,0.265,59.8,0,1,0,4,0,0,2,0,2,0,-0.454,-0.06,1.0
2020,63920,김준완,NC,,False,45,65,0.2153846153846154,0.32,0.277,0.597,0.062,0.236,0.283,59.4,1,5,8,14,1,0,10,0,9,0,-0.41,0.48,1.0
2021,63920,김준완,NC,,False,13,12,0.1666666666666666,0.286,0.333,0.619,0.166,0.167,0.344,110.8,0,1,3,2,0,1,2,0,0,0,-0.081,0.06,1.0
2022,63920,김준완,키움,,False,111,317,0.1924290220820189,0.339,0.246,0.585,0.0539999999999999,0.242,0.288,74.7,1,28,43,61,10,2,64,8,71,1,-1.881,0.67,1.0
2023,63920,김준완,키움,,False,76,189,0.2222222222222222,0.315,0.259,0.574,0.037,0.311,0.281,69.6,0,14,25,42,7,0,26,1,57,0,-0.98,0.04,1.0
2026,54910,김준원,NC,투수,False,1,0,0.0,0.0,0.0,0.0,0.0,0.0,0.0,0.0,0,0,0,0,0,0,0,0,0,0,0.0,0.0,0.757
2013,62558,김준태,롯데,포수,False,4,6,0.3333333333333333,0.333,0.333,0.666,0.0,0.5,0.3,0.0,0,1,0,2,0,0,0,0,2,0,0.0,,1.0
2015,62558,김준태,롯데,포수,False,27,26,0.1538461538461538,0.267,0.154,0.421,0.0,0.286,0.209,0.0,0,0,0,4,0,0,4,0,12,0,-0.371,,1.0
2016,62558,김준태,롯데,포수,False,68,120,0.275,0.385,0.367,0.752,0.0919999999999999,0.403,0.34,0.0,2,16,12,33,3,1,22,0,42,0,0.366,,1.0
2019,62558,김준태,롯데,포수,False,43,88,0.1590909090909091,0.275,0.193,0.468,0.034,0.215,0.246,34.5,0,8,10,14,3,0,12,2,23,0,-0.419,-0.52,1.0
2020,62558,김준태,롯데,포수,False,128,306,0.2254901960784313,0.344,0.327,0.671,0.102,0.267,0.316,76.3,5,43,38,69,12,2,56,1,64,2,-0.828,-0.12,1.0
2021,62558,김준태,KT,포수,False,58,128,0.1953125,0.295,0.328,0.623,0.133,0.244,0.289,66.3,4,15,17,25,5,0,18,1,40,0,-0.948,0.13,1.0
2022,62558,김준태,KT,포수,False,98,231,0.2727272727272727,0.36,0.403,0.763,0.13,0.386,0.348,115.7,4,27,28,63,16,1,33,0,77,2,-0.01,1.78,1.0
2023,62558,김준태,KT,포수,False,69,115,0.208695652173913,0.326,0.322,0.648,0.113,0.263,0.318,96.5,3,23,10,24,4,0,19,1,32,1,-1.106,0.33,1.0
2024,62558,김준태,KT,포수,False,23,25,0.24,0.367,0.32,0.687,0.08,0.316,0.323,84.1,0,3,6,6,2,0,5,0,6,0,-0.11,0.09,1.0
2025,62558,김준태,LG,포수,False,2,1,1.0,1.0,1.0,2.0,0.0,1.0,0.81,448.8,0,0,1,1,0,0,1,0,0,0,0.0,0.09,1.0
2023,51393,김준형,키움,,False,1,0,0.0,0.0,0.0,0.0,0.0,0.0,0.0,0.0,0,0,0,0,0,0,0,0,0,0,0.0,0.0,1.0
2010,77156,김준호,LG,,False,21,45,0.2222222222222222,0.255,0.289,0.544,0.0669999999999999,0.323,0.243,0.0,0,3,4,10,1,1,2,0,14,0,0.0,,1.0
2011,77156,김준호,한화,,False,9,6,0.1666666666666666,0.167,0.167,0.334,0.0,0.25,0.15,0.0,0,0,0,1,0,0,0,0,2,0,0.0,,1.0
2026,56326,김지석,키움,내야수,False,17,49,0.2244897959183673,0.264,0.306,0.57,0.0819999999999999,0.25,0.241,39.6,1,3,3,11,1,0,1,2,9,0,-0.575,-0.4,0.757
2012,62007,김지성,LG,,False,6,13,0.0769230769230769,0.143,0.077,0.22,0.0,0.1,0.116,0.0,0,2,0,1,0,0,1,0,3,1,0.0,,1.0
2013,62007,김지성,LG,,False,2,1,0.0,0.0,0.0,0.0,0.0,0.0,0.0,0.0,0,0,0,0,0,0,0,0,0,0,0.0,,1.0
2014,62007,김지성,LG,,False,13,6,0.1666666666666666,0.286,0.5,0.786,0.3329999999999999,0.5,0.326,0.0,0,1,2,1,0,1,1,0,4,0,0.022,,1.0
2015,62007,김지성,LG,,False,20,21,0.1428571428571428,0.143,0.286,0.429,0.143,0.182,0.179,0.0,1,2,2,3,0,0,0,0,9,0,-0.444,,1.0
2016,62007,김지성,LG,,False,2,3,0.0,0.0,0.0,0.0,0.0,0.0,0.0,0.0,0,0,0,0,0,0,0,0,0,0,-0.037,,1.0
2017,62007,김지성,KIA,,False,37,47,0.2340425531914893,0.265,0.426,0.691,0.1919999999999999,0.29,0.314,74.7,2,4,6,11,3,0,1,1,14,1,-0.327,0.11,1.0
2018,62007,김지성,KIA,,False,1,0,0.0,0.0,0.0,0.0,0.0,0.0,0.0,0.0,0,0,0,0,0,0,0,0,0,0,0.0,0.0,1.0
2010,79300,김지수,넥센,,False,8,5,0.0,0.167,0.0,0.167,0.0,0.0,0.12,0.0,0,0,1,0,0,0,1,0,0,0,0.0,,1.0
2013,79300,김지수,넥센,,False,37,48,0.2708333333333333,0.357,0.313,0.67,0.0419999999999999,0.325,0.306,0.0,0,3,9,13,2,0,7,0,9,1,0.0,,1.0
2014,79300,김지수,넥센,,False,28,23,0.1739130434782608,0.296,0.174,0.47,0.0,0.19,0.223,0.0,0,3,2,4,0,0,4,0,2,1,-0.167,,1.0
2015,79300,김지수,넥센,,False,104,132,0.2348484848484848,0.292,0.288,0.58,0.0529999999999999,0.292,0.272,0.0,0,13,23,31,7,0,9,2,27,2,-1.174,,1.0
2016,79300,김지수,넥센,,False,81,91,0.2857142857142857,0.353,0.44,0.793,0.154,0.315,0.334,0.0,3,9,16,26,5,0,10,0,16,2,0.561,,1.0
2016,65503,김지수,롯데,,False,6,7,0.0,0.0,0.0,0.0,0.0,0.0,0.0,0.0,0,0,1,0,0,0,0,0,4,0,-0.247,,1.0
2017,79300,김지수,넥센,,False,64,35,0.1714285714285714,0.205,0.257,0.462,0.086,0.179,0.197,-6.8,1,5,7,6,0,0,2,0,8,0,-0.683,-0.28,1.0
2018,79300,김지수,넥센,,False,47,34,0.1470588235294117,0.256,0.147,0.403,0.0,0.263,0.231,20.3,0,0,4,5,0,0,5,0,15,0,-0.408,-0.27,1.0
2019,79300,김지수,키움,,False,69,30,0.2666666666666666,0.313,0.333,0.646,0.066,0.348,0.291,72.1,0,3,3,8,2,0,2,0,7,0,-0.112,0.06,1.0
2020,65503,김지수,한화,,False,14,25,0.16,0.192,0.28,0.472,0.12,0.176,0.207,10.7,1,4,2,4,0,0,1,0,7,0,-0.185,0.02,1.0
2021,65503,김지수,한화,,False,11,24,0.0833333333333333,0.12,0.125,0.245,0.0419999999999999,0.2,0.151,-25.5,0,0,0,2,1,0,1,0,14,0,-0.326,-0.33,1.0
2015,78753,김지열,KT,,False,72,228,0.2543859649122807,0.306,0.386,0.692,0.132,0.349,0.304,0.0,7,27,31,58,7,1,16,1,75,15,-1.379,,1.0
2016,78753,김지열,KT,,False,20,56,0.25,0.333,0.268,0.601,0.018,0.304,0.3,0.0,0,4,6,14,1,0,7,0,10,1,-0.317,,1.0
2017,78753,김지열,KT,,False,35,51,0.2156862745098039,0.216,0.255,0.471,0.039,0.275,0.239,16.1,0,3,5,11,2,0,0,0,11,2,0.159,-0.26,1.0
2018,78753,김지열,KT,,False,38,45,0.2,0.25,0.356,0.606,0.1559999999999999,0.258,0.302,53.6,1,5,11,9,4,0,3,0,13,1,-0.004,-0.03,1.0
2015,60181,김지용,LG,,False,3,0,0.0,0.0,0.0,0.0,0.0,0.0,0.0,0.0,0,0,0,0,0,0,0,0,0,0,0.0,,1.0
2017,60181,김지용,LG,,False,1,0,0.0,0.0,0.0,0.0,0.0,0.0,0.0,0.0,0,0,0,0,0,0,0,0,0,0,0.0,0.0,1.0
2021,60181,김지용,LG,,False,1,0,0.0,0.0,0.0,0.0,0.0,0.0,0.0,0.0,0,0,0,0,0,0,0,0,0,0,0.0,0.0,1.0
2022,60181,김지용,두산,,False,3,0,0.0,0.0,0.0,0.0,0.0,0.0,0.0,0.0,0,0,0,0,0,0,0,0,0,0,0.0,0.0,1.0
2020,50458,김지찬,삼성,내야수,False,135,254,0.2322834645669291,0.301,0.272,0.573,0.04,0.275,0.266,36.8,1,13,47,59,5,1,24,2,44,21,-2.502,-0.71,1.0
2021,50458,김지찬,삼성,내야수,False,120,296,0.2736486486486486,0.331,0.304,0.635,0.0299999999999999,0.3,0.298,75.2,1,26,50,81,6,0,27,0,31,23,-0.663,0.46,1.0
2022,50458,김지찬,삼성,내야수,False,113,361,0.2797783933518005,0.361,0.332,0.693,0.0519999999999999,0.338,0.319,95.8,0,25,62,101,7,6,45,2,64,25,-0.702,1.66,1.0
2023,50458,김지찬,삼성,내야수,False,99,291,0.2920962199312715,0.408,0.33,0.738,0.038,0.331,0.35,117.4,1,18,59,85,4,2,48,9,36,13,-0.535,2.2,1.0
2024,50458,김지찬,삼성,내야수,True,135,453,0.3156732891832229,0.405,0.384,0.789,0.068,0.341,0.363,107.3,3,36,102,143,16,3,60,9,40,42,-0.358,3.04,1.0
2025,50458,김지찬,삼성,내야수,False,90,317,0.2807570977917981,0.364,0.322,0.686,0.0409999999999999,0.322,0.32,92.3,0,23,59,89,9,2,38,5,44,22,-1.257,1.52,1.0
2026,50458,김지찬,삼성,내야수,True,102,333,0.3243243243243243,0.423,0.357,0.78,0.0329999999999999,0.353,0.361,112.2,0,30,77,108,7,2,55,4,30,19,-0.473,2.95,0.757
2014,64640,김지훈,KIA,,False,1,0,0.0,0.0,0.0,0.0,0.0,0.0,0.0,0.0,0,0,0,0,0,0,0,0,0,0,0.0,,1.0
2015,63088,김진곤,KT,,False,67,85,0.2117647058823529,0.221,0.224,0.445,0.012,0.277,0.199,0.0,0,6,11,18,1,0,0,1,20,4,-0.365,,1.0
2016,63088,김진곤,KT,,False,13,8,0.125,0.125,0.125,0.25,0.0,0.143,0.113,0.0,0,0,1,1,0,0,0,0,1,0,-0.18,,1.0
2017,63088,김진곤,KT,,False,28,39,0.282051282051282,0.3,0.462,0.762,0.18,0.346,0.327,71.9,2,8,9,11,1,0,1,0,11,1,-0.513,0.16,1.0
2018,63088,김진곤,KT,,False,19,21,0.1428571428571428,0.217,0.19,0.407,0.047,0.167,0.235,12.8,0,0,4,3,1,0,2,0,3,0,-0.079,-0.26,1.0
2019,63088,김진곤,KT,,False,19,30,0.2666666666666666,0.313,0.333,0.646,0.066,0.364,0.274,53.4,0,6,4,8,2,0,2,0,8,1,-0.129,-0.08,1.0
2013,75867,김진성,NC,투수,False,2,0,0.0,0.0,0.0,0.0,0.0,0.0,0.0,0.0,0,0,0,0,0,0,0,0,0,0,0.0,,1.0
2014,75867,김진성,NC,투수,False,4,0,0.0,0.0,0.0,0.0,0.0,0.0,0.0,0.0,0,0,0,0,0,0,0,0,0,0,0.0,,1.0
2016,75867,김진성,NC,투수,False,3,0,0.0,0.0,0.0,0.0,0.0,0.0,0.0,0.0,0,0,0,0,0,0,0,0,0,0,0.0,,1.0
2017,75867,김진성,NC,투수,False,1,0,0.0,0.0,0.0,0.0,0.0,0.0,0.0,0.0,0,0,0,0,0,0,0,0,0,0,0.0,0.0,1.0
2018,75867,김진성,NC,투수,False,2,0,0.0,0.0,0.0,0.0,0.0,0.0,0.0,0.0,0,0,0,0,0,0,0,0,0,0,0.0,0.0,1.0
2019,75867,김진성,NC,투수,False,3,0,0.0,0.0,0.0,0.0,0.0,0.0,0.0,0.0,0,0,0,0,0,0,0,0,0,0,0.0,0.0,1.0
2020,75867,김진성,NC,투수,False,2,0,0.0,0.0,0.0,0.0,0.0,0.0,0.0,0.0,0,0,0,0,0,0,0,0,0,0,0.0,0.0,1.0
2021,75867,김진성,NC,투수,False,1,0,0.0,0.0,0.0,0.0,0.0,0.0,0.0,0.0,0,0,0,0,0,0,0,0,0,0,0.0,0.0,1.0
2022,75867,김진성,LG,투수,False,2,0,0.0,0.0,0.0,0.0,0.0,0.0,0.0,0.0,0,0,0,0,0,0,0,0,0,0,0.0,0.0,1.0
2024,75867,김진성,LG,투수,False,4,0,0.0,0.0,0.0,0.0,0.0,0.0,0.0,0.0,0,0,0,0,0,0,0,0,0,0,0.0,0.0,1.0
2025,75867,김진성,LG,투수,False,5,0,0.0,0.0,0.0,0.0,0.0,0.0,0.0,0.0,0,0,0,0,0,0,0,0,0,0,0.0,0.0,1.0
2021,51154,김진수,LG,투수,False,1,0,0.0,0.0,0.0,0.0,0.0,0.0,0.0,0.0,0,0,0,0,0,0,0,0,0,0,0.0,0.0,1.0
2025,51154,김진수,LG,투수,False,1,0,0.0,0.0,0.0,0.0,0.0,0.0,0.0,0.0,0,0,0,0,0,0,0,0,0,0,0.0,0.0,1.0
2014,72641,김진우,KIA,,False,1,0,0.0,0.0,0.0,0.0,0.0,0.0,0.0,0.0,0,0,0,0,0,0,0,0,0,0,0.0,,1.0
2016,72641,김진우,KIA,,False,2,0,0.0,0.0,0.0,0.0,0.0,0.0,0.0,0.0,0,0,0,0,0,0,0,0,0,0,0.0,,1.0
2017,72641,김진우,KIA,,False,1,0,0.0,0.0,0.0,0.0,0.0,0.0,0.0,0.0,0,0,0,0,0,0,0,0,0,0,0.0,0.0,1.0
2020,68701,김진욱,한화,,False,1,1,0.0,0.0,0.0,0.0,0.0,0.0,0.0,0.0,0,0,0,0,0,0,0,0,1,0,0.0,0.0,1.0
2014,79234,김진형,두산,,False,28,38,0.2368421052631578,0.293,0.263,0.556,0.026,0.29,0.252,0.0,0,5,5,9,1,0,3,0,7,0,0.442,,1.0
2015,79234,김진형,두산,,False,14,18,0.1666666666666666,0.286,0.444,0.73,0.277,0.2,0.314,0.0,1,2,3,3,2,0,3,0,7,0,-0.065,,1.0
2019,79234,김진형,NC,,False,11,20,0.15,0.136,0.2,0.336,0.05,0.167,0.132,-39.7,0,2,2,3,1,0,0,0,4,0,-0.389,-0.22,1.0
2022,67954,김진호,NC,투수,False,1,0,0.0,0.0,0.0,0.0,0.0,0.0,0.0,0.0,0,0,0,0,0,0,0,0,0,0,0.0,0.0,1.0
2017,66917,김찬형,NC,,False,2,0,0.0,0.0,0.0,0.0,0.0,0.0,0.0,0.0,0,0,0,0,0,0,0,0,0,0,0.0,0.0,1.0
2018,66917,김찬형,NC,,False,63,142,0.2323943661971831,0.308,0.289,0.597,0.0569999999999999,0.281,0.282,62.9,1,9,24,33,5,0,8,8,28,4,-0.836,-0.27,1.0
2019,66917,김찬형,NC,,False,76,141,0.2765957446808511,0.322,0.355,0.677,0.0779999999999999,0.317,0.318,101.1,1,12,16,39,4,2,6,4,21,3,-0.851,0.61,1.0
2020,66917,김찬형,NC,,False,56,64,0.296875,0.343,0.391,0.734,0.094,0.352,0.329,90.5,0,7,10,19,6,0,4,1,11,3,-0.079,-0.13,1.0
2021,66917,김찬형,SSG,,False,88,132,0.2272727272727272,0.329,0.326,0.655,0.099,0.286,0.303,80.3,2,7,20,30,7,0,16,4,32,0,-0.327,0.29,1.0
2023,66917,김찬형,SSG,,False,36,48,0.2291666666666666,0.275,0.354,0.629,0.1249999999999999,0.27,0.285,72.2,1,5,6,11,3,0,2,1,10,0,0.304,-0.01,1.0
2024,66917,김찬형,SSG,,False,5,9,0.0,0.0,0.0,0.0,0.0,0.0,0.0,-121.5,0,0,0,0,0,0,0,0,4,0,-0.082,-0.23,1.0
2025,66917,김찬형,SSG,,False,44,73,0.1780821917808219,0.221,0.205,0.426,0.0269999999999999,0.217,0.196,9.0,0,5,4,13,2,0,3,1,13,0,-0.779,-0.63,1.0
2019,69825,김창평,SK,외야수,False,18,45,0.1777777777777777,0.26,0.222,0.482,0.044,0.235,0.235,32.2,0,3,4,8,2,0,4,1,11,0,-0.603,-0.03,1.0
2020,69825,김창평,SK,외야수,False,35,78,0.1923076923076923,0.289,0.269,0.558,0.077,0.238,0.291,65.2,0,7,10,15,4,1,11,0,16,7,0.001,0.14,1.0
2021,69825,김창평,SSG,외야수,False,40,25,0.08,0.115,0.08,0.195,0.0,0.105,0.09,-70.1,0,1,6,2,0,0,1,0,6,2,-0.179,-0.51,1.0
2024,69825,김창평,SSG,외야수,False,6,7,0.0,0.222,0.0,0.222,0.0,0.0,0.16,-18.6,0,0,1,0,0,0,2,0,4,1,-0.148,-0.1,1.0
2025,69825,김창평,SSG,외야수,False,4,0,0.0,0.0,0.0,0.0,0.0,0.0,0.0,0.0,0,0,1,0,0,0,0,0,0,0,0.002,0.0,1.0
2026,69825,김창평,SSG,외야수,False,6,5,0.0,0.0,0.0,0.0,0.0,0.0,0.0,-127.0,0,0,0,0,0,0,0,0,1,0,-0.191,-0.14,0.757
2018,60184,김창혁,한화,,False,6,10,0.2,0.2,0.3,0.5,0.0999999999999999,0.286,0.214,6.5,0,0,1,2,1,0,0,0,3,0,-0.023,-0.07,1.0
2019,60184,김창혁,한화,,False,3,2,0.0,0.0,0.0,0.0,0.0,0.0,0.0,-142.5,0,0,0,0,0,0,0,0,1,0,0.0,-0.05,1.0
2012,74728,김창훈,두산,,False,1,0,0.0,0.0,0.0,0.0,0.0,0.0,0.0,0.0,0,0,0,0,0,0,0,0,0,0,0.0,,1.0
2022,50992,김태경,NC,투수,False,2,0,0.0,0.0,0.0,0.0,0.0,0.0,0.0,0.0,0,0,0,0,0,0,0,0,0,0,0.0,0.0,1.0
2010,78122,김태군,LG,포수,False,50,51,0.2549019607843137,0.296,0.275,0.571,0.02,0.31,0.25,0.0,0,6,2,13,1,0,2,1,9,0,0.0,,1.0
2011,78122,김태군,LG,포수,False,38,47,0.2340425531914893,0.294,0.234,0.528,0.0,0.256,0.258,0.0,0,1,4,11,0,0,4,0,4,0,0.0,,1.0
2012,78122,김태군,LG,포수,False,100,149,0.2013422818791946,0.265,0.215,0.48,0.0139999999999999,0.24,0.228,0.0,0,14,7,30,2,0,8,5,24,0,0.0,,1.0
2013,78122,김태군,NC,포수,False,112,277,0.2129963898916967,0.28,0.274,0.554,0.061,0.253,0.256,0.0,4,28,21,59,5,0,19,7,57,0,0.0,,1.0
2014,78122,김태군,NC,포수,False,109,294,0.2619047619047619,0.297,0.306,0.603,0.0439999999999999,0.308,0.271,0.0,0,23,28,77,13,0,12,4,47,0,-0.558,,1.0
2015,78122,김태군,NC,포수,True,144,421,0.2541567695961995,0.307,0.354,0.661,0.0999999999999999,0.293,0.297,0.0,6,52,45,107,24,0,25,10,77,1,-1.99,,1.0
2016,78122,김태군,NC,포수,False,134,340,0.2323529411764706,0.293,0.285,0.578,0.0529999999999999,0.261,0.257,0.0,1,30,37,79,15,0,22,9,44,0,-2.435,,1.0
2017,78122,김태군,NC,포수,False,132,362,0.2651933701657458,0.333,0.343,0.676,0.078,0.292,0.306,80.1,3,34,33,96,19,0,16,22,43,0,-2.509,0.71,1.0
2019,78122,김태군,NC,포수,False,18,22,0.1818181818181818,0.357,0.182,0.539,0.0,0.286,0.318,98.0,0,1,0,4,0,0,4,2,8,0,-0.139,0.15,1.0
2020,78122,김태군,NC,포수,False,80,113,0.2920353982300885,0.347,0.372,0.719,0.08,0.323,0.313,80.0,1,18,16,33,6,0,6,4,14,0,-0.094,0.13,1.0
2021,78122,김태군,NC,포수,False,102,232,0.2198275862068965,0.311,0.341,0.652,0.121,0.222,0.296,72.7,7,24,23,51,7,0,21,11,30,0,-0.938,0.46,1.0
2022,78122,김태군,삼성,포수,False,102,205,0.2975609756097561,0.358,0.38,0.738,0.082,0.343,0.339,108.9,2,25,20,61,11,0,17,4,34,0,-0.622,1.6,1.0
2023,78122,김태군,KIA,포수,False,114,311,0.2572347266881029,0.305,0.305,0.61,0.0479999999999999,0.278,0.278,64.4,1,42,24,80,10,1,15,8,30,2,-2.809,0.16,1.0
2024,78122,김태군,KIA,포수,False,105,235,0.2638297872340425,0.328,0.383,0.711,0.119,0.268,0.312,80.0,7,34,24,62,7,0,12,11,24,0,-1.21,0.32,1.0
2025,78122,김태군,KIA,포수,False,100,236,0.2584745762711864,0.331,0.373,0.704,0.1149999999999999,0.262,0.322,96.3,5,31,20,61,10,1,17,10,20,0,-0.982,1.12,1.0
2026,78122,김태군,KIA,포수,False,54,123,0.2845528455284553,0.338,0.407,0.745,0.122,0.314,0.326,93.8,3,15,15,35,6,0,7,4,20,0,-0.474,0.53,0.757
2012,71752,김태균,한화,,True,126,416,0.3629807692307692,0.474,0.536,1.01,0.173,0.402,0.444,0.0,16,80,61,151,24,0,81,11,69,3,0.0,,1.0
2013,71752,김태균,한화,,True,101,345,0.3188405797101449,0.444,0.475,0.919,0.1559999999999999,0.368,0.409,0.0,10,52,41,110,24,0,73,8,67,0,0.0,,1.0
2014,71752,김태균,한화,,True,118,422,0.3649289099526066,0.463,0.564,1.027,0.1989999999999999,0.405,0.449,0.0,18,84,66,154,30,0,70,11,73,0,5.065,,1.0
2015,71752,김태균,한화,,True,133,408,0.3161764705882353,0.457,0.539,0.996,0.223,0.346,0.431,0.0,21,104,61,129,28,0,98,12,80,3,4.992,,1.0
2016,71752,김태균,한화,,True,144,529,0.3648393194706994,0.475,0.569,1.044,0.2039999999999999,0.41,0.454,0.0,23,136,94,193,39,0,108,9,97,1,6.535,,1.0
2017,71752,김태균,한화,,False,94,356,0.3398876404494382,0.413,0.545,0.958,0.205,0.362,0.41,125.6,17,76,51,121,22,0,43,4,56,0,1.625,2.95,1.0
2018,71752,김태균,한화,,False,73,254,0.3149606299212598,0.358,0.476,0.834,0.1609999999999999,0.372,0.366,94.5,10,34,25,80,11,0,13,4,56,0,0.511,1.01,1.0
2019,71752,김태균,한화,,True,127,433,0.3048498845265588,0.382,0.395,0.777,0.09,0.37,0.357,115.7,6,62,47,132,21,0,54,5,94,3,-0.832,3.02,1.0
2020,71752,김태균,한화,,False,67,219,0.2191780821917808,0.316,0.297,0.613,0.0779999999999999,0.26,0.282,57.8,2,29,14,48,11,0,30,2,42,0,-1.183,-0.07,1.0
2021,71752,김태균,한화,,False,1,0,0.0,0.0,0.0,0.0,0.0,0.0,0.0,0.0,0,0,0,0,0,0,0,0,0,0,0.0,0.0,1.0
2019,69207,김태근,두산,,False,9,0,0.0,0.0,0.0,0.0,0.0,0.0,0.0,0.0,0,0,2,0,0,0,0,0,0,1,0.016,0.0,1.0
2022,69207,김태근,두산,,False,2,4,0.5,0.667,0.75,1.417,0.25,0.667,0.602,319.1,0,2,0,2,1,0,1,1,1,0,0.119,0.13,1.0
2023,69207,김태근,두산,,False,41,52,0.2115384615384615,0.226,0.269,0.495,0.057,0.355,0.212,24.4,0,3,9,11,3,0,0,1,21,0,-0.653,-0.45,1.0
2024,69207,김태근,두산,,False,43,23,0.0869565217391304,0.192,0.087,0.279,0.0,0.154,0.15,-21.9,0,1,7,2,0,0,0,3,10,0,-0.56,-0.44,1.0
2025,69207,김태근,삼성,,False,11,12,0.3333333333333333,0.429,0.333,0.762,0.0,0.5,0.36,121.0,0,0,2,4,0,0,2,0,4,0,-0.099,0.07,1.0
2017,66704,김태연,한화,외야수,False,12,21,0.0476190476190476,0.091,0.19,0.281,0.142,0.0,0.121,-51.7,1,2,1,1,0,0,1,0,11,0,-0.374,-0.44,1.0
2018,66704,김태연,한화,외야수,False,24,26,0.1923076923076923,0.276,0.231,0.507,0.039,0.278,0.264,37.4,0,2,7,5,1,0,3,0,8,0,-0.049,-0.25,1.0
2019,66704,김태연,한화,외야수,False,9,4,0.25,0.5,0.5,1.0,0.25,0.5,0.447,185.2,0,0,0,1,1,0,2,0,2,0,-0.01,0.03,1.0
2021,66704,김태연,한화,외야수,False,53,176,0.3011363636363636,0.418,0.42,0.838,0.119,0.373,0.395,147.4,3,34,29,53,12,0,34,5,44,5,1.495,2.07,1.0
2022,66704,김태연,한화,외야수,True,119,404,0.2400990099009901,0.325,0.337,0.662,0.097,0.305,0.313,93.1,7,53,46,97,18,0,48,5,106,3,-2.602,0.98,1.0
2023,66704,김태연,한화,외야수,False,91,245,0.2612244897959184,0.337,0.363,0.7,0.1019999999999999,0.323,0.313,92.1,4,25,25,64,13,0,27,3,59,5,-0.416,0.95,1.0
2024,66704,김태연,한화,외야수,True,126,413,0.2905569007263922,0.363,0.436,0.799,0.145,0.342,0.358,108.4,12,61,59,120,24,0,45,4,89,5,-0.193,2.0,1.0
2025,66704,김태연,한화,외야수,False,120,303,0.2607260726072607,0.329,0.34,0.669,0.079,0.319,0.321,94.9,3,20,40,79,15,0,23,8,62,5,-2.839,1.44,1.0
2026,66704,김태연,한화,외야수,False,90,261,0.2873563218390804,0.364,0.441,0.805,0.154,0.33,0.348,106.1,8,27,43,75,12,2,27,5,51,3,-0.622,1.66,0.757
2013,71255,김태영,두산,,False,1,0,0.0,0.0,0.0,0.0,0.0,0.0,0.0,0.0,0,0,0,0,0,0,0,0,0,0,0.0,,1.0
2014,71255,김태영,KIA,,False,1,0,0.0,0.0,0.0,0.0,0.0,0.0,0.0,0.0,0,0,0,0,0,0,0,0,0,0,0.0,,1.0
2015,71255,김태영,KIA,,False,3,0,0.0,0.0,0.0,0.0,0.0,0.0,0.0,0.0,0,0,0,0,0,0,0,0,0,0,0.0,,1.0
2010,76746,김태완,한화,,True,116,370,0.2648648648648649,0.418,0.422,0.84,0.1569999999999999,0.322,0.388,0.0,15,62,62,98,13,0,86,13,99,7,0.0,,1.0
2010,74158,김태완,LG,,False,72,142,0.2535211267605634,0.321,0.415,0.736,0.1609999999999999,0.302,0.327,0.0,4,19,21,36,11,0,13,2,34,0,0.0,,1.0
2011,74158,김태완,LG,,False,76,202,0.2524752475247525,0.356,0.401,0.757,0.149,0.281,0.326,0.0,6,29,26,51,12,0,31,2,37,4,0.0,,1.0
2012,74158,김태완,LG,,False,58,141,0.2198581560283688,0.311,0.298,0.609,0.0779999999999999,0.244,0.276,0.0,2,14,16,31,5,0,17,2,21,0,0.0,,1.0
2013,74158,김태완,삼성,,False,83,162,0.2716049382716049,0.36,0.444,0.804,0.172,0.297,0.351,0.0,6,19,19,44,10,0,22,2,31,1,0.0,,1.0
2013,76746,김태완,한화,,False,93,279,0.2293906810035842,0.324,0.308,0.632,0.0789999999999999,0.305,0.295,0.0,3,23,24,64,13,0,33,7,78,1,0.0,,1.0
2014,74158,김태완,삼성,,False,65,95,0.3473684210526316,0.421,0.484,0.905,0.137,0.408,0.398,0.0,2,15,14,33,7,0,8,4,17,0,0.259,,1.0
2014,76746,김태완,한화,,False,89,186,0.2580645161290322,0.35,0.414,0.764,0.1559999999999999,0.318,0.347,0.0,7,39,26,48,8,0,24,3,51,0,0.129,,1.0
2015,76746,김태완,한화,,False,22,46,0.2391304347826087,0.3,0.283,0.583,0.0439999999999999,0.367,0.27,0.0,0,3,5,11,2,0,2,2,16,0,-0.376,,1.0
2015,74158,김태완,삼성,,False,4,5,0.0,0.167,0.0,0.167,0.0,0.0,0.12,0.0,0,0,0,0,0,0,1,0,2,0,-0.197,,1.0
2016,76746,김태완,한화,,False,24,20,0.35,0.458,0.5,0.958,0.15,0.583,0.425,0.0,0,0,3,7,1,1,3,1,8,0,-0.132,,1.0
2016,74158,김태완,삼성,,False,34,46,0.1956521739130435,0.269,0.304,0.573,0.1079999999999999,0.258,0.249,0.0,1,9,4,9,2,0,5,0,15,0,-0.262,,1.0
2017,76746,김태완,넥센,,False,46,90,0.3111111111111111,0.38,0.5,0.88,0.189,0.387,0.383,110.1,4,7,14,28,5,0,9,1,24,0,-0.401,0.48,1.0
2018,76746,김태완,넥센,,False,29,66,0.1969696969696969,0.27,0.273,0.543,0.076,0.293,0.244,21.0,1,5,5,13,2,0,5,2,25,0,-1.004,-0.43,1.0
2013,62927,김태우,NC,,False,7,13,0.0,0.071,0.0,0.071,0.0,0.0,0.051,0.0,0,0,1,0,0,0,1,0,5,0,0.0,,1.0
2014,62927,김태우,NC,,False,5,5,0.2,0.2,0.4,0.6,0.2,0.5,0.248,0.0,0,0,0,1,1,0,0,0,3,0,-0.021,,1.0
2017,62927,김태우,NC,,False,3,7,0.4285714285714285,0.429,0.429,0.858,0.0,0.429,0.386,134.8,0,2,0,3,0,0,0,0,0,0,0.07,-0.06,1.0
2025,52803,김태윤,SSG,내야수,False,8,2,0.5,0.75,0.5,1.25,0.0,0.5,0.585,286.8,0,0,0,1,0,0,2,0,0,1,0.033,0.08,1.0
2015,64984,김태진,NC,내야수,False,1,3,0.0,0.0,0.0,0.0,0.0,0.0,0.0,0.0,0,0,0,0,0,0,0,0,0,0,-0.046,,1.0
2016,64984,김태진,NC,내야수,False,2,2,0.5,0.5,0.5,1.0,0.0,0.5,0.45,0.0,0,0,1,1,0,0,0,0,0,0,0.002,,1.0
2018,64984,김태진,NC,내야수,False,20,31,0.3548387096774194,0.412,0.452,0.864,0.097,0.4,0.375,120.8,1,3,5,11,0,0,3,0,5,1,-0.11,-0.02,1.0
2019,64984,김태진,NC,내야수,False,123,374,0.2754010695187165,0.305,0.38,0.685,0.1049999999999999,0.321,0.308,93.2,5,46,44,103,14,5,16,1,67,12,-2.923,1.77,1.0
2020,64984,김태진,KIA,내야수,False,82,263,0.2357414448669201,0.273,0.274,0.547,0.038,0.28,0.251,41.3,1,23,28,62,5,1,13,1,45,7,-1.318,-1.42,1.0
2021,64984,김태진,KIA,내야수,False,99,381,0.2755905511811024,0.314,0.341,0.655,0.065,0.325,0.301,79.0,1,36,43,105,12,5,23,0,64,8,-1.7970000000000002,-0.18,1.0
2022,64984,김태진,키움,내야수,False,77,254,0.2677165354330709,0.315,0.295,0.61,0.0269999999999999,0.302,0.287,74.4,0,20,37,68,5,1,17,1,30,1,-0.767,0.11,1.0
2023,64984,김태진,키움,내야수,False,74,200,0.275,0.292,0.3,0.592,0.0249999999999999,0.306,0.284,71.4,0,16,17,55,5,0,5,1,23,0,-2.384,-0.08,1.0
2024,64984,김태진,키움,내야수,False,81,189,0.2222222222222222,0.249,0.286,0.535,0.0639999999999999,0.258,0.234,26.3,0,10,26,42,6,3,7,0,27,0,-1.755,-0.99,1.0
2025,64984,김태진,키움,내야수,False,94,279,0.2329749103942652,0.281,0.341,0.622,0.108,0.268,0.275,65.3,5,25,27,65,11,2,20,0,53,1,-1.661,-0.08,1.0
2026,64984,김태진,키움,내야수,False,11,15,0.1333333333333333,0.235,0.133,0.368,0.0,0.2,0.191,4.0,0,0,2,2,0,0,2,0,5,0,-0.602,-0.14,0.757
2012,76430,김태혁,넥센,투수,False,3,0,0.0,0.0,0.0,0.0,0.0,0.0,0.0,0.0,0,0,0,0,0,0,0,0,0,0,0.0,,1.0
2017,76430,김태혁,넥센,투수,False,1,0,0.0,0.0,0.0,0.0,0.0,0.0,0.0,0.0,0,0,0,0,0,0,0,0,0,0,0.0,0.0,1.0
2020,76430,김태혁,키움,투수,False,1,0,0.0,0.0,0.0,0.0,0.0,0.0,0.0,0.0,0,0,0,0,0,0,0,0,0,0,0.0,0.0,1.0
2021,76430,김태혁,SSG,투수,False,3,0,0.0,0.0,0.0,0.0,0.0,0.0,0.0,0.0,0,0,0,0,0,0,0,0,0,0,0.0,0.0,1.0
2023,76430,김태혁,롯데,투수,False,1,0,0.0,0.0,0.0,0.0,0.0,0.0,0.0,0.0,0,0,0,0,0,0,0,0,0,0,0.0,0.0,1.0
2024,76430,김태혁,롯데,투수,False,1,0,0.0,0.0,0.0,0.0,0.0,0.0,0.0,0.0,0,0,0,0,0,0,0,0,0,0,0.0,0.0,1.0
2025,76430,김태혁,롯데,투수,False,1,0,0.0,0.0,0.0,0.0,0.0,0.0,0.0,0.0,0,0,0,0,0,0,0,0,0,0,0.0,0.0,1.0
2021,67956,김태현,NC,투수,False,1,0,0.0,0.0,0.0,0.0,0.0,0.0,0.0,0.0,0,0,0,0,0,0,0,0,0,0,0.0,0.0,1.0
2011,60630,김태훈,KIA,,False,3,5,0.0,0.0,0.0,0.0,0.0,0.0,0.0,0.0,0,0,0,0,0,0,0,0,1,0,0.0,,1.0
2012,79847,김태훈,SK,,False,1,0,0.0,0.0,0.0,0.0,0.0,0.0,0.0,0.0,0,0,0,0,0,0,0,0,0,0,0.0,,1.0
2015,65040,김태훈,KT,외야수,False,22,43,0.2093023255813953,0.205,0.302,0.507,0.093,0.296,0.216,0.0,1,2,3,9,1,0,0,0,16,0,-0.484,,1.0
2016,79847,김태훈,SK,,False,1,0,0.0,0.0,0.0,0.0,0.0,0.0,0.0,0.0,0,0,0,0,0,0,0,0,0,0,0.0,,1.0
2019,79847,김태훈,SK,,False,1,0,0.0,0.0,0.0,0.0,0.0,0.0,0.0,0.0,0,0,0,0,0,0,0,0,0,0,0.0,0.0,1.0
2020,65040,김태훈,KT,외야수,False,2,3,0.0,0.0,0.0,0.0,0.0,0.0,0.0,-126.2,0,0,0,0,0,0,0,0,1,0,-0.001,-0.08,1.0
2020,79847,김태훈,SK,,False,2,0,0.0,0.0,0.0,0.0,0.0,0.0,0.0,0.0,0,0,0,0,0,0,0,0,0,0,0.0,0.0,1.0
2021,65040,김태훈,KT,외야수,False,44,87,0.2298850574712643,0.256,0.333,0.589,0.103,0.284,0.266,51.2,1,6,6,20,4,1,2,1,19,1,-0.273,-0.11,1.0
2021,62360,김태훈,키움,투수,False,5,0,0.0,0.0,0.0,0.0,0.0,0.0,0.0,0.0,0,0,0,0,0,0,0,0,0,0,0.0,0.0,1.0
2021,79847,김태훈,SSG,,False,1,0,0.0,0.0,0.0,0.0,0.0,0.0,0.0,0.0,0,0,0,0,0,0,0,0,0,0,0.0,0.0,1.0
2022,62360,김태훈,키움,투수,False,1,0,0.0,0.0,0.0,0.0,0.0,0.0,0.0,0.0,0,0,0,0,0,0,0,0,0,0,0.0,0.0,1.0
2022,65040,김태훈,KT,외야수,False,7,10,0.0,0.0,0.0,0.0,0.0,0.0,0.0,-140.8,0,0,0,0,0,0,0,0,2,0,-0.281,-0.25,1.0
2023,65040,김태훈,삼성,외야수,False,11,21,0.0952380952380952,0.095,0.143,0.238,0.0479999999999999,0.167,0.097,-69.0,0,1,0,2,1,0,0,0,9,0,-0.429,-0.29,1.0
2023,62360,김태훈,삼성,투수,False,2,0,0.0,0.0,0.0,0.0,0.0,0.0,0.0,0.0,0,0,0,0,0,0,0,0,0,0,0.0,0.0,1.0
2024,65040,김태훈,삼성,외야수,False,12,20,0.2,0.238,0.25,0.488,0.0499999999999999,0.235,0.223,19.9,0,1,2,4,1,0,0,1,3,0,-0.381,-0.17,1.0
2024,62360,김태훈,삼성,투수,False,1,0,0.0,0.0,0.0,0.0,0.0,0.0,0.0,0.0,0,0,0,0,0,0,0,0,0,0,0.0,0.0,1.0
2025,65040,김태훈,삼성,외야수,False,51,93,0.2365591397849462,0.26,0.312,0.572,0.075,0.299,0.258,45.7,2,8,4,22,1,0,3,0,24,1,-0.429,-0.3,1.0
2025,55995,김태훈,NC,투수,False,1,0,0.0,0.0,0.0,0.0,0.0,0.0,0.0,0.0,0,0,0,0,0,0,0,0,0,0,0.0,0.0,1.0
2025,62360,김태훈,삼성,투수,False,1,0,0.0,0.0,0.0,0.0,0.0,0.0,0.0,0.0,0,0,0,0,0,0,0,0,0,0,0.0,0.0,1.0
2026,65040,김태훈,삼성,외야수,False,4,7,0.1428571428571428,0.25,0.286,0.536,0.143,0.167,0.245,35.3,0,0,0,1,1,0,1,0,1,0,-0.144,-0.04,0.757
2024,54263,김택연,두산,투수,False,1,0,0.0,0.0,0.0,0.0,0.0,0.0,0.0,0.0,0,0,0,0,0,0,0,0,0,0,0.0,0.0,1.0
2025,54263,김택연,두산,투수,False,5,0,0.0,0.0,0.0,0.0,0.0,0.0,0.0,0.0,0,0,0,0,0,0,0,0,0,0,0.0,0.0,1.0
2015,65343,김택형,넥센,투수,False,1,0,0.0,0.0,0.0,0.0,0.0,0.0,0.0,0.0,0,0,0,0,0,0,0,0,0,0,0.0,,1.0
2016,65343,김택형,넥센,투수,False,1,0,0.0,1.0,0.0,0.0,0.0,0.0,0.72,0.0,0,0,0,0,0,0,1,0,0,0,0.015,,1.0
2021,65343,김택형,SSG,투수,False,3,0,0.0,0.0,0.0,0.0,0.0,0.0,0.0,0.0,0,0,0,0,0,0,0,0,0,0,0.0,0.0,1.0
2022,65343,김택형,SSG,투수,False,1,0,0.0,0.0,0.0,0.0,0.0,0.0,0.0,0.0,0,0,0,0,0,0,0,0,0,0,0.0,0.0,1.0
2025,65343,김택형,SSG,투수,False,1,0,0.0,0.0,0.0,0.0,0.0,0.0,0.0,0.0,0,0,0,0,0,0,0,0,0,0,0.0,0.0,1.0
2014,64300,김하성,넥센,유격수,False,60,48,0.188,0.298,0.396,0.694,0.208,0.206,0.309,0.0,2,7,17,9,2,1,8,0,13,4,-0.607,,1.0
2015,64300,김하성,넥센,유격수,True,140,511,0.2896281800391389,0.362,0.489,0.851,0.199,0.337,0.37,0.0,19,73,89,148,35,5,56,5,115,22,-0.434,,1.0
2016,64300,김하성,넥센,유격수,True,144,526,0.2813688212927757,0.358,0.477,0.835,0.1959999999999999,0.297,0.363,0.0,20,84,92,148,29,7,60,6,80,28,0.736,,1.0
2017,64300,김하성,넥센,유격수,True,141,526,0.3022813688212927,0.376,0.513,0.889,0.211,0.306,0.393,114.3,23,114,90,159,36,3,58,8,65,16,1.946,4.53,1.0
2018,64300,김하성,넥센,유격수,True,129,511,0.2876712328767123,0.358,0.474,0.832,0.186,0.306,0.364,98.7,20,84,95,147,27,4,54,5,81,8,-0.376,2.66,1.0
2019,64300,김하성,키움,유격수,True,139,540,0.3074074074074074,0.389,0.491,0.88,0.184,0.328,0.388,141.8,19,104,112,166,38,2,70,7,80,33,2.705,5.55,1.0
2020,64300,김하성,키움,유격수,True,138,533,0.3058161350844278,0.397,0.523,0.92,0.217,0.304,0.407,152.6,30,109,111,163,24,1,75,8,68,23,2.463,6.42,1.0
2016,64960,김학성,NC,,False,1,0,0.0,0.0,0.0,0.0,0.0,0.0,0.0,0.0,0,0,0,0,0,0,0,0,0,0,0.0,,1.0
2022,50902,김한별,NC,내야수,False,24,21,0.0952380952380952,0.095,0.095,0.19,0.0,0.133,0.078,-81.1,0,0,0,2,0,0,0,0,6,0,-0.432,-0.55,1.0
2023,50902,김한별,NC,내야수,False,79,97,0.2164948453608247,0.262,0.237,0.499,0.0209999999999999,0.284,0.237,37.1,0,4,8,21,0,1,4,2,23,0,-0.764,-0.45,1.0
2024,50902,김한별,NC,내야수,False,40,44,0.3181818181818182,0.4,0.341,0.741,0.023,0.4,0.348,103.3,0,3,8,14,1,0,2,4,9,0,-0.167,0.24,1.0
2025,50902,김한별,NC,내야수,False,76,64,0.3125,0.371,0.344,0.715,0.0309999999999999,0.339,0.333,106.7,0,5,14,20,2,0,3,3,5,1,-0.301,0.47,1.0
2026,50902,김한별,NC,내야수,False,65,97,0.2371134020618557,0.378,0.299,0.677,0.062,0.311,0.343,105.7,0,7,23,23,6,0,15,7,23,2,0.102,0.73,0.757
2025,55221,김한중,두산,투수,False,1,0,0.0,0.0,0.0,0.0,0.0,0.0,0.0,0.0,0,0,0,0,0,0,0,0,0,0,0.0,0.0,1.0
2026,56595,김한홀,롯데,외야수,False,7,1,0.0,0.0,0.0,0.0,0.0,0.0,0.0,-129.4,0,0,1,0,0,0,0,0,1,1,0.037,-0.01,0.757
2011,61404,김헌곤,삼성,외야수,False,11,12,0.0833333333333333,0.083,0.083,0.166,0.0,0.167,0.075,0.0,0,0,0,1,0,0,0,0,6,0,0.0,,1.0
2012,61404,김헌곤,삼성,외야수,False,10,18,0.1111111111111111,0.111,0.167,0.278,0.056,0.133,0.119,0.0,0,3,1,2,1,0,0,0,3,0,0.0,,1.0
2013,61404,김헌곤,삼성,외야수,False,7,3,0.0,0.0,0.0,0.0,0.0,0.0,0.0,0.0,0,0,0,0,0,0,0,0,2,0,0.0,,1.0
2014,61404,김헌곤,삼성,외야수,False,76,123,0.2601626016260163,0.359,0.423,0.782,0.1629999999999999,0.29,0.346,0.0,3,20,17,32,5,3,13,6,20,2,0.365,,1.0
2017,61404,김헌곤,삼성,외야수,False,123,356,0.2640449438202247,0.331,0.388,0.719,0.124,0.279,0.32,74.8,9,47,51,94,13,2,29,8,45,11,-1.7029999999999998,1.35,1.0
2018,61404,김헌곤,삼성,외야수,True,141,513,0.3001949317738791,0.375,0.423,0.798,0.123,0.328,0.362,95.4,11,71,77,154,26,2,54,10,70,22,-2.525,4.24,1.0
2019,61404,김헌곤,삼성,외야수,True,114,411,0.2968369829683698,0.361,0.387,0.748,0.09,0.315,0.339,95.9,5,46,57,122,20,1,37,8,41,10,-1.621,2.98,1.0
2020,61404,김헌곤,삼성,외야수,False,97,254,0.2480314960629921,0.312,0.315,0.627,0.067,0.269,0.298,56.6,3,34,26,63,8,0,22,3,31,7,-1.848,0.53,1.0
2021,61404,김헌곤,삼성,외야수,False,118,317,0.2807570977917981,0.355,0.356,0.711,0.0749999999999999,0.313,0.335,100.9,4,27,38,89,8,2,34,5,46,5,-1.977,1.98,1.0
2022,61404,김헌곤,삼성,외야수,False,80,224,0.1919642857142857,0.224,0.241,0.465,0.0489999999999999,0.206,0.243,37.9,1,20,18,43,8,0,9,1,22,3,-2.852,-0.38,1.0
2023,61404,김헌곤,삼성,외야수,False,6,4,0.0,0.0,0.0,0.0,0.0,0.0,0.0,-140.2,0,0,0,0,0,0,0,0,1,0,-0.043,-0.1,1.0
2024,61404,김헌곤,삼성,외야수,False,117,281,0.302491103202847,0.358,0.434,0.792,0.132,0.341,0.36,104.3,9,34,43,85,8,1,22,3,50,4,0.022,0.97,1.0
2025,61404,김헌곤,삼성,외야수,False,77,173,0.2254335260115607,0.286,0.295,0.581,0.0699999999999999,0.259,0.263,50.1,2,11,21,39,6,0,11,4,29,2,-1.843,-0.67,1.0
2026,61404,김헌곤,삼성,외야수,False,64,81,0.2716049382716049,0.302,0.321,0.623,0.0489999999999999,0.319,0.279,58.0,0,5,10,22,2,1,4,0,13,1,-0.469,-0.33,0.757
2013,77748,김혁민,한화,,False,1,0,0.0,0.0,0.0,0.0,0.0,0.0,0.0,0.0,0,0,0,0,0,0,0,0,0,0,0.0,,1.0
2010,76290,김현수,두산,외야수,True,132,473,0.3171247357293869,0.414,0.531,0.945,0.214,0.321,0.405,0.0,24,89,88,150,29,0,78,6,64,4,0.0,,1.0
2011,76290,김현수,두산,외야수,True,130,475,0.3010526315789473,0.392,0.444,0.836,0.143,0.319,0.378,0.0,13,91,71,143,25,2,71,6,63,5,0.0,,1.0
2012,76290,김현수,두산,외야수,True,122,437,0.2906178489702517,0.358,0.382,0.74,0.091,0.312,0.333,0.0,7,65,47,127,17,1,46,3,50,6,0.0,,1.0
2013,76290,김현수,두산,외야수,True,122,434,0.3018433179723502,0.382,0.47,0.852,0.1679999999999999,0.32,0.373,0.0,16,90,63,131,23,1,62,2,71,2,0.0,,1.0
2014,76290,김현수,두산,외야수,True,125,463,0.3218142548596112,0.396,0.488,0.884,0.1659999999999999,0.325,0.396,0.0,17,90,75,149,26,0,53,7,45,2,3.426,,1.0
2015,76290,김현수,두산,외야수,True,141,512,0.326171875,0.438,0.541,0.979,0.215,0.323,0.423,0.0,28,121,103,167,26,0,101,8,63,11,4.708,,1.0
2018,76290,김현수,LG,외야수,True,117,453,0.3620309050772627,0.415,0.589,1.004,0.2269999999999999,0.377,0.432,176.1,20,101,95,164,39,2,47,1,61,1,2.765,6.47,1.0
2019,76290,김현수,LG,외야수,True,140,526,0.3041825095057034,0.37,0.437,0.807,0.133,0.316,0.355,138.2,11,82,75,160,37,0,54,6,52,3,1.522,4.6,1.0
2020,76290,김현수,LG,외야수,True,142,547,0.3308957952468007,0.397,0.523,0.92,0.192,0.332,0.4,158.0,22,119,98,181,35,2,63,2,53,0,3.818,6.78,1.0
2021,76290,김현수,LG,외야수,True,140,506,0.2845849802371542,0.376,0.435,0.811,0.15,0.279,0.365,128.5,17,96,70,144,23,1,77,3,42,3,0.891,3.73,1.0
2022,76290,김현수,LG,외야수,True,141,524,0.2862595419847328,0.375,0.473,0.848,0.187,0.287,0.37,138.2,23,106,78,150,25,2,71,5,62,2,1.153,4.66,1.0
2023,76290,김현수,LG,외야수,True,133,488,0.2930327868852459,0.364,0.383,0.747,0.09,0.314,0.341,114.3,6,88,53,143,22,2,58,1,53,2,0.399,2.6,1.0
2024,76290,김현수,LG,외야수,True,137,517,0.2940038684719536,0.357,0.418,0.775,0.124,0.326,0.343,103.2,8,69,61,152,36,2,47,9,76,6,-1.428,2.36,1.0
2025,76290,김현수,LG,외야수,True,140,483,0.2981366459627329,0.384,0.422,0.806,0.124,0.331,0.364,131.4,12,90,66,144,24,0,64,4,73,4,1.089,3.86,1.0
2025,69516,김현수,KIA,투수,False,1,0,0.0,0.0,0.0,0.0,0.0,0.0,0.0,0.0,0,0,0,0,0,0,0,0,0,0,0.0,0.0,1.0
2026,76290,김현수,KT,외야수,True,102,411,0.2798053527980535,0.346,0.404,0.75,0.124,0.299,0.337,98.6,9,69,50,115,24,0,41,3,52,0,1.406,1.75,0.757
2024,54166,김현종,LG,외야수,False,17,15,0.2,0.25,0.267,0.517,0.067,0.273,0.294,71.2,0,2,8,3,1,0,0,1,4,0,0.076,-0.01,1.0
2025,54166,김현종,LG,외야수,False,10,5,0.4,0.5,0.6,1.1,0.1999999999999999,0.5,0.477,210.6,0,0,3,2,1,0,1,0,1,0,0.016,0.09,1.0
2026,54166,김현종,LG,외야수,False,18,12,0.1666666666666666,0.167,0.167,0.334,0.0,0.25,0.15,-23.9,0,0,2,2,0,0,0,0,4,0,-0.092,-0.15,0.757
2020,66630,김현준,KIA,,False,1,0,0.0,0.0,0.0,0.0,0.0,0.0,0.0,0.0,0,0,0,0,0,0,0,0,0,0,0.0,0.0,1.0
2021,51417,김현준,삼성,외야수,False,13,4,0.25,0.25,0.25,0.5,0.0,0.25,0.225,24.4,0,0,2,1,0,0,0,0,0,0,-0.015,-0.03,1.0
2022,51417,김현준,삼성,외야수,False,118,363,0.2754820936639118,0.365,0.35,0.715,0.0749999999999999,0.353,0.338,109.4,0,22,57,100,19,4,45,6,80,6,-0.142,2.53,1.0
2023,51417,김현준,삼성,외야수,True,109,433,0.2748267898383372,0.327,0.346,0.673,0.0709999999999999,0.332,0.312,88.8,3,46,62,119,10,6,30,5,84,5,-1.473,1.49,1.0
2024,51417,김현준,삼성,외야수,False,79,183,0.2240437158469945,0.279,0.29,0.569,0.0659999999999999,0.299,0.271,50.7,0,11,23,41,10,1,11,4,49,2,-1.946,-0.13,1.0
2026,51417,김현준,삼성,외야수,False,23,35,0.2857142857142857,0.422,0.371,0.793,0.085,0.385,0.369,119.1,0,9,7,10,3,0,5,4,10,0,0.35,0.28,0.757
2018,68912,김형준,NC,포수,False,60,81,0.1604938271604938,0.236,0.173,0.409,0.0129999999999999,0.265,0.2,12.5,0,2,6,13,1,0,7,1,32,0,-1.13,-1.04,1.0
2019,68912,김형준,NC,포수,False,55,107,0.2242990654205607,0.278,0.327,0.605,0.103,0.272,0.27,60.7,2,9,13,24,5,0,8,0,24,0,-1.26,-0.09,1.0
2020,68912,김형준,NC,포수,False,44,72,0.3055555555555556,0.39,0.444,0.834,0.138,0.396,0.372,116.5,3,11,12,22,1,0,10,0,21,0,-0.383,0.54,1.0
2023,68912,김형준,NC,포수,False,26,72,0.2361111111111111,0.321,0.514,0.835,0.278,0.262,0.351,115.8,6,13,10,17,2,0,8,1,24,0,0.012,0.5,1.0
2024,68912,김형준,NC,포수,False,119,354,0.1949152542372881,0.285,0.373,0.658,0.178,0.261,0.285,59.5,17,50,39,69,12,0,45,2,144,0,-2.877,-0.31,1.0
2025,68912,김형준,NC,포수,False,127,362,0.2320441988950276,0.32,0.414,0.734,0.1819999999999999,0.3,0.325,97.6,18,55,51,84,10,1,45,3,126,3,-0.149,2.27,1.0
2026,68912,김형준,NC,포수,False,89,245,0.2408163265306122,0.323,0.408,0.731,0.1669999999999999,0.32,0.324,88.5,11,43,30,59,6,1,26,5,87,0,-0.847,0.94,0.757
2010,73827,김형철,KIA,,False,9,9,0.1111111111111111,0.111,0.111,0.222,0.0,0.167,0.1,0.0,0,0,1,1,0,0,0,0,3,0,0.0,,1.0
2017,67304,김혜성,넥센,내야수,False,16,16,0.188,0.235,0.313,0.548,0.125,0.3,0.241,18.6,0,2,1,3,2,0,1,0,6,0,-0.036,-0.13,1.0
2018,67304,김혜성,넥센,내야수,True,136,430,0.2697674418604651,0.328,0.367,0.695,0.0969999999999999,0.36,0.318,71.0,5,45,79,116,15,6,33,5,119,31,-0.902,0.63,1.0
2019,67304,김혜성,키움,내야수,False,122,348,0.2758620689655172,0.332,0.362,0.694,0.0859999999999999,0.36,0.311,83.0,0,32,57,96,16,7,29,2,85,20,-0.742,0.82,1.0
2020,67304,김혜성,키움,내야수,True,142,499,0.2845691382765531,0.345,0.399,0.744,0.114,0.336,0.339,101.6,7,61,80,142,24,6,46,2,94,25,-0.123,2.93,1.0
2021,67304,김혜성,키움,내야수,True,144,559,0.3041144901610018,0.372,0.367,0.739,0.063,0.356,0.342,104.5,3,66,99,170,20,3,65,1,97,46,-0.882,3.49,1.0
2022,67304,김혜성,키움,내야수,True,129,516,0.3178294573643411,0.373,0.403,0.776,0.085,0.37,0.358,123.7,4,48,81,164,18,7,47,0,83,34,-0.368,4.71,1.0
2023,67304,김혜성,키움,내야수,True,137,556,0.3345323741007194,0.396,0.446,0.842,0.1109999999999999,0.375,0.384,142.2,7,57,104,186,29,6,57,3,77,25,0.154,6.12,1.0
2024,67304,김혜성,키움,내야수,True,127,509,0.3261296660117878,0.383,0.458,0.841,0.132,0.35,0.371,117.1,11,75,90,166,26,4,47,4,62,30,0.748,4.07,1.0
2015,65653,김호령,KIA,외야수,False,103,257,0.2178988326848249,0.274,0.284,0.558,0.0659999999999999,0.318,0.25,0.0,1,21,31,56,10,2,15,5,83,11,-2.447,,1.0
2016,65653,김호령,KIA,외야수,True,124,453,0.2671081677704194,0.333,0.373,0.706,0.1059999999999999,0.329,0.32,0.0,8,41,72,121,18,3,36,10,104,19,-1.186,,1.0
2017,65653,김호령,KIA,외야수,False,98,90,0.2666666666666666,0.343,0.389,0.732,0.122,0.343,0.352,99.7,1,11,31,24,6,1,9,2,23,3,-0.6,0.69,1.0
2020,65653,김호령,KIA,외야수,False,89,138,0.2318840579710145,0.314,0.384,0.698,0.152,0.35,0.31,82.1,4,16,36,32,5,2,14,3,55,3,-0.814,0.41,1.0
2021,65653,김호령,KIA,외야수,False,62,130,0.2076923076923077,0.322,0.315,0.637,0.107,0.28,0.299,79.7,4,15,16,27,2,0,16,6,44,4,-1.173,0.48,1.0
2022,65653,김호령,KIA,외야수,False,54,77,0.2727272727272727,0.333,0.351,0.684,0.0779999999999999,0.37,0.306,89.3,1,8,21,21,1,1,7,0,22,2,-0.854,0.35,1.0
2023,65653,김호령,KIA,외야수,False,76,95,0.1789473684210526,0.25,0.253,0.503,0.074,0.298,0.226,29.1,0,6,16,17,7,0,8,1,38,1,-1.17,-0.5,1.0
2024,65653,김호령,KIA,외야수,False,64,59,0.135593220338983,0.239,0.22,0.459,0.0839999999999999,0.212,0.219,20.1,1,4,12,8,2,0,8,0,25,3,-0.214,-0.59,1.0
2025,65653,김호령,KIA,외야수,False,105,332,0.2831325301204819,0.359,0.434,0.793,0.151,0.378,0.35,118.6,6,39,46,94,26,3,34,6,94,12,-1.109,3.13,1.0
2026,65653,김호령,KIA,외야수,True,104,402,0.2636815920398009,0.311,0.42,0.731,0.1559999999999999,0.342,0.335,99.0,12,51,61,106,23,2,27,3,120,13,-1.477,2.82,0.757
2020,66113,김호은,LG,,False,69,103,0.2427184466019417,0.304,0.35,0.654,0.1069999999999999,0.264,0.31,99.0,2,11,12,25,5,0,7,2,14,0,0.292,0.31,1.0
2021,66113,김호은,LG,,False,7,9,0.0,0.0,0.0,0.0,0.0,0.0,0.0,-131.0,0,0,0,0,0,0,0,0,4,0,-0.279,-0.22,1.0
2022,66113,김호은,LG,,False,2,2,0.0,0.0,0.0,0.0,0.0,0.0,0.0,-137.3,0,0,0,0,0,0,0,0,1,0,-0.068,-0.04,1.0
2018,64407,김호재,삼성,,False,10,6,0.1666666666666666,0.167,0.167,0.334,0.0,0.25,0.129,-45.4,0,0,1,1,0,0,0,0,2,0,-0.105,-0.2,1.0
2019,64407,김호재,삼성,,False,28,32,0.21875,0.242,0.25,0.492,0.031,0.28,0.223,13.3,0,0,1,7,1,0,1,0,7,0,-0.132,-0.07,1.0
2020,64407,김호재,삼성,,False,65,118,0.3220338983050847,0.416,0.39,0.806,0.068,0.378,0.374,107.8,1,10,19,38,5,0,16,3,19,2,-0.282,0.87,1.0
2021,64407,김호재,삼성,,False,87,75,0.2266666666666666,0.322,0.253,0.575,0.0259999999999999,0.274,0.266,53.1,0,7,9,17,2,0,9,2,14,0,-0.255,-0.21,1.0
2022,64407,김호재,삼성,,False,21,28,0.1428571428571428,0.172,0.179,0.351,0.036,0.211,0.192,1.1,0,1,1,4,1,0,1,0,9,0,-0.449,-0.28,1.0
2023,64407,김호재,삼성,,False,75,116,0.2155172413793103,0.254,0.276,0.53,0.06,0.253,0.252,44.6,0,9,6,25,7,0,6,0,17,2,-1.125,-0.29,1.0
2024,68269,김호준,두산,투수,False,2,0,0.0,0.0,0.0,0.0,0.0,0.0,0.0,0.0,0,0,0,0,0,0,0,0,0,0,0.0,0.0,1.0
2025,68269,김호준,두산,투수,False,1,0,0.0,0.0,0.0,0.0,0.0,0.0,0.0,0.0,0,0,0,0,0,0,0,0,0,0,0.0,0.0,1.0
2024,54460,김호진,삼성,내야수,False,26,29,0.0689655172413793,0.125,0.069,0.194,0.0,0.105,0.102,-57.9,0,3,4,2,0,0,1,1,11,0,-0.531,-0.53,1.0
2025,54460,김호진,삼성,내야수,False,1,0,0.0,0.0,0.0,0.0,0.0,0.0,0.0,0.0,0,0,0,0,0,0,0,0,0,0,0.0,0.0,1.0
2010,79705,김회성,한화,,False,11,17,0.0,0.105,0.0,0.105,0.0,0.0,0.076,0.0,0,0,0,0,0,0,2,0,7,0,0.0,,1.0
2011,79705,김회성,한화,,False,37,49,0.1428571428571428,0.259,0.327,0.586,0.184,0.172,0.274,0.0,2,6,5,7,3,0,5,3,19,0,0.0,,1.0
2014,79705,김회성,한화,,False,59,140,0.2357142857142857,0.321,0.436,0.757,0.2,0.3,0.324,0.0,6,18,21,33,8,1,14,4,45,0,-0.819,,1.0
2015,79705,김회성,한화,,False,83,225,0.2088888888888889,0.321,0.484,0.805,0.275,0.203,0.341,0.0,16,35,36,47,10,2,28,10,58,2,-1.434,,1.0
2016,79705,김회성,한화,,False,28,45,0.2,0.345,0.267,0.612,0.067,0.276,0.295,0.0,1,8,12,9,0,0,9,2,17,0,0.042,,1.0
2017,79705,김회성,한화,,False,54,85,0.2352941176470588,0.343,0.388,0.731,0.153,0.283,0.324,79.2,3,13,10,20,4,0,13,2,24,0,0.474,0.13,1.0
2018,79705,김회성,한화,,False,58,85,0.2588235294117647,0.364,0.459,0.823,0.2,0.327,0.37,98.5,4,17,15,22,5,0,11,3,26,1,-0.092,0.54,1.0
2019,79705,김회성,한화,,False,58,104,0.2307692307692307,0.302,0.356,0.658,0.1249999999999999,0.269,0.291,70.7,3,18,7,24,4,0,11,0,24,2,-0.018,0.3,1.0
2020,79705,김회성,한화,,False,15,18,0.1666666666666666,0.304,0.222,0.526,0.0549999999999999,0.231,0.275,58.2,0,1,1,3,1,0,3,1,6,0,-0.248,-0.06,1.0
2010,76454,김효남,삼성,,False,1,0,0.0,0.0,0.0,0.0,0.0,0.0,0.0,0.0,0,0,0,0,0,0,0,0,0,0,0.0,,1.0
2013,76454,김효남,LG,,False,1,0,0.0,0.0,0.0,0.0,0.0,0.0,0.0,0.0,0,0,0,0,0,0,0,0,0,0,0.0,,1.0
2021,51344,김휘집,키움,내야수,False,34,70,0.1285714285714285,0.279,0.186,0.465,0.0569999999999999,0.17,0.229,28.9,1,8,9,9,1,0,13,2,23,1,-0.606,-0.68,1.0
2022,51344,김휘집,키움,내야수,False,112,333,0.2222222222222222,0.326,0.336,0.662,0.114,0.308,0.301,86.5,8,36,40,74,12,1,39,14,115,0,-2.507,0.98,1.0
2023,51344,김휘집,키움,내야수,False,110,369,0.2493224932249322,0.338,0.374,0.712,0.125,0.31,0.321,100.7,8,51,46,92,22,0,48,5,97,0,-1.954,1.61,1.0
2024,51344,김휘집,NC,내야수,True,140,488,0.2581967213114754,0.337,0.41,0.747,0.1519999999999999,0.305,0.332,90.8,16,73,78,126,24,1,52,10,119,4,-3.145,1.33,1.0
2025,51344,김휘집,NC,내야수,True,142,429,0.2494172494172494,0.349,0.42,0.769,0.1709999999999999,0.277,0.35,116.0,17,56,64,107,18,2,40,27,89,10,0.097,2.33,1.0
2026,51344,김휘집,NC,내야수,False,46,142,0.2464788732394366,0.363,0.479,0.842,0.2329999999999999,0.257,0.362,115.0,8,34,25,35,9,0,20,7,31,4,0.606,0.88,0.757
2014,64492,김희석,삼성,,False,2,0,0.0,0.0,0.0,0.0,0.0,0.0,0.0,0.0,0,0,0,0,0,0,0,0,0,0,0.0,,1.0
2016,66508,나경민,롯데,,False,35,56,0.2321428571428571,0.323,0.268,0.591,0.036,0.333,0.289,0.0,0,3,13,13,2,0,8,0,18,3,-0.388,,1.0
2017,66508,나경민,롯데,,False,97,117,0.2564102564102564,0.307,0.359,0.666,0.1029999999999999,0.363,0.306,61.1,1,11,37,30,5,2,7,2,37,20,-0.463,0.3,1.0
2018,66508,나경민,롯데,,False,87,57,0.2631578947368421,0.4,0.298,0.698,0.0349999999999999,0.417,0.346,87.1,0,1,23,15,2,0,10,3,21,12,-0.413,0.17,1.0
2019,66508,나경민,롯데,,False,45,45,0.2,0.265,0.289,0.554,0.0889999999999999,0.273,0.252,42.9,0,7,10,9,0,2,3,1,12,2,-0.02,-0.09,1.0
2017,67539,나균안,롯데,투수,False,5,4,0.0,0.0,0.0,0.0,0.0,0.0,0.23,13.6,0,0,0,0,0,0,0,0,2,0,-0.007,-0.01,1.0
2018,67539,나균안,롯데,투수,False,106,177,0.1242937853107344,0.201,0.175,0.376,0.0509999999999999,0.222,0.178,-17.5,2,11,15,22,3,0,12,5,85,0,-2.03,-2.44,1.0
2019,67539,나균안,롯데,투수,False,104,185,0.1243243243243243,0.188,0.195,0.383,0.071,0.208,0.178,-18.1,3,13,12,23,4,0,9,6,88,0,-2.889,-1.96,1.0
2021,67539,나균안,롯데,투수,False,1,0,0.0,0.0,0.0,0.0,0.0,0.0,0.0,0.0,0,0,0,0,0,0,0,0,0,0,0.0,0.0,1.0
2014,64440,나바로,삼성,,True,125,500,0.308,0.417,0.552,0.969,0.244,0.305,0.421,0.0,31,98,118,154,27,1,96,1,71,25,3.972,,1.0
2015,64440,나바로,삼성,,True,140,534,0.2865168539325842,0.393,0.596,0.989,0.309,0.248,0.415,0.0,48,137,126,153,19,1,93,6,72,22,2.727,,1.0
2013,62947,나성범,NC,외야수,True,104,404,0.2425742574257425,0.319,0.416,0.735,0.173,0.279,0.333,0.0,14,64,55,98,18,5,33,15,95,12,0.0,,1.0
2014,62947,나성범,NC,외야수,True,123,477,0.3291404612159329,0.4,0.597,0.997,0.2679999999999999,0.397,0.433,0.0,30,101,88,157,28,5,42,15,128,14,2.861,,1.0
2015,62947,나성범,NC,외야수,True,144,564,0.3262411347517731,0.373,0.553,0.926,0.227,0.374,0.396,0.0,28,135,112,184,34,5,32,15,127,23,1.832,,1.0
2016,62947,나성범,NC,외야수,True,144,572,0.3094405594405594,0.388,0.497,0.885,0.188,0.371,0.389,0.0,22,113,116,177,37,2,67,9,136,7,1.681,,1.0
2017,62947,나성범,NC,외야수,True,125,498,0.3473895582329317,0.415,0.584,0.999,0.237,0.413,0.429,150.9,24,99,103,173,42,2,48,12,116,17,3.274,5.55,1.0
2018,62947,나성범,NC,외야수,True,144,556,0.3183453237410072,0.381,0.518,0.899,0.2,0.378,0.398,131.4,23,91,110,177,36,3,44,15,131,15,2.851,5.63,1.0
2019,62947,나성범,NC,외야수,False,23,93,0.3655913978494624,0.443,0.645,1.088,0.279,0.476,0.462,203.0,4,14,19,34,12,1,12,1,26,2,0.279,1.76,1.0
2020,62947,나성범,NC,외야수,True,130,525,0.3238095238095238,0.39,0.596,0.986,0.2719999999999999,0.395,0.424,146.3,34,112,115,170,37,2,49,9,148,3,2.566,6.07,1.0
2021,62947,나성범,NC,외야수,True,144,570,0.2807017543859649,0.335,0.509,0.844,0.2279999999999999,0.329,0.367,118.8,33,101,96,160,29,1,38,11,155,1,1.329,3.48,1.0
2022,62947,나성범,KIA,외야수,True,144,563,0.3197158081705151,0.402,0.508,0.91,0.188,0.388,0.409,161.8,21,97,92,180,39,2,64,17,137,6,2.004,6.74,1.0
2023,62947,나성범,KIA,외야수,False,58,222,0.3648648648648648,0.427,0.671,1.098,0.306,0.366,0.473,212.2,18,57,51,81,12,1,26,1,36,0,1.781,4.5,1.0
2024,62947,나성범,KIA,외야수,False,102,374,0.2914438502673797,0.357,0.511,0.868,0.22,0.336,0.376,120.2,21,80,51,109,17,1,38,4,98,0,1.193,2.97,1.0
2025,62947,나성범,KIA,외야수,False,82,261,0.2681992337164751,0.381,0.444,0.825,0.176,0.347,0.372,131.8,10,36,30,70,16,0,42,6,79,0,0.336,3.2,1.0
2026,62947,나성범,KIA,외야수,True,102,363,0.2975206611570247,0.38,0.545,0.925,0.247,0.368,0.405,146.5,23,70,60,108,21,0,45,5,112,0,2.082,3.83,0.757
2011,61742,나성용,한화,,False,27,38,0.2368421052631578,0.31,0.474,0.784,0.237,0.333,0.336,0.0,2,7,4,9,3,0,4,0,15,0,0.0,,1.0
2015,61742,나성용,LG,,False,40,73,0.273972602739726,0.329,0.425,0.754,0.1509999999999999,0.415,0.332,0.0,3,9,7,20,2,0,4,2,29,0,-0.417,,1.0
2016,61742,나성용,삼성,,False,6,12,0.1666666666666666,0.231,0.167,0.398,0.0,0.286,0.194,0.0,0,0,1,2,0,0,1,0,5,0,-0.263,,1.0
2017,61742,나성용,삼성,,False,6,11,0.1818181818181818,0.182,0.182,0.364,0.0,0.5,0.164,-23.7,0,1,0,2,0,0,0,0,7,0,-0.035,-0.19,1.0
2021,51551,나승엽,롯데,내야수,False,60,113,0.2035398230088495,0.289,0.274,0.563,0.07,0.266,0.269,53.3,2,10,16,23,2,0,14,0,33,1,-0.825,-0.42,1.0
2024,51551,나승엽,롯데,내야수,True,121,407,0.312039312039312,0.411,0.469,0.88,0.1569999999999999,0.37,0.389,122.5,7,66,59,127,35,4,69,4,83,1,1.839,3.29,1.0
2025,51551,나승엽,롯데,내야수,False,105,328,0.2286585365853658,0.347,0.36,0.707,0.1309999999999999,0.259,0.333,99.5,9,44,40,75,12,2,55,5,65,0,-0.128,1.17,1.0
2026,51551,나승엽,롯데,내야수,False,66,236,0.2796610169491526,0.354,0.403,0.757,0.123,0.306,0.34,100.2,6,37,31,66,11,0,29,0,37,1,-0.274,0.85,0.757
2017,67454,나원탁,삼성,,False,12,23,0.217391304347826,0.217,0.261,0.478,0.044,0.455,0.25,31.8,0,0,2,5,1,0,0,0,12,0,-0.15,0.0,1.0
2018,67454,나원탁,롯데,,False,20,24,0.125,0.125,0.125,0.25,0.0,0.214,0.113,-56.4,0,1,0,3,0,0,0,0,10,0,-0.308,-0.53,1.0
2021,67454,나원탁,롯데,,False,1,1,0.0,0.0,0.0,0.0,0.0,0.0,0.0,-136.0,0,0,0,0,0,0,0,0,1,0,-0.002,-0.08,1.0
2012,79430,나이트,넥센,,False,1,0,0.0,0.0,0.0,0.0,0.0,0.0,0.0,0.0,0,0,0,0,0,0,0,0,0,0,0.0,,1.0
2010,73209,나주환,SK,,False,100,305,0.2688524590163934,0.332,0.393,0.725,0.124,0.332,0.318,0.0,7,42,49,82,13,2,25,5,74,14,0.0,,1.0
2013,73209,나주환,SK,,False,15,23,0.0869565217391304,0.087,0.087,0.174,0.0,0.133,0.075,0.0,0,0,0,2,0,0,0,0,8,0,0.0,,1.0
2014,73209,나주환,SK,,True,127,422,0.2725118483412322,0.332,0.382,0.714,0.1089999999999999,0.341,0.312,0.0,7,51,64,115,25,0,36,3,101,10,0.257,,1.0
2015,73209,나주환,SK,,False,96,246,0.2682926829268293,0.307,0.39,0.697,0.122,0.313,0.293,0.0,5,22,31,66,15,0,12,2,47,3,-1.544,,1.0
2016,73209,나주환,SK,,False,24,57,0.3859649122807017,0.435,0.684,1.119,0.298,0.37,0.467,0.0,5,12,13,22,2,0,2,3,6,0,0.23,,1.0
2017,73209,나주환,SK,,True,122,419,0.2911694510739857,0.329,0.489,0.818,0.198,0.326,0.351,95.4,19,65,69,122,24,1,19,5,85,0,0.512,2.12,1.0
2018,73209,나주환,SK,,False,119,362,0.2624309392265193,0.339,0.428,0.767,0.1659999999999999,0.29,0.334,86.5,12,56,54,95,24,0,38,5,66,5,-1.015,0.85,1.0
2019,73209,나주환,SK,,False,94,225,0.2222222222222222,0.27,0.302,0.572,0.0799999999999999,0.278,0.268,54.9,3,20,14,50,9,0,12,3,54,1,-2.706,0.21,1.0
2020,73209,나주환,KIA,,False,64,204,0.2794117647058823,0.321,0.392,0.713,0.1129999999999999,0.329,0.309,81.1,6,26,21,57,5,0,12,1,44,0,-1.264,0.05,1.0
2021,73209,나주환,KIA,,False,19,31,0.1612903225806451,0.156,0.161,0.317,0.0,0.25,0.141,-33.6,0,3,0,5,0,0,0,0,12,0,-0.568,-0.39,1.0
2010,78629,나지완,KIA,,False,109,316,0.2151898734177215,0.343,0.392,0.735,0.177,0.239,0.333,0.0,15,53,42,68,11,0,45,18,82,3,0.0,,1.0
2011,78629,나지완,KIA,,False,85,291,0.3024054982817869,0.384,0.519,0.903,0.217,0.332,0.391,0.0,18,66,41,88,9,0,35,4,63,0,0.0,,1.0
2012,78629,나지완,KIA,,True,124,398,0.2738693467336683,0.377,0.405,0.782,0.131,0.328,0.347,0.0,11,56,40,109,17,1,56,13,93,7,0.0,,1.0
2013,78629,나지완,KIA,,True,125,435,0.2873563218390804,0.394,0.474,0.868,0.187,0.338,0.389,0.0,21,96,57,125,18,0,62,18,111,7,0.0,,1.0
2014,78629,나지완,KIA,,True,118,398,0.3115577889447236,0.404,0.51,0.914,0.198,0.365,0.399,0.0,19,79,64,124,22,0,54,12,97,3,1.888,,1.0
2015,78629,나지완,KIA,,False,116,304,0.2532894736842105,0.378,0.375,0.753,0.122,0.318,0.348,0.0,7,31,34,77,16,0,46,16,79,3,-1.383,,1.0
2016,78629,나지완,KIA,,True,118,380,0.3078947368421053,0.451,0.571,1.022,0.2629999999999999,0.342,0.449,0.0,25,90,84,117,21,2,85,17,90,6,3.773,,1.0
2017,78629,나지완,KIA,,True,137,459,0.3006535947712418,0.405,0.534,0.939,0.233,0.332,0.41,136.3,27,94,85,138,20,3,62,23,105,1,1.754,4.49,1.0
2018,78629,나지완,KIA,,False,114,317,0.2712933753943217,0.377,0.574,0.951,0.3029999999999999,0.279,0.405,131.4,26,78,50,86,18,0,38,19,81,0,0.324,2.86,1.0
2019,78629,나지완,KIA,,False,56,129,0.1860465116279069,0.301,0.364,0.665,0.178,0.205,0.301,83.2,6,17,12,24,5,0,19,3,37,0,-0.934,0.16,1.0
2020,78629,나지완,KIA,,True,137,468,0.2905982905982906,0.392,0.444,0.836,0.153,0.347,0.373,122.7,17,92,73,136,19,1,64,18,114,0,3.018,3.87,1.0
2021,78629,나지완,KIA,,False,31,81,0.1604938271604938,0.324,0.173,0.497,0.0129999999999999,0.245,0.27,58.0,0,7,3,13,1,0,14,6,29,0,-0.329,-0.28,1.0
2022,78629,나지완,KIA,,False,2,1,0.0,0.0,0.0,0.0,0.0,0.0,0.0,-139.0,0,0,0,0,0,0,0,0,0,0,0.0,-0.03,1.0
2016,66052,남태혁,KT,,False,16,44,0.2045454545454545,0.25,0.273,0.523,0.068,0.333,0.235,0.0,0,2,2,9,3,0,3,0,18,1,-0.5,,1.0
2017,66052,남태혁,KT,,False,31,60,0.25,0.324,0.367,0.691,0.1169999999999999,0.333,0.323,70.1,2,11,8,15,1,0,6,1,20,0,-0.215,-0.03,1.0
2018,66052,남태혁,KT,,False,7,11,0.1818181818181818,0.182,0.182,0.364,0.0,0.25,0.164,-31.3,0,0,0,2,0,0,0,0,3,0,-0.162,-0.13,1.0
2019,66052,남태혁,SK,,False,12,22,0.2272727272727272,0.292,0.227,0.519,0.0,0.263,0.248,39.4,0,1,1,5,0,0,2,0,3,0,-0.55,-0.06,1.0
2020,66052,남태혁,SK,,False,35,66,0.1969696969696969,0.264,0.258,0.522,0.061,0.279,0.255,34.8,1,11,3,13,1,0,6,0,22,0,-0.548,-0.23,1.0
2021,66052,남태혁,SSG,,False,12,20,0.3,0.364,0.5,0.864,0.2,0.417,0.375,129.1,1,4,2,6,1,0,1,1,7,0,-0.039,0.06,1.0
2013,62920,노건우,NC,,False,1,0,0.0,0.0,0.0,0.0,0.0,0.0,0.0,0.0,0,0,0,0,0,0,0,0,0,0,0.0,,1.0
2015,62920,노건우,NC,,False,1,0,0.0,0.0,0.0,0.0,0.0,0.0,0.0,0.0,0,0,0,0,0,0,0,0,0,0,0.0,,1.0
2021,62920,노건우,삼성,,False,2,0,0.0,0.0,0.0,0.0,0.0,0.0,0.0,0.0,0,0,0,0,0,0,0,0,0,0,0.0,0.0,1.0
2010,73211,노경은,두산,투수,False,1,0,0.0,0.0,0.0,0.0,0.0,0.0,0.0,0.0,0,0,0,0,0,0,0,0,0,0,0.0,,1.0
2015,73211,노경은,두산,투수,False,1,0,0.0,0.0,0.0,0.0,0.0,0.0,0.0,0.0,0,0,0,0,0,0,0,0,0,0,0.0,,1.0
2017,73211,노경은,롯데,투수,False,2,2,0.0,0.0,0.0,0.0,0.0,0.0,0.0,0.0,0,0,0,0,0,0,0,0,2,0,-0.061,0.0,1.0
2018,73211,노경은,롯데,투수,False,1,0,0.0,0.0,0.0,0.0,0.0,0.0,0.0,0.0,0,0,0,0,0,0,0,0,0,0,0.0,0.0,1.0
2023,73211,노경은,SSG,투수,False,1,0,0.0,0.0,0.0,0.0,0.0,0.0,0.0,0.0,0,0,0,0,0,0,0,0,0,0,0.0,0.0,1.0
2025,73211,노경은,SSG,투수,False,1,0,0.0,0.0,0.0,0.0,0.0,0.0,0.0,0.0,0,0,0,0,0,0,0,0,0,0,0.0,0.0,1.0
2026,73211,노경은,SSG,투수,False,1,0,0.0,0.0,0.0,0.0,0.0,0.0,0.0,0.0,0,0,0,0,0,0,0,0,0,0,0.0,0.0,0.757
2017,66804,노관현,KIA,,False,9,6,0.5,0.5,0.5,1.0,0.0,0.75,0.45,162.7,0,1,0,3,0,0,0,0,2,0,-0.032,0.08,1.0
2014,63704,노수광,한화,,False,1,1,0.0,0.0,0.0,0.0,0.0,0.0,0.0,0.0,0,0,0,0,0,0,0,0,1,0,-0.004,,1.0
2015,63704,노수광,KIA,,False,10,12,0.0833333333333333,0.214,0.167,0.381,0.084,0.2,0.191,0.0,0,1,2,1,1,0,2,0,7,0,-0.022,,1.0
2016,63704,노수광,KIA,,False,77,207,0.3091787439613526,0.373,0.406,0.779,0.097,0.382,0.342,0.0,4,30,43,64,4,2,20,1,46,12,-0.073,,1.0
2017,63704,노수광,SK,,False,131,382,0.2853403141361256,0.34,0.395,0.735,0.11,0.347,0.33,87.6,6,39,72,109,18,3,25,9,84,16,-0.8,1.04,1.0
2018,63704,노수광,SK,,True,135,515,0.312621359223301,0.383,0.431,0.814,0.118,0.361,0.362,106.7,8,53,93,161,21,8,48,13,86,25,1.471,3.83,1.0
2019,63704,노수광,SK,,False,117,388,0.25,0.333,0.312,0.645,0.062,0.299,0.305,83.7,2,28,69,97,16,1,46,2,68,27,-0.79,1.74,1.0
2020,63704,노수광,한화,,False,100,291,0.2508591065292096,0.332,0.316,0.648,0.065,0.317,0.306,76.3,1,21,39,73,10,3,34,2,64,11,-1.829,0.57,1.0
2021,63704,노수광,한화,,False,52,160,0.23125,0.309,0.331,0.64,0.1,0.306,0.298,78.8,3,14,21,37,7,0,17,1,46,13,-1.24,0.86,1.0
2022,63704,노수광,한화,,False,117,315,0.2285714285714285,0.299,0.362,0.661,0.1329999999999999,0.329,0.299,83.3,4,30,33,72,18,6,32,1,107,17,-1.558,0.61,1.0
2023,63704,노수광,한화,,False,30,77,0.2207792207792207,0.326,0.286,0.612,0.0649999999999999,0.327,0.28,70.3,0,4,6,17,5,0,13,0,27,2,-1.044,-0.12,1.0
2019,69737,노시환,한화,내야수,False,91,177,0.1864406779661017,0.241,0.26,0.501,0.074,0.305,0.232,28.5,1,13,19,33,8,1,11,2,72,2,-2.037,-0.9,1.0
2020,69737,노시환,한화,내야수,False,106,346,0.2196531791907514,0.298,0.387,0.685,0.167,0.292,0.308,77.0,12,43,46,76,18,2,33,6,116,0,-2.795,-0.16,1.0
2021,69737,노시환,한화,내야수,True,107,380,0.2710526315789474,0.386,0.466,0.852,0.195,0.328,0.372,120.1,18,84,56,103,18,1,73,1,107,5,0.474,2.13,1.0
2022,69737,노시환,한화,내야수,True,115,434,0.2811059907834101,0.355,0.382,0.737,0.1009999999999999,0.344,0.342,115.4,6,59,55,122,24,1,48,4,95,6,0.382,2.27,1.0
2023,69737,노시환,한화,내야수,True,131,514,0.2976653696498054,0.388,0.541,0.929,0.243,0.332,0.401,154.3,31,101,85,153,30,1,74,4,118,2,3.015,5.33,1.0
2024,69737,노시환,한화,내야수,True,136,526,0.2718631178707224,0.356,0.454,0.81,0.182,0.316,0.359,102.2,24,89,88,143,20,2,60,11,129,6,0.416,2.45,1.0
2025,69737,노시환,한화,내야수,True,144,539,0.2597402597402597,0.354,0.497,0.851,0.237,0.28,0.367,119.9,32,101,97,140,28,2,70,11,125,14,-0.373,3.33,1.0
2026,69737,노시환,한화,내야수,True,97,386,0.272020725388601,0.352,0.508,0.86,0.236,0.327,0.373,122.9,24,77,78,105,17,1,40,9,117,3,0.949,2.73,0.757
2021,69996,노시훈,NC,,False,1,0,0.0,0.0,0.0,0.0,0.0,0.0,0.0,0.0,0,0,0,0,0,0,0,0,0,0,0.0,0.0,1.0
2022,52394,노운현,키움,,False,1,0,0.0,0.0,0.0,0.0,0.0,0.0,0.0,0.0,0,0,0,0,0,0,0,0,0,0,0.0,0.0,1.0
2013,62931,노진혁,NC,내야수,False,117,327,0.2232415902140672,0.282,0.321,0.603,0.098,0.289,0.28,0.0,3,27,32,73,19,2,26,1,83,1,0.0,,1.0
2014,62931,노진혁,NC,내야수,False,26,16,0.188,0.188,0.375,0.563,0.187,0.25,0.234,0.0,1,2,3,3,0,0,0,0,7,0,-0.387,,1.0
2015,62931,노진혁,NC,내야수,False,65,38,0.0789473684210526,0.122,0.132,0.254,0.053,0.107,0.115,0.0,0,2,4,3,2,0,2,0,11,0,-0.538,,1.0
2017,62931,노진혁,NC,내야수,False,4,7,0.2857142857142857,0.286,0.429,0.715,0.143,0.333,0.306,77.6,0,0,2,2,1,0,0,0,1,0,-0.163,0.02,1.0
2018,62931,노진혁,NC,내야수,True,125,420,0.2833333333333333,0.337,0.431,0.768,0.148,0.339,0.342,101.5,11,42,52,119,21,4,33,2,92,4,-0.68,1.1,1.0
2019,62931,노진혁,NC,내야수,False,110,348,0.264367816091954,0.326,0.454,0.78,0.19,0.306,0.339,109.1,13,43,51,92,23,2,31,2,80,0,-1.525,2.05,1.0
2020,62931,노진혁,NC,내야수,True,132,427,0.2740046838407494,0.356,0.48,0.836,0.2059999999999999,0.322,0.367,109.2,20,82,70,117,22,3,49,5,106,0,0.456,2.73,1.0
2021,62931,노진혁,NC,내야수,False,107,330,0.2878787878787879,0.374,0.427,0.801,0.139,0.37,0.357,116.0,8,58,41,95,22,0,42,5,90,1,-0.115,2.48,1.0
2022,62931,노진혁,NC,내야수,True,115,396,0.2803030303030303,0.353,0.455,0.808,0.175,0.342,0.349,114.4,15,75,50,111,24,0,45,2,105,2,0.239,2.32,1.0
2023,62931,노진혁,롯데,내야수,False,113,334,0.2574850299401197,0.347,0.377,0.724,0.12,0.328,0.331,100.6,4,51,43,86,26,1,45,3,84,7,1.116,2.14,1.0
2024,62931,노진혁,롯데,내야수,False,73,137,0.218978102189781,0.297,0.307,0.604,0.088,0.286,0.287,56.3,2,13,13,30,6,0,15,1,39,0,-1.374,-0.41,1.0
2025,62931,노진혁,롯데,내야수,False,28,63,0.2698412698412699,0.333,0.397,0.73,0.127,0.381,0.324,93.6,1,5,11,17,1,2,5,1,20,0,-0.393,0.16,1.0
2026,62931,노진혁,롯데,내야수,False,76,178,0.2191011235955056,0.298,0.365,0.663,0.146,0.248,0.3,73.2,5,26,14,39,11,0,20,2,41,0,-0.786,-0.08,0.757
2020,64704,노태형,한화,,False,55,102,0.2156862745098039,0.286,0.275,0.561,0.059,0.31,0.266,54.3,0,6,14,22,4,1,7,3,31,0,-0.384,-0.34,1.0
2021,64704,노태형,한화,,False,18,43,0.1162790697674418,0.224,0.14,0.364,0.024,0.179,0.206,13.6,0,1,6,5,1,0,6,0,15,0,-0.512,-0.41,1.0
2014,61240,니퍼트,두산,,False,1,0,0.0,0.0,0.0,0.0,0.0,0.0,0.0,0.0,0,0,0,0,0,0,0,0,0,0,0.0,,1.0
2015,61240,니퍼트,두산,,False,1,0,0.0,0.0,0.0,0.0,0.0,0.0,0.0,0.0,0,0,0,0,0,0,0,0,0,0,0.0,,1.0
2016,66306,대니돈,넥센,,True,129,417,0.2949640287769784,0.399,0.494,0.893,0.199,0.321,0.394,0.0,16,70,65,123,33,1,70,5,72,1,1.895,,1.0
2017,66306,대니돈,넥센,,False,20,50,0.14,0.246,0.24,0.486,0.0999999999999999,0.182,0.229,13.3,1,2,5,7,2,0,7,0,16,0,-0.595,-0.46,1.0
2015,65052,댄블랙,KT,,False,54,198,0.3333333333333333,0.413,0.576,0.989,0.2429999999999999,0.403,0.426,0.0,12,32,25,66,10,1,25,2,52,0,1.727,,1.0
2024,54944,데이비슨,NC,내야수,True,131,504,0.3055555555555556,0.37,0.633,1.003,0.327,0.334,0.422,141.1,46,119,90,154,25,1,39,17,142,0,1.95,4.6899999999999995,1.0
2025,54944,데이비슨,NC,내야수,False,112,386,0.2927461139896373,0.346,0.619,0.965,0.326,0.313,0.406,151.8,36,97,63,113,18,0,31,8,118,1,0.705,4.39,1.0
2026,54944,데이비슨,키움,내야수,True,90,327,0.2844036697247706,0.359,0.462,0.821,0.178,0.351,0.369,121.9,13,59,38,93,17,1,19,21,89,1,0.058,2.04,0.757
2026,56632,데일,KIA,내야수,False,34,117,0.2564102564102564,0.328,0.316,0.644,0.06,0.282,0.284,61.9,1,6,20,30,4,0,13,0,14,1,-0.839,-0.34,0.757
2010,60729,데폴라,한화,,False,4,0,0.0,0.0,0.0,0.0,0.0,0.0,0.0,0.0,0,0,0,0,0,0,0,0,0,0,0.0,,1.0
2023,53327,도슨,키움,,False,57,229,0.3362445414847161,0.398,0.454,0.852,0.118,0.389,0.39,150.0,3,29,37,77,14,2,18,9,41,9,0.628,2.24,1.0
2024,53327,도슨,키움,,False,95,382,0.3298429319371728,0.399,0.508,0.907,0.178,0.361,0.397,135.8,11,57,69,126,31,2,39,6,54,2,2.28,3.12,1.0
2016,66965,도태훈,NC,내야수,False,6,6,0.1666666666666666,0.286,0.167,0.453,0.0,0.25,0.236,0.0,0,0,1,1,0,0,0,1,2,0,0.039,,1.0
2017,66965,도태훈,NC,내야수,False,32,47,0.1914893617021276,0.255,0.277,0.532,0.086,0.205,0.261,50.6,1,4,3,9,1,0,4,0,7,0,-0.309,-0.24,1.0
2018,66965,도태훈,NC,내야수,False,26,35,0.2285714285714285,0.357,0.314,0.671,0.0849999999999999,0.241,0.318,84.4,1,5,5,8,0,0,5,2,5,0,-0.001,0.07,1.0
2020,66965,도태훈,NC,내야수,False,11,11,0.1818181818181818,0.308,0.182,0.49,0.0,0.25,0.249,39.0,0,1,0,2,0,0,2,0,3,0,-0.205,-0.05,1.0
2021,66965,도태훈,NC,내야수,False,77,66,0.1818181818181818,0.289,0.242,0.531,0.06,0.216,0.269,54.3,1,9,10,12,1,0,6,4,14,1,-0.607,-0.18,1.0
2022,66965,도태훈,NC,내야수,False,91,139,0.2158273381294964,0.282,0.309,0.591,0.093,0.239,0.255,49.5,2,13,18,30,7,0,13,1,23,0,-2.189,-0.36,1.0
2023,66965,도태훈,NC,내야수,False,117,239,0.2343096234309623,0.376,0.322,0.698,0.088,0.273,0.35,117.8,5,23,41,56,6,0,38,17,48,2,-0.959,1.94,1.0
2024,66965,도태훈,NC,내야수,False,100,145,0.2137931034482758,0.345,0.241,0.586,0.0269999999999999,0.263,0.302,73.5,0,15,20,31,4,0,24,6,29,1,-0.985,0.09,1.0
2025,66965,도태훈,NC,내야수,False,61,77,0.1818181818181818,0.315,0.299,0.614,0.1169999999999999,0.217,0.273,61.0,1,8,9,14,4,1,7,8,16,3,-0.584,-0.12,1.0
2026,66965,도태훈,NC,내야수,False,67,69,0.1594202898550724,0.318,0.203,0.521,0.044,0.216,0.288,67.9,0,8,7,11,3,0,10,6,18,0,-0.649,-0.05,0.757
2024,54400,디아즈,삼성,내야수,False,29,110,0.2818181818181818,0.331,0.518,0.849,0.236,0.308,0.362,101.7,7,19,14,31,5,0,6,2,25,0,0.109,0.44,1.0
2025,54400,디아즈,삼성,내야수,True,144,551,0.3139745916515426,0.381,0.644,1.025,0.33,0.299,0.426,148.6,50,158,93,173,32,0,60,6,100,1,3.107,6.23,1.0
2026,54400,디아즈,삼성,내야수,True,105,405,0.2938271604938272,0.377,0.479,0.856,0.185,0.325,0.377,115.9,17,88,65,119,24,0,55,2,79,2,1.454,2.89,0.757
2022,52806,라가레스,SSG,,False,49,181,0.3149171270718232,0.362,0.464,0.826,0.149,0.319,0.366,127.4,6,32,24,57,9,0,14,1,18,3,0.262,1.36,1.0
2016,66825,라라,SK,,False,1,0,0.0,0.0,0.0,0.0,0.0,0.0,0.0,0.0,0,0,0,0,0,0,0,0,0,0,0.0,,1.0
2020,50165,라모스,LG,내야수,True,117,431,0.2784222737819025,0.362,0.592,0.954,0.3139999999999999,0.314,0.404,172.6,38,86,74,120,17,2,55,4,136,2,1.283,6.58,1.0
2021,50165,라모스,LG,내야수,False,51,185,0.2432432432432432,0.317,0.422,0.739,0.179,0.276,0.324,104.7,8,25,14,45,7,1,18,2,43,0,-0.428,0.82,1.0
2022,52025,라모스,KT,,False,18,72,0.25,0.304,0.417,0.721,0.1669999999999999,0.288,0.332,106.8,3,11,10,18,1,1,4,2,18,2,-0.372,0.34,1.0
2024,52025,라모스,두산,,False,80,311,0.3054662379421222,0.36,0.482,0.842,0.177,0.344,0.38,130.0,10,48,43,95,19,3,27,3,60,3,0.81,2.37,1.0
2020,69439,라이블리,삼성,투수,False,1,1,0.0,0.0,0.0,0.0,0.0,0.0,0.0,0.0,0,0,0,0,0,0,0,0,0,0,-0.002,0.0,1.0
2020,50350,러셀,키움,,False,65,244,0.2540983606557377,0.317,0.336,0.653,0.082,0.288,0.3,75.7,2,31,22,62,14,0,22,2,37,2,-2.077,-0.12,1.0
2023,50350,러셀,키움,,False,59,220,0.2863636363636364,0.339,0.4,0.739,0.114,0.331,0.341,112.7,4,42,20,63,11,1,17,1,39,1,0.86,1.62,1.0
2017,67450,러프,삼성,,True,134,515,0.3145631067961165,0.396,0.569,0.965,0.2539999999999999,0.344,0.421,132.9,31,124,90,162,38,0,60,12,107,2,2.866,5.29,1.0
2018,67450,러프,삼성,,True,137,506,0.3300395256916996,0.419,0.605,1.024,0.2749999999999999,0.358,0.443,141.8,33,125,97,167,32,4,65,18,107,5,4.102,7.12,1.0
2019,67450,러프,삼성,,True,133,472,0.2923728813559322,0.396,0.515,0.911,0.223,0.312,0.395,125.9,22,101,80,138,35,2,80,7,87,6,-0.237,5.17,1.0
2024,54529,레이예스,롯데,외야수,True,144,574,0.3519163763066202,0.394,0.51,0.904,0.158,0.383,0.406,133.3,15,111,88,202,40,3,46,1,82,5,3.466,4.84,1.0
2025,54529,레이예스,롯데,외야수,True,144,573,0.3263525305410122,0.386,0.475,0.861,0.1489999999999999,0.346,0.378,119.0,13,107,75,187,44,1,58,3,66,7,1.114,3.73,1.0
2026,54529,레이예스,롯데,외야수,True,105,418,0.354066985645933,0.409,0.517,0.926,0.163,0.378,0.408,138.0,13,74,57,148,25,2,39,2,51,1,2.146,4.26,0.757
2016,65546,레일리,롯데,투수,False,1,0,0.0,0.0,0.0,0.0,0.0,0.0,0.0,0.0,0,0,0,0,0,0,0,0,0,0,0.0,,1.0
2022,52547,렉스,롯데,,False,56,218,0.3302752293577982,0.41,0.495,0.905,0.1649999999999999,0.381,0.398,149.4,8,34,32,72,10,1,26,5,44,3,0.923,2.47,1.0
2023,52547,렉스,롯데,,False,55,203,0.2463054187192118,0.338,0.345,0.683,0.0989999999999999,0.313,0.312,84.7,4,30,20,50,4,2,28,1,54,0,0.105,0.26,1.0
2017,67134,로니,LG,,False,23,79,0.2784810126582278,0.366,0.456,0.822,0.178,0.297,0.354,133.3,3,12,7,22,5,0,11,1,14,0,-0.218,0.45,1.0
2026,56531,로드리게스,롯데,투수,False,1,0,0.0,0.0,0.0,0.0,0.0,0.0,0.0,0.0,0,0,0,0,0,0,0,0,0,0,0.0,0.0,0.757
2017,67872,로맥,SK,,False,102,359,0.2423398328690807,0.344,0.554,0.898,0.312,0.263,0.387,112.3,31,64,58,87,19,0,50,6,116,1,0.606,2.37,1.0
2018,67872,로맥,SK,,True,141,528,0.3162878787878788,0.404,0.597,1.001,0.2809999999999999,0.337,0.426,136.6,43,107,102,167,19,0,72,10,123,10,2.707,6.12,1.0
2019,67872,로맥,SK,,True,137,504,0.2757936507936508,0.37,0.508,0.878,0.2319999999999999,0.302,0.387,133.6,29,95,86,139,28,1,73,6,117,6,-0.173,5.93,1.0
2020,67872,로맥,SK,,True,139,485,0.2824742268041237,0.399,0.546,0.945,0.264,0.308,0.409,127.7,32,91,85,137,32,0,91,6,116,4,2.894,5.71,1.0
2021,67872,로맥,SSG,,False,107,355,0.2253521126760563,0.34,0.425,0.765,0.1999999999999999,0.235,0.346,106.0,20,52,55,80,11,0,59,4,83,1,-2.087,2.0,1.0
2015,65233,로메로,두산,,False,76,265,0.2528301886792453,0.328,0.449,0.777,0.196,0.259,0.343,0.0,12,50,30,67,16,0,29,4,48,2,-1.585,,1.0
2016,66740,로사리오,한화,내야수,True,127,492,0.3211382113821138,0.367,0.593,0.96,0.2719999999999999,0.337,0.408,0.0,33,120,78,158,31,2,33,4,90,1,2.735,,1.0
2017,66740,로사리오,한화,내야수,True,119,445,0.3393258426966292,0.414,0.661,1.075,0.322,0.324,0.451,155.1,37,111,100,151,30,1,50,10,61,10,2.398,5.76,1.0
2016,65742,로저스,한화,투수,False,1,0,0.0,0.0,0.0,0.0,0.0,0.0,0.0,0.0,0,0,0,0,0,0,0,0,0,0,0.0,,1.0
2014,64302,로티노,넥센,,False,79,216,0.3055555555555556,0.389,0.417,0.806,0.1109999999999999,0.332,0.368,0.0,2,22,30,66,18,0,29,1,22,2,-0.615,,1.0
2017,67025,로하스,KT,외야수,False,83,336,0.3005952380952381,0.351,0.56,0.911,0.259,0.346,0.392,114.1,18,56,52,101,27,3,23,5,81,5,0.59,2.69,1.0
2018,67025,로하스,KT,외야수,True,144,564,0.3049645390070922,0.388,0.59,0.978,0.285,0.339,0.418,122.9,43,114,114,172,30,1,71,7,142,18,3.93,5.8100000000000005,1.0
2019,67025,로하스,KT,외야수,True,142,521,0.3224568138195777,0.381,0.53,0.911,0.208,0.377,0.401,144.8,24,104,68,168,30,3,49,3,120,4,-0.045,6.06,1.0
2020,67025,로하스,KT,외야수,True,142,550,0.3490909090909091,0.417,0.68,1.097,0.331,0.383,0.457,170.7,47,135,116,192,39,1,65,5,132,0,4.866,8.97,1.0
2023,53211,로하스,두산,내야수,True,122,403,0.2531017369727047,0.345,0.474,0.819,0.2209999999999999,0.26,0.361,137.7,19,65,52,102,24,4,55,3,68,0,-0.027,3.52,1.0
2024,67025,로하스,KT,외야수,True,144,572,0.3286713286713286,0.421,0.568,0.989,0.2389999999999999,0.364,0.426,144.3,32,112,108,188,39,1,88,6,115,2,4.492,6.55,1.0
2025,67025,로하스,KT,외야수,False,95,331,0.2386706948640483,0.333,0.426,0.759,0.187,0.26,0.34,103.4,14,43,48,79,20,0,48,1,71,1,-1.564,1.59,1.0
2022,52112,루이즈,LG,내야수,False,27,84,0.1547619047619047,0.234,0.262,0.496,0.107,0.169,0.255,54.4,1,6,10,13,4,1,9,0,13,1,-1.052,-0.22,1.0
2015,65203,루츠,두산,,False,8,27,0.1111111111111111,0.167,0.222,0.389,0.111,0.095,0.173,0.0,1,3,2,3,0,0,2,0,6,0,-0.27,,1.0
2023,53404,류승민,삼성,외야수,False,24,52,0.2115384615384615,0.255,0.269,0.524,0.057,0.333,0.246,40.6,0,5,5,11,3,0,2,1,19,0,-0.425,-0.31,1.0
2024,53404,류승민,삼성,외야수,False,5,1,0.0,0.667,0.0,0.667,0.0,0.0,0.48,185.2,0,0,1,0,0,0,2,0,1,0,-0.001,0.04,1.0
2026,53404,류승민,두산,외야수,False,27,72,0.25,0.349,0.306,0.655,0.0559999999999999,0.327,0.3,77.7,0,3,8,18,2,1,10,1,17,3,-0.629,0.0,0.757
2018,66615,류승현,KIA,,False,35,75,0.3066666666666666,0.369,0.413,0.782,0.1059999999999999,0.349,0.344,94.3,1,13,9,23,3,1,7,1,12,0,0.177,0.07,1.0
2019,66615,류승현,KIA,,False,57,150,0.2533333333333333,0.313,0.32,0.633,0.067,0.314,0.294,80.0,0,14,14,38,8,1,9,4,29,3,-0.491,0.31,1.0
2022,66615,류승현,KIA,,False,3,3,0.0,0.0,0.0,0.0,0.0,0.0,0.0,-139.0,0,0,0,0,0,0,0,0,1,0,-0.028,-0.07,1.0
2020,63103,류원석,LG,,False,1,0,0.0,0.0,0.0,0.0,0.0,0.0,0.0,0.0,0,0,0,0,0,0,0,0,0,0,0.0,0.0,1.0
2021,63103,류원석,LG,,False,1,0,0.0,0.0,0.0,0.0,0.0,0.0,0.0,0.0,0,0,0,0,0,0,0,0,0,0,0.0,0.0,1.0
2011,76656,류은재,KIA,,False,10,13,0.3076923076923077,0.357,1.0,1.357,0.692,0.333,0.53,0.0,2,7,3,4,1,1,1,0,5,0,0.0,,1.0
2012,62234,류지혁,두산,내야수,False,2,1,1.0,1.0,1.0,2.0,0.0,1.0,0.9,0.0,0,0,0,1,0,0,0,0,0,0,0.0,,1.0
2015,62234,류지혁,두산,내야수,False,14,5,0.2,0.2,0.2,0.4,0.0,0.5,0.18,0.0,0,0,3,1,0,0,0,0,3,0,0.004,,1.0
2016,62234,류지혁,두산,내야수,False,90,118,0.288135593220339,0.356,0.407,0.763,0.119,0.352,0.342,0.0,3,9,34,34,5,0,10,3,28,3,-0.016,,1.0
2017,62234,류지혁,두산,내야수,False,125,297,0.2592592592592592,0.317,0.36,0.677,0.1009999999999999,0.31,0.307,81.5,3,26,60,77,13,4,21,4,55,7,-0.972,-0.09,1.0
2018,62234,류지혁,두산,내야수,False,128,228,0.2675438596491228,0.372,0.311,0.683,0.0429999999999999,0.323,0.333,96.7,1,29,52,61,7,0,29,10,43,7,-0.093,0.95,1.0
2019,62234,류지혁,두산,내야수,False,118,276,0.25,0.323,0.286,0.609,0.0359999999999999,0.289,0.29,82.7,0,34,36,69,6,2,24,7,40,18,-1.404,0.27,1.0
2020,62234,류지혁,KIA,내야수,False,25,42,0.3809523809523809,0.44,0.524,0.964,0.143,0.405,0.411,163.0,1,5,13,16,3,0,1,5,6,1,0.061,0.39,1.0
2021,62234,류지혁,KIA,내야수,False,92,273,0.2783882783882784,0.385,0.33,0.715,0.0519999999999999,0.325,0.343,108.0,2,34,37,76,8,0,42,7,46,0,-0.785,1.56,1.0
2022,62234,류지혁,KIA,내야수,True,127,405,0.2740740740740741,0.369,0.346,0.715,0.0719999999999999,0.339,0.338,112.9,2,48,55,111,19,2,56,6,83,8,-0.544,1.99,1.0
2023,62234,류지혁,삼성,내야수,True,132,455,0.2681318681318681,0.34,0.31,0.65,0.0419999999999999,0.312,0.303,82.8,2,45,63,122,11,1,46,6,73,26,-3.647,1.42,1.0
2024,62234,류지혁,삼성,내야수,False,100,302,0.2582781456953642,0.341,0.325,0.666,0.067,0.325,0.319,80.2,3,36,43,78,9,1,33,6,70,11,-0.311,0.49,1.0
2025,62234,류지혁,삼성,내야수,True,129,400,0.28,0.351,0.323,0.674,0.0429999999999999,0.336,0.318,90.7,1,37,54,112,14,0,33,13,73,11,-2.202,1.97,1.0
2026,62234,류지혁,삼성,내야수,True,101,337,0.2937685459940653,0.38,0.415,0.795,0.121,0.337,0.355,106.4,5,54,49,99,16,5,43,6,56,23,0.542,2.47,0.757
2021,65949,류진욱,NC,투수,False,1,0,0.0,0.0,0.0,0.0,0.0,0.0,0.0,0.0,0,0,0,0,0,0,0,0,0,0,0.0,0.0,1.0
2022,65949,류진욱,NC,투수,False,1,0,0.0,0.0,0.0,0.0,0.0,0.0,0.0,0.0,0,0,0,0,0,0,0,0,0,0,0.0,0.0,1.0
2023,65949,류진욱,NC,투수,False,2,0,0.0,0.0,0.0,0.0,0.0,0.0,0.0,0.0,0,0,0,0,0,0,0,0,0,0,0.0,0.0,1.0
2024,65949,류진욱,NC,투수,False,1,0,0.0,0.0,0.0,0.0,0.0,0.0,0.0,0.0,0,0,0,0,0,0,0,0,0,0,0.0,0.0,1.0
2025,65949,류진욱,NC,투수,False,3,0,0.0,0.0,0.0,0.0,0.0,0.0,0.0,0.0,0,0,0,0,0,0,0,0,0,0,0.0,0.0,1.0
2010,94228,류택현,LG,,False,1,0,0.0,0.0,0.0,0.0,0.0,0.0,0.0,0.0,0,0,0,0,0,0,0,0,0,0,0.0,,1.0
2012,94228,류택현,LG,,False,2,0,0.0,0.0,0.0,0.0,0.0,0.0,0.0,0.0,0,0,0,0,0,0,0,0,0,0,0.0,,1.0
2023,53036,류현인,KT,내야수,False,17,23,0.1304347826086956,0.167,0.13,0.297,0.0,0.158,0.143,-33.9,0,3,6,3,0,0,1,0,4,0,-0.466,-0.27,1.0
2026,53036,류현인,KT,내야수,False,56,136,0.2867647058823529,0.347,0.382,0.729,0.095,0.352,0.343,102.1,1,12,21,39,10,0,11,2,28,1,-0.784,0.27,0.757
2024,54219,류현준,두산,포수,False,2,3,0.6666666666666666,0.667,1.0,1.667,0.3329999999999999,0.667,0.713,352.0,0,1,0,2,1,0,0,0,0,0,0.3,0.11,1.0
2025,54219,류현준,두산,포수,False,17,22,0.1363636363636363,0.136,0.136,0.272,0.0,0.188,0.165,-13.4,0,1,2,3,0,0,0,0,6,0,-0.7,-0.28,1.0
2026,54219,류현준,두산,포수,False,1,2,0.5,0.5,0.5,1.0,0.0,0.5,0.45,177.5,0,0,1,1,0,0,0,0,0,0,-0.003,0.03,0.757
2010,76715,류현진,한화,투수,False,2,0,0.0,0.0,0.0,0.0,0.0,0.0,0.0,0.0,0,0,0,0,0,0,0,0,0,0,0.0,,1.0
2019,64164,류형우,LG,,False,10,11,0.1818181818181818,0.25,0.182,0.432,0.0,0.25,0.21,29.7,0,1,2,2,0,0,1,0,3,0,0.017,-0.05,1.0
2020,50868,류효승,SK,외야수,False,8,8,0.125,0.222,0.5,0.722,0.375,0.0,0.297,44.7,1,2,2,1,0,0,1,0,4,0,-0.068,-0.03,1.0
2023,50868,류효승,SSG,외야수,False,3,3,0.0,0.25,0.0,0.25,0.0,0.0,0.188,1.1,0,0,0,0,0,0,0,1,0,0,-0.125,-0.03,1.0
2024,50868,류효승,SSG,외야수,False,1,2,0.0,0.0,0.0,0.0,0.0,0.0,0.0,-121.5,0,0,0,0,0,0,0,0,0,0,-0.001,-0.05,1.0
2025,50868,류효승,SSG,외야수,False,27,94,0.2872340425531914,0.35,0.532,0.882,0.245,0.35,0.395,137.6,6,16,18,27,5,0,7,2,28,0,0.344,0.76,1.0
2026,50868,류효승,SSG,외야수,False,9,25,0.16,0.192,0.28,0.472,0.12,0.15,0.207,7.7,1,1,1,4,0,0,1,0,4,0,-0.367,-0.22,0.757
2017,64029,류희운,KT,,False,1,0,0.0,0.0,0.0,0.0,0.0,0.0,0.0,0.0,0,0,0,0,0,0,0,0,0,0,0.0,0.0,1.0
2020,64029,류희운,KT,,False,1,0,0.0,0.0,0.0,0.0,0.0,0.0,0.0,0.0,0,0,0,0,0,0,0,0,0,0,0.0,0.0,1.0
2022,64029,류희운,한화,,False,2,0,0.0,0.0,0.0,0.0,0.0,0.0,0.0,0.0,0,0,0,0,0,0,0,0,0,0,0.0,0.0,1.0
2025,55703,리베라토,한화,,False,62,246,0.3130081300813008,0.366,0.524,0.89,0.211,0.347,0.38,137.6,10,39,41,77,18,2,23,0,47,1,1.44,3.2,1.0
2013,62967,마낙길,NC,,False,24,29,0.3103448275862069,0.333,0.345,0.678,0.0349999999999999,0.375,0.295,0.0,0,0,5,9,1,0,1,0,5,2,0.0,,1.0
2014,62967,마낙길,NC,,False,2,1,0.0,0.5,0.0,0.5,0.0,0.0,0.36,0.0,0,0,1,0,0,0,1,0,0,0,0.017,,1.0
2015,62967,마낙길,NC,,False,1,0,0.0,0.0,0.0,0.0,0.0,0.0,0.0,0.0,0,0,0,0,0,0,0,0,0,0,-0.106,,1.0
2026,56813,마드리스,SSG,외야수,False,17,63,0.1746031746031746,0.278,0.381,0.659,0.206,0.189,0.291,62.4,4,9,10,11,1,0,9,0,22,0,0.071,-0.18,0.757
2015,65005,마르테,KT,,True,115,425,0.348235294117647,0.414,0.569,0.983,0.2209999999999999,0.363,0.424,0.0,20,89,85,148,32,1,51,2,60,0,2.213,,1.0
2016,65005,마르테,KT,,False,91,325,0.2646153846153846,0.36,0.517,0.877,0.252,0.249,0.375,0.0,22,74,52,86,16,0,50,1,51,0,1.985,,1.0
2012,70329,마일영,한화,,False,3,0,0.0,0.0,0.0,0.0,0.0,0.0,0.0,0.0,0,0,0,0,0,0,0,0,0,0,0.0,,1.0
2015,72749,마정길,넥센,,False,1,0,0.0,0.0,0.0,0.0,0.0,0.0,0.0,0.0,0,0,0,0,0,0,0,0,0,0,0.0,,1.0
2016,72749,마정길,넥센,,False,1,0,0.0,0.0,0.0,0.0,0.0,0.0,0.0,0.0,0,0,0,0,0,0,0,0,0,0,0.0,,1.0
2020,50506,마차도,롯데,내야수,True,144,486,0.279835390946502,0.356,0.422,0.778,0.1419999999999999,0.294,0.355,98.3,12,67,79,136,31,1,54,8,60,15,-0.292,3.4,1.0
2021,50506,마차도,롯데,내야수,True,134,466,0.278969957081545,0.359,0.361,0.72,0.0819999999999999,0.31,0.336,98.8,5,58,83,130,21,1,58,4,65,8,-2.127,3.02,1.0
2022,52904,마티니,NC,외야수,True,139,510,0.296078431372549,0.365,0.461,0.826,0.165,0.325,0.362,123.4,16,85,67,151,34,1,51,8,86,12,-0.907,3.3,1.0
2023,53955,마틴,NC,외야수,True,118,435,0.2827586206896552,0.36,0.455,0.815,0.172,0.33,0.359,122.3,17,90,55,123,20,2,57,1,107,15,-0.244,3.2,1.0
2025,55844,맥브룸,SSG,,False,22,74,0.2027027027027027,0.263,0.405,0.668,0.202,0.262,0.289,55.5,4,11,8,15,3,0,5,1,28,0,-0.805,-0.16,1.0
2016,66523,맥스웰,롯데,,False,23,80,0.288,0.414,0.5,0.914,0.212,0.365,0.4,0.0,4,16,14,23,3,1,15,3,25,2,0.673,,1.0
2024,54424,맥키넌,삼성,,False,72,272,0.2941176470588235,0.381,0.386,0.767,0.092,0.319,0.353,97.0,4,36,28,80,13,0,39,1,33,1,0.012,0.74,1.0
2011,61495,명재철,삼성,,False,1,0,0.0,0.0,0.0,0.0,0.0,0.0,0.0,0.0,0,0,0,0,0,0,0,0,0,0,0.0,,1.0
2015,65733,모건,한화,,False,10,33,0.2727272727272727,0.405,0.333,0.738,0.06,0.346,0.349,0.0,0,5,2,9,2,0,4,4,8,1,0.014,,1.0
2017,67024,모넬,KT,,False,28,85,0.1647058823529411,0.305,0.282,0.587,0.1169999999999999,0.211,0.272,34.2,2,9,10,14,4,0,17,1,28,2,-0.505,-0.38,1.0
2011,76469,모상기,삼성,,False,32,74,0.1891891891891892,0.282,0.392,0.674,0.203,0.238,0.294,0.0,4,11,7,14,3,0,10,0,29,0,0.0,,1.0
2012,76469,모상기,삼성,,False,18,16,0.063,0.118,0.063,0.181,0.0,0.125,0.097,0.0,0,0,0,1,0,0,0,1,8,0,0.0,,1.0
2013,76469,모상기,삼성,,False,5,8,0.125,0.3,0.125,0.425,0.0,0.2,0.234,0.0,0,0,0,1,0,0,2,0,3,1,0.0,,1.0
2015,76469,모상기,KT,,False,8,13,0.2307692307692307,0.333,0.231,0.564,0.0,0.375,0.276,0.0,0,0,2,3,0,0,2,0,5,0,-0.018,,1.0
2010,78813,모창민,SK,,False,65,60,0.1833333333333333,0.246,0.267,0.513,0.084,0.227,0.227,0.0,1,2,14,11,2,0,5,0,15,5,0.0,,1.0
2012,78813,모창민,SK,,False,15,32,0.25,0.294,0.406,0.7,0.156,0.292,0.314,0.0,1,2,7,8,2,0,2,0,7,2,0.0,,1.0
2013,78813,모창민,NC,,True,108,395,0.2759493670886076,0.339,0.443,0.782,0.1669999999999999,0.307,0.348,0.0,12,51,57,109,24,3,37,1,68,16,0.0,,1.0
2014,78813,모창민,NC,,True,122,419,0.2625298329355608,0.32,0.413,0.733,0.1499999999999999,0.289,0.329,0.0,16,72,62,110,15,0,37,0,82,14,-0.618,,1.0
2015,78813,모창민,NC,,False,103,214,0.2897196261682243,0.34,0.439,0.779,0.149,0.352,0.334,0.0,6,35,23,62,14,0,18,0,52,5,-1.469,,1.0
2016,78813,모창민,NC,,False,63,133,0.3308270676691729,0.37,0.504,0.874,0.173,0.364,0.392,0.0,5,20,16,44,8,0,9,1,24,3,0.541,,1.0
2017,78813,모창민,NC,,True,136,474,0.3122362869198312,0.361,0.485,0.846,0.173,0.34,0.372,121.9,17,90,64,148,25,3,39,2,81,9,1.41,2.62,1.0
2018,78813,모창민,NC,,False,81,287,0.2787456445993031,0.328,0.498,0.826,0.2189999999999999,0.283,0.361,110.0,17,62,38,80,10,1,21,2,51,2,0.798,1.12,1.0
2019,78813,모창민,NC,,False,101,341,0.3049853372434017,0.358,0.466,0.824,0.161,0.336,0.357,124.5,10,55,49,104,21,2,31,3,62,3,-0.842,2.87,1.0
2020,78813,모창민,NC,,False,62,136,0.3014705882352941,0.34,0.449,0.789,0.148,0.342,0.335,91.6,2,13,10,41,10,2,8,1,22,0,-0.294,0.51,1.0
2021,78813,모창민,NC,,False,3,5,0.0,0.167,0.0,0.167,0.0,0.0,0.12,-50.0,0,0,0,0,0,0,1,0,1,0,-0.153,-0.11,1.0
2020,50300,모터,키움,,False,10,35,0.1142857142857142,0.135,0.2,0.335,0.086,0.12,0.145,-20.2,1,3,4,4,0,0,1,0,10,0,-0.603,-0.55,1.0
2015,65643,문경찬,KIA,,False,2,0,0.0,0.0,0.0,0.0,0.0,0.0,0.0,0.0,0,0,0,0,0,0,0,0,0,0,0.0,,1.0
2018,65643,문경찬,KIA,,False,7,0,0.0,0.0,0.0,0.0,0.0,0.0,0.0,0.0,0,0,0,0,0,0,0,0,0,0,0.0,0.0,1.0
2019,65643,문경찬,KIA,,False,2,1,0.0,0.0,0.0,0.0,0.0,0.0,0.0,0.0,0,0,0,0,0,0,0,0,1,0,-0.001,0.0,1.0
2022,65643,문경찬,롯데,,False,1,0,0.0,0.0,0.0,0.0,0.0,0.0,0.0,0.0,0,0,0,0,0,0,0,0,0,0,0.0,0.0,1.0
2016,60845,문광은,SK,,False,1,0,0.0,0.0,0.0,0.0,0.0,0.0,0.0,0.0,0,0,0,0,0,0,0,0,0,0,0.0,,1.0
2019,60845,문광은,LG,,False,2,0,0.0,0.0,0.0,0.0,0.0,0.0,0.0,0.0,0,0,0,0,0,0,0,0,0,0,0.0,0.0,1.0
2010,72546,문규현,롯데,,False,80,173,0.2369942196531791,0.308,0.335,0.643,0.098,0.286,0.284,0.0,3,16,18,41,8,0,15,4,40,2,0.0,,1.0
2011,72546,문규현,롯데,,False,125,327,0.2415902140672783,0.312,0.318,0.63,0.076,0.287,0.284,0.0,2,39,40,79,13,3,28,7,60,5,0.0,,1.0
2012,72546,문규현,롯데,,False,105,244,0.2049180327868852,0.255,0.246,0.501,0.041,0.255,0.226,0.0,0,17,17,50,10,0,13,4,50,0,0.0,,1.0
2013,72546,문규현,롯데,,False,79,101,0.2376237623762376,0.307,0.257,0.564,0.019,0.3,0.26,0.0,0,6,10,24,2,0,11,0,23,2,0.0,,1.0
2014,72546,문규현,롯데,,False,77,235,0.2808510638297872,0.35,0.374,0.724,0.0929999999999999,0.312,0.315,0.0,2,27,33,66,16,0,26,0,30,5,-0.148,,1.0
2015,72546,문규현,롯데,,False,105,265,0.2452830188679245,0.283,0.321,0.604,0.076,0.278,0.262,0.0,2,25,24,65,12,1,14,1,39,4,-2.716,,1.0
2016,72546,문규현,롯데,,False,120,316,0.2721518987341772,0.333,0.342,0.675,0.07,0.298,0.297,0.0,4,40,38,86,10,0,29,1,39,2,-1.071,,1.0
2017,72546,문규현,롯데,,False,110,304,0.2697368421052631,0.295,0.391,0.686,0.121,0.293,0.287,45.5,6,42,38,82,15,2,10,2,42,2,-1.384,-0.04,1.0
2018,72546,문규현,롯데,,False,122,316,0.2753164556962025,0.309,0.399,0.708,0.124,0.299,0.305,59.2,6,41,42,87,19,1,18,0,45,3,-2.048,-0.34,1.0
2019,72546,문규현,롯데,,False,40,64,0.25,0.271,0.281,0.552,0.031,0.281,0.239,30.0,0,10,7,16,2,0,3,0,10,0,-0.734,-0.31,1.0
2021,69102,문보경,LG,내야수,False,107,278,0.2302158273381295,0.337,0.363,0.7,0.1329999999999999,0.269,0.322,99.6,8,39,37,64,11,1,46,0,64,3,-0.207,1.17,1.0
2022,69102,문보경,LG,내야수,True,126,406,0.3152709359605911,0.382,0.451,0.833,0.136,0.342,0.369,139.7,9,56,52,128,22,3,47,1,56,7,-0.187,4.02,1.0
2023,69102,문보경,LG,내야수,True,131,469,0.3006396588486141,0.377,0.448,0.825,0.147,0.345,0.363,133.7,10,72,77,141,29,5,58,2,83,9,-0.136,3.15,1.0
2024,69102,문보경,LG,내야수,True,144,519,0.3005780346820809,0.372,0.507,0.879,0.206,0.337,0.379,127.9,22,101,80,156,35,3,65,2,112,7,0.92,3.83,1.0
2025,69102,문보경,LG,내야수,True,141,515,0.2757281553398058,0.371,0.46,0.831,0.184,0.301,0.375,140.0,24,108,91,142,21,1,79,4,108,3,0.392,4.67,1.0
2026,69102,문보경,LG,내야수,False,80,264,0.2348484848484848,0.351,0.356,0.707,0.121,0.273,0.327,93.9,8,46,33,62,8,0,50,1,65,0,-0.853,0.78,0.757
2020,67063,문상인,KT,,False,3,2,0.0,0.0,0.0,0.0,0.0,0.0,0.0,-126.2,0,0,0,0,0,0,0,0,1,0,-0.036,-0.05,1.0
2022,67063,문상인,KT,,False,12,3,0.0,0.0,0.0,0.0,0.0,0.0,0.0,-140.8,0,0,2,0,0,0,0,0,2,0,-0.02,-0.05,1.0
2023,67063,문상인,KT,,False,1,0,0.0,1.0,0.0,0.0,0.0,0.0,0.72,393.0,0,0,0,0,0,0,1,0,0,0,0.0,0.04,1.0
2022,50007,문상준,KT,내야수,False,2,3,0.3333333333333333,0.333,0.667,1.0,0.334,1.0,0.413,164.1,0,0,0,1,1,0,0,0,2,0,0.071,0.04,1.0
2023,50007,문상준,KT,내야수,False,2,5,0.2,0.2,0.2,0.4,0.0,1.0,0.18,-6.6,0,0,1,1,0,0,0,0,4,0,-0.05,-0.09,1.0
2015,64007,문상철,KT,내야수,False,51,80,0.163,0.23,0.275,0.505,0.112,0.239,0.236,0.0,2,6,10,13,3,0,7,0,32,0,-0.462,,1.0
2016,64007,문상철,KT,내야수,False,48,80,0.2,0.253,0.325,0.578,0.125,0.278,0.266,0.0,1,7,9,16,7,0,4,2,26,1,-0.552,,1.0
2019,64007,문상철,KT,내야수,False,33,60,0.2,0.265,0.317,0.582,0.1169999999999999,0.294,0.259,45.5,2,7,8,12,1,0,4,2,26,2,-0.381,-0.18,1.0
2020,64007,문상철,KT,내야수,False,74,154,0.2597402597402597,0.314,0.461,0.775,0.201,0.305,0.332,92.3,8,25,24,40,3,2,11,2,43,0,-1.416,0.61,1.0
2021,64007,문상철,KT,내야수,False,53,96,0.21875,0.292,0.344,0.636,0.1249999999999999,0.311,0.286,65.5,2,16,14,21,6,0,8,2,33,2,-0.975,0.01,1.0
2022,64007,문상철,KT,내야수,False,28,49,0.2244897959183673,0.269,0.408,0.677,0.1839999999999999,0.3,0.292,76.6,2,4,5,11,3,0,3,0,17,1,-0.401,0.11,1.0
2023,64007,문상철,KT,내야수,False,112,304,0.2598684210526316,0.298,0.414,0.712,0.1539999999999999,0.318,0.316,93.3,9,46,30,79,20,0,16,3,81,3,0.332,0.8,1.0
2024,64007,문상철,KT,내야수,False,125,347,0.2564841498559078,0.351,0.435,0.786,0.179,0.291,0.355,102.9,17,58,50,89,11,0,45,7,86,6,-0.299,1.54,1.0
2025,64007,문상철,KT,내야수,False,79,173,0.2138728323699422,0.325,0.347,0.672,0.1329999999999999,0.252,0.31,86.8,5,20,22,37,6,1,25,5,44,1,-1.227,0.52,1.0
2014,60464,문선엽,삼성,,False,3,2,0.0,0.0,0.0,0.0,0.0,0.0,0.0,0.0,0,0,0,0,0,0,0,0,1,0,-0.144,,1.0
2017,60464,문선엽,삼성,,False,4,4,0.0,0.0,0.0,0.0,0.0,0.0,0.0,-130.4,0,0,0,0,0,0,0,0,2,0,-0.033,-0.11,1.0
2010,79113,문선재,LG,,False,7,5,0.0,0.0,0.0,0.0,0.0,0.0,0.0,0.0,0,1,0,0,0,0,0,0,4,0,0.0,,1.0
2013,79113,문선재,LG,,False,93,217,0.2672811059907834,0.316,0.378,0.694,0.1109999999999999,0.378,0.304,0.0,4,25,31,58,10,1,13,3,71,8,0.0,,1.0
2014,79113,문선재,LG,,False,22,20,0.15,0.25,0.2,0.45,0.05,0.188,0.217,0.0,0,4,4,3,1,0,3,0,5,3,-0.085,,1.0
2015,79113,문선재,LG,,False,103,212,0.2264150943396226,0.31,0.368,0.678,0.142,0.279,0.307,0.0,5,27,27,48,13,1,23,3,54,9,-1.105,,1.0
2016,79113,문선재,LG,,False,52,111,0.2882882882882883,0.344,0.541,0.885,0.253,0.329,0.36,0.0,7,16,28,32,3,2,10,0,29,5,0.142,,1.0
2017,79113,문선재,LG,,False,35,92,0.2608695652173913,0.333,0.413,0.746,0.1519999999999999,0.324,0.33,115.6,2,14,17,24,6,1,10,1,24,0,0.091,0.21,1.0
2018,79113,문선재,LG,,False,2,6,0.1666666666666666,0.167,0.167,0.334,0.0,0.333,0.15,-9.1,0,0,0,1,0,0,0,0,3,0,-0.132,-0.09,1.0
2019,79113,문선재,KIA,,False,29,49,0.1632653061224489,0.295,0.347,0.642,0.1839999999999999,0.167,0.303,88.7,3,6,7,8,0,0,9,1,18,2,-0.631,0.03,1.0
2020,79113,문선재,KIA,,False,15,6,0.1666666666666666,0.167,0.167,0.334,0.0,0.25,0.15,-24.7,0,0,1,1,0,0,0,0,2,0,-0.155,-0.08,1.0
2018,68119,문성주,LG,외야수,False,5,3,0.3333333333333333,0.333,0.333,0.666,0.0,0.5,0.3,82.8,0,0,1,1,0,0,0,0,1,0,-0.199,0.0,1.0
2021,68119,문성주,LG,외야수,False,31,79,0.2278481012658227,0.303,0.278,0.581,0.05,0.266,0.292,77.4,1,10,11,18,1,0,7,2,15,1,-0.781,-0.14,1.0
2022,68119,문성주,LG,외야수,False,106,327,0.3027522935779816,0.401,0.422,0.823,0.119,0.325,0.373,139.7,6,41,55,99,15,3,51,3,36,9,-0.635,3.25,1.0
2023,68119,문성주,LG,외야수,True,136,449,0.2939866369710467,0.392,0.372,0.764,0.078,0.312,0.36,131.1,2,57,77,132,21,4,67,8,34,24,-1.527,3.41,1.0
2024,68119,문성주,LG,외야수,False,96,305,0.3147540983606557,0.411,0.38,0.791,0.065,0.356,0.367,117.5,0,48,47,96,16,2,49,3,38,13,0.659,2.27,1.0
2025,68119,문성주,LG,외야수,True,135,475,0.3052631578947368,0.375,0.375,0.75,0.07,0.336,0.346,116.9,3,70,57,145,20,2,54,4,59,4,0.217,2.99,1.0
2026,68119,문성주,LG,외야수,False,69,205,0.2926829268292683,0.364,0.351,0.715,0.0579999999999999,0.331,0.327,92.1,1,21,17,60,9,0,21,3,28,2,-1.408,0.29,0.757
2015,60336,문성현,넥센,,False,2,0,0.0,0.0,0.0,0.0,0.0,0.0,0.0,0.0,0,0,0,0,0,0,0,0,0,0,0.0,,1.0
2021,60336,문성현,키움,,False,1,0,0.0,0.0,0.0,0.0,0.0,0.0,0.0,0.0,0,0,0,0,0,0,0,0,0,0,0.0,0.0,1.0
2023,60336,문성현,키움,,False,2,0,0.0,0.0,0.0,0.0,0.0,0.0,0.0,0.0,0,0,0,0,0,0,0,0,0,0,0.0,0.0,1.0
2024,60336,문성현,키움,,False,1,0,0.0,0.0,0.0,0.0,0.0,0.0,0.0,0.0,0,0,0,0,0,0,0,0,0,0,0.0,0.0,1.0
2013,62869,문승원,SK,투수,False,3,0,0.0,0.0,0.0,0.0,0.0,0.0,0.0,0.0,0,0,0,0,0,0,0,0,0,0,0.0,,1.0
2023,62869,문승원,SSG,투수,False,1,0,0.0,0.0,0.0,0.0,0.0,0.0,0.0,0.0,0,0,0,0,0,0,0,0,0,0,0.0,0.0,1.0
2024,62869,문승원,SSG,투수,False,6,1,0.0,0.0,0.0,0.0,0.0,0.0,0.0,0.0,0,0,0,0,0,0,0,0,1,0,-0.003,0.0,1.0
2021,67419,문용익,삼성,투수,False,1,0,0.0,0.0,0.0,0.0,0.0,0.0,0.0,0.0,0,0,0,0,0,0,0,0,0,0,0.0,0.0,1.0
2012,61363,문우람,넥센,,False,25,65,0.2307692307692307,0.282,0.292,0.574,0.0609999999999999,0.283,0.286,0.0,0,3,4,15,4,0,4,1,13,0,0.0,,1.0
2013,61363,문우람,넥센,,False,69,256,0.3046875,0.373,0.426,0.799,0.121,0.351,0.353,0.0,4,28,41,78,19,0,25,4,43,2,0.0,,1.0
2014,61363,문우람,넥센,,False,122,324,0.2839506172839506,0.352,0.438,0.79,0.154,0.323,0.353,0.0,6,43,46,92,24,4,33,2,54,5,-0.483,,1.0
2015,61363,문우람,넥센,,False,63,119,0.2352941176470588,0.314,0.37,0.684,0.135,0.289,0.305,0.0,2,22,22,28,10,0,12,3,30,1,-0.864,,1.0
2025,52121,문정빈,LG,내야수,False,21,30,0.1666666666666666,0.242,0.367,0.609,0.1999999999999999,0.176,0.295,87.6,2,4,5,5,0,0,1,2,11,0,-0.537,0.08,1.0
2026,52121,문정빈,LG,내야수,False,54,159,0.3018867924528302,0.385,0.629,1.014,0.327,0.354,0.439,179.3,13,39,25,48,9,2,19,3,48,0,1.633,2.43,0.757
2020,50365,문찬종,키움,,False,5,1,0.0,0.0,0.0,0.0,0.0,0.0,0.0,-120.2,0,0,0,0,0,0,0,0,0,0,0.0,-0.01,1.0
2021,50365,문찬종,키움,,False,13,14,0.1428571428571428,0.294,0.143,0.437,0.0,0.2,0.233,31.0,0,1,0,2,0,0,3,0,4,0,-0.136,-0.05,1.0
2023,53764,문현빈,한화,내야수,True,137,428,0.2663551401869158,0.324,0.362,0.686,0.0959999999999999,0.317,0.307,88.3,5,49,47,114,22,2,33,6,84,5,-1.45,1.22,1.0
2024,53764,문현빈,한화,내야수,False,103,260,0.2769230769230769,0.34,0.412,0.752,0.1349999999999999,0.328,0.333,91.5,5,47,29,72,16,2,24,2,53,3,-1.881,0.88,1.0
2025,53764,문현빈,한화,내야수,True,141,528,0.3200757575757575,0.37,0.453,0.823,0.133,0.353,0.366,125.3,12,80,71,169,30,2,38,10,82,17,1.162,4.52,1.0
2026,53764,문현빈,한화,내야수,True,102,402,0.291044776119403,0.373,0.46,0.833,0.169,0.316,0.371,121.3,12,58,63,117,24,4,49,5,61,10,-0.866,2.97,0.757
2010,76249,민병헌,두산,,False,64,70,0.2857142857142857,0.367,0.343,0.71,0.057,0.357,0.313,0.0,0,4,23,20,2,1,9,0,14,11,0.0,,1.0
2012,76249,민병헌,두산,,False,2,7,0.1428571428571428,0.143,0.143,0.286,0.0,0.2,0.113,0.0,0,0,0,1,0,0,0,0,2,0,0.0,,1.0
2013,76249,민병헌,두산,,True,119,383,0.3185378590078329,0.387,0.48,0.867,0.1609999999999999,0.354,0.372,0.0,9,65,71,122,21,7,40,7,62,27,0.0,,1.0
2014,76249,민병헌,두산,,True,124,470,0.3446808510638298,0.395,0.5,0.895,0.155,0.374,0.394,0.0,12,79,85,162,31,3,37,6,63,16,3.046,,1.0
2015,76249,민병헌,두산,,True,129,491,0.3034623217922607,0.373,0.426,0.799,0.123,0.333,0.354,0.0,12,75,80,149,20,2,50,8,74,7,1.6720000000000002,,1.0
2016,76249,민병헌,두산,,True,134,511,0.324853228962818,0.396,0.495,0.891,0.1699999999999999,0.368,0.392,0.0,16,87,98,166,31,4,48,15,91,9,2.768,,1.0
2017,76249,민병헌,두산,,True,123,447,0.3042505592841163,0.389,0.445,0.834,0.141,0.334,0.37,127.9,14,71,73,136,21,0,47,19,74,3,-0.206,3.14,1.0
2018,76249,민병헌,롯데,,True,118,443,0.3182844243792325,0.374,0.481,0.855,0.1629999999999999,0.341,0.376,98.9,17,66,74,141,21,0,35,8,68,8,-0.057,2.69,1.0
2019,76249,민병헌,롯데,,False,101,369,0.3035230352303523,0.379,0.453,0.832,0.149,0.334,0.37,123.3,9,43,52,112,24,2,42,5,55,13,-1.174,3.49,1.0
2020,76249,민병헌,롯데,,False,109,309,0.233009708737864,0.291,0.291,0.582,0.0579999999999999,0.283,0.283,53.3,2,23,42,72,12,0,21,5,62,10,-2.904,-0.42,1.0
2021,76249,민병헌,롯데,,False,14,42,0.1904761904761904,0.292,0.262,0.554,0.072,0.258,0.256,43.5,0,2,5,8,3,0,6,0,11,0,-0.383,-0.19,1.0
2015,78366,민태호,NC,,False,3,0,0.0,0.0,0.0,0.0,0.0,0.0,0.0,0.0,0,0,0,0,0,0,0,0,0,0,0.0,,1.0
2016,78366,민태호,NC,,False,1,0,0.0,0.0,0.0,0.0,0.0,0.0,0.0,0.0,0,0,0,0,0,0,0,0,0,0,0.0,,1.0
2019,78366,민태호,NC,,False,1,0,0.0,0.0,0.0,0.0,0.0,0.0,0.0,0.0,0,0,0,0,0,0,0,0,0,0,0.0,0.0,1.0
2012,61727,바티스타,한화,,False,3,1,0.0,0.0,0.0,0.0,0.0,0.0,0.0,0.0,0,0,0,0,0,0,0,0,1,0,0.0,,1.0
2013,79215,박건우,두산,외야수,False,34,48,0.2708333333333333,0.3,0.354,0.654,0.0829999999999999,0.333,0.285,0.0,1,7,12,13,1,0,1,1,11,2,0.0,,1.0
2014,79215,박건우,두산,외야수,False,47,61,0.180327868852459,0.231,0.279,0.51,0.099,0.229,0.224,0.0,0,3,7,11,4,1,4,0,13,1,-0.704,,1.0
2015,79215,박건우,두산,외야수,False,70,158,0.3417721518987341,0.399,0.513,0.912,0.1709999999999999,0.395,0.409,0.0,5,26,31,54,12,0,12,3,29,2,0.493,,1.0
2016,79215,박건우,두산,외야수,True,132,484,0.3347107438016529,0.39,0.55,0.94,0.215,0.371,0.418,0.0,20,83,95,162,36,4,38,9,86,17,2.897,,1.0
2017,79215,박건우,두산,외야수,True,131,483,0.3664596273291925,0.424,0.582,1.006,0.2159999999999999,0.39,0.433,171.4,20,78,91,177,40,2,41,10,64,20,1.27,7.19,1.0
2018,79215,박건우,두산,외야수,True,125,488,0.3258196721311475,0.373,0.473,0.846,0.1469999999999999,0.356,0.381,129.8,12,84,79,159,24,6,28,10,65,7,2.459,3.56,1.0
2019,79215,박건우,두산,외야수,True,127,458,0.3187772925764192,0.397,0.465,0.862,0.146,0.338,0.379,155.4,10,64,83,146,27,5,60,7,57,12,-0.83,4.9399999999999995,1.0
2020,79215,박건우,두산,외야수,True,129,487,0.3039014373716632,0.369,0.472,0.841,0.1679999999999999,0.323,0.375,146.4,14,70,103,148,40,0,42,12,65,8,0.347,5.21,1.0
2021,79215,박건우,두산,외야수,True,126,458,0.3253275109170305,0.4,0.441,0.841,0.1159999999999999,0.37,0.389,146.9,6,63,82,149,31,2,50,11,72,13,0.47,4.96,1.0
2022,79215,박건우,NC,외야수,True,111,408,0.3357843137254901,0.408,0.458,0.866,0.122,0.375,0.388,147.4,10,61,52,137,18,1,44,8,62,3,-0.1,4.5600000000000005,1.0
2023,79215,박건우,NC,외야수,True,130,458,0.3187772925764192,0.397,0.48,0.877,0.1609999999999999,0.349,0.393,150.4,12,85,70,146,34,2,56,9,71,7,0.838,4.97,1.0
2024,79215,박건우,NC,외야수,False,89,323,0.3436532507739938,0.409,0.542,0.951,0.198,0.38,0.421,143.7,13,53,58,111,23,1,33,4,54,4,2.599,3.54,1.0
2025,55509,박건우,롯데,포수,False,6,3,0.6666666666666667,0.667,0.667,1.334,0.0,1.0,0.6,289.1,0,1,1,2,0,0,0,0,1,0,0.0,0.09,1.0
2025,79215,박건우,NC,외야수,False,124,384,0.2890625,0.37,0.427,0.797,0.138,0.322,0.361,122.3,9,67,43,111,24,1,47,5,63,6,0.237,2.98,1.0
2025,55046,박건우,KT,투수,False,2,0,0.0,0.0,0.0,0.0,0.0,0.0,0.0,0.0,0,0,0,0,0,0,0,0,0,0,0.0,0.0,1.0
2026,79215,박건우,NC,외야수,True,97,335,0.2895522388059701,0.362,0.478,0.84,0.188,0.309,0.361,109.4,16,63,44,97,15,0,43,1,67,8,1.738,1.9,0.757
2026,55509,박건우,롯데,포수,False,18,16,0.3125,0.353,0.375,0.728,0.062,0.5,0.381,124.7,0,1,1,5,1,0,1,0,6,0,0.033,0.2,0.757
2010,73113,박경수,LG,,False,80,231,0.2597402597402597,0.381,0.39,0.771,0.13,0.322,0.349,0.0,3,21,33,60,21,0,30,16,52,10,0.0,,1.0
2011,73113,박경수,LG,,False,111,317,0.2271293375394321,0.338,0.306,0.644,0.0789999999999999,0.271,0.298,0.0,4,26,36,72,11,1,48,7,66,10,0.0,,1.0
2014,73113,박경수,LG,,False,87,162,0.228395061728395,0.344,0.315,0.659,0.087,0.269,0.302,0.0,2,19,33,37,6,1,25,5,33,7,-0.65,,1.0
2015,73113,박경수,KT,,True,137,440,0.2840909090909091,0.399,0.507,0.906,0.223,0.336,0.396,0.0,22,73,75,125,30,1,74,13,115,6,0.183,,1.0
2016,73113,박경수,KT,,True,121,402,0.3134328358208955,0.412,0.522,0.934,0.209,0.346,0.406,0.0,20,80,64,126,22,1,65,5,80,3,2.201,,1.0
2017,73113,박경수,KT,,True,131,442,0.2624434389140271,0.352,0.43,0.782,0.1679999999999999,0.324,0.348,82.3,15,66,62,116,27,1,57,6,118,1,-0.654,2.2,1.0
2018,73113,박경수,KT,,True,135,458,0.2620087336244541,0.354,0.472,0.826,0.2099999999999999,0.309,0.365,91.6,25,74,65,120,21,0,58,9,129,4,-0.038,3.08,1.0
2019,73113,박경수,KT,,True,137,421,0.2470308788598574,0.335,0.375,0.71,0.128,0.298,0.319,87.2,10,65,43,104,24,0,55,4,102,0,-0.905,1.99,1.0
2020,73113,박경수,KT,,False,119,324,0.2808641975308642,0.381,0.454,0.835,0.173,0.351,0.37,113.8,13,59,33,91,17,0,48,9,96,0,0.003,2.75,1.0
2021,73113,박경수,KT,,False,118,239,0.1924686192468619,0.301,0.347,0.648,0.1549999999999999,0.24,0.289,65.3,9,33,24,46,10,0,34,3,76,0,-1.324,0.4,1.0
2022,73113,박경수,KT,,False,100,166,0.1204819277108433,0.234,0.193,0.427,0.073,0.181,0.221,24.0,3,10,13,20,3,0,24,1,70,0,-2.532,-0.83,1.0
2023,73113,박경수,KT,,False,107,185,0.2,0.315,0.286,0.601,0.0859999999999999,0.261,0.279,64.3,1,12,12,37,13,0,30,1,46,0,-0.513,0.32,1.0
2024,73113,박경수,KT,,False,5,3,0.6666666666666666,0.667,1.0,1.667,0.3329999999999999,1.0,0.713,332.9,0,1,2,2,1,0,0,0,1,0,-0.002,0.12,1.0
2025,73113,박경수,KT,,False,1,0,0.0,0.0,0.0,0.0,0.0,0.0,0.0,0.0,0,0,0,0,0,0,0,0,0,0,0.0,0.0,1.0
2010,92809,박경완,SK,,True,129,381,0.2624671916010498,0.379,0.425,0.804,0.1629999999999999,0.305,0.358,0.0,14,67,51,100,20,0,46,27,88,1,0.0,,1.0
2011,92809,박경완,SK,,False,10,15,0.1333333333333333,0.188,0.133,0.321,0.0,0.222,0.158,0.0,0,1,0,2,0,0,1,0,6,0,0.0,,1.0
2012,92809,박경완,SK,,False,8,20,0.1,0.143,0.1,0.243,0.0,0.143,0.11,0.0,0,0,0,2,0,0,1,0,6,0,0.0,,1.0
2013,92809,박경완,SK,,False,8,19,0.1052631578947368,0.15,0.263,0.413,0.158,0.077,0.171,0.0,1,1,1,2,0,0,0,1,5,0,0.0,,1.0
2010,76653,박경태,KIA,,False,6,0,0.0,0.0,0.0,0.0,0.0,0.0,0.0,0.0,0,0,0,0,0,0,0,0,0,0,0.0,,1.0
2015,64468,박계범,삼성,내야수,False,3,0,0.0,0.0,0.0,0.0,0.0,0.0,0.0,0.0,0,0,0,0,0,0,0,0,0,0,0.0,,1.0
2016,64468,박계범,삼성,내야수,False,5,0,0.0,0.0,0.0,0.0,0.0,0.0,0.0,0.0,0,0,1,0,0,0,0,0,0,0,0.0,,1.0
2019,64468,박계범,삼성,내야수,False,58,168,0.2559523809523809,0.354,0.387,0.741,0.131,0.32,0.327,86.3,4,25,26,43,8,1,22,5,45,5,-1.027,0.61,1.0
2020,64468,박계범,삼성,내야수,False,80,164,0.1951219512195122,0.227,0.293,0.52,0.0979999999999999,0.242,0.235,13.1,3,16,21,32,7,0,7,0,42,3,-1.093,-1.1,1.0
2021,64468,박계범,두산,내야수,False,118,322,0.2670807453416149,0.368,0.357,0.725,0.0899999999999999,0.321,0.336,111.0,5,46,44,86,12,1,44,9,68,4,-0.265,2.08,1.0
2022,64468,박계범,두산,내야수,False,77,145,0.2206896551724138,0.29,0.317,0.607,0.096,0.286,0.268,63.8,2,14,21,32,8,0,12,3,40,5,-1.425,-0.32,1.0
2023,64468,박계범,두산,내야수,False,78,169,0.2189349112426035,0.286,0.29,0.576,0.0709999999999999,0.278,0.254,52.9,2,15,18,37,6,0,15,2,44,2,-1.288,-0.6,1.0
2024,64468,박계범,두산,내야수,False,24,15,0.2,0.4,0.267,0.667,0.067,0.375,0.332,97.0,0,0,5,3,1,0,5,0,7,1,-0.145,-0.05,1.0
2025,64468,박계범,두산,내야수,False,94,175,0.2628571428571428,0.319,0.354,0.673,0.0909999999999999,0.346,0.291,79.0,1,27,23,46,9,2,14,1,45,3,-1.517,0.02,1.0
2026,64468,박계범,삼성,내야수,False,29,36,0.1666666666666666,0.211,0.25,0.461,0.0829999999999999,0.227,0.232,22.8,1,2,6,6,0,0,2,0,13,0,-0.693,-0.19,0.757
2014,61893,박계현,SK,,False,62,129,0.3410852713178294,0.371,0.411,0.782,0.0699999999999999,0.407,0.355,0.0,0,13,23,44,9,0,8,0,24,7,0.301,,1.0
2015,61893,박계현,SK,,False,97,264,0.231060606060606,0.294,0.239,0.533,0.0079999999999999,0.277,0.26,0.0,0,21,27,61,2,0,20,4,45,10,-2.008,,1.0
2025,55164,박관우,LG,외야수,False,39,53,0.2641509433962264,0.31,0.415,0.725,0.1509999999999999,0.293,0.363,133.1,2,13,12,14,2,0,3,1,11,0,0.242,0.32,1.0
2021,50397,박관진,키움,,False,1,0,0.0,0.0,0.0,0.0,0.0,0.0,0.0,0.0,0,0,0,0,0,0,0,0,0,0,0.0,0.0,1.0
2014,74630,박근홍,삼성,,False,1,0,0.0,0.0,0.0,0.0,0.0,0.0,0.0,0.0,0,0,0,0,0,0,0,0,0,0,0.0,,1.0
2017,74630,박근홍,삼성,,False,1,0,0.0,0.0,0.0,0.0,0.0,0.0,0.0,0.0,0,0,0,0,0,0,0,0,0,0,0.0,0.0,1.0
2010,74103,박기남,KIA,,False,76,147,0.272108843537415,0.361,0.374,0.735,0.1019999999999999,0.314,0.337,0.0,3,24,26,40,6,0,18,3,27,3,0.0,,1.0
2011,74103,박기남,KIA,,False,85,152,0.2236842105263158,0.33,0.342,0.672,0.118,0.263,0.3,0.0,3,16,23,34,9,0,20,4,31,4,0.0,,1.0
2012,74103,박기남,KIA,,False,99,225,0.2533333333333333,0.341,0.351,0.692,0.0979999999999999,0.285,0.309,0.0,2,25,28,57,16,0,27,5,34,1,0.0,,1.0
2013,74103,박기남,KIA,,False,91,174,0.2873563218390804,0.379,0.42,0.799,0.133,0.319,0.343,0.0,4,21,35,50,11,0,25,2,28,2,0.0,,1.0
2014,74103,박기남,KIA,,False,90,171,0.2865497076023391,0.371,0.392,0.763,0.105,0.317,0.344,0.0,3,21,21,49,9,0,22,2,25,2,0.114,,1.0
2015,74103,박기남,KIA,,False,51,69,0.2028985507246377,0.389,0.246,0.635,0.0429999999999999,0.28,0.309,0.0,0,3,8,14,3,0,21,0,19,1,-0.34,,1.0
2010,70553,박기혁,롯데,,False,48,153,0.2156862745098039,0.248,0.235,0.483,0.0189999999999999,0.243,0.227,0.0,0,13,10,33,3,0,6,1,18,2,0.0,,1.0
2013,70553,박기혁,롯데,,False,31,60,0.2,0.304,0.233,0.537,0.033,0.245,0.257,0.0,0,9,4,12,2,0,9,0,11,1,0.0,,1.0
2014,70553,박기혁,롯데,,False,22,51,0.1568627450980392,0.295,0.196,0.491,0.039,0.2,0.239,0.0,0,2,8,8,2,0,10,0,11,0,-0.434,,1.0
2015,70553,박기혁,KT,,False,126,300,0.28,0.35,0.34,0.69,0.06,0.384,0.304,0.0,1,30,27,84,13,1,30,3,84,3,-1.661,,1.0
2016,70553,박기혁,KT,,False,117,308,0.2727272727272727,0.331,0.334,0.665,0.061,0.322,0.294,0.0,2,34,36,84,13,0,27,1,53,0,-0.621,,1.0
2017,70553,박기혁,KT,,False,97,235,0.2382978723404255,0.289,0.319,0.608,0.081,0.292,0.273,38.0,2,18,22,56,11,1,16,2,51,2,-2.467,-0.37,1.0
2018,70553,박기혁,KT,,False,98,173,0.2138728323699422,0.272,0.266,0.538,0.052,0.288,0.25,21.9,1,15,17,37,6,0,13,2,50,1,-2.285,-0.67,1.0
2010,74756,박노민,한화,,False,21,37,0.1891891891891892,0.231,0.351,0.582,0.1619999999999999,0.3,0.252,0.0,1,2,3,7,3,0,1,1,16,0,0.0,,1.0
2011,74756,박노민,한화,,False,37,72,0.25,0.316,0.375,0.691,0.125,0.296,0.301,0.0,2,11,10,18,3,0,6,1,16,1,0.0,,1.0
2012,74756,박노민,한화,,False,19,41,0.1707317073170731,0.277,0.195,0.472,0.0239999999999999,0.25,0.233,0.0,0,2,1,7,1,0,6,0,13,0,0.0,,1.0
2013,74756,박노민,한화,,False,27,64,0.21875,0.242,0.281,0.523,0.062,0.341,0.226,0.0,0,7,4,14,4,0,2,0,23,1,0.0,,1.0
2014,74756,박노민,한화,,False,2,2,0.0,0.0,0.0,0.0,0.0,0.0,0.0,0.0,0,0,0,0,0,0,0,0,0,0,-0.122,,1.0
2015,74756,박노민,한화,,False,23,24,0.3333333333333333,0.385,0.333,0.718,0.0,0.615,0.332,0.0,0,4,1,8,0,0,2,0,11,0,-0.311,,1.0
2016,74756,박노민,한화,,False,5,2,0.0,0.0,0.0,0.0,0.0,0.0,0.0,0.0,0,0,0,0,0,0,0,0,2,0,-0.03,,1.0
2015,64944,박대온,NC,,False,33,21,0.2857142857142857,0.273,0.333,0.606,0.047,0.375,0.303,0.0,0,3,2,6,1,0,0,0,6,0,0.554,,1.0
2016,64944,박대온,NC,,False,13,15,0.4,0.4,0.4,0.8,0.0,0.5,0.36,0.0,0,0,0,6,0,0,0,0,3,0,-0.11,,1.0
2017,64944,박대온,NC,,False,60,63,0.1904761904761904,0.215,0.381,0.596,0.191,0.25,0.247,43.9,1,1,5,12,7,1,2,0,18,0,-0.847,-0.14,1.0
2018,64944,박대온,NC,,False,27,25,0.16,0.276,0.16,0.436,0.0,0.25,0.247,41.2,0,1,3,4,0,0,4,0,9,0,-0.467,-0.2,1.0
2021,64944,박대온,NC,,False,42,85,0.2117647058823529,0.242,0.224,0.466,0.012,0.273,0.214,16.7,0,5,4,18,1,0,4,0,21,0,-0.77,-0.55,1.0
2022,64944,박대온,NC,,False,59,127,0.1811023622047244,0.192,0.236,0.428,0.0549999999999999,0.244,0.192,3.0,1,10,8,23,4,0,0,2,37,0,-1.749,-0.82,1.0
2023,64944,박대온,NC,,False,25,28,0.2857142857142857,0.364,0.393,0.757,0.107,0.381,0.337,110.8,0,3,6,8,3,0,3,1,8,0,-0.2,0.09,1.0
2010,74363,박동욱,LG,,False,1,0,0.0,0.0,0.0,0.0,0.0,0.0,0.0,0.0,0,0,0,0,0,0,0,0,0,0,0.0,,1.0
2010,79365,박동원,넥센,포수,False,7,2,0.0,0.0,0.0,0.0,0.0,0.0,0.0,0.0,0,0,0,0,0,0,0,0,1,0,0.0,,1.0
2013,79365,박동원,넥센,포수,False,69,98,0.1938775510204081,0.255,0.286,0.541,0.0919999999999999,0.261,0.254,0.0,1,6,5,19,6,0,7,1,28,1,0.0,,1.0
2014,79365,박동원,넥센,포수,False,76,174,0.2528735632183908,0.321,0.42,0.741,0.1669999999999999,0.297,0.326,0.0,6,26,32,44,7,2,13,5,41,0,-0.632,,1.0
2015,79365,박동원,넥센,포수,False,127,379,0.2664907651715039,0.339,0.414,0.753,0.1479999999999999,0.311,0.335,0.0,14,61,47,101,12,1,37,9,93,0,0.055,,1.0
2016,79365,박동원,넥센,포수,True,127,411,0.2481751824817518,0.304,0.416,0.72,0.1679999999999999,0.287,0.315,0.0,14,70,44,102,25,1,27,7,93,3,-1.425,,1.0
2017,79365,박동원,넥센,포수,False,103,256,0.26953125,0.32,0.434,0.754,0.1639999999999999,0.304,0.328,75.1,11,39,33,69,9,0,17,3,56,2,-1.336,0.69,1.0
2018,79365,박동원,넥센,포수,False,39,117,0.2478632478632478,0.302,0.427,0.729,0.179,0.267,0.316,68.0,6,17,19,29,3,0,9,0,25,0,-0.689,0.03,1.0
2019,79365,박동원,키움,포수,False,112,317,0.2965299684542586,0.367,0.445,0.812,0.148,0.333,0.356,122.9,10,55,50,94,15,1,34,2,56,1,0.417,2.31,1.0
2020,79365,박동원,키움,포수,False,112,324,0.25,0.338,0.426,0.764,0.176,0.28,0.34,107.5,12,50,45,81,21,0,38,6,68,0,-0.71,1.2,1.0
2021,79365,박동원,키움,포수,True,131,413,0.2493946731234866,0.342,0.46,0.802,0.211,0.289,0.359,124.1,22,83,61,103,21,0,53,7,114,2,0.034,3.54,1.0
2022,79365,박동원,KIA,포수,True,123,385,0.2415584415584415,0.334,0.436,0.77,0.194,0.275,0.344,113.4,18,57,52,93,21,0,45,9,95,1,-1.921,3.02,1.0
2023,79365,박동원,LG,포수,True,130,409,0.2493887530562347,0.334,0.443,0.777,0.194,0.267,0.339,118.4,20,75,54,102,17,1,49,7,90,0,-0.448,2.97,1.0
2024,79365,박동원,LG,포수,True,130,434,0.271889400921659,0.349,0.461,0.81,0.189,0.317,0.356,113.7,20,80,58,118,22,0,55,0,112,1,-1.005,3.3,1.0
2025,79365,박동원,LG,포수,True,139,451,0.2527716186252772,0.342,0.455,0.797,0.202,0.297,0.351,121.4,22,76,57,114,25,0,62,2,124,4,0.08,3.61,1.0
2026,79365,박동원,LG,포수,True,95,273,0.2307692307692307,0.34,0.41,0.75,0.1789999999999999,0.273,0.328,97.2,12,50,42,63,13,0,43,4,78,1,-1.357,1.28,0.757
2023,53139,박명근,LG,투수,False,2,0,0.0,0.0,0.0,0.0,0.0,0.0,0.0,0.0,0,0,0,0,0,0,0,0,0,0,0.0,0.0,1.0
2024,53139,박명근,LG,투수,False,1,0,0.0,0.0,0.0,0.0,0.0,0.0,0.0,0.0,0,0,0,0,0,0,0,0,0,0,0.0,0.0,1.0
2025,53139,박명근,LG,투수,False,5,0,0.0,0.0,0.0,0.0,0.0,0.0,0.0,0.0,0,0,0,0,0,0,0,0,0,0,0.0,0.0,1.0
2014,96251,박명환,NC,,False,2,1,0.0,0.0,0.0,0.0,0.0,0.0,0.0,0.0,0,0,0,0,0,0,0,0,1,0,-0.046,,1.0
2020,50657,박민,KIA,내야수,False,6,1,0.0,0.5,0.0,0.5,0.0,0.0,0.36,114.9,0,0,1,0,0,0,1,0,1,0,-0.016,-0.04,1.0
2021,50657,박민,KIA,내야수,False,18,35,0.1714285714285714,0.237,0.2,0.437,0.0289999999999999,0.24,0.209,14.7,0,3,3,6,1,0,2,1,10,0,-0.449,-0.28,1.0
2022,50657,박민,KIA,내야수,False,6,2,0.0,0.0,0.0,0.0,0.0,0.0,0.0,-139.0,0,0,1,0,0,0,0,0,0,0,-0.011,-0.05,1.0
2024,50657,박민,KIA,내야수,False,16,29,0.2758620689655172,0.3,0.414,0.714,0.1379999999999999,0.364,0.34,97.2,0,2,5,8,4,0,1,0,7,0,-0.083,-0.13,1.0
2025,50657,박민,KIA,내야수,False,71,94,0.2021276595744681,0.265,0.287,0.552,0.0849999999999999,0.3,0.245,42.5,1,6,11,19,5,0,5,3,33,1,-1.098,-0.22,1.0
2026,50657,박민,KIA,내야수,False,73,160,0.2,0.273,0.288,0.561,0.0879999999999999,0.23,0.247,40.4,3,20,18,32,5,0,14,2,31,5,-1.334,-0.36,0.757
2016,78243,박민석,NC,,False,1,0,0.0,0.0,0.0,0.0,0.0,0.0,0.0,0.0,0,0,0,0,0,0,0,0,0,0,0.0,,1.0
2019,69056,박민석,KT,내야수,False,3,1,0.0,0.0,0.0,0.0,0.0,0.0,0.0,-145.0,0,0,0,0,0,0,0,0,0,0,-0.008,-0.02,1.0
2023,69056,박민석,KT,내야수,False,4,4,0.25,0.25,0.25,0.5,0.0,1.0,0.225,26.3,0,0,1,1,0,0,0,0,3,0,-0.033,-0.04,1.0
2024,69056,박민석,KT,내야수,False,20,14,0.2142857142857142,0.214,0.214,0.428,0.0,0.429,0.193,0.7,0,0,6,3,0,0,0,0,7,0,-0.368,-0.3,1.0
2025,69056,박민석,KT,내야수,False,19,19,0.2631578947368421,0.333,0.421,0.754,0.1579999999999999,0.333,0.374,133.8,0,1,5,5,1,1,2,0,4,0,-0.125,0.15,1.0
2013,62907,박민우,NC,내야수,False,32,41,0.2682926829268293,0.34,0.293,0.633,0.0249999999999999,0.306,0.294,0.0,0,6,10,11,1,0,5,0,6,9,0.0,,1.0
2014,62907,박민우,NC,내야수,True,118,416,0.2980769230769231,0.392,0.399,0.791,0.101,0.373,0.364,0.0,1,40,87,124,21,9,56,11,89,50,1.257,,1.0
2015,62907,박민우,NC,내야수,True,141,520,0.3038461538461538,0.399,0.404,0.803,0.1,0.373,0.369,0.0,3,47,111,158,31,6,73,14,108,46,1.497,,1.0
2016,62907,박민우,NC,내야수,True,121,435,0.3425287356321839,0.42,0.428,0.848,0.0849999999999999,0.396,0.383,0.0,3,55,84,149,16,6,55,8,70,20,2.173,,1.0
2017,62907,박민우,NC,내야수,True,106,388,0.3634020618556701,0.441,0.472,0.913,0.1089999999999999,0.408,0.41,150.0,3,47,84,141,25,4,46,11,51,11,2.8209999999999997,5.16,1.0
2018,62907,박민우,NC,내야수,True,115,411,0.3236009732360097,0.383,0.438,0.821,0.1139999999999999,0.357,0.373,120.0,5,33,68,133,22,5,32,10,51,17,-0.311,3.28,1.0
2019,62907,박민우,NC,내야수,True,125,468,0.344017094017094,0.403,0.434,0.837,0.09,0.37,0.381,148.4,1,45,89,161,23,8,41,9,40,18,0.656,5.22,1.0
2020,62907,박민우,NC,내야수,True,126,467,0.3447537473233404,0.402,0.475,0.877,0.13,0.363,0.387,127.5,8,63,82,161,27,5,36,15,48,13,0.193,4.45,1.0
2021,62907,박민우,NC,내야수,False,50,180,0.2611111111111111,0.36,0.339,0.699,0.078,0.291,0.33,98.4,1,18,30,47,5,3,22,7,23,12,-0.894,1.06,1.0
2022,62907,박민우,NC,내야수,True,104,390,0.2666666666666666,0.351,0.359,0.71,0.0919999999999999,0.299,0.32,92.5,4,38,61,104,22,1,42,10,55,21,-1.005,1.98,1.0
2023,62907,박민우,NC,내야수,True,124,452,0.3163716814159292,0.381,0.405,0.786,0.089,0.356,0.358,122.6,2,46,76,143,20,7,40,9,57,26,-0.265,3.49,1.0
2024,62907,박민우,NC,내야수,True,121,457,0.3282275711159737,0.406,0.446,0.852,0.118,0.38,0.383,121.1,8,50,75,150,26,2,54,9,79,32,-0.781,3.85,1.0
2025,62907,박민우,NC,내야수,True,117,404,0.3019801980198019,0.384,0.426,0.81,0.124,0.349,0.358,116.8,3,67,64,122,25,8,44,12,64,28,2.249,3.13,1.0
2026,62907,박민우,NC,내야수,True,95,337,0.3293768545994065,0.423,0.445,0.868,0.1159999999999999,0.374,0.394,136.9,6,53,59,111,21,0,50,7,53,32,2.327,3.91,0.757
2024,53204,박민준,두산,포수,False,5,5,0.0,0.0,0.0,0.0,0.0,0.0,0.0,-118.4,0,0,0,0,0,0,0,0,3,0,-0.023,-0.12,1.0
2025,53204,박민준,두산,포수,False,7,2,0.0,0.0,0.0,0.0,0.0,0.0,0.0,-130.7,0,0,0,0,0,0,0,0,1,0,0.0,-0.05,1.0
2014,64893,박민호,SK,,False,1,0,0.0,0.0,0.0,0.0,0.0,0.0,0.0,0.0,0,0,0,0,0,0,0,0,0,0,0.0,,1.0
2016,64893,박민호,SK,,False,3,0,0.0,0.0,0.0,0.0,0.0,0.0,0.0,0.0,0,0,0,0,0,0,0,0,0,0,0.0,,1.0
2020,64893,박민호,SK,,False,4,0,0.0,0.0,0.0,0.0,0.0,0.0,0.0,0.0,0,0,0,0,0,0,0,0,0,0,0.0,0.0,1.0
2021,64893,박민호,SSG,,False,1,0,0.0,0.0,0.0,0.0,0.0,0.0,0.0,0.0,0,0,0,0,0,0,0,0,0,0,0.0,0.0,1.0
2022,64893,박민호,SSG,,False,1,0,0.0,0.0,0.0,0.0,0.0,0.0,0.0,0.0,0,0,0,0,0,0,0,0,0,0,0.0,0.0,1.0
2024,64893,박민호,SSG,,False,1,0,0.0,0.0,0.0,0.0,0.0,0.0,0.0,0.0,0,0,0,0,0,0,0,0,0,0,0.0,0.0,1.0
2024,54304,박범준,키움,투수,False,1,0,0.0,0.0,0.0,0.0,0.0,0.0,0.0,0.0,0,0,0,0,0,0,0,0,0,0,0.0,0.0,1.0
2010,75125,박병호,LG,,False,78,160,0.188,0.305,0.344,0.649,0.1559999999999999,0.23,0.289,0.0,7,22,25,30,4,0,26,2,55,5,0.0,,1.0
2011,75125,박병호,넥센,,False,66,201,0.2537313432835821,0.343,0.522,0.865,0.268,0.336,0.377,0.0,13,31,31,51,11,2,26,2,76,2,0.0,,1.0
2012,75125,박병호,넥센,,True,133,469,0.2899786780383795,0.393,0.561,0.954,0.2710000000000001,0.314,0.409,0.0,31,105,76,136,34,0,73,11,111,20,0.0,,1.0
2013,75125,박병호,넥센,,True,128,450,0.3177777777777777,0.437,0.602,1.039,0.284,0.328,0.446,0.0,37,117,91,143,17,0,92,8,96,10,0.0,,1.0
2014,75125,박병호,넥센,,True,128,459,0.3028322440087146,0.433,0.686,1.119,0.383,0.323,0.467,0.0,52,124,126,139,16,2,96,12,142,8,4.326,,1.0
2015,75125,박병호,넥센,,True,140,528,0.3428030303030303,0.436,0.714,1.15,0.3709999999999999,0.403,0.475,0.0,53,146,129,181,35,1,78,12,161,10,6.826,,1.0
2018,75125,박병호,넥센,,True,113,400,0.345,0.457,0.718,1.175,0.373,0.386,0.49,169.3,43,112,88,138,20,0,68,17,114,0,5.25,7.18,1.0
2019,75125,박병호,키움,,True,122,432,0.2800925925925926,0.398,0.56,0.958,0.28,0.302,0.417,165.6,33,98,92,121,22,0,78,13,117,0,1.225,6.86,1.0
2020,75125,박병호,키움,,False,93,309,0.2233009708737864,0.352,0.45,0.802,0.227,0.264,0.363,125.4,21,66,56,69,7,0,57,9,114,0,-0.203,3.1,1.0
2021,75125,박병호,키움,,True,118,409,0.2273838630806846,0.323,0.43,0.753,0.2029999999999999,0.286,0.328,98.5,20,76,48,93,23,0,47,14,141,0,-0.944,1.81,1.0
2022,75125,박병호,KT,,True,124,429,0.275058275058275,0.349,0.559,0.908,0.284,0.309,0.385,143.5,35,98,72,118,17,0,40,12,131,5,2.363,4.28,1.0
2023,75125,박병호,KT,,True,132,431,0.2830626450116009,0.357,0.443,0.8,0.16,0.339,0.362,126.9,18,87,53,122,15,0,46,8,114,2,1.127,3.27,1.0
2024,75125,박병호,삼성,,False,120,350,0.2314285714285714,0.333,0.449,0.782,0.218,0.279,0.343,91.0,23,70,52,81,7,0,47,7,121,4,-0.338,0.99,1.0
2025,75125,박병호,삼성,,False,77,196,0.1989795918367347,0.315,0.454,0.769,0.255,0.212,0.337,95.8,15,33,26,39,5,0,27,7,70,0,-1.251,0.65,1.0
2026,75125,박병호,키움,,False,1,0,0.0,0.0,0.0,0.0,0.0,0.0,0.0,0.0,0,0,0,0,0,0,0,0,0,0,0.0,0.0,0.757
2013,78758,박상규,한화,,False,5,6,0.1666666666666666,0.286,0.167,0.453,0.0,0.25,0.231,0.0,0,1,0,1,0,0,1,0,2,0,0.0,,1.0
2017,66707,박상언,한화,포수,False,4,2,0.0,0.5,0.0,0.5,0.0,0.0,0.36,104.4,0,0,1,0,0,0,2,0,1,0,-0.004,0.03,1.0
2019,66707,박상언,한화,포수,False,1,1,0.0,0.0,0.0,0.0,0.0,0.0,0.0,-142.5,0,0,0,0,0,0,0,0,1,0,0.0,-0.02,1.0
2020,66707,박상언,한화,포수,False,38,46,0.217391304347826,0.234,0.283,0.517,0.0659999999999999,0.333,0.229,28.9,0,2,4,10,3,0,0,1,16,0,-0.331,-0.33,1.0
2021,66707,박상언,한화,포수,False,1,1,0.0,0.0,0.0,0.0,0.0,0.0,0.0,-132.6,0,0,0,0,0,0,0,0,0,0,-0.001,-0.03,1.0
2022,66707,박상언,한화,포수,False,56,134,0.2238805970149253,0.281,0.366,0.647,0.142,0.252,0.275,65.6,4,17,16,30,5,1,11,0,28,0,-1.068,-0.48,1.0
2023,66707,박상언,한화,포수,False,86,145,0.2,0.253,0.269,0.522,0.069,0.259,0.233,35.7,1,13,13,29,5,1,10,1,38,1,-1.828,-0.32,1.0
2024,66707,박상언,한화,포수,False,27,42,0.2857142857142857,0.423,0.357,0.78,0.071,0.4,0.366,114.7,0,4,4,12,3,0,9,1,12,1,-0.061,0.25,1.0
2017,67703,박상원,한화,투수,False,1,0,0.0,0.0,0.0,0.0,0.0,0.0,0.0,0.0,0,0,0,0,0,0,0,0,0,0,0.0,0.0,1.0
2023,67703,박상원,한화,투수,False,3,0,0.0,0.0,0.0,0.0,0.0,0.0,0.0,0.0,0,0,0,0,0,0,0,0,0,0,0.0,0.0,1.0
2024,67703,박상원,한화,투수,False,2,0,0.0,0.0,0.0,0.0,0.0,0.0,0.0,0.0,0,0,0,0,0,0,0,0,0,0,0.0,0.0,1.0
2025,67703,박상원,한화,투수,False,1,0,0.0,0.0,0.0,0.0,0.0,0.0,0.0,0.0,0,0,0,0,0,0,0,0,0,0,0.0,0.0,1.0
2026,52634,박상준,KIA,내야수,False,38,108,0.2777777777777778,0.391,0.426,0.817,0.1479999999999999,0.382,0.381,131.1,4,13,14,30,4,0,19,1,36,0,0.129,0.77,0.757
2013,79657,박상혁,NC,,False,8,15,0.1333333333333333,0.133,0.133,0.266,0.0,0.2,0.12,0.0,0,0,0,2,0,0,0,0,5,0,0.0,,1.0
2010,79866,박상현,SK,,False,1,0,0.0,0.0,0.0,0.0,0.0,0.0,0.0,0.0,0,0,0,0,0,0,0,0,0,0,0.0,,1.0
2010,74465,박석민,삼성,,True,112,356,0.3033707865168539,0.44,0.48,0.92,0.177,0.355,0.41,0.0,15,64,58,108,18,0,76,15,84,3,0.0,,1.0
2011,74465,박석민,삼성,,True,128,457,0.2778993435448578,0.374,0.442,0.816,0.1639999999999999,0.329,0.363,0.0,15,86,74,127,24,3,59,13,105,3,0.0,,1.0
2012,74465,박석민,삼성,,True,127,443,0.3115124153498871,0.433,0.524,0.957,0.212,0.336,0.418,0.0,23,91,79,138,19,3,72,27,83,2,0.0,,1.0
2013,74465,박석민,삼성,,True,117,396,0.3181818181818182,0.425,0.515,0.94,0.197,0.352,0.423,0.0,18,76,61,126,24,0,54,21,73,4,0.0,,1.0
2014,74465,박석민,삼성,,True,110,356,0.3146067415730337,0.419,0.601,1.02,0.286,0.315,0.433,0.0,27,72,77,112,21,0,54,12,62,0,2.328,,1.0
2015,74465,박석민,삼성,,True,135,448,0.3214285714285714,0.441,0.551,0.992,0.23,0.354,0.437,0.0,26,116,90,144,25,0,83,19,97,3,4.348,,1.0
2016,74465,박석민,NC,,True,126,427,0.306791569086651,0.404,0.578,0.982,0.2709999999999999,0.326,0.419,0.0,32,104,77,131,20,0,56,16,95,2,1.983,,1.0
2017,74465,박석민,NC,,False,101,319,0.2445141065830721,0.369,0.423,0.792,0.178,0.3,0.36,114.0,14,56,43,78,15,0,50,13,92,1,-1.252,1.46,1.0
2018,74465,박석민,NC,,False,103,318,0.2547169811320754,0.36,0.456,0.816,0.201,0.289,0.362,105.9,16,55,40,81,14,1,39,15,80,1,0.128,1.21,1.0
2019,74465,박석민,NC,,False,112,360,0.2666666666666666,0.393,0.478,0.871,0.2109999999999999,0.28,0.389,144.2,19,74,49,96,17,1,65,12,69,1,0.203,3.22,1.0
2020,74465,박석민,NC,,True,123,356,0.3061797752808989,0.436,0.466,0.902,0.16,0.335,0.405,136.3,14,63,58,109,15,0,75,10,62,0,1.755,3.35,1.0
2021,74465,박석민,NC,,False,59,171,0.2573099415204678,0.361,0.48,0.841,0.2229999999999999,0.283,0.367,118.3,10,41,27,44,8,0,27,2,43,0,-0.592,0.93,1.0
2022,74465,박석민,NC,,False,16,47,0.1489361702127659,0.298,0.191,0.489,0.042,0.179,0.261,54.7,0,2,3,7,2,0,9,1,8,0,-0.432,-0.21,1.0
2023,74465,박석민,NC,,False,30,88,0.1931818181818181,0.321,0.239,0.56,0.0459999999999999,0.242,0.271,62.0,1,8,9,17,1,0,14,3,22,0,-1.138,-0.17,1.0
2018,68201,박성모,두산,,False,1,0,0.0,0.0,0.0,0.0,0.0,0.0,0.0,0.0,0,0,0,0,0,0,0,0,0,0,0.0,0.0,1.0
2024,53305,박성빈,키움,포수,False,12,9,0.2222222222222222,0.364,0.333,0.697,0.111,0.286,0.328,89.2,0,2,1,2,1,0,1,1,2,0,-0.083,-0.02,1.0
2026,53305,박성빈,키움,포수,False,15,23,0.1304347826086956,0.167,0.13,0.297,0.0,0.2,0.144,-27.6,0,1,1,3,0,0,0,1,8,0,-0.201,-0.24,0.757
2021,51298,박성재,두산,포수,False,1,1,0.0,0.0,0.0,0.0,0.0,0.0,0.0,-130.3,0,0,0,0,0,0,0,0,1,0,-0.004,-0.03,1.0
2025,51298,박성재,두산,포수,False,6,7,0.0,0.0,0.0,0.0,0.0,0.0,0.0,-130.7,0,0,0,0,0,0,0,0,5,0,-0.262,-0.15,1.0
2026,51298,박성재,두산,포수,False,4,5,0.0,0.0,0.0,0.0,0.0,0.0,0.0,-125.1,0,0,0,0,0,0,0,0,2,0,-0.145,-0.18,0.757
2015,65120,박성준,LG,,False,11,10,0.2,0.333,0.2,0.533,0.0,0.222,0.27,0.0,0,0,3,2,0,0,2,0,1,0,-0.042,,1.0
2016,65120,박성준,LG,,False,1,1,0.0,0.0,0.0,0.0,0.0,0.0,0.0,0.0,0,0,0,0,0,0,0,0,1,0,-0.019,,1.0
2017,67893,박성한,SK,내야수,False,2,4,0.0,0.0,0.0,0.0,0.0,0.0,0.0,-125.8,0,0,0,0,0,0,0,0,2,0,-0.125,-0.04,1.0
2018,67893,박성한,SK,내야수,False,42,52,0.1346153846153846,0.237,0.154,0.391,0.0189999999999999,0.194,0.198,3.9,0,2,3,7,1,0,7,0,16,0,-0.552,-0.7,1.0
2020,67893,박성한,SK,내야수,False,41,99,0.2424242424242424,0.324,0.323,0.647,0.081,0.289,0.295,61.0,2,8,7,24,2,0,11,1,21,1,-0.871,-0.14,1.0
2021,67893,박성한,SSG,내야수,True,135,407,0.3022113022113022,0.377,0.388,0.765,0.086,0.358,0.349,113.8,4,44,53,123,21,1,49,1,73,12,0.156,2.92,1.0
2022,67893,박성한,SSG,내야수,True,140,494,0.2975708502024291,0.375,0.374,0.749,0.076,0.351,0.347,119.0,2,56,68,147,24,4,60,2,81,12,0.03,4.02,1.0
2023,67893,박성한,SSG,내야수,True,128,459,0.2657952069716776,0.347,0.366,0.713,0.0999999999999999,0.284,0.328,103.0,9,47,53,122,19,0,58,1,56,4,-0.112,2.97,1.0
2024,67893,박성한,SSG,내야수,True,137,489,0.3006134969325153,0.38,0.411,0.791,0.1099999999999999,0.343,0.353,103.0,10,67,78,147,24,0,64,2,86,13,0.019,2.72,1.0
2025,67893,박성한,SSG,내야수,True,127,452,0.2743362831858407,0.384,0.381,0.765,0.1069999999999999,0.331,0.351,117.9,7,48,73,124,23,2,79,3,93,5,-0.656,3.77,1.0
2026,67893,박성한,SSG,내야수,True,109,403,0.3449131513647642,0.442,0.449,0.891,0.104,0.398,0.412,152.4,4,57,75,139,26,2,71,1,62,5,2.335,5.53,0.757
2010,79760,박성호,KIA,,False,2,0,0.0,0.0,0.0,0.0,0.0,0.0,0.0,0.0,0,0,0,0,0,0,0,0,0,0,0.0,,1.0
2014,79760,박성호,KIA,,False,1,0,0.0,0.0,0.0,0.0,0.0,0.0,0.0,0.0,0,0,0,0,0,0,0,0,0,0,0.0,,1.0
2015,79760,박성호,한화,,False,1,0,0.0,0.0,0.0,0.0,0.0,0.0,0.0,0.0,0,0,0,0,0,0,0,0,0,0,0.0,,1.0
2010,75464,박성훈,넥센,,False,1,0,0.0,0.0,0.0,0.0,0.0,0.0,0.0,0.0,0,0,0,0,0,0,0,0,0,0,0.0,,1.0
2012,75464,박성훈,넥센,,False,2,0,0.0,0.0,0.0,0.0,0.0,0.0,0.0,0.0,0,0,0,0,0,0,0,0,0,0,0.0,,1.0
2015,64021,박세웅,롯데,투수,False,1,0,0.0,0.0,0.0,0.0,0.0,0.0,0.0,0.0,0,0,0,0,0,0,0,0,0,0,-0.272,,1.0
2016,62926,박세웅,NC,,False,1,1,0.0,0.0,0.0,0.0,0.0,0.0,0.0,0.0,0,0,0,0,0,0,0,0,1,0,-0.058,,1.0
2016,66047,박세진,KT,투수,False,1,0,0.0,0.0,0.0,0.0,0.0,0.0,0.0,0.0,0,0,0,0,0,0,0,0,0,0,0.0,,1.0
2024,66047,박세진,KT,투수,False,1,0,0.0,0.0,0.0,0.0,0.0,0.0,0.0,0.0,0,0,0,0,0,0,0,0,0,0,0.0,0.0,1.0
2012,62244,박세혁,두산,포수,False,6,6,0.3333333333333333,0.333,0.5,0.833,0.1669999999999999,0.333,0.357,0.0,0,1,1,2,1,0,0,0,0,0,0.0,,1.0
2013,62244,박세혁,두산,포수,False,18,26,0.2307692307692307,0.333,0.346,0.679,0.1149999999999999,0.3,0.301,0.0,0,2,4,6,3,0,3,1,6,0,0.0,,1.0
2016,62244,박세혁,두산,포수,False,87,172,0.2093023255813953,0.302,0.337,0.639,0.128,0.248,0.291,0.0,5,23,26,36,5,1,22,2,45,2,-0.566,,1.0
2017,62244,박세혁,두산,포수,False,97,201,0.2835820895522388,0.354,0.398,0.752,0.114,0.333,0.343,110.3,5,26,41,57,8,0,19,5,44,2,-0.837,1.36,1.0
2018,62244,박세혁,두산,포수,False,89,170,0.2823529411764706,0.356,0.406,0.762,0.124,0.398,0.335,102.0,3,22,37,48,12,0,16,4,55,5,-1.012,0.57,1.0
2019,62244,박세혁,두산,포수,True,137,441,0.2789115646258503,0.345,0.39,0.735,0.1109999999999999,0.317,0.333,116.1,4,63,58,123,19,9,41,7,68,8,-0.421,1.76,1.0
2020,62244,박세혁,두산,포수,False,124,360,0.2694444444444444,0.348,0.364,0.712,0.0949999999999999,0.292,0.317,103.8,4,51,47,97,18,2,35,12,45,5,-0.049,0.42,1.0
2021,62244,박세혁,두산,포수,False,96,237,0.2194092827004219,0.296,0.27,0.566,0.051,0.264,0.275,65.7,0,30,25,52,12,0,22,5,43,4,-1.668,0.1,1.0
2022,62244,박세혁,두산,포수,False,128,351,0.2478632478632478,0.32,0.316,0.636,0.068,0.299,0.291,81.9,3,41,33,87,13,1,33,6,71,2,-2.841,0.9,1.0
2023,62244,박세혁,NC,포수,False,88,242,0.2107438016528925,0.307,0.347,0.654,0.1359999999999999,0.232,0.296,78.2,6,32,35,51,9,3,30,4,43,1,-1.958,0.87,1.0
2024,62244,박세혁,NC,포수,False,82,148,0.2635135135135135,0.337,0.345,0.682,0.0809999999999999,0.362,0.307,75.7,1,10,21,39,9,0,14,3,43,4,-0.614,0.17,1.0
2025,62244,박세혁,NC,포수,False,48,86,0.1627906976744186,0.215,0.267,0.482,0.104,0.211,0.216,20.4,2,10,8,14,3,0,5,1,28,1,-0.593,-0.64,1.0
2026,62244,박세혁,삼성,포수,False,27,42,0.1666666666666666,0.239,0.19,0.429,0.0229999999999999,0.212,0.227,23.0,0,0,6,7,1,0,4,0,9,0,-0.778,-0.27,0.757
2021,63292,박소준,두산,,False,1,0,0.0,0.0,0.0,0.0,0.0,0.0,0.0,0.0,0,0,0,0,0,0,0,0,0,0,0.0,0.0,1.0
2023,52305,박수종,키움,외야수,False,23,45,0.4222222222222222,0.46,0.533,0.993,0.111,0.475,0.47,204.5,0,3,7,19,1,2,3,1,6,0,0.073,0.88,1.0
2024,52305,박수종,키움,외야수,False,80,129,0.2558139534883721,0.333,0.31,0.643,0.0539999999999999,0.295,0.302,73.0,0,6,23,33,5,1,13,2,17,3,-1.036,-0.2,1.0
2025,52305,박수종,키움,외야수,False,38,42,0.1428571428571428,0.2,0.214,0.414,0.071,0.172,0.191,7.8,1,2,6,6,0,0,3,0,12,1,-0.937,-0.26,1.0
2026,52305,박수종,키움,외야수,False,44,49,0.2040816326530612,0.291,0.245,0.536,0.041,0.25,0.246,41.6,0,2,10,10,2,0,5,1,9,0,-0.524,-0.21,0.757
2019,69418,박승규,삼성,외야수,False,14,21,0.1904761904761904,0.261,0.19,0.451,0.0,0.286,0.259,41.0,0,2,2,4,0,0,2,0,7,1,-0.092,-0.07,1.0
2020,69418,박승규,삼성,외야수,False,91,182,0.2582417582417582,0.297,0.335,0.632,0.077,0.309,0.282,46.4,1,14,24,47,11,0,7,3,32,4,-0.688,-0.03,1.0
2021,69418,박승규,삼성,외야수,False,59,66,0.1818181818181818,0.299,0.333,0.632,0.151,0.167,0.344,103.7,3,5,13,12,1,0,9,2,9,1,-0.18,0.26,1.0
2022,69418,박승규,삼성,외야수,False,62,74,0.2162162162162162,0.244,0.243,0.487,0.0269999999999999,0.267,0.208,12.6,0,4,10,16,2,0,3,0,15,2,-0.946,-0.54,1.0
2025,69418,박승규,삼성,외야수,False,64,174,0.2873563218390804,0.377,0.42,0.797,0.133,0.352,0.374,126.9,6,14,39,50,5,0,21,4,43,5,-0.631,1.61,1.0
2026,69418,박승규,삼성,외야수,False,73,229,0.2925764192139738,0.404,0.502,0.906,0.209,0.315,0.407,137.8,9,36,51,67,11,5,42,3,39,6,1.674,2.21,0.757
2012,62802,박승욱,SK,내야수,False,1,2,0.0,0.0,0.0,0.0,0.0,0.0,0.0,0.0,0,0,0,0,0,0,0,0,1,0,0.0,,1.0
2013,62802,박승욱,SK,내야수,False,15,25,0.2,0.286,0.2,0.486,0.0,0.313,0.238,0.0,0,1,6,5,0,0,3,0,9,1,0.0,,1.0
2016,62802,박승욱,SK,내야수,False,36,87,0.2758620689655172,0.354,0.448,0.802,0.172,0.368,0.346,0.0,3,13,19,24,4,1,9,2,28,2,-0.064,,1.0
2017,62802,박승욱,SK,내야수,False,73,158,0.2025316455696202,0.291,0.304,0.595,0.1009999999999999,0.293,0.275,53.0,3,11,25,32,3,2,16,4,57,0,-2.013,-0.69,1.0
2018,62802,박승욱,SK,내야수,False,51,65,0.3076923076923077,0.416,0.354,0.77,0.0459999999999999,0.408,0.363,107.2,0,9,11,20,3,0,10,2,16,4,-0.222,0.42,1.0
2019,62802,박승욱,KT,내야수,False,101,223,0.2331838565022421,0.285,0.323,0.608,0.09,0.288,0.27,51.4,3,15,24,52,3,4,14,2,50,4,-2.75,0.06,1.0
2020,62802,박승욱,KT,내야수,False,97,110,0.2636363636363636,0.349,0.355,0.704,0.0909999999999999,0.384,0.316,80.0,1,10,23,29,3,2,11,4,37,5,-0.528,0.28,1.0
2021,62802,박승욱,KT,내야수,False,8,6,0.3333333333333333,0.333,0.5,0.833,0.1669999999999999,0.4,0.357,112.8,0,0,5,2,1,0,0,0,1,1,-0.072,-0.04,1.0
2022,62802,박승욱,롯데,내야수,False,100,198,0.2272727272727272,0.292,0.298,0.59,0.0709999999999999,0.344,0.26,50.8,1,16,29,45,7,2,16,2,69,8,-1.624,-0.23,1.0
2023,62802,박승욱,롯데,내야수,False,123,290,0.2862068965517241,0.364,0.369,0.733,0.083,0.407,0.324,97.4,0,30,37,83,18,3,35,1,87,15,-0.909,1.62,1.0
2024,62802,박승욱,롯데,내야수,True,139,405,0.2617283950617284,0.351,0.365,0.716,0.1029999999999999,0.352,0.324,80.2,7,53,57,106,19,1,47,10,120,4,-2.335,0.73,1.0
2025,62802,박승욱,롯데,내야수,False,54,84,0.1904761904761904,0.244,0.226,0.47,0.036,0.296,0.225,23.6,0,5,10,16,3,0,5,1,30,1,-0.795,-0.34,1.0
2026,62802,박승욱,롯데,내야수,False,79,124,0.2419354838709677,0.293,0.315,0.608,0.073,0.337,0.271,52.0,1,16,14,30,6,0,8,1,37,1,-0.272,-0.14,0.757
2021,66305,박승주,키움,,False,1,0,0.0,0.0,0.0,0.0,0.0,0.0,0.0,0.0,0,0,0,0,0,0,0,0,0,0,0.0,0.0,1.0
2022,66305,박승주,키움,,False,1,0,0.0,0.0,0.0,0.0,0.0,0.0,0.0,0.0,0,0,0,0,0,0,0,0,0,0,0.0,0.0,1.0
2016,60559,박시영,롯데,,False,2,0,0.0,0.0,0.0,0.0,0.0,0.0,0.0,0.0,0,0,0,0,0,0,0,0,0,0,0.0,,1.0
2017,60559,박시영,롯데,,False,1,0,0.0,0.0,0.0,0.0,0.0,0.0,0.0,0.0,0,0,0,0,0,0,0,0,0,0,0.0,0.0,1.0
2019,60559,박시영,롯데,,False,3,0,0.0,0.0,0.0,0.0,0.0,0.0,0.0,0.0,0,0,0,0,0,0,0,0,0,0,0.0,0.0,1.0
2021,60559,박시영,KT,,False,3,0,0.0,0.0,0.0,0.0,0.0,0.0,0.0,0.0,0,0,0,0,0,0,0,0,0,0,0.0,0.0,1.0
2024,60559,박시영,KT,,False,1,0,0.0,0.0,0.0,0.0,0.0,0.0,0.0,0.0,0,0,0,0,0,0,0,0,0,0,0.0,0.0,1.0
2020,50996,박시원,NC,외야수,False,1,1,0.0,0.0,0.0,0.0,0.0,0.0,0.0,-126.8,0,0,0,0,0,0,0,0,0,0,-0.001,-0.03,1.0
2021,50996,박시원,NC,외야수,False,1,1,0.0,0.0,0.0,0.0,0.0,0.0,0.0,-135.0,0,0,0,0,0,0,0,0,0,0,-0.124,-0.03,1.0
2024,50996,박시원,NC,외야수,False,55,141,0.2340425531914893,0.301,0.326,0.627,0.092,0.33,0.292,65.4,2,17,17,33,5,1,14,0,46,3,-0.671,0.4,1.0
2025,50996,박시원,NC,외야수,False,52,54,0.2037037037037037,0.271,0.296,0.567,0.092,0.286,0.254,48.1,1,4,12,11,2,0,5,0,18,1,-0.151,-0.2,1.0
2026,50996,박시원,NC,외야수,False,40,78,0.2435897435897435,0.31,0.385,0.695,0.141,0.298,0.3,74.6,2,8,17,19,5,0,8,0,20,2,-0.722,0.27,0.757
2026,55121,박시원,LG,투수,False,2,1,0.0,0.0,0.0,0.0,0.0,0.0,0.0,0.0,0,0,0,0,0,0,0,0,1,0,0.0,0.0,0.757
2026,50812,박시후,SSG,투수,False,1,0,0.0,0.0,0.0,0.0,0.0,0.0,0.0,0.0,0,0,0,0,0,0,0,0,0,0,0.0,0.0,0.757
2022,68249,박신지,두산,투수,False,1,0,0.0,0.0,0.0,0.0,0.0,0.0,0.0,0.0,0,0,0,0,0,0,0,0,0,0,0.0,0.0,1.0
2023,68249,박신지,두산,투수,False,1,0,0.0,0.0,0.0,0.0,0.0,0.0,0.0,0.0,0,0,0,0,0,0,0,0,0,0,0.0,0.0,1.0
2025,68249,박신지,두산,투수,False,1,0,0.0,0.0,0.0,0.0,0.0,0.0,0.0,0.0,0,0,0,0,0,0,0,0,0,0,0.0,0.0,1.0
2026,68249,박신지,두산,투수,False,1,0,0.0,0.0,0.0,0.0,0.0,0.0,0.0,0.0,0,0,0,0,0,0,0,0,0,0,0.0,0.0,0.757
2023,50906,박영빈,NC,외야수,False,41,14,0.0714285714285714,0.133,0.143,0.276,0.072,0.125,0.169,-13.5,0,0,11,1,1,0,1,0,6,4,-0.184,-0.19,1.0
2024,50906,박영빈,NC,외야수,False,19,6,0.5,0.571,0.833,1.404,0.3329999999999999,1.0,0.586,252.3,0,1,3,3,2,0,1,0,3,2,0.258,0.15,1.0
2025,50906,박영빈,NC,외야수,False,16,4,0.25,0.4,0.25,0.65,0.0,0.5,0.324,99.8,0,1,8,1,0,0,1,0,2,4,0.322,-0.03,1.0
2022,52060,박영현,KT,투수,False,4,0,0.0,0.0,0.0,0.0,0.0,0.0,0.0,0.0,0,0,0,0,0,0,0,0,0,0,0.0,0.0,1.0
2023,52060,박영현,KT,투수,False,3,0,0.0,0.0,0.0,0.0,0.0,0.0,0.0,0.0,0,0,0,0,0,0,0,0,0,0,0.0,0.0,1.0
2024,52060,박영현,KT,투수,False,6,0,0.0,0.0,0.0,0.0,0.0,0.0,0.0,0.0,0,0,0,0,0,0,0,0,0,0,0.0,0.0,1.0
2025,52060,박영현,KT,투수,False,5,0,0.0,0.0,0.0,0.0,0.0,0.0,0.0,0.0,0,0,0,0,0,0,0,0,0,0,0.0,0.0,1.0
2026,52060,박영현,KT,투수,False,8,0,0.0,0.0,0.0,0.0,0.0,0.0,0.0,0.0,0,0,0,0,0,0,0,0,0,0,0.0,0.0,0.757
2010,77104,박용근,LG,,False,53,99,0.2626262626262626,0.324,0.384,0.708,0.121,0.312,0.318,0.0,2,19,17,26,2,2,7,2,20,8,0.0,,1.0
2014,77104,박용근,LG,,False,27,19,0.2105263157894736,0.4,0.316,0.716,0.105,0.308,0.344,0.0,0,0,8,4,2,0,6,0,6,1,-0.209,,1.0
2015,77104,박용근,KT,,False,27,76,0.2631578947368421,0.325,0.342,0.667,0.079,0.328,0.292,0.0,0,4,7,20,6,0,7,0,15,5,-0.905,,1.0
2016,77104,박용근,KT,,False,31,74,0.2297297297297297,0.326,0.351,0.677,0.1209999999999999,0.267,0.327,0.0,1,6,5,17,4,1,11,0,14,0,-0.119,,1.0
2010,72133,박용택,LG,,True,107,370,0.3,0.372,0.43,0.802,0.13,0.342,0.362,0.0,9,45,62,111,21,0,38,5,64,19,0.0,,1.0
2011,72133,박용택,LG,,True,115,414,0.3019323671497584,0.347,0.466,0.813,0.164,0.331,0.355,0.0,15,64,57,125,21,1,26,5,71,13,0.0,,1.0
2012,72133,박용택,LG,,True,127,499,0.3046092184368738,0.362,0.451,0.813,0.146,0.329,0.358,0.0,11,76,82,152,34,3,42,7,66,30,0.0,,1.0
2013,72133,박용택,LG,,True,125,476,0.3277310924369748,0.393,0.435,0.828,0.1069999999999999,0.368,0.367,0.0,7,67,79,156,22,4,52,4,71,13,0.0,,1.0
2014,72133,박용택,LG,,True,124,464,0.3426724137931034,0.43,0.461,0.891,0.118,0.378,0.396,0.0,9,73,71,159,24,2,75,1,65,11,2.192,,1.0
2015,72133,박용택,LG,,True,128,487,0.3264887063655031,0.37,0.503,0.873,0.177,0.35,0.382,0.0,18,83,66,159,28,2,34,4,73,11,1.027,,1.0
2016,72133,박용택,LG,,True,138,509,0.3457760314341846,0.412,0.458,0.87,0.112,0.38,0.386,0.0,11,90,84,176,24,0,58,4,71,6,3.339,,1.0
2017,72133,박용택,LG,,True,138,509,0.343811394891945,0.424,0.479,0.903,0.135,0.387,0.405,160.9,14,90,83,175,23,2,72,6,88,4,4.129,5.27,1.0
2018,72133,박용택,LG,,True,134,524,0.3034351145038167,0.362,0.466,0.828,0.163,0.352,0.365,135.2,15,76,89,159,38,1,47,5,107,3,1.169,3.33,1.0
2019,72133,박용택,LG,,False,64,195,0.282051282051282,0.34,0.344,0.684,0.062,0.325,0.316,109.4,1,22,19,55,9,0,18,0,30,3,-1.736,0.58,1.0
2020,72133,박용택,LG,,False,97,217,0.2995391705069124,0.339,0.396,0.735,0.096,0.341,0.334,111.0,2,35,22,65,15,0,15,0,34,2,-0.742,0.78,1.0
2022,72133,박용택,LG,,False,1,0,0.0,0.0,0.0,0.0,0.0,0.0,0.0,0.0,0,0,0,0,0,0,0,0,0,0,0.0,0.0,1.0
2017,67202,박유연,두산,,False,3,3,0.3333333333333333,0.333,0.333,0.666,0.0,1.0,0.3,74.9,0,0,0,1,0,0,0,0,2,0,-0.006,0.0,1.0
2019,67202,박유연,두산,,False,2,1,0.0,0.0,0.0,0.0,0.0,0.0,0.0,-130.5,0,0,0,0,0,0,0,0,1,0,-0.006,-0.02,1.0
2022,67202,박유연,두산,,False,13,17,0.2352941176470588,0.316,0.235,0.551,0.0,0.333,0.267,62.4,0,2,0,4,0,0,1,1,5,0,0.027,-0.02,1.0
2023,67202,박유연,두산,,False,10,15,0.2666666666666666,0.267,0.4,0.667,0.133,0.364,0.268,68.6,0,1,3,4,2,0,0,0,4,0,-0.118,-0.03,1.0
2011,77848,박윤,SK,,False,10,15,0.2,0.294,0.2,0.494,0.0,0.273,0.244,0.0,0,0,3,3,0,0,2,0,4,0,0.0,,1.0
2012,77848,박윤,SK,,False,7,17,0.1764705882352941,0.167,0.235,0.402,0.059,0.2,0.152,0.0,0,2,0,3,1,0,0,0,3,0,0.0,,1.0
2014,77848,박윤,SK,,False,6,15,0.2666666666666666,0.267,0.267,0.534,0.0,0.4,0.24,0.0,0,2,0,4,0,0,0,0,5,0,-0.313,,1.0
2015,77848,박윤,SK,,False,17,27,0.1111111111111111,0.143,0.111,0.254,0.0,0.214,0.151,0.0,0,0,1,3,0,0,0,1,13,0,-0.449,,1.0
2016,77848,박윤,넥센,,False,7,11,0.0909090909090909,0.167,0.091,0.258,0.0,0.111,0.135,0.0,0,0,0,1,0,0,1,0,2,0,-0.064,,1.0
2017,77848,박윤,넥센,,False,9,16,0.313,0.389,0.375,0.764,0.062,0.417,0.349,89.2,0,0,2,5,1,0,2,0,4,0,-0.025,0.05,1.0
2025,53301,박윤성,키움,투수,False,3,0,0.0,0.0,0.0,0.0,0.0,0.0,0.0,0.0,0,0,0,0,0,0,0,0,0,0,0.0,0.0,1.0
2013,63967,박으뜸,NC,,False,40,27,0.1851851851851851,0.29,0.222,0.512,0.037,0.263,0.234,0.0,0,2,6,5,1,0,3,1,8,1,0.0,,1.0
2013,62883,박인성,SK,,False,2,1,0.0,0.0,0.0,0.0,0.0,0.0,0.0,0.0,0,0,0,0,0,0,0,0,0,0,0.0,,1.0
2010,71857,박재상,SK,,False,97,321,0.2554517133956386,0.342,0.377,0.719,0.122,0.296,0.318,0.0,6,42,57,82,19,1,38,7,63,9,0.0,,1.0
2011,71857,박재상,SK,,False,93,301,0.2558139534883721,0.337,0.379,0.716,0.123,0.298,0.315,0.0,4,39,37,77,17,4,33,5,54,13,0.0,,1.0
2012,71857,박재상,SK,,False,100,269,0.2156133828996282,0.304,0.305,0.609,0.089,0.261,0.275,0.0,4,23,37,58,12,0,34,1,60,6,0.0,,1.0
2013,71857,박재상,SK,,False,103,262,0.2633587786259542,0.331,0.405,0.736,0.142,0.295,0.327,0.0,8,36,37,69,9,2,25,3,50,14,0.0,,1.0
2014,71857,박재상,SK,,False,38,63,0.1904761904761904,0.311,0.302,0.613,0.1119999999999999,0.224,0.281,0.0,1,6,9,12,2,1,9,2,13,2,-0.83,,1.0
2015,71857,박재상,SK,,False,108,250,0.248,0.339,0.396,0.735,0.148,0.288,0.328,0.0,7,37,34,62,12,2,32,3,53,4,0.029,,1.0
2016,71857,박재상,SK,,False,94,255,0.2980392156862745,0.363,0.431,0.794,0.133,0.327,0.349,0.0,6,35,37,76,14,1,27,0,37,3,0.051,,1.0
2025,55563,박재엽,롯데,포수,False,9,14,0.2857142857142857,0.375,0.571,0.946,0.285,0.375,0.402,154.0,1,3,2,4,1,0,2,0,5,0,0.021,0.16,1.0
2026,55563,박재엽,롯데,포수,False,5,3,0.6666666666666667,0.667,1.0,1.667,0.3329999999999999,1.0,0.713,339.5,0,3,1,2,1,0,0,0,1,0,0.437,0.1,0.757
2016,64100,박재욱,LG,,False,26,47,0.2553191489361702,0.286,0.298,0.584,0.0429999999999999,0.316,0.277,0.0,0,4,5,12,2,0,2,0,9,0,-0.212,,1.0
2020,64100,박재욱,LG,,False,15,15,0.2666666666666666,0.313,0.267,0.58,0.0,0.364,0.256,56.3,0,1,0,4,0,0,0,1,4,0,-0.242,-0.04,1.0
2022,64100,박재욱,LG,,False,1,0,0.0,0.0,0.0,0.0,0.0,0.0,0.0,0.0,0,0,0,0,0,0,0,0,0,0,0.0,0.0,1.0
2025,55636,박재현,KIA,외야수,False,58,62,0.0806451612903225,0.159,0.097,0.256,0.016,0.135,0.133,-37.5,0,3,11,5,1,0,6,0,26,4,-0.774,-1.04,1.0
2026,55636,박재현,KIA,외야수,True,101,381,0.2834645669291338,0.323,0.457,0.78,0.174,0.33,0.343,105.3,15,53,61,108,13,4,23,0,85,19,0.332,1.75,0.757
2010,96362,박재홍,SK,,False,82,191,0.2198952879581152,0.306,0.382,0.688,0.162,0.227,0.309,0.0,8,27,22,42,7,0,23,1,34,1,0.0,,1.0
2011,96362,박재홍,SK,,False,74,161,0.186335403726708,0.25,0.255,0.505,0.069,0.227,0.237,0.0,1,12,11,30,8,0,15,0,36,4,0.0,,1.0
2012,96362,박재홍,SK,,False,46,104,0.25,0.342,0.442,0.784,0.192,0.28,0.343,0.0,5,18,16,26,5,0,14,1,25,0,0.0,,1.0
2010,74846,박정권,SK,,True,124,431,0.3062645011600928,0.398,0.494,0.892,0.188,0.348,0.394,0.0,18,76,76,132,19,4,63,5,89,17,0.0,,1.0
2011,74846,박정권,SK,,True,122,453,0.2516556291390728,0.317,0.393,0.71,0.141,0.297,0.313,0.0,13,53,54,114,21,2,42,3,103,9,0.0,,1.0
2012,74846,박정권,SK,,True,122,416,0.2548076923076923,0.328,0.389,0.717,0.134,0.287,0.319,0.0,12,59,61,106,18,1,43,4,80,4,0.0,,1.0
2013,74846,박정권,SK,,True,110,363,0.2920110192837465,0.394,0.501,0.895,0.209,0.324,0.391,0.0,18,70,56,106,20,1,64,1,79,4,0.0,,1.0
2014,74846,박정권,SK,,True,120,452,0.3097345132743362,0.367,0.571,0.938,0.2609999999999999,0.35,0.397,0.0,27,109,81,140,33,2,41,2,106,7,3.121,,1.0
2015,74846,박정권,SK,,True,124,438,0.2808219178082192,0.353,0.477,0.83,0.1959999999999999,0.34,0.359,0.0,21,70,66,123,23,0,46,4,119,3,-1.388,,1.0
2016,74846,박정권,SK,,True,125,422,0.2772511848341232,0.337,0.46,0.797,0.183,0.32,0.352,0.0,18,59,59,117,17,3,35,5,99,4,1.234,,1.0
2017,74846,박정권,SK,,False,118,305,0.2557377049180327,0.328,0.466,0.794,0.21,0.287,0.347,94.2,16,51,37,78,14,1,30,5,78,1,-0.416,1.1,1.0
2018,74846,박정권,SK,,False,14,29,0.1724137931034483,0.226,0.379,0.605,0.207,0.167,0.289,50.8,2,6,4,5,0,0,2,0,9,0,-0.153,-0.03,1.0
2019,74846,박정권,SK,,False,18,32,0.188,0.297,0.313,0.61,0.125,0.25,0.281,60.2,1,5,5,6,1,0,5,0,11,0,-0.691,0.01,1.0
2010,75250,박정배,두산,2군 투수코치,False,2,0,0.0,0.0,0.0,0.0,0.0,0.0,0.0,0.0,0,0,0,0,0,0,0,0,0,0,0.0,,1.0
2013,75250,박정배,SK,2군 투수코치,False,1,0,0.0,0.0,0.0,0.0,0.0,0.0,0.0,0.0,0,0,0,0,0,0,0,0,0,0,0.0,,1.0
2014,75250,박정배,SK,2군 투수코치,False,1,0,0.0,0.0,0.0,0.0,0.0,0.0,0.0,0.0,0,0,0,0,0,0,0,0,0,0,0.0,,1.0
2015,75250,박정배,SK,2군 투수코치,False,1,0,0.0,0.0,0.0,0.0,0.0,0.0,0.0,0.0,0,0,0,0,0,0,0,0,0,0,0.0,,1.0
2016,75250,박정배,SK,2군 투수코치,False,3,0,0.0,0.0,0.0,0.0,0.0,0.0,0.0,0.0,0,0,0,0,0,0,0,0,0,0,0.0,,1.0
2018,75250,박정배,SK,2군 투수코치,False,4,0,0.0,0.0,0.0,0.0,0.0,0.0,0.0,0.0,0,0,0,0,0,0,0,0,0,0,0.0,0.0,1.0
2015,65639,박정수,KIA,투수,False,4,0,0.0,0.0,0.0,0.0,0.0,0.0,0.0,0.0,0,0,0,0,0,0,0,0,0,0,0.0,,1.0
2022,65639,박정수,두산,투수,False,1,0,0.0,0.0,0.0,0.0,0.0,0.0,0.0,0.0,0,0,0,0,0,0,0,0,0,0,0.0,0.0,1.0
2023,65639,박정수,두산,투수,False,2,0,0.0,0.0,0.0,0.0,0.0,0.0,0.0,0.0,0,0,0,0,0,0,0,0,0,0,0.0,0.0,1.0
2024,65639,박정수,두산,투수,False,1,0,0.0,0.0,0.0,0.0,0.0,0.0,0.0,0.0,0,0,0,0,0,0,0,0,0,0,0.0,0.0,1.0
2026,65639,박정수,두산,투수,False,1,0,0.0,0.0,0.0,0.0,0.0,0.0,0.0,0.0,0,0,0,0,0,0,0,0,0,0,0.0,0.0,0.757
2021,67609,박정우,KIA,외야수,False,32,48,0.188,0.35,0.208,0.558,0.0199999999999999,0.225,0.296,76.5,0,4,3,9,1,0,10,2,8,0,-0.57,0.1,1.0
2022,67609,박정우,KIA,외야수,False,16,3,0.3333333333333333,0.333,0.333,0.666,0.0,0.5,0.3,84.6,0,2,2,1,0,0,0,0,1,0,0.046,-0.02,1.0
2023,67609,박정우,KIA,외야수,False,21,9,0.3333333333333333,0.333,0.333,0.666,0.0,0.375,0.225,28.5,0,0,2,3,0,0,0,0,1,0,0.235,-0.07,1.0
2024,67609,박정우,KIA,외야수,False,66,65,0.3076923076923077,0.348,0.385,0.733,0.077,0.392,0.327,90.6,0,11,17,20,3,1,4,0,14,0,-0.196,0.28,1.0
2025,67609,박정우,KIA,외야수,False,53,62,0.2741935483870968,0.4,0.306,0.706,0.0319999999999999,0.34,0.351,118.9,0,4,17,17,2,0,10,3,12,2,-0.323,0.37,1.0
2026,67609,박정우,KIA,외야수,False,77,56,0.3035714285714285,0.409,0.357,0.766,0.0529999999999999,0.362,0.346,108.2,0,9,14,17,1,1,9,1,9,1,-0.006,0.13,0.757
2016,62353,박정음,넥센,,False,98,223,0.3094170403587444,0.395,0.413,0.808,0.1039999999999999,0.385,0.357,0.0,4,26,45,69,5,3,30,3,52,16,0.647,,1.0
2017,62353,박정음,넥센,,False,81,140,0.2428571428571428,0.323,0.329,0.652,0.086,0.32,0.297,56.7,2,15,26,34,4,1,9,8,39,3,-0.615,-0.35,1.0
2018,62353,박정음,넥센,,False,16,16,0.063,0.118,0.25,0.368,0.187,0.0,0.159,-23.8,1,1,1,1,0,0,0,1,4,0,-0.631,-0.23,1.0
2019,62353,박정음,키움,,False,60,71,0.1971830985915492,0.345,0.254,0.599,0.0569999999999999,0.35,0.291,72.1,0,7,13,14,2,1,11,5,31,6,-0.43,0.04,1.0
2020,62353,박정음,키움,,False,86,43,0.1860465116279069,0.255,0.233,0.488,0.047,0.276,0.249,39.5,0,2,20,8,0,1,2,2,14,9,0.055,-0.14,1.0
2021,62353,박정음,키움,,False,70,14,0.0,0.167,0.0,0.167,0.0,0.0,0.122,-47.7,0,1,19,0,0,0,2,1,3,4,-0.217,-0.3,1.0
2010,73543,박정준,롯데,,False,2,1,0.0,0.0,0.0,0.0,0.0,0.0,0.0,0.0,0,0,0,0,0,0,0,0,0,0,0.0,,1.0
2011,73543,박정준,넥센,,False,50,92,0.2065217391304347,0.318,0.283,0.601,0.0759999999999999,0.279,0.283,0.0,0,5,6,19,7,0,14,1,24,0,0.0,,1.0
2012,73543,박정준,넥센,,False,18,27,0.1851851851851851,0.214,0.296,0.51,0.1109999999999999,0.263,0.222,0.0,0,0,3,5,1,1,1,0,8,0,0.0,,1.0
2013,73543,박정준,NC,,False,78,166,0.2469879518072289,0.337,0.355,0.692,0.1079999999999999,0.306,0.319,0.0,4,21,24,41,6,0,23,1,44,5,0.0,,1.0
2014,73543,박정준,NC,,False,39,54,0.2407407407407407,0.305,0.315,0.62,0.074,0.273,0.294,0.0,1,5,8,13,1,0,5,0,9,0,0.089,,1.0
2015,73543,박정준,NC,,False,19,21,0.3809523809523809,0.458,0.476,0.934,0.0949999999999999,0.5,0.422,0.0,0,2,2,8,2,0,0,3,5,0,-0.176,,1.0
2010,99737,박정진,한화,,False,3,0,0.0,0.0,0.0,0.0,0.0,0.0,0.0,0.0,0,0,0,0,0,0,0,0,0,0,0.0,,1.0
2012,99737,박정진,한화,,False,4,0,0.0,0.0,0.0,0.0,0.0,0.0,0.0,0.0,0,0,0,0,0,0,0,0,0,0,0.0,,1.0
2013,99737,박정진,한화,,False,1,0,0.0,0.0,0.0,0.0,0.0,0.0,0.0,0.0,0,0,0,0,0,0,0,0,0,0,0.0,,1.0
2014,99737,박정진,한화,,False,1,0,0.0,0.0,0.0,0.0,0.0,0.0,0.0,0.0,0,0,0,0,0,0,0,0,0,0,0.0,,1.0
2015,99737,박정진,한화,,False,2,1,0.0,0.0,0.0,0.0,0.0,0.0,0.0,0.0,0,0,0,0,0,0,0,0,0,0,-0.005,,1.0
2016,99737,박정진,한화,,False,1,0,0.0,0.0,0.0,0.0,0.0,0.0,0.0,0.0,0,0,0,0,0,0,0,0,0,0,0.0,,1.0
2020,50709,박정현,한화,내야수,False,30,61,0.2786885245901639,0.313,0.377,0.69,0.0979999999999999,0.372,0.32,88.4,1,9,6,17,3,0,3,0,17,0,-0.278,0.17,1.0
2021,50709,박정현,한화,내야수,False,33,107,0.1962616822429906,0.256,0.234,0.49,0.038,0.276,0.231,31.6,0,9,10,21,4,0,9,0,32,1,-0.99,-0.73,1.0
2022,50709,박정현,한화,내야수,False,81,205,0.2439024390243902,0.289,0.317,0.606,0.073,0.322,0.292,79.3,3,19,23,50,4,1,12,1,56,6,-2.183,0.4,1.0
2023,50709,박정현,한화,내야수,False,53,105,0.1809523809523809,0.218,0.295,0.513,0.1139999999999999,0.254,0.237,37.6,2,4,12,19,6,0,3,2,36,0,-1.778,-0.65,1.0
2025,50709,박정현,한화,내야수,False,2,2,0.0,0.0,0.0,0.0,0.0,0.0,0.0,-133.9,0,0,0,0,0,0,0,0,1,0,-0.001,-0.05,1.0
2026,50709,박정현,한화,내야수,False,44,53,0.2452830188679245,0.344,0.453,0.797,0.208,0.263,0.361,115.3,3,8,15,13,2,0,8,0,12,1,-0.302,0.39,0.757
2010,70408,박정환,SK,,False,44,92,0.3043478260869565,0.36,0.435,0.795,0.131,0.37,0.346,0.0,1,10,15,28,9,0,7,1,18,0,0.0,,1.0
2011,70408,박정환,SK,,False,9,9,0.2222222222222222,0.364,0.333,0.697,0.111,0.5,0.325,0.0,0,2,1,2,1,0,2,0,5,0,0.0,,1.0
2025,55394,박정훈,키움,투수,False,1,0,0.0,0.0,0.0,0.0,0.0,0.0,0.0,0.0,0,0,0,0,0,0,0,0,0,0,0.0,0.0,1.0
2010,71562,박종윤,롯데,,False,110,307,0.257328990228013,0.283,0.404,0.687,0.147,0.282,0.307,0.0,8,51,32,79,17,2,10,2,49,5,0.0,,1.0
2011,71562,박종윤,롯데,,False,111,149,0.2818791946308724,0.306,0.369,0.675,0.087,0.323,0.289,0.0,2,29,24,42,7,0,7,0,27,3,0.0,,1.0
2012,71562,박종윤,롯데,,True,121,416,0.2572115384615384,0.302,0.387,0.689,0.13,0.285,0.296,0.0,9,47,41,107,19,4,22,5,64,5,0.0,,1.0
2012,62338,박종윤,넥센,투수,False,1,0,0.0,0.0,0.0,0.0,0.0,0.0,0.0,0.0,0,0,0,0,0,0,0,0,0,0,0.0,,1.0
2013,71562,박종윤,롯데,,True,115,381,0.2545931758530184,0.298,0.383,0.681,0.128,0.278,0.302,0.0,7,58,37,97,24,2,21,5,56,4,0.0,,1.0
2013,62338,박종윤,넥센,투수,False,1,0,0.0,0.0,0.0,0.0,0.0,0.0,0.0,0.0,0,0,0,0,0,0,0,0,0,0,0.0,,1.0
2014,71562,박종윤,롯데,,True,123,440,0.3090909090909091,0.343,0.445,0.788,0.136,0.345,0.346,0.0,7,73,59,136,31,4,22,4,65,0,0.241,,1.0
2015,71562,박종윤,롯데,,False,98,314,0.2547770700636942,0.277,0.347,0.624,0.0919999999999999,0.278,0.274,0.0,4,28,29,80,11,3,7,3,38,0,-2.482,,1.0
2016,71562,박종윤,롯데,,False,73,195,0.282051282051282,0.322,0.333,0.655,0.051,0.318,0.294,0.0,1,17,24,55,5,1,10,2,25,3,-1.019,,1.0
2020,60841,박종훈,SK,투수,False,1,0,0.0,0.0,0.0,0.0,0.0,0.0,0.0,0.0,0,0,0,0,0,0,0,0,0,0,0.0,0.0,1.0
2022,69328,박주성,키움,투수,False,2,0,0.0,0.0,0.0,0.0,0.0,0.0,0.0,0.0,0,0,0,0,0,0,0,0,0,0,0.0,0.0,1.0
2025,69328,박주성,키움,투수,False,2,0,0.0,0.0,0.0,0.0,0.0,0.0,0.0,0.0,0,0,0,0,0,0,0,0,0,0,0.0,0.0,1.0
2023,69900,박주찬,NC,내야수,False,5,14,0.1428571428571428,0.143,0.143,0.286,0.0,0.167,0.194,6.1,0,0,1,2,0,0,0,0,2,0,-0.144,-0.16,1.0
2022,50411,박주혁,삼성,투수,False,2,0,0.0,0.0,0.0,0.0,0.0,0.0,0.0,0.0,0,0,0,0,0,0,0,0,0,0,0.0,0.0,1.0
2020,50357,박주홍,키움,외야수,False,13,24,0.25,0.28,0.333,0.613,0.083,0.429,0.272,56.7,0,1,0,6,2,0,1,0,10,0,-0.165,-0.17,1.0
2021,50357,박주홍,키움,외야수,False,23,47,0.1063829787234042,0.25,0.149,0.399,0.043,0.192,0.208,12.8,0,3,4,5,2,0,9,0,21,1,-0.458,-0.45,1.0
2022,50357,박주홍,키움,외야수,False,21,49,0.2244897959183673,0.333,0.286,0.619,0.0619999999999999,0.355,0.285,61.2,0,3,4,11,1,1,8,0,18,0,-0.214,-0.1,1.0
2023,50357,박주홍,키움,외야수,False,27,49,0.1224489795918367,0.196,0.163,0.359,0.041,0.24,0.186,-2.6,0,2,5,6,0,1,5,0,26,1,-0.569,-0.45,1.0
2024,50357,박주홍,키움,외야수,False,25,49,0.1020408163265306,0.254,0.143,0.397,0.0409999999999999,0.156,0.21,13.7,0,1,5,5,2,0,10,0,17,2,-0.599,-0.32,1.0
2025,50357,박주홍,키움,외야수,False,102,248,0.2258064516129032,0.31,0.331,0.641,0.105,0.303,0.295,80.2,3,23,33,56,11,3,30,1,72,11,-1.084,0.39,1.0
2026,50357,박주홍,키움,외야수,False,47,139,0.2302158273381294,0.344,0.331,0.675,0.101,0.323,0.319,91.1,2,7,17,32,6,1,20,4,44,3,-0.357,0.52,0.757
2010,71815,박준서,롯데,,False,22,49,0.1224489795918367,0.189,0.163,0.352,0.041,0.154,0.161,0.0,0,1,4,6,2,0,3,1,10,1,0.0,,1.0
2011,71815,박준서,롯데,,False,21,20,0.1,0.182,0.15,0.332,0.0499999999999999,0.125,0.156,0.0,0,2,2,2,1,0,2,0,4,0,0.0,,1.0
2012,71815,박준서,롯데,,False,87,182,0.2747252747252747,0.318,0.39,0.708,0.1149999999999999,0.324,0.303,0.0,2,12,21,50,9,3,11,1,33,5,0.0,,1.0
2013,71815,박준서,롯데,,False,79,124,0.2983870967741935,0.374,0.411,0.785,0.1129999999999999,0.354,0.35,0.0,2,32,15,37,6,1,13,2,23,2,0.0,,1.0
2014,71815,박준서,롯데,,False,74,99,0.2323232323232323,0.325,0.343,0.668,0.111,0.295,0.303,0.0,0,13,9,23,9,1,14,1,24,0,-1.221,,1.0
2015,71815,박준서,롯데,,False,3,5,0.0,0.0,0.0,0.0,0.0,0.0,0.0,0.0,0,0,0,0,0,0,0,0,3,0,-0.106,,1.0
2010,70349,박준수,넥센,,False,1,0,0.0,0.0,0.0,0.0,0.0,0.0,0.0,0.0,0,0,0,0,0,0,0,0,0,0,0.0,,1.0
2025,55252,박준순,두산,내야수,False,91,282,0.2836879432624113,0.307,0.379,0.686,0.095,0.338,0.307,89.6,4,19,34,80,11,2,10,1,56,10,-1.271,-0.04,1.0
2026,55252,박준순,두산,내야수,False,74,297,0.3131313131313131,0.358,0.552,0.91,0.239,0.348,0.387,143.1,16,54,42,93,13,5,16,6,62,2,0.493,2.84,0.757
2016,66928,박준영,NC,,False,3,0,0.0,0.0,0.0,0.0,0.0,0.0,0.0,0.0,0,0,0,0,0,0,0,0,0,0,0.0,,1.0
2020,66928,박준영,NC,,False,32,46,0.1521739130434782,0.235,0.239,0.474,0.087,0.241,0.241,31.2,0,3,4,7,4,0,2,3,17,1,-0.295,-0.29,1.0
2021,66928,박준영,NC,,False,111,273,0.2087912087912088,0.301,0.337,0.638,0.128,0.28,0.29,68.2,8,31,37,57,7,2,27,10,92,4,-2.8120000000000003,0.07,1.0
2022,66928,박준영,NC,,False,75,208,0.2163461538461538,0.308,0.322,0.63,0.106,0.272,0.296,79.7,4,19,27,45,8,1,27,1,54,7,-1.5550000000000002,-0.07,1.0
2023,66928,박준영,두산,,False,51,127,0.2283464566929134,0.29,0.417,0.707,0.1889999999999999,0.357,0.31,97.3,4,17,16,29,8,2,9,2,53,2,0.369,0.43,1.0
2023,52731,박준영,한화,투수,False,1,0,0.0,0.0,0.0,0.0,0.0,0.0,0.0,0.0,0,0,0,0,0,0,0,0,0,0,0.0,0.0,1.0
2024,66928,박준영,두산,,False,65,186,0.2258064516129032,0.313,0.409,0.722,0.1829999999999999,0.287,0.32,92.7,7,28,25,42,9,2,21,3,58,2,-1.542,1.07,1.0
2025,66928,박준영,두산,,False,41,111,0.2252252252252252,0.304,0.324,0.628,0.099,0.304,0.291,79.9,1,10,9,25,8,0,10,3,32,3,-0.376,0.19,1.0
2025,54503,박준우,롯데,투수,False,1,0,0.0,0.0,0.0,0.0,0.0,0.0,0.0,0.0,0,0,0,0,0,0,0,0,0,0,0.0,0.0,1.0
2014,64657,박준태,KIA,,False,32,42,0.2619047619047619,0.436,0.262,0.698,0.0,0.458,0.353,0.0,0,2,6,11,0,0,8,5,18,2,-0.033,,1.0
2015,64657,박준태,KIA,,False,51,66,0.1666666666666666,0.353,0.227,0.58,0.06,0.239,0.285,0.0,0,4,15,11,2,1,13,6,20,2,-0.616,,1.0
2018,64657,박준태,KIA,,False,85,123,0.2276422764227642,0.345,0.407,0.752,0.1789999999999999,0.284,0.345,95.4,5,24,32,28,5,1,13,9,37,0,-0.307,0.5,1.0
2019,64657,박준태,KIA,,False,38,41,0.1707317073170731,0.234,0.244,0.478,0.0729999999999999,0.25,0.217,23.3,0,4,13,7,3,0,4,0,15,1,-0.571,-0.15,1.0
2020,64657,박준태,키움,,False,128,347,0.2449567723342939,0.389,0.331,0.72,0.086,0.356,0.346,108.6,5,29,71,85,13,1,65,19,120,5,0.087,2.41,1.0
2021,64657,박준태,키움,,False,27,46,0.1956521739130435,0.362,0.261,0.623,0.065,0.3,0.307,82.5,0,4,10,9,3,0,10,2,16,1,-0.497,0.06,1.0
2022,64657,박준태,키움,,False,52,70,0.1571428571428571,0.289,0.257,0.546,0.1,0.278,0.259,53.9,1,10,9,11,4,0,11,2,33,0,-0.944,-0.24,1.0
2023,64657,박준태,키움,,False,14,14,0.1428571428571428,0.2,0.143,0.343,0.0,0.286,0.229,31.7,0,1,0,2,0,0,1,0,7,0,-0.119,-0.15,1.0
2015,63638,박준표,KIA,,False,1,0,0.0,0.0,0.0,0.0,0.0,0.0,0.0,0.0,0,0,0,0,0,0,0,0,0,0,0.0,,1.0
2016,63638,박준표,KIA,,False,1,0,0.0,0.0,0.0,0.0,0.0,0.0,0.0,0.0,0,0,0,0,0,0,0,0,0,0,0.0,,1.0
2023,63638,박준표,KIA,,False,1,0,0.0,0.0,0.0,0.0,0.0,0.0,0.0,0.0,0,0,0,0,0,0,0,0,0,0,0.0,0.0,1.0
2014,64724,박준혁,한화,,False,2,2,0.0,0.0,0.0,0.0,0.0,0.0,0.0,0.0,0,0,0,0,0,0,0,0,2,0,-0.261,,1.0
2016,64724,박준혁,한화,,False,6,8,0.375,0.444,0.625,1.069,0.25,0.5,0.456,0.0,0,3,3,3,2,0,1,0,2,0,0.317,,1.0
2017,64724,박준혁,한화,,False,8,10,0.1,0.1,0.1,0.2,0.0,0.167,0.09,-70.4,0,0,1,1,0,0,0,0,4,0,-0.318,-0.04,1.0
2018,64724,박준혁,한화,,False,4,5,0.2,0.2,0.4,0.6,0.2,0.333,0.248,27.8,0,0,0,1,1,0,0,0,2,0,-0.107,0.13,1.0
2019,64724,박준혁,한화,,False,4,2,0.0,0.0,0.0,0.0,0.0,0.0,0.0,-142.5,0,0,0,0,0,0,0,0,1,0,-0.005,-0.05,1.0
2020,68003,박준혁,KT,,False,12,2,0.0,0.0,0.0,0.0,0.0,0.0,0.0,-126.2,0,0,2,0,0,0,0,0,1,0,-0.003,-0.05,1.0
2024,69363,박준형,키움,,False,4,5,0.0,0.0,0.0,0.0,0.0,0.0,0.0,-121.0,0,0,0,0,0,0,0,0,3,0,-0.12,-0.12,1.0
2015,65136,박지규,LG,,False,102,171,0.2046783625730994,0.259,0.263,0.522,0.058,0.285,0.244,0.0,0,12,22,35,8,1,10,3,49,5,-1.211,,1.0
2018,65136,박지규,LG,,False,26,47,0.1702127659574468,0.216,0.277,0.493,0.107,0.233,0.227,46.7,1,5,6,8,2,0,3,0,17,2,-0.554,-0.32,1.0
2019,65136,박지규,LG,,False,10,11,0.0909090909090909,0.412,0.091,0.503,0.0,0.25,0.293,91.7,0,1,2,1,0,0,4,2,7,0,0.078,-0.03,1.0
2020,65136,박지규,LG,,False,4,0,0.0,0.0,0.0,0.0,0.0,0.0,0.0,0.0,0,0,0,0,0,0,0,0,0,0,0.0,0.0,1.0
2026,56337,박지성,키움,투수,False,1,0,0.0,0.0,0.0,0.0,0.0,0.0,0.0,0.0,0,0,0,0,0,0,0,0,0,0,0.0,0.0,0.757
2024,54805,박지환,SSG,내야수,False,76,228,0.2763157894736842,0.317,0.386,0.703,0.1099999999999999,0.355,0.306,75.7,4,21,33,63,9,2,12,3,61,8,-0.562,0.33,1.0
2025,54805,박지환,SSG,내야수,False,31,60,0.15,0.2,0.15,0.35,0.0,0.214,0.161,-16.5,0,4,3,9,0,0,4,0,19,0,-1.307,-1.01,1.0
2013,62637,박지훈,KIA,,False,1,0,0.0,0.0,0.0,0.0,0.0,0.0,0.0,0.0,0,0,0,0,0,0,0,0,0,0,0.0,,1.0
2017,62637,박지훈,KIA,,False,1,0,0.0,0.0,0.0,0.0,0.0,0.0,0.0,0.0,0,0,0,0,0,0,0,0,0,0,0.0,0.0,1.0
2020,50204,박지훈,두산,내야수,False,10,2,0.0,0.0,0.0,0.0,0.0,0.0,0.0,-110.3,0,0,1,0,0,0,0,0,2,0,-0.004,-0.05,1.0
2021,50204,박지훈,두산,내야수,False,34,12,0.3333333333333333,0.429,0.417,0.846,0.0839999999999999,0.444,0.386,145.7,0,2,6,4,1,0,1,1,3,3,0.329,0.13,1.0
2023,50204,박지훈,두산,내야수,False,22,19,0.2105263157894736,0.286,0.263,0.549,0.052,0.333,0.256,56.5,0,2,2,4,1,0,2,0,7,1,0.041,-0.01,1.0
2025,50204,박지훈,두산,내야수,False,37,48,0.4166666666666666,0.481,0.563,1.044,0.1459999999999999,0.543,0.45,195.2,1,8,11,20,4,0,5,1,12,1,0.541,0.81,1.0
2026,50204,박지훈,두산,내야수,False,92,214,0.2710280373831776,0.355,0.327,0.682,0.0559999999999999,0.331,0.317,89.2,0,22,35,58,6,3,24,4,39,5,0.025,0.13,0.757
2025,69594,박진,롯데,투수,False,1,0,0.0,0.0,0.0,0.0,0.0,0.0,0.0,0.0,0,0,0,0,0,0,0,0,0,0,0.0,0.0,1.0
2010,96307,박진만,삼성,,False,46,131,0.2366412213740458,0.354,0.313,0.667,0.076,0.286,0.318,0.0,1,14,14,31,5,1,24,1,27,1,0.0,,1.0
2011,96307,박진만,SK,,False,100,282,0.2801418439716312,0.363,0.408,0.771,0.1279999999999999,0.309,0.332,0.0,6,39,42,79,18,0,34,5,44,6,0.0,,1.0
2012,96307,박진만,SK,,False,57,138,0.2101449275362318,0.281,0.384,0.665,0.174,0.224,0.276,0.0,5,19,12,29,7,1,14,0,27,3,0.0,,1.0
2013,96307,박진만,SK,,False,100,276,0.25,0.346,0.341,0.687,0.091,0.288,0.321,0.0,3,24,25,69,14,1,37,5,47,3,0.0,,1.0
2014,96307,박진만,SK,,False,19,32,0.25,0.294,0.281,0.575,0.031,0.333,0.257,0.0,0,2,3,8,1,0,2,0,8,0,-0.093,,1.0
2015,96307,박진만,SK,,False,78,133,0.2481203007518796,0.375,0.331,0.706,0.083,0.282,0.325,0.0,2,14,12,33,5,0,23,4,21,0,-0.021,,1.0
2018,63991,박진우,NC,,False,1,0,0.0,0.0,0.0,0.0,0.0,0.0,0.0,0.0,0,0,0,0,0,0,0,0,0,0,0.0,0.0,1.0
2025,53411,박진우,삼성,포수,False,1,1,0.0,0.0,0.0,0.0,0.0,0.0,0.0,-135.6,0,0,0,0,0,0,0,0,0,0,0.0,-0.02,1.0
2011,76235,박진원,SK,,False,7,11,0.0909090909090909,0.091,0.091,0.182,0.0,0.111,0.082,0.0,0,0,0,1,0,0,0,0,2,1,0.0,,1.0
2017,67646,박진태,KIA,,False,7,1,0.0,0.0,0.0,0.0,0.0,0.0,0.0,0.0,0,0,0,0,0,0,0,0,1,0,0.0,0.0,1.0
2015,63512,박진형,롯데,투수,False,1,0,0.0,0.0,0.0,0.0,0.0,0.0,0.0,0.0,0,0,0,0,0,0,0,0,0,0,0.0,,1.0
2019,63512,박진형,롯데,투수,False,2,0,0.0,0.0,0.0,0.0,0.0,0.0,0.0,0.0,0,0,0,0,0,0,0,0,0,0,0.0,0.0,1.0
2026,63512,박진형,키움,투수,False,1,0,0.0,0.0,0.0,0.0,0.0,0.0,0.0,0.0,0,0,0,0,0,0,0,0,0,0,0.0,0.0,0.757
2011,74565,박진환,롯데,,False,11,25,0.08,0.08,0.12,0.2,0.0399999999999999,0.105,0.082,0.0,0,2,2,2,1,0,0,0,6,0,0.0,,1.0
2013,62409,박찬도,삼성,,False,3,1,0.0,0.5,0.0,0.5,0.0,0.0,0.375,0.0,0,1,1,0,0,0,0,1,0,0,0.0,,1.0
2014,62409,박찬도,삼성,,False,28,8,0.5,0.5,0.5,1.0,0.0,0.667,0.45,0.0,0,3,8,4,0,0,0,0,2,6,0.449,,1.0
2015,62409,박찬도,삼성,,False,116,89,0.2134831460674157,0.307,0.258,0.565,0.045,0.297,0.274,0.0,0,9,32,19,2,1,8,4,25,13,-0.764,,1.0
2018,62409,박찬도,삼성,,False,54,73,0.2328767123287671,0.309,0.315,0.624,0.0819999999999999,0.378,0.304,62.2,0,5,13,17,4,1,8,0,28,3,-0.067,0.0,1.0
2019,62409,박찬도,삼성,,False,30,32,0.28125,0.324,0.313,0.637,0.0319999999999999,0.409,0.278,38.1,0,2,10,9,1,0,2,0,10,0,-0.442,-0.13,1.0
2020,62409,박찬도,삼성,,False,51,96,0.21875,0.325,0.302,0.627,0.0829999999999999,0.267,0.29,46.9,1,8,20,21,5,0,15,1,22,5,-0.68,0.01,1.0
2022,52348,박찬혁,키움,외야수,False,52,161,0.2111801242236025,0.274,0.354,0.628,0.143,0.318,0.284,75.7,6,17,13,34,5,0,9,5,67,0,-0.852,-0.22,1.0
2023,52348,박찬혁,키움,외야수,False,48,154,0.2012987012987013,0.263,0.266,0.529,0.065,0.268,0.266,58.8,1,8,13,31,7,0,10,3,41,0,-1.932,-0.3,1.0
2026,52348,박찬혁,키움,외야수,False,68,207,0.2608695652173913,0.35,0.406,0.756,0.145,0.324,0.344,109.8,8,27,26,54,6,0,23,6,58,0,-0.054,1.11,0.757
2025,55530,박찬형,롯데,내야수,False,48,129,0.3410852713178294,0.419,0.504,0.923,0.1629999999999999,0.406,0.403,146.8,3,19,21,44,8,2,11,7,26,1,0.601,1.26,1.0
2026,55530,박찬형,롯데,내야수,False,12,28,0.3214285714285714,0.387,0.429,0.816,0.1079999999999999,0.5,0.395,139.2,1,2,6,9,0,0,2,1,11,0,-0.271,0.26,0.757
2014,64646,박찬호,KIA,내야수,False,17,22,0.0909090909090909,0.13,0.136,0.266,0.045,0.167,0.164,0.0,0,0,3,2,1,0,1,0,10,0,-0.207,,1.0
2015,64646,박찬호,KIA,내야수,False,69,137,0.1824817518248175,0.233,0.234,0.467,0.052,0.25,0.215,0.0,0,6,13,25,5,1,9,0,37,3,-1.164,,1.0
2016,64646,박찬호,KIA,내야수,False,69,42,0.1666666666666666,0.222,0.167,0.389,0.0,0.212,0.184,0.0,0,3,9,7,0,0,3,0,9,2,-0.109,,1.0
2019,64646,박찬호,KIA,내야수,True,133,504,0.2599206349206349,0.3,0.317,0.617,0.0569999999999999,0.306,0.283,71.6,2,49,60,131,15,4,26,4,83,39,-2.485,0.14,1.0
2020,64646,박찬호,KIA,내야수,True,141,480,0.2229166666666666,0.276,0.275,0.551,0.052,0.265,0.253,43.8,3,36,63,107,16,0,36,0,87,15,-3.3,-1.45,1.0
2021,64646,박찬호,KIA,내야수,True,131,418,0.2464114832535885,0.331,0.313,0.644,0.067,0.294,0.305,83.3,1,59,51,103,15,5,54,0,73,9,-0.793,1.12,1.0
2022,64646,박찬호,KIA,내야수,True,130,493,0.2718052738336714,0.344,0.341,0.685,0.069,0.303,0.319,98.9,4,45,81,134,22,0,57,1,67,42,-1.148,2.69,1.0
2023,64646,박찬호,KIA,내야수,True,130,452,0.3008849557522124,0.356,0.378,0.734,0.077,0.333,0.341,114.5,3,52,73,136,18,4,40,2,56,30,-0.344,3.58,1.0
2024,64646,박찬호,KIA,내야수,True,134,515,0.3067961165048544,0.363,0.386,0.749,0.079,0.324,0.347,101.9,5,61,86,158,24,1,48,1,44,20,-0.586,2.37,1.0
2025,64646,박찬호,KIA,내야수,True,134,516,0.2868217054263566,0.363,0.359,0.722,0.072,0.319,0.335,107.5,5,42,75,148,18,2,62,3,69,27,-1.776,3.81,1.0
2026,64646,박찬호,두산,내야수,True,106,395,0.2886075949367088,0.356,0.39,0.746,0.101,0.328,0.338,104.0,5,44,64,114,21,2,42,2,63,24,-1.808,2.35,0.757
2026,54303,박채울,키움,외야수,False,19,17,0.1764705882352941,0.176,0.176,0.352,0.0,0.273,0.15,-23.1,0,0,1,3,0,0,0,0,6,0,-0.288,0.09,0.757
2015,64804,박철우,SK,,False,19,2,0.0,0.0,0.0,0.0,0.0,0.0,0.0,0.0,0,0,1,0,0,0,0,0,0,0,-0.024,,1.0
2021,67266,박치국,두산,투수,False,1,0,0.0,0.0,0.0,0.0,0.0,0.0,0.0,0.0,0,0,0,0,0,0,0,0,0,0,0.0,0.0,1.0
2023,67266,박치국,두산,투수,False,1,0,0.0,0.0,0.0,0.0,0.0,0.0,0.0,0.0,0,0,0,0,0,0,0,0,0,0,0.0,0.0,1.0
2024,67266,박치국,두산,투수,False,3,0,0.0,0.0,0.0,0.0,0.0,0.0,0.0,0.0,0,0,0,0,0,0,0,0,0,0,0.0,0.0,1.0
2025,67266,박치국,두산,투수,False,1,0,0.0,0.0,0.0,0.0,0.0,0.0,0.0,0.0,0,0,0,0,0,0,0,0,0,0,0.0,0.0,1.0
2019,63703,박한결,한화,,False,9,11,0.1818181818181818,0.182,0.182,0.364,0.0,0.286,0.164,-20.5,0,0,0,2,0,0,0,0,4,0,-0.273,-0.15,1.0
2020,63703,박한결,한화,,False,13,20,0.15,0.227,0.15,0.377,0.0,0.25,0.173,-8.3,0,1,5,3,0,0,2,0,8,0,-0.463,-0.34,1.0
2023,53992,박한결,NC,,False,12,15,0.3333333333333333,0.444,0.6,1.044,0.2669999999999999,0.571,0.447,188.1,1,5,3,5,1,0,3,0,7,0,-0.188,0.24,1.0
2024,53992,박한결,NC,,False,28,65,0.1846153846153846,0.254,0.523,0.777,0.338,0.172,0.321,79.6,7,14,8,12,1,0,6,0,29,0,-0.276,-0.06,1.0
2025,53992,박한결,NC,,False,8,17,0.1176470588235294,0.211,0.471,0.682,0.353,0.0,0.281,61.7,2,3,2,2,0,0,2,0,8,0,-0.144,-0.03,1.0
2026,56304,박한결,키움,내야수,False,14,39,0.1282051282051282,0.171,0.154,0.325,0.0259999999999999,0.185,0.153,-21.4,0,0,1,5,1,0,2,0,12,0,-0.709,-0.45,0.757
2015,64764,박한길,한화,,False,1,0,0.0,0.0,0.0,0.0,0.0,0.0,0.0,0.0,0,0,0,0,0,0,0,0,0,0,0.0,,1.0
2010,71432,박한이,삼성,,True,128,379,0.3007915567282322,0.413,0.454,0.867,0.153,0.323,0.376,0.0,11,63,64,114,21,2,73,3,54,5,0.0,,1.0
2011,71432,박한이,삼성,,True,121,429,0.2564102564102564,0.353,0.338,0.691,0.082,0.313,0.312,0.0,4,30,77,110,19,2,60,5,88,8,0.0,,1.0
2012,71432,박한이,삼성,,True,111,388,0.3041237113402061,0.393,0.381,0.774,0.077,0.368,0.341,0.0,1,51,61,118,19,4,58,1,72,4,0.0,,1.0
2013,71432,박한이,삼성,,True,112,394,0.2842639593908629,0.366,0.376,0.742,0.092,0.335,0.327,0.0,6,55,56,112,12,3,51,1,74,4,0.0,,1.0
2014,71432,박한이,삼성,,True,125,472,0.3305084745762712,0.409,0.443,0.852,0.1119999999999999,0.373,0.368,0.0,9,80,83,156,22,2,61,5,74,7,2.52,,1.0
2015,71432,박한이,삼성,,False,94,367,0.2997275204359673,0.389,0.458,0.847,0.158,0.337,0.377,0.0,11,52,62,110,17,4,53,1,63,6,-0.041,,1.0
2016,71432,박한이,삼성,,False,110,349,0.3008595988538682,0.372,0.481,0.853,0.18,0.341,0.378,0.0,14,69,57,105,21,0,40,2,72,1,3.37,,1.0
2017,71432,박한이,삼성,,False,68,118,0.2627118644067797,0.333,0.441,0.774,0.178,0.329,0.333,74.7,4,14,14,31,9,0,13,0,33,0,0.149,0.11,1.0
2018,71432,박한이,삼성,,False,114,342,0.283625730994152,0.363,0.418,0.781,0.134,0.36,0.345,82.9,10,43,47,97,16,0,43,0,91,5,-0.573,0.9,1.0
2019,71432,박한이,삼성,,False,30,74,0.2567567567567567,0.333,0.378,0.711,0.121,0.304,0.314,76.0,2,13,6,19,3,0,9,0,17,0,0.26,0.12,1.0
2013,62415,박해민,삼성,외야수,False,1,0,0.0,0.0,0.0,0.0,0.0,0.0,0.0,0.0,0,0,0,0,0,0,0,0,0,0,0.0,,1.0
2014,62415,박해민,삼성,외야수,False,119,310,0.2967741935483871,0.381,0.368,0.749,0.071,0.343,0.325,0.0,1,31,65,92,11,4,37,6,45,36,-0.183,,1.0
2015,62415,박해민,삼성,외야수,True,144,525,0.2933333333333333,0.362,0.362,0.724,0.069,0.384,0.322,0.0,0,47,96,154,22,7,56,2,126,60,0.848,,1.0
2016,62415,박해민,삼성,외야수,True,141,564,0.299645390070922,0.357,0.41,0.767,0.1099999999999999,0.347,0.337,0.0,4,61,109,169,26,12,49,3,87,52,1.562,,1.0
2017,62415,박해민,삼성,외야수,True,144,570,0.2842105263157894,0.338,0.393,0.731,0.109,0.314,0.339,88.4,7,54,96,162,25,8,50,1,78,40,-0.202,2.94,1.0
2018,62415,박해민,삼성,외야수,True,144,576,0.2986111111111111,0.36,0.432,0.792,0.133,0.344,0.354,92.3,9,68,114,172,30,10,56,3,99,36,-0.639,2.88,1.0
2019,62415,박해민,삼성,외야수,True,144,506,0.2391304347826087,0.318,0.328,0.646,0.089,0.275,0.298,67.0,5,44,64,121,16,7,58,2,82,24,-2.765,1.65,1.0
2020,62415,박해민,삼성,외야수,True,132,489,0.2903885480572597,0.345,0.415,0.76,0.125,0.324,0.335,78.5,11,55,84,142,18,5,39,3,77,34,-2.11,2.24,1.0
2021,62415,박해민,삼성,외야수,True,127,454,0.2907488986784141,0.383,0.377,0.76,0.086,0.34,0.35,109.4,5,54,78,132,22,1,69,3,82,36,-0.112,2.93,1.0
2022,62415,박해민,LG,외야수,True,144,570,0.2894736842105263,0.347,0.368,0.715,0.079,0.332,0.325,104.5,3,49,97,165,20,8,44,9,85,24,-1.399,3.1,1.0
2023,62415,박해민,LG,외야수,True,144,485,0.2845360824742268,0.348,0.359,0.707,0.074,0.325,0.315,98.9,6,59,80,138,14,2,45,3,74,26,-1.927,1.92,1.0
2024,62415,박해민,LG,외야수,True,144,482,0.2634854771784232,0.336,0.359,0.695,0.0959999999999999,0.315,0.318,86.9,6,56,72,127,16,6,46,11,101,43,-2.476,1.23,1.0
2025,62415,박해민,LG,외야수,True,144,442,0.2760180995475113,0.379,0.346,0.725,0.0699999999999999,0.341,0.332,107.4,3,43,80,122,18,2,68,8,94,49,-0.857,3.51,1.0
2026,62415,박해민,LG,외야수,True,107,354,0.2824858757062147,0.37,0.359,0.729,0.077,0.316,0.323,93.8,4,45,60,100,13,1,42,11,52,28,1.758,2.23,0.757
2025,55637,박헌,KIA,외야수,False,8,12,0.0833333333333333,0.214,0.083,0.297,0.0,0.111,0.169,-11.3,0,0,0,1,0,0,1,1,3,0,-0.233,-0.16,1.0
2011,79356,박헌도,넥센,,False,7,10,0.0,0.091,0.0,0.091,0.0,0.0,0.065,0.0,0,0,0,0,0,0,1,0,4,0,0.0,,1.0
2012,79356,박헌도,넥센,,False,23,34,0.1764705882352941,0.31,0.176,0.486,0.0,0.261,0.249,0.0,0,1,3,6,0,0,7,0,12,0,0.0,,1.0
2013,79356,박헌도,넥센,,False,9,12,0.0833333333333333,0.154,0.167,0.321,0.084,0.167,0.151,0.0,0,0,0,1,1,0,1,0,6,0,0.0,,1.0
2014,79356,박헌도,넥센,,False,47,94,0.2446808510638297,0.327,0.394,0.721,0.149,0.257,0.31,0.0,4,14,12,23,2,0,9,4,19,2,-0.729,,1.0
2015,79356,박헌도,넥센,,False,108,218,0.2477064220183486,0.371,0.417,0.788,0.1689999999999999,0.288,0.36,0.0,8,42,31,54,13,0,37,7,52,0,0.031,,1.0
2016,79356,박헌도,롯데,,False,37,69,0.2608695652173913,0.378,0.493,0.871,0.2319999999999999,0.366,0.391,0.0,3,11,9,18,7,0,10,3,25,1,-0.139,,1.0
2017,79356,박헌도,롯데,,False,56,113,0.2566371681415929,0.354,0.398,0.752,0.141,0.305,0.338,78.8,4,13,19,29,4,0,14,3,27,0,-0.141,0.18,1.0
2018,79356,박헌도,롯데,,False,15,26,0.1153846153846153,0.258,0.154,0.412,0.0389999999999999,0.188,0.244,23.3,0,0,1,3,1,0,5,0,10,0,-0.361,-0.2,1.0
2013,62921,박헌욱,NC,,False,2,0,0.0,0.0,0.0,0.0,0.0,0.0,0.0,0.0,0,0,0,0,0,0,0,0,0,0,0.0,,1.0
2018,62921,박헌욱,NC,,False,10,22,0.2727272727272727,0.304,0.5,0.804,0.2269999999999999,0.313,0.341,96.4,1,3,1,6,2,0,1,0,5,1,-0.146,0.01,1.0
2019,62921,박헌욱,NC,,False,6,9,0.1111111111111111,0.111,0.222,0.333,0.111,0.25,0.138,-36.5,0,1,0,1,1,0,0,0,5,0,0.001,-0.11,1.0
2010,79817,박현준,LG,,False,1,0,0.0,0.0,0.0,0.0,0.0,0.0,0.0,0.0,0,0,0,0,0,0,0,0,0,0,0.0,,1.0
2023,51803,박형준,롯데,,False,1,1,0.0,0.0,0.0,0.0,0.0,0.0,0.0,-139.6,0,0,0,0,0,0,0,0,1,0,0.0,-0.02,1.0
2010,76858,박희수,SK,,False,1,0,0.0,0.0,0.0,0.0,0.0,0.0,0.0,0.0,0,0,0,0,0,0,0,0,0,0,0.0,,1.0
2012,76858,박희수,SK,,False,1,0,0.0,0.0,0.0,0.0,0.0,0.0,0.0,0.0,0,0,0,0,0,0,0,0,0,0,0.0,,1.0
2013,76858,박희수,SK,,False,2,0,0.0,0.0,0.0,0.0,0.0,0.0,0.0,0.0,0,0,0,0,0,0,0,0,0,0,0.0,,1.0
2014,76858,박희수,SK,,False,2,0,0.0,0.0,0.0,0.0,0.0,0.0,0.0,0.0,0,0,0,0,0,0,0,0,0,0,0.0,,1.0
2016,76858,박희수,SK,,False,5,1,0.0,0.0,0.0,0.0,0.0,0.0,0.0,0.0,0,0,0,0,0,0,0,0,1,0,-0.001,,1.0
2018,76858,박희수,SK,,False,2,0,0.0,0.0,0.0,0.0,0.0,0.0,0.0,0.0,0,0,0,0,0,0,0,0,0,0,0.0,0.0,1.0
2018,68245,반슬라이크,두산,,False,12,39,0.1282051282051282,0.205,0.231,0.436,0.103,0.121,0.199,19.8,1,4,1,5,1,0,4,0,6,0,-0.256,-0.45,1.0
2020,50730,반즈,한화,,False,74,283,0.2650176678445229,0.342,0.428,0.77,0.1629999999999999,0.338,0.346,102.9,9,42,38,75,17,1,27,7,81,2,-0.45,1.85,1.0
2016,66452,발디리스,삼성,,False,44,154,0.2662337662337662,0.389,0.461,0.85,0.195,0.25,0.389,0.0,8,33,24,41,6,0,31,2,17,0,0.296,,1.0
2020,69974,배민서,NC,투수,False,1,0,0.0,0.0,0.0,0.0,0.0,0.0,0.0,0.0,0,0,0,0,0,0,0,0,0,0,0.0,0.0,1.0
2021,69974,배민서,NC,투수,False,2,0,0.0,0.0,0.0,0.0,0.0,0.0,0.0,0.0,0,0,0,0,0,0,0,0,0,0,0.0,0.0,1.0
2019,64501,배성근,롯데,,False,36,44,0.2045454545454545,0.271,0.227,0.498,0.022,0.29,0.255,41.5,0,2,4,9,1,0,4,0,13,1,-0.509,-0.15,1.0
2020,64501,배성근,롯데,,False,4,7,0.0,0.0,0.0,0.0,0.0,0.0,0.0,-130.2,0,0,0,0,0,0,0,0,2,0,-0.151,-0.23,1.0
2021,64501,배성근,롯데,,False,78,93,0.2043010752688172,0.308,0.28,0.588,0.076,0.321,0.271,54.6,1,9,21,19,4,0,14,0,36,1,-0.349,-0.28,1.0
2022,64501,배성근,롯데,,False,22,39,0.1282051282051282,0.171,0.154,0.325,0.0259999999999999,0.185,0.153,-28.1,0,0,3,5,1,0,2,0,12,0,-0.798,-0.38,1.0
2023,53587,배영빈,롯데,,False,18,16,0.313,0.353,0.438,0.791,0.125,0.357,0.328,98.0,0,0,2,5,2,0,1,0,2,1,-0.042,0.03,1.0
2010,79465,배영섭,삼성,,False,11,24,0.2916666666666667,0.346,0.375,0.721,0.083,0.389,0.324,0.0,0,3,5,7,2,0,2,0,6,1,0.0,,1.0
2011,79465,배영섭,삼성,,False,99,340,0.2941176470588235,0.363,0.356,0.719,0.062,0.334,0.338,0.0,2,24,51,100,15,0,29,9,47,33,0.0,,1.0
2012,79465,배영섭,삼성,,True,122,412,0.2451456310679611,0.335,0.306,0.641,0.061,0.288,0.303,0.0,2,34,64,101,15,2,48,9,69,27,0.0,,1.0
2013,79465,배영섭,삼성,,True,113,393,0.2951653944020356,0.402,0.372,0.774,0.077,0.343,0.356,0.0,2,38,66,116,16,4,52,20,62,23,0.0,,1.0
2015,79465,배영섭,삼성,,False,4,16,0.375,0.444,0.375,0.819,0.0,0.5,0.38,0.0,0,2,2,6,0,0,2,0,4,1,-0.056,,1.0
2016,79465,배영섭,삼성,,False,93,323,0.2662538699690402,0.374,0.356,0.73,0.0899999999999999,0.295,0.355,0.0,4,22,53,86,17,0,51,5,42,5,-1.042,,1.0
2017,79465,배영섭,삼성,,False,92,218,0.3027522935779816,0.365,0.445,0.81,0.142,0.355,0.362,99.8,6,26,39,66,11,1,19,3,44,1,-0.639,0.68,1.0
2018,79465,배영섭,삼성,,False,69,147,0.2448979591836734,0.331,0.286,0.617,0.0409999999999999,0.321,0.293,50.4,0,13,15,36,6,0,16,3,35,1,-0.927,-0.46,1.0
2019,79465,배영섭,SK,,False,30,71,0.2253521126760563,0.3,0.239,0.539,0.0139999999999999,0.281,0.257,47.2,0,7,5,16,1,0,6,2,15,2,0.174,-0.15,1.0
2013,70425,배영수,삼성,,False,1,0,0.0,0.0,0.0,0.0,0.0,0.0,0.0,0.0,0,0,0,0,0,0,0,0,0,0,0.0,,1.0
2019,70425,배영수,두산,,False,2,0,0.0,0.0,0.0,0.0,0.0,0.0,0.0,0.0,0,0,0,0,0,0,0,0,0,0,0.0,0.0,1.0
2015,79191,배우열,KT,,False,1,0,0.0,0.0,0.0,0.0,0.0,0.0,0.0,0.0,0,0,0,0,0,0,0,0,0,0,0.0,,1.0
2016,79191,배우열,KT,,False,1,0,0.0,0.0,0.0,0.0,0.0,0.0,0.0,0.0,0,0,0,0,0,0,0,0,0,0,0.0,,1.0
2017,79191,배우열,KT,,False,1,0,0.0,0.0,0.0,0.0,0.0,0.0,0.0,0.0,0,0,0,0,0,0,0,0,0,0,0.0,0.0,1.0
2010,76540,배장호,롯데,,False,1,0,0.0,0.0,0.0,0.0,0.0,0.0,0.0,0.0,0,0,0,0,0,0,0,0,0,0,0.0,,1.0
2015,76540,배장호,롯데,,False,1,0,0.0,0.0,0.0,0.0,0.0,0.0,0.0,0.0,0,0,0,0,0,0,0,0,0,0,0.0,,1.0
2022,63145,배재준,LG,투수,False,1,0,0.0,0.0,0.0,0.0,0.0,0.0,0.0,0.0,0,0,0,0,0,0,0,0,0,0,0.0,0.0,1.0
2016,64995,배재환,NC,투수,False,2,0,0.0,0.0,0.0,0.0,0.0,0.0,0.0,0.0,0,0,0,0,0,0,0,0,0,0,0.0,,1.0
2018,64995,배재환,NC,투수,False,1,0,0.0,0.0,0.0,0.0,0.0,0.0,0.0,0.0,0,0,0,0,0,0,0,0,0,0,0.0,0.0,1.0
2019,64995,배재환,NC,투수,False,2,0,0.0,0.0,0.0,0.0,0.0,0.0,0.0,0.0,0,0,0,0,0,0,0,0,0,0,0.0,0.0,1.0
2020,64995,배재환,NC,투수,False,1,0,0.0,0.0,0.0,0.0,0.0,0.0,0.0,0.0,0,0,0,0,0,0,0,0,0,0,0.0,0.0,1.0
2025,64995,배재환,NC,투수,False,2,0,0.0,0.0,0.0,0.0,0.0,0.0,0.0,0.0,0,0,0,0,0,0,0,0,0,0,0.0,0.0,1.0
2015,64166,배정대,KT,외야수,False,66,65,0.0923076923076923,0.119,0.154,0.273,0.062,0.122,0.149,0.0,1,2,8,6,1,0,1,1,23,3,-0.968,,1.0
2016,64166,배정대,KT,외야수,False,65,50,0.26,0.315,0.28,0.595,0.02,0.406,0.271,0.0,0,3,10,13,1,0,4,0,18,2,0.085,,1.0
2018,64166,배정대,KT,외야수,False,14,5,0.2,0.2,0.2,0.4,0.0,0.333,0.18,-21.5,0,0,1,1,0,0,0,0,2,0,-0.114,-0.06,1.0
2019,64166,배정대,KT,외야수,False,66,74,0.2027027027027027,0.28,0.257,0.537,0.0539999999999999,0.294,0.246,33.4,0,6,15,15,4,0,7,1,23,0,-0.887,-0.16,1.0
2020,64166,배정대,KT,외야수,True,144,533,0.2889305816135084,0.372,0.42,0.792,0.131,0.369,0.362,110.5,13,65,88,154,25,3,68,5,142,22,-1.035,4.53,1.0
2021,64166,배정대,KT,외야수,True,144,510,0.2588235294117647,0.353,0.378,0.731,0.119,0.323,0.329,94.5,12,68,85,132,23,1,65,12,132,19,-2.249,2.88,1.0
2022,64166,배정대,KT,외야수,True,144,508,0.265748031496063,0.339,0.356,0.695,0.0899999999999999,0.339,0.331,104.4,6,56,64,135,24,2,54,4,126,19,-1.726,3.29,1.0
2023,64166,배정대,KT,외야수,False,97,311,0.2765273311897106,0.356,0.347,0.703,0.0699999999999999,0.353,0.321,96.3,2,38,48,86,16,0,38,3,76,13,0.083,2.25,1.0
2024,64166,배정대,KT,외야수,True,113,404,0.2747524752475248,0.355,0.394,0.749,0.119,0.359,0.337,92.6,7,59,49,111,25,1,50,4,114,9,-0.709,1.27,1.0
2025,64166,배정대,KT,외야수,False,99,240,0.2041666666666666,0.279,0.292,0.571,0.088,0.267,0.268,56.4,2,28,25,49,11,2,19,7,65,6,-2.205,-0.13,1.0
2026,64166,배정대,KT,외야수,False,76,97,0.2164948453608247,0.283,0.309,0.592,0.093,0.304,0.266,51.2,0,11,19,21,7,1,6,3,28,3,-1.019,-0.07,0.757
2017,65516,배제성,KT,투수,False,1,0,0.0,0.0,0.0,0.0,0.0,0.0,0.0,0.0,0,0,0,0,0,0,0,0,0,0,0.0,0.0,1.0
2022,65516,배제성,KT,투수,False,1,0,0.0,0.0,0.0,0.0,0.0,0.0,0.0,0.0,0,0,0,0,0,0,0,0,0,0,0.0,0.0,1.0
2025,55455,배찬승,삼성,투수,False,2,0,0.0,0.0,0.0,0.0,0.0,0.0,0.0,0.0,0,0,0,0,0,0,0,0,0,0,0.0,0.0,1.0
2010,72321,배힘찬,넥센,,False,1,0,0.0,0.0,0.0,0.0,0.0,0.0,0.0,0.0,0,0,0,0,0,0,0,0,0,0,0.0,,1.0
2014,72321,배힘찬,넥센,,False,1,0,0.0,0.0,0.0,0.0,0.0,0.0,0.0,0.0,0,0,0,0,0,0,0,0,0,0,0.0,,1.0
2016,72321,배힘찬,KIA,,False,1,0,0.0,0.0,0.0,0.0,0.0,0.0,0.0,0.0,0,0,0,0,0,0,0,0,0,0,0.0,,1.0
2013,63559,백동훈,롯데,,False,30,18,0.1111111111111111,0.111,0.111,0.222,0.0,0.2,0.1,0.0,0,0,7,2,0,0,0,0,8,4,0.0,,1.0
2014,63559,백동훈,롯데,,False,9,1,0.0,0.0,0.0,0.0,0.0,0.0,0.0,0.0,0,0,1,0,0,0,0,0,0,0,-0.054,,1.0
2015,63559,백동훈,롯데,,False,8,7,0.0,0.222,0.0,0.222,0.0,0.0,0.163,0.0,0,0,1,0,0,0,1,1,1,0,-0.048,,1.0
2018,63559,백동훈,두산,,False,23,27,0.2222222222222222,0.353,0.407,0.76,0.1849999999999999,0.313,0.365,124.4,1,4,7,6,2,0,5,1,11,0,-0.136,0.2,1.0
2019,63559,백동훈,두산,,False,41,47,0.1702127659574468,0.25,0.213,0.463,0.0429999999999999,0.258,0.221,33.4,0,2,8,8,2,0,4,1,16,0,-0.611,-0.31,1.0
2020,63559,백동훈,두산,,False,27,16,0.188,0.316,0.25,0.566,0.062,0.25,0.325,107.3,0,0,5,3,1,0,1,2,4,0,-0.426,0.0,1.0
2021,63559,백동훈,두산,,False,5,3,0.0,0.0,0.0,0.0,0.0,0.0,0.0,-130.3,0,0,1,0,0,0,0,0,2,0,-0.056,-0.07,1.0
2024,54507,백두산,롯데,,False,1,1,0.0,0.0,0.0,0.0,0.0,0.0,0.0,-123.9,0,0,0,0,0,0,0,0,1,0,-0.03,-0.03,1.0
2013,60456,백상원,삼성,,False,5,4,0.5,0.5,0.75,1.25,0.25,0.667,0.535,0.0,0,1,1,2,1,0,0,0,1,0,0.0,,1.0
2014,60456,백상원,삼성,,False,31,22,0.1818181818181818,0.269,0.182,0.451,0.0,0.2,0.222,0.0,0,2,7,4,0,0,3,0,3,0,0.187,,1.0
2015,60456,백상원,삼성,,False,52,77,0.2467532467532467,0.359,0.312,0.671,0.065,0.339,0.308,0.0,0,7,10,19,5,0,13,1,22,0,-0.541,,1.0
2016,60456,백상원,삼성,,True,132,445,0.2876404494382023,0.361,0.364,0.725,0.076,0.329,0.333,0.0,3,49,60,128,19,3,51,4,69,8,0.314,,1.0
2017,60456,백상원,삼성,,False,28,46,0.1304347826086956,0.18,0.13,0.31,0.0,0.167,0.148,-34.1,0,2,4,6,0,0,3,0,11,0,-0.552,-0.62,1.0
2018,60456,백상원,삼성,,False,4,6,0.5,0.625,0.5,1.125,0.0,0.5,0.518,196.8,0,2,1,3,0,0,2,0,0,0,0.083,0.15,1.0
2023,69839,백승건,SSG,투수,False,1,0,0.0,0.0,0.0,0.0,0.0,0.0,0.0,0.0,0,0,0,0,0,0,0,0,0,0,0.0,0.0,1.0
2011,75705,백승룡,한화,,False,38,51,0.1764705882352941,0.3,0.216,0.516,0.04,0.237,0.254,0.0,0,3,7,9,2,0,7,2,13,1,0.0,,1.0
2012,75705,백승룡,한화,,False,33,52,0.2307692307692307,0.344,0.25,0.594,0.0189999999999999,0.375,0.286,0.0,0,3,3,12,1,0,6,3,20,3,0.0,,1.0
2013,75705,백승룡,한화,,False,2,0,0.0,0.0,0.0,0.0,0.0,0.0,0.0,0.0,0,0,0,0,0,0,0,0,0,0,0.0,,1.0
2018,64410,백승민,삼성,,False,14,31,0.2580645161290322,0.281,0.323,0.604,0.065,0.364,0.269,40.5,0,5,3,8,2,0,1,0,9,0,0.155,-0.09,1.0
2019,64410,백승민,삼성,,False,19,42,0.238095238095238,0.267,0.262,0.529,0.024,0.323,0.26,41.1,0,4,4,10,1,0,2,0,12,0,-0.398,-0.04,1.0
2020,64410,백승민,삼성,,False,7,9,0.0,0.25,0.0,0.25,0.0,0.0,0.185,-17.0,0,1,0,0,0,0,1,2,2,0,-0.094,-0.04,1.0
2021,64410,백승민,삼성,,False,4,3,0.0,0.0,0.0,0.0,0.0,0.0,0.0,-135.5,0,0,0,0,0,0,0,0,2,0,-0.014,-0.08,1.0
2017,65109,백승현,LG,투수,False,9,23,0.217391304347826,0.379,0.261,0.64,0.044,0.294,0.306,93.4,0,1,2,5,1,0,5,1,6,0,-0.065,-0.02,1.0
2018,65109,백승현,LG,투수,False,5,8,0.25,0.25,0.25,0.5,0.0,0.4,0.225,36.8,0,1,1,2,0,0,0,0,3,0,-0.006,-0.06,1.0
2019,65109,백승현,LG,투수,False,14,30,0.1666666666666666,0.167,0.2,0.367,0.033,0.25,0.161,-4.3,0,0,1,5,1,0,0,0,10,1,-0.615,-0.32,1.0
2020,65109,백승현,LG,투수,False,27,28,0.25,0.364,0.286,0.65,0.0359999999999999,0.35,0.287,78.2,0,2,5,7,1,0,4,1,8,0,-0.227,-0.04,1.0
2022,65109,백승현,LG,투수,False,1,0,0.0,0.0,0.0,0.0,0.0,0.0,0.0,0.0,0,0,0,0,0,0,0,0,0,0,0.0,0.0,1.0
2024,65109,백승현,LG,투수,False,3,1,0.0,0.0,0.0,0.0,0.0,0.0,0.0,0.0,0,0,0,0,0,0,0,0,0,0,0.0,0.0,1.0
2025,65109,백승현,LG,투수,False,3,0,0.0,0.0,0.0,0.0,0.0,0.0,0.0,0.0,0,0,0,0,0,0,0,0,0,0,0.0,0.0,1.0
2013,78643,백용환,KIA,,False,26,52,0.173076923076923,0.259,0.25,0.509,0.077,0.25,0.238,0.0,0,3,4,9,4,0,6,0,16,0,0.0,,1.0
2014,78643,백용환,KIA,,False,47,79,0.1772151898734177,0.226,0.354,0.58,0.177,0.213,0.245,0.0,4,10,8,14,2,0,5,0,28,0,-0.647,,1.0
2015,78643,백용환,KIA,,False,65,154,0.2337662337662337,0.316,0.468,0.784,0.234,0.26,0.335,0.0,10,30,22,36,6,0,19,1,47,3,0.704,,1.0
2016,78643,백용환,KIA,,False,80,174,0.1954022988505747,0.276,0.305,0.581,0.1099999999999999,0.25,0.271,0.0,4,15,12,34,7,0,19,1,52,2,-0.813,,1.0
2017,78643,백용환,KIA,,False,15,17,0.1764705882352941,0.3,0.176,0.476,0.0,0.214,0.243,29.6,0,1,2,3,0,0,3,0,3,0,-0.264,-0.09,1.0
2018,78643,백용환,KIA,,False,34,47,0.2765957446808511,0.393,0.298,0.691,0.0209999999999999,0.406,0.341,93.3,0,4,7,13,1,0,9,0,15,0,0.042,0.03,1.0
2019,78643,백용환,KIA,,False,28,47,0.2340425531914893,0.294,0.404,0.698,0.17,0.29,0.306,90.1,2,6,3,11,2,0,3,1,14,0,-0.461,0.04,1.0
2020,78643,백용환,KIA,,False,52,91,0.2197802197802197,0.33,0.429,0.759,0.209,0.263,0.34,102.0,5,10,12,20,4,0,15,0,29,0,-0.365,0.26,1.0
2021,78643,백용환,한화,,False,39,86,0.1395348837209302,0.26,0.291,0.551,0.1509999999999999,0.143,0.268,56.3,4,4,10,12,1,0,11,3,26,0,0.202,-0.21,1.0
2022,78643,백용환,한화,,False,4,5,0.2,0.2,0.4,0.6,0.2,0.25,0.248,44.3,0,0,1,1,1,0,0,0,1,0,-0.148,-0.01,1.0
2014,77446,백정현,삼성,투수,False,1,1,0.0,0.0,0.0,0.0,0.0,0.0,0.0,0.0,0,0,0,0,0,0,0,0,1,0,-0.09,,1.0
2010,60100,백진우,LG,,False,15,12,0.0,0.2,0.0,0.2,0.0,0.0,0.205,0.0,0,0,3,0,0,0,3,0,3,0,0.0,,1.0
2011,60100,백진우,LG,,False,20,36,0.1944444444444444,0.275,0.278,0.553,0.084,0.259,0.255,0.0,0,3,4,7,1,1,4,0,9,1,0.0,,1.0
2014,60100,백진우,LG,,False,51,84,0.2023809523809523,0.284,0.262,0.546,0.06,0.239,0.252,0.0,1,10,15,17,2,0,10,0,17,3,-0.63,,1.0
2015,60100,백진우,LG,,False,25,31,0.3225806451612903,0.382,0.452,0.834,0.129,0.357,0.373,0.0,0,0,4,10,4,0,3,0,3,0,0.041,,1.0
2016,60100,백진우,LG,,False,10,18,0.3333333333333333,0.429,0.611,1.04,0.2779999999999999,0.455,0.444,0.0,1,3,4,6,2,0,2,1,6,0,0.339,,1.0
2017,60100,백진우,LG,,False,52,101,0.3267326732673267,0.412,0.535,0.947,0.208,0.358,0.406,172.7,4,18,15,33,9,0,12,4,18,1,-0.315,1.1,1.0
2018,60100,백진우,한화,,False,70,152,0.2434210526315789,0.314,0.414,0.728,0.1709999999999999,0.298,0.324,72.8,3,18,21,37,15,1,12,4,36,0,-0.839,0.39,1.0
2019,60100,백진우,한화,,False,16,44,0.2272727272727272,0.261,0.295,0.556,0.0679999999999999,0.385,0.24,34.9,0,3,4,10,3,0,0,2,18,0,-0.614,-0.05,1.0
2013,78819,백청훈,SK,,False,1,0,0.0,0.0,0.0,0.0,0.0,0.0,0.0,0.0,0,0,0,0,0,0,0,0,0,0,0.0,,1.0
2020,78819,백청훈,LG,,False,1,0,0.0,0.0,0.0,0.0,0.0,0.0,0.0,0.0,0,0,0,0,0,0,0,0,0,0,0.0,0.0,1.0
2014,63432,밴덴헐크,삼성,,False,1,0,0.0,0.0,0.0,0.0,0.0,0.0,0.0,0.0,0,0,0,0,0,0,0,0,0,0,0.0,,1.0
2017,67650,버나디나,KIA,,True,139,557,0.3195691202872531,0.372,0.54,0.912,0.22,0.354,0.395,125.1,27,111,118,178,26,8,41,11,112,32,2.061,6.08,1.0
2018,67650,버나디나,KIA,,True,131,513,0.3099415204678362,0.395,0.487,0.882,0.177,0.355,0.388,120.3,20,70,106,159,25,3,63,10,103,32,1.164,3.99,1.0
2017,67598,번즈,롯데,,True,116,423,0.3026004728132387,0.361,0.499,0.86,0.196,0.363,0.376,100.1,15,57,71,128,38,0,29,11,100,10,-0.708,2.98,1.0
2018,67598,번즈,롯데,,True,133,462,0.2683982683982684,0.329,0.513,0.842,0.245,0.33,0.365,90.3,23,64,80,124,34,5,33,9,133,5,-1.432,1.74,1.0
2019,69950,베탄코트,NC,포수,False,53,203,0.2463054187192118,0.308,0.404,0.712,0.158,0.288,0.328,102.2,8,29,23,50,8,0,18,1,51,1,-2.162,0.57,1.0
2026,54808,변건우,SSG,투수,False,1,0,0.0,0.0,0.0,0.0,0.0,0.0,0.0,0.0,0,0,0,0,0,0,0,0,0,0,0.0,0.0,0.757
2020,68305,변상권,키움,,False,35,62,0.2741935483870967,0.281,0.403,0.684,0.129,0.381,0.293,73.4,1,16,7,17,5,0,1,0,20,0,0.04,-0.03,1.0
2021,68305,변상권,키움,,False,72,159,0.2389937106918239,0.275,0.321,0.596,0.082,0.311,0.274,56.4,0,20,19,38,5,4,9,0,40,0,-0.133,-0.21,1.0
2024,68305,변상권,키움,,False,77,219,0.2511415525114155,0.289,0.342,0.631,0.091,0.305,0.289,66.3,5,21,16,55,3,1,11,1,51,0,-1.278,-0.5,1.0
2025,68305,변상권,키움,,False,12,19,0.2631578947368421,0.25,0.368,0.618,0.1049999999999999,0.278,0.259,53.7,0,4,2,5,2,0,0,0,2,0,-0.077,-0.06,1.0
2012,62263,변시원,두산,,False,2,1,0.0,0.0,0.0,0.0,0.0,0.0,0.0,0.0,0,0,0,0,0,0,0,0,0,0,0.0,,1.0
2018,62263,변시원,두산,,False,1,0,0.0,0.0,0.0,0.0,0.0,0.0,0.0,0.0,0,0,0,0,0,0,0,0,0,0,0.0,0.0,1.0
2010,60526,변용선,롯데,,False,3,3,0.3333333333333333,0.333,0.333,0.666,0.0,0.5,0.3,0.0,0,1,1,1,0,0,0,0,1,0,0.0,,1.0
2012,60526,변용선,롯데,,False,7,5,0.0,0.0,0.0,0.0,0.0,0.0,0.0,0.0,0,0,0,0,0,0,0,0,2,0,0.0,,1.0
2019,69727,변우혁,한화,내야수,False,29,53,0.2264150943396226,0.328,0.302,0.63,0.0759999999999999,0.314,0.295,74.7,1,2,7,12,1,0,7,1,17,0,-0.417,0.26,1.0
2022,69727,변우혁,한화,내야수,False,21,61,0.2622950819672131,0.262,0.459,0.721,0.197,0.351,0.304,86.4,3,8,5,16,3,0,0,0,21,0,-0.861,0.05,1.0
2023,69727,변우혁,KIA,내야수,False,83,200,0.225,0.314,0.35,0.664,0.1249999999999999,0.319,0.303,84.1,7,24,23,45,4,0,23,3,74,0,-0.458,0.27,1.0
2024,69727,변우혁,KIA,내야수,False,69,168,0.3035714285714285,0.369,0.47,0.839,0.1659999999999999,0.397,0.371,119.0,5,21,22,51,9,2,16,2,48,1,-0.456,1.18,1.0
2025,69727,변우혁,KIA,내야수,False,47,142,0.2183098591549296,0.275,0.268,0.543,0.05,0.326,0.262,54.7,0,17,11,31,7,0,10,1,47,0,-1.237,-0.47,1.0
2026,69727,변우혁,KIA,내야수,False,29,59,0.2033898305084745,0.254,0.39,0.644,0.187,0.237,0.278,61.2,3,8,7,12,2,0,3,1,18,0,-0.554,-0.09,0.757
2021,51144,보어,LG,,False,32,100,0.17,0.265,0.28,0.545,0.11,0.2,0.258,56.0,3,17,7,17,2,0,11,3,30,0,-0.525,-0.29,1.0
2012,77147,봉중근,LG,,False,4,0,0.0,0.0,0.0,0.0,0.0,0.0,0.0,0.0,0,0,0,0,0,0,0,0,0,0,0.0,,1.0
2013,77147,봉중근,LG,,False,6,1,0.0,0.0,0.0,0.0,0.0,0.0,0.0,0.0,0,0,0,0,0,0,0,0,1,0,0.0,,1.0
2014,77147,봉중근,LG,,False,3,0,0.0,0.0,0.0,0.0,0.0,0.0,0.0,0.0,0,0,0,0,0,0,0,0,0,0,0.0,,1.0
2015,77147,봉중근,LG,,False,6,0,0.0,0.0,0.0,0.0,0.0,0.0,0.0,0.0,0,0,0,0,0,0,0,0,0,0,0.0,,1.0
2015,65823,브라운,SK,,True,137,464,0.2607758620689655,0.36,0.496,0.856,0.235,0.299,0.376,0.0,28,76,82,121,21,2,66,7,127,5,2.081,,1.0
2026,56322,브룩스,키움,,False,41,143,0.2167832167832168,0.286,0.259,0.545,0.042,0.254,0.259,50.3,0,16,11,31,6,0,14,1,24,1,-0.439,-0.56,0.757
2018,67313,브리검,넥센,,False,1,0,0.0,0.0,0.0,0.0,0.0,0.0,0.0,0.0,0,0,0,0,0,0,0,0,0,0,0.0,0.0,1.0
2026,56950,블레인,NC,내야수,False,23,82,0.2317073170731707,0.304,0.341,0.645,0.109,0.283,0.29,68.7,2,14,9,19,3,0,9,0,21,0,-0.501,-0.01,0.757
2012,60594,사도스키,롯데,,False,1,0,0.0,0.0,0.0,0.0,0.0,0.0,0.0,0.0,0,0,0,0,0,0,0,0,0,0,0.0,,1.0
2020,50468,살라디노,삼성,,False,44,132,0.2803030303030303,0.411,0.477,0.888,0.1969999999999999,0.36,0.405,120.9,6,27,26,37,8,0,23,7,41,6,0.138,1.34,1.0
2018,68345,샌즈,넥센,,False,25,86,0.313953488372093,0.355,0.767,1.122,0.453,0.313,0.474,169.2,12,37,17,27,1,1,6,0,27,0,1.8,1.42,1.0
2019,68345,샌즈,키움,,True,139,525,0.3047619047619048,0.396,0.543,0.939,0.238,0.329,0.407,159.9,28,113,100,160,39,1,77,6,101,1,2.4,6.62,1.0
2012,78168,서건창,넥센,내야수,True,127,433,0.2655889145496535,0.342,0.367,0.709,0.1009999999999999,0.291,0.326,0.0,1,40,70,115,21,10,45,7,43,39,0.0,,1.0
2013,78168,서건창,넥센,내야수,False,86,316,0.2658227848101265,0.352,0.32,0.672,0.0539999999999999,0.289,0.317,0.0,0,18,53,84,13,2,33,11,29,26,0.0,,1.0
2014,78168,서건창,넥센,내야수,True,128,543,0.3701657458563536,0.438,0.547,0.985,0.177,0.395,0.431,0.0,7,67,135,201,41,17,59,8,47,48,4.8469999999999995,,1.0
2015,78168,서건창,넥센,내야수,False,85,312,0.2980769230769231,0.381,0.429,0.81,0.131,0.314,0.355,0.0,3,37,52,93,24,4,42,1,24,9,1.641,,1.0
2016,78168,서건창,넥센,내야수,True,140,560,0.325,0.406,0.441,0.847,0.1159999999999999,0.351,0.385,0.0,7,63,111,182,30,7,69,10,58,26,3.851,,1.0
2017,78168,서건창,넥센,내야수,True,139,539,0.3320964749536178,0.403,0.429,0.832,0.0969999999999999,0.367,0.38,108.6,6,76,87,179,28,3,67,1,68,15,1.406,4.08,1.0
2018,78168,서건창,넥센,내야수,False,37,141,0.3404255319148936,0.399,0.426,0.825,0.0859999999999999,0.387,0.369,102.3,0,15,28,48,12,0,12,3,19,2,0.757,0.75,1.0
2019,78168,서건창,키움,내야수,True,113,426,0.3004694835680751,0.373,0.383,0.756,0.083,0.332,0.342,108.3,2,41,67,128,23,3,49,3,50,17,-1.874,2.41,1.0
2020,78168,서건창,키움,내야수,True,135,484,0.2768595041322314,0.39,0.386,0.776,0.1089999999999999,0.299,0.352,109.2,5,52,79,134,28,5,91,5,58,24,-1.001,2.85,1.0
2021,78168,서건창,LG,내야수,True,144,513,0.253411306042885,0.35,0.343,0.693,0.09,0.286,0.316,90.0,6,52,78,130,24,2,69,9,78,12,-0.996,2.28,1.0
2022,78168,서건창,LG,내야수,False,77,219,0.2237442922374429,0.299,0.306,0.605,0.0819999999999999,0.27,0.289,79.4,2,18,39,49,10,1,20,4,44,8,-2.201,0.71,1.0
2023,78168,서건창,LG,내야수,False,44,110,0.2,0.26,0.282,0.542,0.0819999999999999,0.222,0.26,56.2,0,12,14,22,5,2,10,0,14,3,-1.479,-0.54,1.0
2024,78168,서건창,KIA,내야수,False,94,203,0.3103448275862069,0.416,0.404,0.82,0.094,0.356,0.376,121.0,1,26,40,63,14,1,36,3,31,3,0.653,1.58,1.0
2025,78168,서건창,KIA,내야수,False,10,22,0.1363636363636363,0.208,0.318,0.526,0.182,0.125,0.213,20.0,1,2,1,3,1,0,2,0,5,1,-0.347,-0.08,1.0
2026,78168,서건창,키움,내야수,False,74,289,0.3114186851211072,0.401,0.388,0.789,0.077,0.342,0.362,116.0,2,24,48,90,10,3,36,8,31,2,0.544,2.09,0.757
2020,64896,서동민,SK,,False,3,0,0.0,0.0,0.0,0.0,0.0,0.0,0.0,0.0,0,0,0,0,0,0,0,0,0,0,0.0,0.0,1.0
2021,64896,서동민,SSG,,False,1,0,0.0,0.0,0.0,0.0,0.0,0.0,0.0,0.0,0,0,0,0,0,0,0,0,0,0,0.0,0.0,1.0
2022,64896,서동민,SSG,,False,1,0,0.0,0.0,0.0,0.0,0.0,0.0,0.0,0.0,0,0,0,0,0,0,0,0,0,0,0.0,0.0,1.0
2010,73606,서동욱,LG,,False,11,45,0.2444444444444444,0.277,0.4,0.677,0.156,0.321,0.293,0.0,2,4,5,11,1,0,2,0,15,0,0.0,,1.0
2011,73606,서동욱,LG,,False,112,303,0.2673267326732673,0.352,0.38,0.732,0.1129999999999999,0.354,0.315,0.0,7,37,42,81,11,1,33,8,90,7,0.0,,1.0
2012,73606,서동욱,LG,,False,103,273,0.2161172161172161,0.312,0.271,0.583,0.055,0.299,0.274,0.0,0,17,32,59,9,3,32,7,78,3,0.0,,1.0
2013,73606,서동욱,넥센,,False,104,218,0.2614678899082568,0.356,0.408,0.764,0.1469999999999999,0.315,0.329,0.0,6,21,27,57,12,1,30,3,52,4,0.0,,1.0
2014,73606,서동욱,넥센,,False,39,34,0.1470588235294117,0.237,0.176,0.413,0.0289999999999999,0.227,0.189,0.0,0,0,2,5,1,0,3,1,12,1,-0.421,,1.0
2015,73606,서동욱,넥센,,False,55,103,0.233009708737864,0.325,0.369,0.694,0.1359999999999999,0.382,0.31,0.0,3,15,14,24,5,0,11,3,45,0,-0.52,,1.0
2016,73606,서동욱,KIA,,True,124,411,0.291970802919708,0.386,0.496,0.882,0.204,0.359,0.384,0.0,16,67,73,120,30,3,60,5,108,9,3.198,,1.0
2017,73606,서동욱,KIA,,False,125,319,0.2821316614420062,0.352,0.42,0.772,0.138,0.362,0.341,92.4,7,48,49,90,21,1,33,3,86,1,0.401,1.49,1.0
2018,73606,서동욱,KIA,,False,32,49,0.2040816326530612,0.286,0.265,0.551,0.061,0.286,0.257,41.1,0,2,3,10,3,0,5,1,15,0,-0.532,-0.27,1.0
2023,53569,서동욱,롯데,포수,False,13,17,0.1176470588235294,0.25,0.176,0.426,0.0579999999999999,0.167,0.215,17.2,0,0,2,2,1,0,3,0,5,0,-0.133,-0.14,1.0
2024,53569,서동욱,롯데,포수,False,33,26,0.1153846153846153,0.148,0.154,0.302,0.0389999999999999,0.167,0.14,-35.1,0,0,2,3,1,0,0,1,8,0,-0.571,-0.31,1.0
2012,62164,서상우,LG,,False,6,9,0.0,0.0,0.0,0.0,0.0,0.0,0.0,0.0,0,0,0,0,0,0,0,0,5,0,0.0,,1.0
2015,62164,서상우,LG,,False,58,159,0.3396226415094339,0.386,0.503,0.889,0.1629999999999999,0.393,0.393,0.0,6,22,29,54,8,0,9,3,31,5,0.737,,1.0
2016,62164,서상우,LG,,False,56,111,0.2522522522522522,0.394,0.405,0.799,0.153,0.343,0.375,0.0,4,12,18,28,5,0,25,1,37,1,0.476,,1.0
2017,62164,서상우,LG,,False,10,13,0.0769230769230769,0.294,0.308,0.602,0.2309999999999999,0.0,0.259,56.9,1,2,4,1,0,0,3,1,8,1,-0.042,-0.08,1.0
2018,62164,서상우,LG,,False,51,69,0.2898550724637681,0.393,0.377,0.77,0.087,0.353,0.362,129.8,2,14,10,20,0,0,12,1,18,0,-0.276,0.38,1.0
2019,62164,서상우,LG,,False,13,21,0.238095238095238,0.333,0.286,0.619,0.0479999999999999,0.385,0.292,92.2,0,1,2,5,1,0,3,0,8,0,-0.297,0.02,1.0
2010,72822,서성종,LG,,False,4,2,0.0,0.0,0.0,0.0,0.0,0.0,0.0,0.0,0,0,0,0,0,0,0,0,0,0,0.0,,1.0
2016,66203,서예일,두산,,False,31,19,0.1052631578947368,0.19,0.105,0.295,0.0,0.182,0.154,0.0,0,0,3,2,0,0,2,0,8,0,0.002,,1.0
2017,66203,서예일,두산,,False,22,23,0.2608695652173913,0.292,0.348,0.64,0.0869999999999999,0.353,0.272,59.8,0,2,5,6,2,0,1,0,6,0,-0.083,-0.02,1.0
2019,66203,서예일,두산,,False,7,3,0.0,0.0,0.0,0.0,0.0,0.0,0.0,-130.5,0,0,0,0,0,0,0,0,0,0,0.0,-0.07,1.0
2020,66203,서예일,두산,,False,40,25,0.24,0.31,0.32,0.63,0.08,0.316,0.316,101.9,0,1,4,6,2,0,3,0,7,0,0.029,0.04,1.0
2021,66203,서예일,두산,,False,5,1,0.0,0.0,0.0,0.0,0.0,0.0,0.0,-130.3,0,0,0,0,0,0,0,0,0,0,-0.027,-0.07,1.0
2022,66203,서예일,두산,,False,35,25,0.16,0.192,0.2,0.392,0.04,0.211,0.207,19.3,0,2,2,4,1,0,1,0,6,0,-0.215,-0.25,1.0
2023,66203,서예일,두산,,False,5,9,0.2222222222222222,0.2,0.222,0.422,0.0,0.25,0.18,-2.1,0,1,2,2,0,0,0,0,2,0,-0.083,-0.12,1.0
2024,66203,서예일,두산,,False,24,18,0.2222222222222222,0.3,0.222,0.522,0.0,0.308,0.252,43.8,0,1,2,4,0,0,2,0,5,0,-0.14,-0.1,1.0
2013,63603,서용주,KIA,,False,4,1,0.0,0.0,0.0,0.0,0.0,0.0,0.0,0.0,0,0,0,0,0,0,0,0,1,0,0.0,,1.0
2025,53309,서유신,키움,내야수,False,6,7,0.0,0.125,0.0,0.125,0.0,0.0,0.09,-67.1,0,0,0,0,0,0,1,0,4,0,-0.053,-0.18,1.0
2015,61895,서진용,SK,투수,False,1,0,0.0,0.0,0.0,0.0,0.0,0.0,0.0,0.0,0,0,0,0,0,0,0,0,0,0,0.0,,1.0
2017,61895,서진용,SK,투수,False,1,0,0.0,0.0,0.0,0.0,0.0,0.0,0.0,0.0,0,0,0,0,0,0,0,0,0,0,0.0,0.0,1.0
2020,61895,서진용,SK,투수,False,6,0,0.0,0.0,0.0,0.0,0.0,0.0,0.0,0.0,0,0,0,0,0,0,0,0,0,0,0.0,0.0,1.0
2021,61895,서진용,SSG,투수,False,1,1,0.0,0.0,0.0,0.0,0.0,0.0,0.0,0.0,0,0,0,0,0,0,0,0,1,0,-0.023,0.0,1.0
2023,61895,서진용,SSG,투수,False,3,0,0.0,0.0,0.0,0.0,0.0,0.0,0.0,0.0,0,0,0,0,0,0,0,0,0,0,0.0,0.0,1.0
2019,69744,서폴드,한화,투수,False,1,0,0.0,0.0,0.0,0.0,0.0,0.0,0.0,0.0,0,0,0,0,0,0,0,0,0,0,0.0,0.0,1.0
2020,69995,서호철,NC,내야수,False,2,8,0.0,0.0,0.0,0.0,0.0,0.0,0.0,-126.8,0,0,0,0,0,0,0,0,2,0,-0.064,-0.21,1.0
2022,69995,서호철,NC,내야수,False,89,195,0.2051282051282051,0.265,0.277,0.542,0.072,0.25,0.267,58.5,2,14,26,40,8,0,12,4,41,3,-2.205,-0.21,1.0
2023,69995,서호철,NC,내야수,False,114,397,0.2871536523929471,0.331,0.383,0.714,0.096,0.316,0.323,99.9,5,41,50,114,17,3,20,8,51,4,-1.238,1.37,1.0
2024,69995,서호철,NC,내야수,True,141,512,0.28515625,0.342,0.393,0.735,0.108,0.337,0.333,91.7,10,61,68,146,19,3,30,16,101,1,-3.145,1.2,1.0
2025,69995,서호철,NC,내야수,False,103,263,0.2661596958174905,0.301,0.335,0.636,0.069,0.315,0.287,72.6,3,30,25,70,7,1,8,7,51,7,-1.791,0.02,1.0
2026,69995,서호철,NC,내야수,False,50,129,0.2093023255813953,0.292,0.287,0.579,0.0779999999999999,0.263,0.271,56.3,2,14,18,27,4,0,15,0,32,2,-1.124,-0.59,0.757
2022,52804,석정우,SSG,내야수,False,9,9,0.2222222222222222,0.222,0.222,0.444,0.0,0.333,0.2,9.0,0,0,1,2,0,0,0,0,3,0,-0.139,-0.05,1.0
2025,52804,석정우,SSG,내야수,False,27,49,0.2653061224489796,0.333,0.408,0.741,0.1429999999999999,0.379,0.329,99.0,2,4,3,13,1,0,4,1,18,0,-0.059,0.07,1.0
2026,52804,석정우,SSG,내야수,False,3,2,0.5,0.667,0.5,1.167,0.0,1.0,0.54,239.2,0,1,0,1,0,0,1,0,1,0,-0.015,0.03,0.757
2026,54610,성영탁,KIA,투수,False,2,0,0.0,0.0,0.0,0.0,0.0,0.0,0.0,0.0,0,0,0,0,0,0,0,0,0,0,0.0,0.0,0.757
2010,79222,성영훈,두산,,False,1,0,0.0,0.0,0.0,0.0,0.0,0.0,0.0,0.0,0,0,0,0,0,0,0,0,0,0,0.0,,1.0
2012,62406,성의준,삼성,,False,2,2,0.0,0.0,0.0,0.0,0.0,0.0,0.0,0.0,0,0,0,0,0,0,0,0,1,0,0.0,,1.0
2013,62406,성의준,삼성,,False,16,15,0.2666666666666666,0.313,0.4,0.713,0.133,0.444,0.313,0.0,0,4,3,4,2,0,1,0,6,0,0.0,,1.0
2016,62406,성의준,삼성,,False,24,20,0.15,0.261,0.3,0.561,0.15,0.133,0.298,0.0,1,2,2,3,0,0,2,1,4,0,0.044,,1.0
2017,62406,성의준,삼성,,False,11,6,0.0,0.143,0.0,0.143,0.0,0.0,0.09,-72.4,0,0,0,0,0,0,1,0,2,0,-0.059,-0.09,1.0
2024,50109,성재헌,KT,,False,2,0,0.0,0.0,0.0,0.0,0.0,0.0,0.0,0.0,0,0,0,0,0,0,0,0,0,0,0.0,0.0,1.0
2026,56236,세베리노,두산,내야수,False,15,51,0.2352941176470588,0.35,0.314,0.664,0.079,0.364,0.311,86.2,0,3,6,12,4,0,9,0,18,0,-0.45,0.03,0.757
2012,62731,션헨,한화,,False,2,0,0.0,0.0,0.0,0.0,0.0,0.0,0.0,0.0,0,0,0,0,0,0,0,0,0,0,0.0,,1.0
2016,62698,소사,LG,,False,2,0,0.0,0.0,0.0,0.0,0.0,0.0,0.0,0.0,0,0,0,0,0,0,0,0,0,0,0.0,,1.0
2025,67962,소이현,NC,투수,False,2,0,0.0,0.0,0.0,0.0,0.0,0.0,0.0,0.0,0,0,0,0,0,0,0,0,0,0,0.0,0.0,1.0
2022,52630,소크라테스,KIA,,True,127,514,0.311284046692607,0.354,0.494,0.848,0.183,0.34,0.368,131.9,17,77,83,160,29,7,34,2,81,12,-1.345,3.99,1.0
2023,52630,소크라테스,KIA,,True,142,547,0.2851919561243144,0.344,0.463,0.807,0.178,0.299,0.357,122.8,20,96,91,156,31,3,52,1,80,15,0.238,3.7,1.0
2024,52630,소크라테스,KIA,,True,140,552,0.3097826086956521,0.359,0.516,0.875,0.206,0.33,0.382,122.4,26,97,92,171,30,3,41,4,91,13,0.022,4.12,1.0
2019,69041,손동현,KT,투수,False,2,0,0.0,0.0,0.0,0.0,0.0,0.0,0.0,0.0,0,0,0,0,0,0,0,0,0,0,0.0,0.0,1.0
2024,69041,손동현,KT,투수,False,2,0,0.0,0.0,0.0,0.0,0.0,0.0,0.0,0.0,0,0,0,0,0,0,0,0,0,0,0.0,0.0,1.0
2025,69041,손동현,KT,투수,False,1,0,0.0,0.0,0.0,0.0,0.0,0.0,0.0,0.0,0,0,0,0,0,0,0,0,0,0,0.0,0.0,1.0
2023,53057,손민석,KT,,False,9,10,0.1,0.25,0.1,0.35,0.0,0.143,0.198,6.9,0,1,2,1,0,0,1,1,3,0,-0.168,-0.1,1.0
2013,97571,손민한,NC,,False,2,1,0.0,0.0,0.0,0.0,0.0,0.0,0.0,0.0,0,0,0,0,0,0,0,0,1,0,0.0,,1.0
2014,97571,손민한,NC,,False,1,0,0.0,0.0,0.0,0.0,0.0,0.0,0.0,0.0,0,0,0,0,0,0,0,0,0,0,0.0,,1.0
2015,97571,손민한,NC,,False,1,0,0.0,0.0,0.0,0.0,0.0,0.0,0.0,0.0,0,0,0,0,0,0,0,0,0,0,0.0,,1.0
2021,51528,손성빈,롯데,포수,False,20,19,0.3157894736842105,0.409,0.316,0.725,0.0,0.462,0.344,106.5,0,0,4,6,0,0,3,0,6,0,-0.155,0.14,1.0
2023,51528,손성빈,롯데,포수,False,45,76,0.2631578947368421,0.282,0.342,0.624,0.079,0.292,0.269,57.0,1,15,13,20,3,0,2,0,10,0,-0.273,0.16,1.0
2024,51528,손성빈,롯데,포수,False,86,152,0.1973684210526315,0.271,0.382,0.653,0.185,0.218,0.293,63.8,6,21,24,30,6,2,13,3,38,0,-1.147,0.04,1.0
2025,51528,손성빈,롯데,포수,False,51,62,0.1451612903225806,0.209,0.194,0.403,0.049,0.195,0.185,-2.5,1,3,6,9,0,0,4,1,20,0,-0.764,-0.45,1.0
2026,51528,손성빈,롯데,포수,False,99,244,0.2336065573770492,0.296,0.336,0.632,0.102,0.277,0.291,66.4,4,24,27,57,13,0,18,4,50,0,-1.539,0.32,0.757
2010,75321,손승락,넥센,,False,3,0,0.0,0.0,0.0,0.0,0.0,0.0,0.0,0.0,0,0,0,0,0,0,0,0,0,0,0.0,,1.0
2012,75321,손승락,넥센,,False,4,0,0.0,0.0,0.0,0.0,0.0,0.0,0.0,0.0,0,0,0,0,0,0,0,0,0,0,0.0,,1.0
2013,75321,손승락,넥센,,False,2,0,0.0,0.0,0.0,0.0,0.0,0.0,0.0,0.0,0,0,0,0,0,0,0,0,0,0,0.0,,1.0
2014,75321,손승락,넥센,,False,1,0,0.0,0.0,0.0,0.0,0.0,0.0,0.0,0.0,0,0,0,0,0,0,0,0,0,0,0.0,,1.0
2015,75321,손승락,넥센,,False,1,0,0.0,0.0,0.0,0.0,0.0,0.0,0.0,0.0,0,0,0,0,0,0,0,0,0,0,0.0,,1.0
2016,75321,손승락,롯데,,False,4,0,0.0,0.0,0.0,0.0,0.0,0.0,0.0,0.0,0,0,0,0,0,0,0,0,0,0,0.0,,1.0
2017,75321,손승락,롯데,,False,4,0,0.0,0.0,0.0,0.0,0.0,0.0,0.0,0.0,0,0,0,0,0,0,0,0,0,0,0.0,0.0,1.0
2018,75321,손승락,롯데,,False,1,0,0.0,0.0,0.0,0.0,0.0,0.0,0.0,0.0,0,0,0,0,0,0,0,0,0,0,0.0,0.0,1.0
2019,75321,손승락,롯데,,False,2,0,0.0,0.0,0.0,0.0,0.0,0.0,0.0,0.0,0,0,0,0,0,0,0,0,0,0,0.0,0.0,1.0
2010,73213,손시헌,두산,,True,128,433,0.2725173210161662,0.35,0.376,0.726,0.1029999999999999,0.302,0.323,0.0,8,62,51,118,19,1,46,7,64,0,0.0,,1.0
2011,73213,손시헌,두산,,False,92,298,0.2818791946308724,0.378,0.362,0.74,0.08,0.32,0.347,0.0,4,28,39,84,10,1,37,9,44,2,0.0,,1.0
2012,73213,손시헌,두산,,False,86,272,0.2463235294117647,0.306,0.349,0.655,0.1029999999999999,0.268,0.285,0.0,5,31,24,67,11,1,21,4,40,4,0.0,,1.0
2013,73213,손시헌,두산,,False,93,234,0.2521367521367521,0.328,0.333,0.661,0.081,0.296,0.306,0.0,1,26,35,59,14,1,21,6,38,3,0.0,,1.0
2014,73213,손시헌,NC,,False,97,307,0.2931596091205212,0.368,0.414,0.782,0.121,0.331,0.352,0.0,5,39,39,90,20,1,34,7,53,2,-1.035,,1.0
2015,73213,손시헌,NC,,True,140,440,0.2454545454545454,0.319,0.398,0.717,0.153,0.26,0.318,0.0,13,58,56,108,24,2,36,14,66,3,-1.057,,1.0
2016,73213,손시헌,NC,,False,110,341,0.3049853372434017,0.394,0.422,0.816,0.1169999999999999,0.343,0.363,0.0,5,39,36,104,21,2,38,13,48,1,2.025,,1.0
2017,73213,손시헌,NC,,False,124,349,0.3495702005730659,0.386,0.447,0.833,0.097,0.384,0.359,114.5,5,45,32,122,17,1,16,8,44,1,-0.955,2.7,1.0
2018,73213,손시헌,NC,,False,67,128,0.188,0.295,0.266,0.561,0.078,0.206,0.282,62.2,2,14,12,24,4,0,15,5,20,2,-0.554,-0.03,1.0
2019,73213,손시헌,NC,,False,68,135,0.2666666666666666,0.317,0.356,0.673,0.0889999999999999,0.309,0.313,95.3,2,10,17,36,4,1,5,5,23,1,-1.232,0.59,1.0
2010,77532,손아섭,롯데,외야수,True,121,422,0.3056872037914692,0.377,0.438,0.815,0.132,0.353,0.361,0.0,11,47,85,129,23,0,50,1,82,6,0.0,,1.0
2011,77532,손아섭,롯데,외야수,True,116,442,0.3257918552036199,0.385,0.507,0.892,0.181,0.368,0.394,0.0,15,83,79,144,25,5,43,2,80,13,0.0,,1.0
2012,77532,손아섭,롯데,외야수,True,132,503,0.3141153081510934,0.37,0.396,0.766,0.082,0.362,0.35,0.0,5,58,61,158,26,0,41,6,79,10,0.0,,1.0
2013,77532,손아섭,롯데,외야수,True,128,498,0.3453815261044177,0.421,0.474,0.895,0.129,0.4,0.401,0.0,11,69,83,172,23,4,64,3,88,36,0.0,,1.0
2014,77532,손아섭,롯데,외야수,True,122,483,0.3623188405797101,0.456,0.538,0.994,0.176,0.404,0.438,0.0,18,80,105,175,25,3,80,5,78,10,4.145,,1.0
2015,77532,손아섭,롯데,외야수,True,116,445,0.3168539325842696,0.406,0.472,0.878,0.1549999999999999,0.378,0.4,0.0,13,54,86,141,28,1,68,1,96,11,1.931,,1.0
2016,77532,손아섭,롯데,외야수,True,144,575,0.3234782608695652,0.418,0.468,0.886,0.145,0.372,0.4,0.0,16,81,118,186,33,1,92,3,104,42,4.84,,1.0
2017,77532,손아섭,롯데,외야수,True,144,576,0.3350694444444444,0.42,0.514,0.934,0.179,0.374,0.418,123.8,20,80,113,193,35,4,83,4,96,25,2.953,6.28,1.0
2018,77532,손아섭,롯데,외야수,True,141,553,0.3291139240506329,0.404,0.546,0.95,0.217,0.364,0.418,125.4,26,93,109,182,32,5,68,2,99,20,2.765,5.82,1.0
2019,77532,손아섭,롯데,외야수,True,134,512,0.294921875,0.36,0.4,0.76,0.105,0.342,0.352,109.4,10,63,78,151,22,1,52,1,92,13,0.376,3.52,1.0
2020,77532,손아섭,롯데,외야수,True,141,540,0.3518518518518518,0.415,0.493,0.908,0.141,0.373,0.404,129.0,11,85,98,190,43,0,61,2,56,5,2.438,5.57,1.0
2021,77532,손아섭,롯데,외야수,True,139,542,0.3191881918819188,0.39,0.397,0.787,0.078,0.359,0.368,119.9,3,58,88,173,29,2,61,3,67,11,0.182,3.5,1.0
2022,77532,손아섭,NC,외야수,True,138,548,0.2773722627737226,0.347,0.367,0.714,0.0899999999999999,0.312,0.33,104.7,4,48,72,152,29,4,59,3,76,7,-0.929,2.86,1.0
2023,77532,손아섭,NC,외야수,True,140,551,0.3393829401088929,0.393,0.443,0.836,0.1039999999999999,0.376,0.379,139.9,5,65,97,187,36,3,50,2,67,14,0.827,4.87,1.0
2024,77532,손아섭,NC,외야수,False,84,333,0.2852852852852853,0.314,0.396,0.71,0.111,0.332,0.322,85.2,7,50,45,95,16,0,16,0,65,6,-1.288,0.4,1.0
2025,77532,손아섭,NC,외야수,False,76,240,0.3,0.362,0.379,0.741,0.079,0.346,0.346,113.3,0,33,21,72,13,3,24,0,33,0,-0.517,1.15,1.0
2026,77532,손아섭,두산,외야수,False,45,145,0.2413793103448276,0.298,0.29,0.588,0.0489999999999999,0.288,0.28,65.0,1,14,15,35,4,0,13,0,29,0,-1.233,-0.33,0.757
2010,76639,손영민,KIA,,False,2,0,0.0,0.0,0.0,0.0,0.0,0.0,0.0,0.0,0,0,0,0,0,0,0,0,0,0,0.0,,1.0
2017,76639,손영민,KIA,,False,2,0,0.0,0.0,0.0,0.0,0.0,0.0,0.0,0.0,0,0,0,0,0,0,0,0,0,0,0.0,0.0,1.0
2011,76536,손용석,롯데,,False,49,57,0.2631578947368421,0.377,0.351,0.728,0.0879999999999999,0.306,0.339,0.0,0,12,11,15,3,1,10,1,9,1,0.0,,1.0
2012,76536,손용석,롯데,,False,43,64,0.265625,0.329,0.297,0.626,0.0309999999999999,0.333,0.29,0.0,0,5,3,17,2,0,5,1,13,0,0.0,,1.0
2013,76536,손용석,롯데,,False,3,6,0.0,0.0,0.0,0.0,0.0,0.0,0.0,0.0,0,0,0,0,0,0,0,0,3,0,0.0,,1.0
2014,76536,손용석,롯데,,False,3,4,0.25,0.25,0.25,0.5,0.0,0.333,0.455,0.0,0,0,1,1,0,0,0,0,1,0,-0.009,,1.0
2015,76536,손용석,롯데,,False,38,69,0.217391304347826,0.229,0.246,0.475,0.0289999999999999,0.259,0.239,0.0,0,2,4,15,2,0,1,0,11,0,-0.511,,1.0
2016,76536,손용석,롯데,,False,51,90,0.2444444444444444,0.278,0.3,0.578,0.0559999999999999,0.297,0.255,0.0,0,9,8,22,5,0,1,4,18,0,-0.288,,1.0
2025,54156,손용준,LG,내야수,False,9,15,0.2,0.25,0.2,0.45,0.0,0.3,0.216,23.4,0,1,3,3,0,0,0,1,5,1,-0.115,-0.09,1.0
2026,54156,손용준,LG,내야수,False,2,1,0.0,0.0,0.0,0.0,0.0,0.0,0.0,-125.5,0,0,0,0,0,0,0,0,0,0,-0.034,-0.03,0.757
2010,98538,손인호,LG,,False,42,62,0.3225806451612903,0.362,0.484,0.846,0.1609999999999999,0.375,0.353,0.0,2,12,6,20,4,0,5,0,14,1,0.0,,1.0
2011,98538,손인호,LG,,False,23,47,0.2553191489361702,0.28,0.426,0.706,0.1709999999999999,0.256,0.295,0.0,2,9,6,12,2,0,2,0,7,0,0.0,,1.0
2012,98538,손인호,LG,,False,4,8,0.0,0.0,0.0,0.0,0.0,0.0,0.0,0.0,0,0,0,0,0,0,0,0,4,0,0.0,,1.0
2014,63914,손정욱,NC,,False,1,0,0.0,0.0,0.0,0.0,0.0,0.0,0.0,0.0,0,0,0,0,0,0,0,0,0,0,0.0,,1.0
2020,63914,손정욱,NC,,False,1,0,0.0,0.0,0.0,0.0,0.0,0.0,0.0,0.0,0,0,0,0,0,0,0,0,0,0,0.0,0.0,1.0
2026,67143,손주영,LG,투수,False,2,0,0.0,0.0,0.0,0.0,0.0,0.0,0.0,0.0,0,0,0,0,0,0,0,0,0,0,0.0,0.0,0.757
2010,72456,손주인,삼성,,False,27,26,0.1923076923076923,0.3,0.308,0.608,0.1159999999999999,0.227,0.249,0.0,0,3,2,5,3,0,3,1,4,0,0.0,,1.0
2011,72456,손주인,삼성,,False,63,113,0.2654867256637168,0.282,0.336,0.618,0.071,0.309,0.262,0.0,1,8,9,30,5,0,1,2,19,0,0.0,,1.0
2012,72456,손주인,삼성,,False,96,146,0.2465753424657534,0.306,0.315,0.621,0.068,0.273,0.271,0.0,0,17,11,36,6,2,10,3,15,1,0.0,,1.0
2013,72456,손주인,LG,,True,125,351,0.2649572649572649,0.345,0.356,0.701,0.0909999999999999,0.309,0.313,0.0,3,41,42,93,17,3,40,6,63,9,0.0,,1.0
2014,72456,손주인,LG,,True,120,341,0.2903225806451613,0.358,0.367,0.725,0.077,0.315,0.321,0.0,5,30,50,99,11,0,30,8,42,4,-0.864,,1.0
2015,72456,손주인,LG,,False,98,244,0.2459016393442623,0.307,0.283,0.59,0.0369999999999999,0.294,0.271,0.0,0,14,27,60,9,0,20,2,41,3,-2.221,,1.0
2016,72456,손주인,LG,,False,122,354,0.3220338983050847,0.385,0.412,0.797,0.0899999999999999,0.349,0.356,0.0,2,39,47,114,20,3,33,6,35,5,-0.404,,1.0
2017,72456,손주인,LG,,False,115,294,0.2789115646258503,0.329,0.374,0.703,0.0949999999999999,0.303,0.318,106.9,5,33,48,82,13,0,20,5,41,4,-1.623,1.3,1.0
2018,72456,손주인,삼성,,False,98,265,0.2377358490566037,0.282,0.321,0.603,0.083,0.262,0.27,40.2,4,28,26,63,10,0,11,7,40,3,-2.15,-0.76,1.0
2019,72456,손주인,삼성,,False,20,31,0.1935483870967742,0.242,0.29,0.532,0.0959999999999999,0.208,0.225,10.8,1,4,2,6,0,0,2,0,6,0,-0.334,-0.28,1.0
2025,54904,손주환,NC,투수,False,2,0,0.0,0.0,0.0,0.0,0.0,0.0,0.0,0.0,0,0,0,0,0,0,0,0,0,0,0.0,0.0,1.0
2010,97103,손지환,한화,,False,25,59,0.2203389830508474,0.281,0.322,0.603,0.102,0.226,0.269,0.0,1,3,6,13,3,0,2,3,5,0,0.0,,1.0
2012,62462,손형준,삼성,,False,3,3,0.0,0.0,0.0,0.0,0.0,0.0,0.0,0.0,0,0,1,0,0,0,0,0,1,0,0.0,,1.0
2020,50150,손호영,LG,외야수,False,23,30,0.3666666666666666,0.387,0.433,0.82,0.066,0.458,0.365,130.2,0,3,9,11,2,0,1,0,6,5,-0.54,0.16,1.0
2021,50150,손호영,LG,외야수,False,8,10,0.1,0.25,0.1,0.35,0.0,0.125,0.198,8.7,0,0,2,1,0,0,1,1,2,0,-0.01,-0.18,1.0
2022,50150,손호영,LG,외야수,False,36,74,0.2567567567567567,0.309,0.432,0.741,0.175,0.276,0.361,134.0,3,14,13,19,0,2,6,0,14,0,-0.069,0.49,1.0
2023,50150,손호영,LG,외야수,False,27,44,0.2045454545454545,0.222,0.273,0.495,0.068,0.258,0.219,29.6,1,6,8,9,0,0,1,0,12,2,-0.199,-0.3,1.0
2024,50150,손호영,롯데,외야수,False,102,398,0.3165829145728643,0.354,0.538,0.892,0.221,0.338,0.392,124.6,18,78,70,126,26,4,17,9,65,7,3.079,2.76,1.0
2025,50150,손호영,롯데,외야수,False,97,328,0.25,0.313,0.323,0.636,0.073,0.298,0.291,71.4,4,41,39,82,12,0,22,10,66,7,-1.927,-0.18,1.0
2026,50150,손호영,롯데,외야수,False,66,159,0.2075471698113207,0.273,0.34,0.613,0.132,0.24,0.282,61.1,4,17,19,33,9,0,12,3,36,2,-1.393,-0.4,0.757
2010,76753,송광민,한화,,False,77,263,0.2585551330798479,0.316,0.369,0.685,0.1099999999999999,0.325,0.313,0.0,6,34,30,68,11,0,21,2,68,4,0.0,,1.0
2013,76753,송광민,한화,,False,67,245,0.2612244897959184,0.322,0.4,0.722,0.139,0.324,0.336,0.0,7,33,33,64,13,0,18,4,62,1,0.0,,1.0
2014,76753,송광민,한화,,True,103,389,0.3161953727506427,0.357,0.468,0.825,0.152,0.365,0.361,0.0,11,58,52,123,22,2,26,0,73,3,0.975,,1.0
2015,76753,송광민,한화,,False,12,37,0.2432432432432432,0.3,0.297,0.597,0.0539999999999999,0.346,0.268,0.0,0,1,2,9,2,0,2,1,11,0,-0.322,,1.0
2016,76753,송광민,한화,,True,116,449,0.3251670378619153,0.366,0.508,0.874,0.183,0.366,0.38,0.0,17,83,80,146,27,2,28,4,86,3,1.474,,1.0
2017,76753,송광민,한화,,True,117,437,0.3272311212814645,0.356,0.476,0.832,0.1489999999999999,0.378,0.369,107.0,13,75,71,143,26,0,21,3,88,2,-0.248,2.28,1.0
2018,76753,송광민,한화,,True,113,434,0.2972350230414746,0.328,0.477,0.805,0.18,0.339,0.36,92.3,18,79,63,129,24,0,18,4,93,4,-0.501,1.24,1.0
2019,76753,송광민,한화,,True,122,454,0.2643171806167401,0.298,0.357,0.655,0.0929999999999999,0.313,0.297,76.5,7,51,50,120,21,0,21,3,91,8,-2.623,0.2,1.0
2020,76753,송광민,한화,,False,94,277,0.2346570397111913,0.276,0.375,0.651,0.14,0.277,0.288,63.7,9,43,31,65,12,0,14,3,69,0,-1.659,-0.28,1.0
2023,53105,송대현,LG,내야수,False,4,3,0.0,0.0,0.0,0.0,0.0,0.0,0.0,-135.4,0,0,0,0,0,0,0,0,2,0,-0.001,-0.12,1.0
2020,69962,송명기,NC,투수,False,1,0,0.0,0.0,0.0,0.0,0.0,0.0,0.0,0.0,0,0,0,0,0,0,0,0,0,0,0.0,0.0,1.0
2024,69962,송명기,NC,투수,False,1,0,0.0,0.0,0.0,0.0,0.0,0.0,0.0,0.0,0,0,0,0,0,0,0,0,0,0,0.0,0.0,1.0
2015,64012,송민섭,KT,,False,28,44,0.25,0.283,0.364,0.647,0.1139999999999999,0.355,0.255,0.0,0,1,3,11,3,1,2,0,13,1,-0.617,,1.0
2018,64012,송민섭,KT,,False,47,27,0.1481481481481481,0.179,0.148,0.327,0.0,0.211,0.149,-39.7,0,0,7,4,0,0,1,0,8,2,-0.45,-0.34,1.0
2019,64012,송민섭,KT,,False,105,53,0.3018867924528302,0.397,0.34,0.737,0.038,0.39,0.352,111.8,0,4,24,16,0,1,6,3,13,1,0.191,0.49,1.0
2020,64012,송민섭,KT,,False,114,41,0.1951219512195122,0.292,0.341,0.633,0.146,0.25,0.321,85.0,1,5,21,8,1,1,5,1,13,4,-0.519,0.59,1.0
2021,64012,송민섭,KT,,False,122,48,0.2291666666666666,0.383,0.229,0.612,0.0,0.423,0.285,65.2,0,7,39,11,0,0,12,0,22,15,0.282,0.53,1.0
2022,64012,송민섭,KT,,False,119,64,0.15625,0.217,0.234,0.451,0.078,0.222,0.211,16.1,0,3,17,10,1,2,5,0,19,0,-0.654,-0.53,1.0
2023,64012,송민섭,KT,,False,69,23,0.1304347826086956,0.2,0.13,0.33,0.0,0.2,0.204,11.2,0,0,6,3,0,0,1,1,8,3,-0.061,-0.19,1.0
2024,64012,송민섭,KT,,False,36,14,0.2142857142857142,0.421,0.214,0.635,0.0,0.375,0.318,81.4,0,1,8,3,0,0,3,2,6,0,0.015,-0.1,1.0
2025,64012,송민섭,KT,,False,3,0,0.0,0.0,0.0,0.0,0.0,0.0,0.0,0.0,0,0,0,0,0,0,0,0,0,0,-0.032,0.0,1.0
2012,75612,송산,KIA,,False,39,80,0.163,0.221,0.188,0.409,0.0249999999999999,0.236,0.186,0.0,0,11,6,13,2,0,5,1,25,0,0.0,,1.0
2015,65357,송성문,넥센,내야수,False,7,12,0.25,0.25,0.25,0.5,0.0,0.333,0.225,0.0,0,1,0,3,0,0,0,0,3,0,-0.102,,1.0
2017,65357,송성문,넥센,내야수,False,38,77,0.2727272727272727,0.36,0.338,0.698,0.065,0.328,0.328,77.0,1,8,11,21,0,1,10,1,16,0,-0.295,0.14,1.0
2018,65357,송성문,넥센,내야수,False,78,211,0.3127962085308057,0.381,0.502,0.883,0.189,0.378,0.392,116.3,7,45,35,66,19,0,24,0,49,2,0.646,1.62,1.0
2019,65357,송성문,키움,내야수,False,103,308,0.2272727272727272,0.269,0.328,0.597,0.101,0.262,0.266,52.7,3,34,33,70,12,5,19,0,53,2,-2.657,-0.6,1.0
2021,65357,송성문,키움,내야수,False,66,245,0.2489795918367346,0.32,0.371,0.691,0.122,0.278,0.307,84.1,6,33,30,61,10,1,25,1,42,0,-0.486,0.72,1.0
2022,65357,송성문,키움,내야수,True,142,547,0.2468007312614259,0.302,0.371,0.673,0.124,0.256,0.3,79.7,13,79,67,135,21,4,45,1,65,0,-2.565,0.39,1.0
2023,65357,송성문,키움,내야수,False,104,388,0.2628865979381443,0.325,0.358,0.683,0.0949999999999999,0.276,0.311,85.3,5,60,43,102,16,3,39,0,38,1,-1.67,0.67,1.0
2024,65357,송성문,키움,내야수,True,142,527,0.3396584440227704,0.409,0.518,0.927,0.178,0.369,0.404,139.3,19,104,88,179,29,4,64,3,82,21,3.782,5.76,1.0
2025,65357,송성문,키움,내야수,True,144,574,0.3153310104529617,0.387,0.53,0.917,0.215,0.341,0.402,155.8,26,90,103,181,37,4,68,1,96,25,2.218,6.84,1.0
2022,51111,송승기,LG,투수,False,1,0,0.0,0.0,0.0,0.0,0.0,0.0,0.0,0.0,0,0,0,0,0,0,0,0,0,0,0.0,0.0,1.0
2013,77591,송승준,롯데,,False,1,1,0.0,0.0,0.0,0.0,0.0,0.0,0.0,0.0,0,0,0,0,0,0,0,0,1,0,0.0,,1.0
2014,77591,송승준,롯데,,False,1,1,0.0,0.0,0.0,0.0,0.0,0.0,0.0,0.0,0,0,0,0,0,0,0,0,1,0,-0.188,,1.0
2019,69203,송승환,두산,,False,2,2,0.0,0.0,0.0,0.0,0.0,0.0,0.0,-130.5,0,0,0,0,0,0,0,0,1,0,-0.001,-0.05,1.0
2022,69203,송승환,두산,,False,11,28,0.25,0.25,0.393,0.643,0.143,0.3,0.275,75.1,1,4,3,7,1,0,0,0,7,0,0.138,-0.06,1.0
2023,69203,송승환,두산,,False,30,70,0.2285714285714285,0.27,0.3,0.57,0.0709999999999999,0.296,0.286,77.6,0,4,10,16,3,1,4,0,16,0,-0.56,0.06,1.0
2024,69203,송승환,NC,,False,3,5,0.2,0.2,0.2,0.4,0.0,0.25,0.18,-4.6,0,0,1,1,0,0,0,0,1,0,-0.078,-0.06,1.0
2025,69203,송승환,NC,,False,13,15,0.2,0.2,0.267,0.467,0.067,0.333,0.203,12.3,0,2,0,3,1,0,0,0,6,0,0.017,-0.1,1.0
2010,99314,송신영,넥센,,False,3,0,0.0,0.0,0.0,0.0,0.0,0.0,0.0,0.0,0,0,0,0,0,0,0,0,0,0,0.0,,1.0
2017,99314,송신영,한화,,False,1,0,0.0,0.0,0.0,0.0,0.0,0.0,0.0,0.0,0,0,0,0,0,0,0,0,0,0,0.0,0.0,1.0
2020,65362,송우현,키움,,False,14,12,0.0,0.2,0.0,0.2,0.0,0.0,0.146,-23.7,0,0,3,0,0,0,2,1,4,0,-0.168,-0.2,1.0
2021,65362,송우현,키움,,False,69,250,0.296,0.37,0.416,0.786,0.12,0.357,0.355,114.1,3,42,34,74,17,2,28,2,49,1,-0.012,1.79,1.0
2021,61156,송윤준,한화,,False,1,0,0.0,0.0,0.0,0.0,0.0,0.0,0.0,0.0,0,0,0,0,0,0,0,0,0,0,0.0,0.0,1.0
2010,73801,송은범,SK,,False,1,0,0.0,0.0,0.0,0.0,0.0,0.0,0.0,0.0,0,0,0,0,0,0,0,0,0,0,0.0,,1.0
2013,73801,송은범,KIA,,False,2,0,0.0,0.0,0.0,0.0,0.0,0.0,0.0,0.0,0,0,0,0,0,0,0,0,0,0,0.0,,1.0
2014,73801,송은범,KIA,,False,2,0,0.0,0.0,0.0,0.0,0.0,0.0,0.0,0.0,0,0,0,0,0,0,0,0,0,0,0.0,,1.0
2020,73801,송은범,LG,,False,4,0,0.0,0.0,0.0,0.0,0.0,0.0,0.0,0.0,0,0,0,0,0,0,0,0,0,0,0.0,0.0,1.0
2022,73801,송은범,LG,,False,2,0,0.0,0.0,0.0,0.0,0.0,0.0,0.0,0.0,0,0,0,0,0,0,0,0,0,0,0.0,0.0,1.0
2023,53303,송재선,키움,,False,5,3,0.3333333333333333,0.333,0.333,0.666,0.0,0.5,0.3,83.8,0,0,0,1,0,0,0,0,1,0,-0.008,0.0,1.0
2021,51594,송재영,롯데,투수,False,1,0,0.0,0.0,0.0,0.0,0.0,0.0,0.0,0.0,0,0,0,0,0,0,0,0,0,0,0.0,0.0,1.0
2013,60404,송주호,한화,,False,28,31,0.1290322580645161,0.182,0.129,0.311,0.0,0.174,0.148,0.0,0,0,5,4,0,0,2,0,8,0,0.0,,1.0
2014,60404,송주호,한화,,False,17,22,0.1363636363636363,0.269,0.136,0.405,0.0,0.2,0.215,0.0,0,2,5,3,0,0,4,0,7,1,-0.206,,1.0
2015,60404,송주호,한화,,False,121,140,0.2,0.243,0.264,0.507,0.064,0.262,0.23,0.0,1,9,18,28,6,0,7,1,36,6,-0.935,,1.0
2016,60404,송주호,한화,,False,33,47,0.1063829787234042,0.16,0.106,0.266,0.0,0.143,0.146,0.0,0,1,3,5,0,0,3,0,12,0,-0.536,,1.0
2018,64469,송준석,삼성,,False,4,3,0.3333333333333333,0.333,0.333,0.666,0.0,0.5,0.3,62.1,0,0,1,1,0,0,0,0,1,0,-0.005,0.0,1.0
2019,64469,송준석,삼성,,False,26,51,0.2352941176470588,0.273,0.353,0.626,0.118,0.297,0.318,79.2,1,4,6,12,3,0,2,1,14,0,-0.808,0.09,1.0
2020,64469,송준석,삼성,,False,32,47,0.2765957446808511,0.32,0.447,0.767,0.1699999999999999,0.3,0.333,75.5,1,7,5,13,5,0,2,1,6,0,0.059,0.11,1.0
2021,64469,송준석,삼성,,False,19,51,0.2352941176470588,0.291,0.392,0.683,0.157,0.278,0.3,72.1,2,4,5,12,2,0,3,1,13,0,-0.376,-0.04,1.0
2022,64469,송준석,삼성,,False,17,29,0.1379310344827586,0.194,0.138,0.332,0.0,0.167,0.158,-23.8,0,1,3,4,0,0,1,1,5,0,-0.599,-0.38,1.0
2023,64469,송준석,삼성,,False,7,8,0.25,0.25,0.25,0.5,0.0,0.25,0.225,25.3,0,1,0,2,0,0,0,0,0,0,-0.132,-0.05,1.0
2010,96761,송지만,넥센,,True,127,375,0.2906666666666667,0.367,0.472,0.839,0.181,0.33,0.371,0.0,17,63,52,109,15,1,41,8,85,5,0.0,,1.0
2011,96761,송지만,넥센,,False,106,301,0.26578073089701,0.351,0.389,0.74,0.123,0.327,0.332,0.0,9,43,43,80,8,1,38,3,78,9,0.0,,1.0
2012,96761,송지만,넥센,,False,14,40,0.175,0.261,0.175,0.436,0.0,0.219,0.236,0.0,0,4,2,7,0,0,4,1,9,2,0.0,,1.0
2013,96761,송지만,넥센,,False,34,51,0.2745098039215686,0.339,0.412,0.751,0.1369999999999999,0.343,0.35,0.0,2,8,6,14,1,0,4,1,14,0,0.0,,1.0
2024,54394,송지후,키움,내야수,False,2,1,0.0,0.0,0.0,0.0,0.0,0.0,0.92,471.1,0,0,1,0,0,0,0,0,0,0,0.008,0.05,1.0
2025,54394,송지후,키움,내야수,False,33,80,0.175,0.221,0.25,0.471,0.075,0.21,0.245,45.2,1,8,5,14,3,0,3,2,18,0,-1.328,-0.29,1.0
2026,54394,송지후,키움,내야수,False,13,30,0.2333333333333333,0.324,0.267,0.591,0.034,0.318,0.299,77.6,0,0,3,7,1,0,3,1,8,0,-0.045,-0.07,0.757
2022,68110,송찬의,LG,외야수,False,33,72,0.2361111111111111,0.282,0.417,0.699,0.181,0.304,0.301,94.3,3,10,8,17,4,0,2,3,24,2,-0.812,0.22,1.0
2023,68110,송찬의,LG,외야수,False,19,18,0.0555555555555555,0.227,0.111,0.338,0.055,0.083,0.187,3.8,0,1,2,1,1,0,4,0,6,1,-0.305,-0.22,1.0
2024,68110,송찬의,LG,외야수,False,10,15,0.0666666666666666,0.25,0.067,0.317,0.0,0.1,0.181,-2.5,0,1,2,1,0,0,3,1,6,1,-0.244,-0.22,1.0
2025,68110,송찬의,LG,외야수,False,66,147,0.2108843537414966,0.291,0.347,0.638,0.1359999999999999,0.292,0.296,82.5,3,20,18,31,9,1,9,8,49,2,-1.205,0.18,1.0
2026,68110,송찬의,LG,외야수,False,83,247,0.2793522267206478,0.373,0.498,0.871,0.2189999999999999,0.349,0.388,140.6,10,40,47,69,22,1,24,13,68,1,-0.189,2.38,0.757
2010,74731,송창식,한화,,False,1,0,0.0,0.0,0.0,0.0,0.0,0.0,0.0,0.0,0,0,0,0,0,0,0,0,0,0,0.0,,1.0
2012,74731,송창식,한화,,False,3,1,0.0,0.0,0.0,0.0,0.0,0.0,0.0,0.0,0,0,0,0,0,0,0,0,1,0,0.0,,1.0
2013,74731,송창식,한화,,False,4,0,0.0,0.0,0.0,0.0,0.0,0.0,0.0,0.0,0,0,0,0,0,0,0,0,0,0,0.0,,1.0
2014,74731,송창식,한화,,False,1,0,0.0,0.0,0.0,0.0,0.0,0.0,0.0,0.0,0,0,0,0,0,0,0,0,0,0,0.0,,1.0
2016,74731,송창식,한화,,False,1,0,0.0,0.0,0.0,0.0,0.0,0.0,0.0,0.0,0,0,0,0,0,0,0,0,0,0,0.0,,1.0
2018,74731,송창식,한화,,False,1,0,0.0,0.0,0.0,0.0,0.0,0.0,0.0,0.0,0,0,0,0,0,0,0,0,0,0,0.0,0.0,1.0
2013,63791,송창현,한화,,False,1,0,0.0,0.0,0.0,0.0,0.0,0.0,0.0,0.0,0,0,0,0,0,0,0,0,0,0,0.0,,1.0
2021,51767,송호정,한화,내야수,False,10,10,0.0,0.091,0.0,0.091,0.0,0.0,0.065,-86.2,0,0,1,0,0,0,1,0,8,0,-0.177,-0.28,1.0
2014,64158,스나이더,LG,,False,37,100,0.21,0.292,0.4,0.692,0.19,0.258,0.319,0.0,4,17,17,21,7,0,9,3,31,0,-0.247,,1.0
2015,64158,스나이더,넥센,,True,113,431,0.2807424593967517,0.349,0.527,0.876,0.246,0.345,0.378,0.0,26,71,88,121,26,1,37,11,135,4,1.076,,1.0
2019,69901,스몰린스키,NC,,False,55,205,0.2292682926829268,0.298,0.439,0.737,0.21,0.228,0.338,109.7,9,42,32,47,14,1,16,5,31,3,0.362,1.3,1.0
2014,64864,스캇,SK,,False,33,105,0.2666666666666666,0.392,0.505,0.897,0.238,0.265,0.408,0.0,6,17,17,28,7,0,20,3,18,0,1.017,,1.0
2017,67935,스크럭스,NC,,True,115,437,0.2997711670480549,0.402,0.595,0.997,0.295,0.353,0.428,155.3,35,111,91,131,24,0,65,12,134,4,2.867,5.21,1.0
2018,67935,스크럭스,NC,,True,142,501,0.2574850299401197,0.343,0.483,0.826,0.2259999999999999,0.308,0.364,108.8,26,97,75,129,35,0,55,12,144,3,1.128,2.91,1.0
2025,55326,스톤,키움,외야수,False,22,87,0.2413793103448276,0.28,0.31,0.59,0.069,0.306,0.274,67.7,2,15,4,21,0,0,5,0,24,0,-0.497,0.08,1.0
2025,55013,스티븐슨,KT,,False,39,149,0.261744966442953,0.341,0.403,0.744,0.141,0.35,0.346,112.0,3,14,26,39,12,0,14,4,43,2,0.164,1.09,1.0
2015,65658,스틴슨,KIA,,False,1,1,0.0,0.0,0.0,0.0,0.0,0.0,0.0,0.0,0,0,0,0,0,0,0,0,1,0,-0.106,,1.0
2010,98742,신경현,한화,,False,119,253,0.2490118577075099,0.318,0.419,0.737,0.1699999999999999,0.276,0.32,0.0,10,40,29,63,13,0,27,0,54,6,0.0,,1.0
2011,98742,신경현,한화,,False,103,233,0.2660944206008583,0.335,0.318,0.653,0.0519999999999999,0.332,0.292,0.0,1,27,18,62,9,0,23,2,50,5,0.0,,1.0
2012,98742,신경현,한화,,False,76,149,0.1812080536912751,0.253,0.181,0.434,0.0,0.214,0.206,0.0,0,9,10,27,0,0,13,2,25,1,0.0,,1.0
2012,62160,신동훈,LG,,False,1,1,0.0,0.0,0.0,0.0,0.0,0.0,0.0,0.0,0,0,0,0,0,0,0,0,1,0,0.0,,1.0
2010,71504,신명철,삼성,,True,125,397,0.2795969773299748,0.369,0.408,0.777,0.1279999999999999,0.327,0.34,0.0,9,57,56,111,22,1,56,4,82,20,0.0,,1.0
2011,71504,신명철,삼성,,False,117,331,0.2084592145015106,0.294,0.272,0.566,0.064,0.255,0.276,0.0,2,39,38,69,11,2,38,3,68,13,0.0,,1.0
2012,71504,신명철,삼성,,False,44,100,0.21,0.269,0.31,0.579,0.1,0.238,0.251,0.0,2,7,9,21,2,1,8,0,18,1,0.0,,1.0
2013,71504,신명철,삼성,,False,37,72,0.2361111111111111,0.317,0.25,0.567,0.014,0.321,0.268,0.0,0,5,10,17,1,0,9,0,20,3,0.0,,1.0
2015,71504,신명철,KT,,False,89,134,0.208955223880597,0.34,0.299,0.639,0.09,0.271,0.285,0.0,2,18,12,28,2,2,27,0,37,1,-0.866,,1.0
2019,65207,신민재,LG,내야수,False,81,81,0.2345679012345679,0.323,0.272,0.595,0.037,0.292,0.288,88.8,0,5,25,19,3,0,8,3,17,10,-0.738,0.03,1.0
2020,65207,신민재,LG,내야수,False,68,26,0.3076923076923077,0.4,0.346,0.746,0.0379999999999999,0.364,0.412,160.7,0,5,26,8,1,0,4,0,4,8,-0.504,0.39,1.0
2021,65207,신민재,LG,내야수,False,32,23,0.1304347826086956,0.259,0.13,0.389,0.0,0.176,0.207,15.2,0,2,8,3,0,0,4,0,6,2,-0.553,-0.25,1.0
2022,65207,신민재,LG,내야수,False,14,3,0.0,0.0,0.0,0.0,0.0,0.0,0.0,-137.3,0,0,2,0,0,0,0,0,0,2,0.025,-0.13,1.0
2023,65207,신민재,LG,내야수,False,122,282,0.2765957446808511,0.344,0.309,0.653,0.0319999999999999,0.312,0.303,88.2,0,28,47,78,5,2,29,1,34,37,-0.792,0.96,1.0
2024,65207,신민재,LG,내야수,True,128,387,0.2971576227390181,0.401,0.357,0.758,0.06,0.335,0.349,104.0,0,40,78,115,11,6,64,5,47,32,0.978,2.6,1.0
2025,65207,신민재,LG,내야수,True,135,463,0.3131749460043196,0.395,0.382,0.777,0.069,0.352,0.357,123.6,1,61,87,145,15,7,62,3,57,15,0.636,3.99,1.0
2026,65207,신민재,LG,내야수,False,103,284,0.2570422535211267,0.339,0.271,0.61,0.014,0.299,0.292,72.2,0,21,35,73,4,0,33,3,42,11,-1.459,0.61,0.757
2021,68902,신민혁,NC,투수,False,1,0,0.0,0.0,0.0,0.0,0.0,0.0,0.0,0.0,0,0,0,0,0,0,0,0,0,0,0.0,0.0,1.0
2018,66662,신범수,KIA,포수,False,19,25,0.16,0.154,0.32,0.474,0.16,0.211,0.19,-2.4,0,4,0,4,2,1,0,0,7,0,-0.202,-0.28,1.0
2019,66662,신범수,KIA,포수,False,39,57,0.2105263157894736,0.308,0.404,0.712,0.193,0.244,0.314,96.0,2,7,4,12,5,0,7,1,14,0,-0.293,0.16,1.0
2022,66662,신범수,KIA,포수,False,2,3,0.0,0.0,0.0,0.0,0.0,0.0,0.0,-139.0,0,0,0,0,0,0,0,0,1,0,-0.066,-0.07,1.0
2023,66662,신범수,KIA,포수,False,36,88,0.1704545454545454,0.245,0.273,0.518,0.103,0.191,0.232,33.5,2,10,7,15,3,0,7,2,19,0,-1.31,-0.25,1.0
2024,66662,신범수,SSG,포수,False,11,27,0.2222222222222222,0.276,0.333,0.609,0.111,0.273,0.272,55.9,0,2,4,6,3,0,1,1,5,0,-0.165,-0.08,1.0
2025,66662,신범수,SSG,포수,False,29,33,0.1818181818181818,0.308,0.303,0.611,0.121,0.2,0.286,69.3,1,3,1,6,1,0,5,1,7,0,-0.434,0.03,1.0
2026,66662,신범수,SSG,포수,False,11,17,0.1764705882352941,0.222,0.353,0.575,0.177,0.2,0.248,33.5,1,1,1,3,0,0,1,0,6,0,-0.173,-0.04,0.757
2018,68067,신병률,KT,,False,2,0,0.0,0.0,0.0,0.0,0.0,0.0,0.0,0.0,0,0,0,0,0,0,0,0,0,0,0.0,0.0,1.0
2012,62556,신본기,롯데,,False,50,57,0.1052631578947368,0.239,0.105,0.344,0.0,0.15,0.189,0.0,0,3,9,6,0,0,9,1,17,1,0.0,,1.0
2013,62556,신본기,롯데,,False,99,240,0.2291666666666666,0.312,0.288,0.6,0.0589999999999999,0.293,0.273,0.0,1,25,27,55,11,0,24,5,55,6,0.0,,1.0
2014,62556,신본기,롯데,,False,63,113,0.2300884955752212,0.282,0.407,0.689,0.1769999999999999,0.256,0.298,0.0,4,13,20,26,6,1,5,4,25,1,-0.572,,1.0
2016,62556,신본기,롯데,,False,25,81,0.3086419753086419,0.451,0.395,0.846,0.086,0.353,0.387,0.0,1,10,13,25,4,0,13,8,12,0,0.376,,1.0
2017,62556,신본기,롯데,,False,128,325,0.2369230769230769,0.313,0.317,0.63,0.08,0.289,0.287,47.0,5,47,49,77,11,0,25,13,76,5,-0.762,-0.39,1.0
2018,62556,신본기,롯데,,True,139,425,0.2941176470588235,0.357,0.442,0.799,0.148,0.352,0.355,87.4,11,71,55,125,28,1,33,11,95,1,-0.936,0.98,1.0
2019,62556,신본기,롯데,,False,121,375,0.256,0.314,0.288,0.602,0.0319999999999999,0.304,0.288,64.3,1,26,43,96,9,0,24,8,62,3,-2.811,0.04,1.0
2020,62556,신본기,롯데,,False,81,106,0.2169811320754717,0.311,0.283,0.594,0.0659999999999999,0.253,0.276,50.2,2,12,18,23,1,0,14,1,22,1,-0.505,-0.16,1.0
2021,62556,신본기,KT,,False,96,174,0.2356321839080459,0.333,0.299,0.632,0.063,0.31,0.293,70.5,1,19,25,41,8,0,22,4,45,1,-0.763,0.21,1.0
2022,62556,신본기,KT,,False,74,121,0.1818181818181818,0.254,0.231,0.485,0.049,0.226,0.222,23.4,1,8,9,22,3,0,10,2,28,0,-2.091,-0.45,1.0
2023,62556,신본기,KT,,False,40,54,0.2037037037037037,0.365,0.296,0.661,0.092,0.204,0.309,89.7,1,7,8,11,2,0,14,2,8,0,-0.474,0.23,1.0
2024,62556,신본기,KT,,False,84,122,0.2786885245901639,0.371,0.377,0.748,0.0979999999999999,0.333,0.331,89.8,3,19,18,34,3,0,16,3,28,2,-1.104,0.53,1.0
2015,64086,신성현,한화,,False,64,102,0.2254901960784313,0.313,0.373,0.686,0.148,0.352,0.309,0.0,4,17,17,23,3,0,13,0,44,0,-0.908,,1.0
2016,64086,신성현,한화,,False,89,158,0.2784810126582278,0.36,0.481,0.841,0.2029999999999999,0.375,0.36,0.0,8,24,30,44,8,0,15,5,54,0,0.445,,1.0
2017,64086,신성현,두산,,False,34,67,0.1641791044776119,0.197,0.269,0.466,0.105,0.217,0.201,4.2,1,7,5,11,2,1,2,1,21,1,-0.706,-0.77,1.0
2018,64086,신성현,두산,,False,16,24,0.1666666666666666,0.222,0.292,0.514,0.1249999999999999,0.2,0.226,38.7,1,2,5,4,0,0,2,0,9,0,-0.327,-0.12,1.0
2019,64086,신성현,두산,,False,35,41,0.1951219512195122,0.352,0.268,0.62,0.073,0.25,0.317,108.3,1,6,9,8,0,0,10,1,14,0,-0.201,0.15,1.0
2020,64086,신성현,두산,,False,9,4,0.25,0.571,0.5,1.071,0.25,1.0,0.486,217.8,0,0,2,1,1,0,3,0,3,0,0.131,0.13,1.0
2021,64086,신성현,두산,,False,11,11,0.1818181818181818,0.4,0.182,0.582,0.0,0.4,0.314,92.1,0,0,3,2,0,0,3,1,6,0,-0.005,0.07,1.0
2022,64086,신성현,두산,,False,17,23,0.0869565217391304,0.16,0.217,0.377,0.13,0.059,0.208,24.9,1,2,3,2,0,0,2,0,5,1,-0.26,-0.1,1.0
2023,64086,신성현,두산,,False,12,12,0.0833333333333333,0.267,0.083,0.35,0.0,0.125,0.204,15.9,0,1,1,1,0,0,3,0,4,0,-0.215,-0.14,1.0
2026,53989,신성호,NC,내야수,False,1,1,0.0,0.0,0.0,0.0,0.0,0.0,0.0,-126.8,0,0,0,0,0,0,0,0,0,0,-0.001,-0.01,0.757
2013,70839,신승현,KIA,,False,2,0,0.0,0.0,0.0,0.0,0.0,0.0,0.0,0.0,0,0,0,0,0,0,0,0,0,0,0.0,,1.0
2014,70839,신승현,LG,,False,1,0,0.0,0.0,0.0,0.0,0.0,0.0,0.0,0.0,0,0,0,0,0,0,0,0,0,0,0.0,,1.0
2015,70839,신승현,LG,,False,1,0,0.0,0.0,0.0,0.0,0.0,0.0,0.0,0.0,0,0,0,0,0,0,0,0,0,0,0.0,,1.0
2024,53991,신용석,NC,,False,2,2,0.0,0.0,0.0,0.0,0.0,0.0,0.0,-121.7,0,0,0,0,0,0,0,0,0,0,-0.008,-0.05,1.0
2013,72649,신용운,삼성,,False,1,0,0.0,0.0,0.0,0.0,0.0,0.0,0.0,0.0,0,0,0,0,0,0,0,0,0,0,0.0,,1.0
2019,69508,신윤후,롯데,외야수,False,17,20,0.1,0.1,0.25,0.35,0.15,0.067,0.189,-14.8,1,2,4,2,0,0,0,0,4,0,-0.103,-0.36,1.0
2020,69508,신윤후,롯데,외야수,False,5,7,0.4285714285714285,0.5,0.429,0.929,0.0,0.429,0.428,151.5,0,2,2,3,0,0,1,0,0,1,0.165,0.06,1.0
2021,69508,신윤후,롯데,외야수,False,71,119,0.2605042016806723,0.336,0.361,0.697,0.0999999999999999,0.303,0.31,81.6,1,6,23,31,5,2,11,3,20,3,-1.086,0.26,1.0
2022,69508,신윤후,롯데,외야수,False,49,68,0.2352941176470588,0.288,0.441,0.729,0.206,0.275,0.338,108.3,2,7,8,16,4,2,4,1,15,3,-0.173,0.27,1.0
2023,69508,신윤후,롯데,외야수,False,28,25,0.04,0.111,0.04,0.151,0.0,0.059,0.123,-48.9,0,1,2,1,0,0,0,2,8,1,-0.159,-0.49,1.0
2024,69508,신윤후,롯데,외야수,False,39,31,0.1612903225806451,0.235,0.161,0.396,0.0,0.217,0.218,15.6,0,1,5,5,0,0,1,2,8,0,-0.312,0.39,1.0
2025,69508,신윤후,롯데,외야수,False,12,12,0.1666666666666666,0.167,0.167,0.334,0.0,0.222,0.138,-37.3,0,0,1,2,0,0,0,0,3,1,-0.501,-0.15,1.0
2026,69508,신윤후,롯데,외야수,False,26,19,0.2105263157894737,0.25,0.316,0.566,0.105,0.364,0.25,35.6,0,0,7,4,2,0,1,0,8,0,-0.309,-0.15,0.757
2020,62937,신재영,키움,,False,1,0,0.0,0.0,0.0,0.0,0.0,0.0,0.0,0.0,0,0,0,0,0,0,0,0,0,0,0.0,0.0,1.0
2021,62937,신재영,SSG,,False,1,0,0.0,0.0,0.0,0.0,0.0,0.0,0.0,0.0,0,0,0,0,0,0,0,0,0,0,0.0,0.0,1.0
2013,75138,신재웅,LG,,False,1,0,0.0,0.0,0.0,0.0,0.0,0.0,0.0,0.0,0,0,0,0,0,0,0,0,0,0,0.0,,1.0
2014,75138,신재웅,LG,,False,1,0,0.0,0.0,0.0,0.0,0.0,0.0,0.0,0.0,0,0,0,0,0,0,0,0,0,0,0.0,,1.0
2015,75138,신재웅,SK,,False,2,0,0.0,0.0,0.0,0.0,0.0,0.0,0.0,0.0,0,0,0,0,0,0,0,0,0,0,0.0,,1.0
2016,75138,신재웅,SK,,False,2,0,0.0,0.0,0.0,0.0,0.0,0.0,0.0,0.0,0,0,0,0,0,0,0,0,0,0,0.0,,1.0
2018,75138,신재웅,SK,,False,3,0,0.0,0.0,0.0,0.0,0.0,0.0,0.0,0.0,0,0,0,0,0,0,0,0,0,0,0.0,0.0,1.0
2019,75138,신재웅,SK,,False,1,0,0.0,0.0,0.0,0.0,0.0,0.0,0.0,0.0,0,0,0,0,0,0,0,0,0,0,0.0,0.0,1.0
2020,75138,신재웅,SK,,False,1,0,0.0,0.0,0.0,0.0,0.0,0.0,0.0,0.0,0,0,0,0,0,0,0,0,0,0,0.0,0.0,1.0
2026,56909,신재인,NC,내야수,False,46,91,0.1758241758241758,0.286,0.33,0.616,0.154,0.197,0.288,66.1,3,8,8,16,5,0,14,0,22,0,-0.664,-0.28,0.757
2012,60140,신정락,LG,,False,1,0,0.0,0.0,0.0,0.0,0.0,0.0,0.0,0.0,0,0,0,0,0,0,0,0,0,0,0.0,,1.0
2017,60140,신정락,LG,,False,2,0,0.0,0.0,0.0,0.0,0.0,0.0,0.0,0.0,0,0,0,0,0,0,0,0,0,0,0.0,0.0,1.0
2019,60140,신정락,한화,,False,1,0,0.0,0.0,0.0,0.0,0.0,0.0,0.0,0.0,0,0,0,0,0,0,0,0,0,0,0.0,0.0,1.0
2021,60140,신정락,한화,,False,1,0,0.0,0.0,0.0,0.0,0.0,0.0,0.0,0.0,0,0,0,0,0,0,0,0,0,0,0.0,0.0,1.0
2022,60140,신정락,한화,,False,1,0,0.0,0.0,0.0,0.0,0.0,0.0,0.0,0.0,0,0,0,0,0,0,0,0,0,0,0.0,0.0,1.0
2010,72559,신종길,KIA,,False,58,131,0.3206106870229007,0.36,0.435,0.795,0.1139999999999999,0.39,0.351,0.0,1,18,22,42,6,3,4,4,25,16,0.0,,1.0
2011,72559,신종길,KIA,,False,116,281,0.2206405693950178,0.299,0.324,0.623,0.103,0.261,0.294,0.0,5,35,40,62,12,1,27,5,59,23,0.0,,1.0
2012,72559,신종길,KIA,,False,44,83,0.1566265060240964,0.202,0.265,0.467,0.108,0.211,0.199,0.0,1,2,10,13,2,2,5,0,26,5,0.0,,1.0
2013,72559,신종길,KIA,,True,104,377,0.3103448275862069,0.365,0.427,0.792,0.1169999999999999,0.388,0.352,0.0,4,50,55,117,22,5,30,5,86,29,0.0,,1.0
2014,72559,신종길,KIA,,True,103,360,0.2916666666666667,0.345,0.467,0.812,0.175,0.366,0.359,0.0,9,51,60,105,24,6,29,2,92,20,0.429,,1.0
2015,72559,신종길,KIA,,False,99,313,0.2619808306709265,0.328,0.377,0.705,0.1149999999999999,0.338,0.328,0.0,5,28,56,82,13,4,25,6,80,19,1.108,,1.0
2016,72559,신종길,KIA,,False,75,213,0.3098591549295774,0.385,0.39,0.775,0.08,0.399,0.354,0.0,1,12,34,66,8,3,20,6,49,7,0.106,,1.0
2017,72559,신종길,KIA,,False,64,83,0.2409638554216867,0.278,0.361,0.639,0.12,0.268,0.279,52.1,1,10,13,20,5,1,3,2,13,2,-0.713,-0.34,1.0
2011,72739,신주영,한화,,False,1,0,0.0,0.0,0.0,0.0,0.0,0.0,0.0,0.0,0,0,0,0,0,0,0,0,0,0,0.0,,1.0
2021,50312,신준우,키움,,False,56,42,0.1666666666666666,0.28,0.238,0.518,0.0709999999999999,0.318,0.244,37.7,0,4,7,7,3,0,4,3,21,0,-0.521,-0.27,1.0
2022,50312,신준우,키움,,False,76,43,0.1395348837209302,0.288,0.209,0.497,0.0689999999999999,0.25,0.24,38.6,0,0,6,6,3,0,7,2,19,0,-0.284,0.14,1.0
2023,50312,신준우,키움,,False,24,18,0.1111111111111111,0.158,0.111,0.269,0.0,0.154,0.134,-38.5,0,0,4,2,0,0,0,1,5,0,-0.254,-0.26,1.0
2024,50312,신준우,키움,,False,1,0,0.0,0.0,0.0,0.0,0.0,0.0,0.0,0.0,0,0,0,0,0,0,0,0,0,0,0.0,0.0,1.0
2017,67944,신진호,NC,,False,9,12,0.0833333333333333,0.083,0.167,0.25,0.084,0.143,0.18,-3.6,0,0,1,1,1,0,0,0,5,0,-0.132,-0.15,1.0
2018,67944,신진호,NC,,False,20,22,0.1818181818181818,0.28,0.182,0.462,0.0,0.333,0.23,31.5,0,1,1,4,0,0,3,0,10,0,-0.24,-0.32,1.0
2013,76140,신창호,KIA,,False,1,0,0.0,0.0,0.0,0.0,0.0,0.0,0.0,0.0,0,0,0,0,0,0,0,0,0,0,0.0,,1.0
2014,76140,신창호,KIA,,False,2,0,0.0,0.0,0.0,0.0,0.0,0.0,0.0,0.0,0,0,0,0,0,0,0,0,0,0,0.0,,1.0
2010,76763,신해수,한화,,False,1,0,0.0,0.0,0.0,0.0,0.0,0.0,0.0,0.0,0,0,0,0,0,0,0,0,0,0,0.0,,1.0
2011,76304,신현철,넥센,,False,13,9,0.0,0.25,0.0,0.25,0.0,0.0,0.183,0.0,0,0,1,0,0,0,2,1,4,0,0.0,,1.0
2012,76304,신현철,넥센,,False,11,26,0.2307692307692307,0.231,0.308,0.539,0.0769999999999999,0.286,0.234,0.0,0,3,2,6,2,0,0,0,5,0,0.0,,1.0
2013,76304,신현철,넥센,,False,6,9,0.1111111111111111,0.273,0.111,0.384,0.0,0.167,0.213,0.0,0,0,2,1,0,0,2,0,3,0,0.0,,1.0
2014,76304,신현철,SK,,False,60,65,0.2615384615384615,0.342,0.354,0.696,0.0919999999999999,0.333,0.308,0.0,1,3,10,17,3,0,8,0,16,1,-0.195,,1.0
2016,76304,신현철,KT,,False,35,24,0.2916666666666667,0.32,0.375,0.695,0.083,0.583,0.309,0.0,0,2,3,7,2,0,0,1,12,0,-0.001,,1.0
2011,96722,심광호,LG,,False,25,35,0.1142857142857142,0.184,0.143,0.327,0.0289999999999999,0.2,0.158,0.0,0,1,1,4,1,0,1,2,15,0,0.0,,1.0
2012,96722,심광호,LG,,False,43,73,0.2054794520547945,0.244,0.247,0.491,0.042,0.273,0.213,0.0,0,6,4,15,3,0,3,1,19,1,0.0,,1.0
2010,60636,심동섭,KIA,,False,1,0,0.0,0.0,0.0,0.0,0.0,0.0,0.0,0.0,0,0,0,0,0,0,0,0,0,0,0.0,,1.0
2013,60636,심동섭,KIA,,False,1,0,0.0,0.0,0.0,0.0,0.0,0.0,0.0,0.0,0,0,0,0,0,0,0,0,0,0,0.0,,1.0
2014,60636,심동섭,KIA,,False,1,0,0.0,0.0,0.0,0.0,0.0,0.0,0.0,0.0,0,0,0,0,0,0,0,0,0,0,0.0,,1.0
2015,60636,심동섭,KIA,,False,4,0,0.0,0.0,0.0,0.0,0.0,0.0,0.0,0.0,0,0,0,0,0,0,0,0,0,0,0.0,,1.0
2016,60636,심동섭,KIA,,False,2,0,0.0,0.0,0.0,0.0,0.0,0.0,0.0,0.0,0,0,0,0,0,0,0,0,0,0,0.0,,1.0
2017,60636,심동섭,KIA,,False,5,0,0.0,0.0,0.0,0.0,0.0,0.0,0.0,0.0,0,0,0,0,0,0,0,0,0,0,0.0,0.0,1.0
2018,60636,심동섭,KIA,,False,1,0,0.0,0.0,0.0,0.0,0.0,0.0,0.0,0.0,0,0,0,0,0,0,0,0,0,0,0.0,0.0,1.0
2014,74167,심수창,롯데,,False,1,0,0.0,0.0,0.0,0.0,0.0,0.0,0.0,0.0,0,0,0,0,0,0,0,0,0,0,0.0,,1.0
2015,74167,심수창,롯데,,False,2,0,0.0,0.0,0.0,0.0,0.0,0.0,0.0,0.0,0,0,0,0,0,0,0,0,0,0,0.0,,1.0
2017,74167,심수창,한화,,False,2,0,0.0,0.0,0.0,0.0,0.0,0.0,0.0,0.0,0,0,0,0,0,0,0,0,0,0,0.0,0.0,1.0
2015,64006,심우준,KT,내야수,False,106,142,0.1690140845070422,0.181,0.239,0.42,0.0699999999999999,0.217,0.194,0.0,1,14,16,24,7,0,2,0,35,5,-1.248,,1.0
2016,64006,심우준,KT,내야수,False,122,236,0.2415254237288135,0.264,0.326,0.59,0.084,0.277,0.269,0.0,3,17,36,57,9,1,8,0,40,17,-0.842,,1.0
2017,64006,심우준,KT,내야수,False,103,286,0.2867132867132867,0.314,0.395,0.709,0.108,0.347,0.314,63.6,4,26,38,82,15,2,8,4,58,18,-1.198,-0.3,1.0
2018,64006,심우준,KT,내야수,False,135,367,0.2588555858310626,0.304,0.371,0.675,0.1119999999999999,0.297,0.294,46.4,4,29,49,95,23,3,20,4,58,11,-1.856,-0.79,1.0
2019,64006,심우준,KT,내야수,False,138,391,0.278772378516624,0.328,0.34,0.668,0.061,0.33,0.301,73.3,3,28,54,109,13,1,23,6,68,24,-2.811,1.32,1.0
2020,64006,심우준,KT,내야수,True,144,476,0.2352941176470588,0.291,0.3,0.591,0.065,0.288,0.268,48.0,3,51,58,112,16,3,37,2,98,35,-3.989,-1.13,1.0
2021,64006,심우준,KT,내야수,True,139,407,0.2678132678132678,0.323,0.371,0.694,0.1029999999999999,0.301,0.317,87.5,6,48,61,109,20,2,32,4,65,16,-1.387,1.77,1.0
2022,64006,심우준,KT,내야수,True,132,388,0.2396907216494845,0.316,0.302,0.618,0.062,0.284,0.289,73.8,4,34,69,93,8,2,43,2,75,23,-2.819,1.5699999999999998,1.0
2024,64006,심우준,KT,내야수,False,53,169,0.2662721893491124,0.337,0.343,0.68,0.077,0.307,0.321,83.2,3,28,22,45,4,0,17,1,29,7,-0.48,0.61,1.0
2025,64006,심우준,한화,내야수,False,94,247,0.2307692307692307,0.287,0.3,0.587,0.0689999999999999,0.279,0.27,58.8,2,22,39,57,9,1,17,3,49,11,-1.768,0.39,1.0
2026,64006,심우준,한화,내야수,True,96,290,0.2551724137931034,0.33,0.331,0.661,0.076,0.299,0.309,79.1,5,35,47,74,7,0,30,3,55,20,-0.061,1.07,0.757
2015,64017,심재민,KT,,False,1,0,0.0,0.0,0.0,0.0,0.0,0.0,0.0,0.0,0,0,0,0,0,0,0,0,0,0,0.0,,1.0
2016,64017,심재민,KT,,False,3,0,0.0,0.0,0.0,0.0,0.0,0.0,0.0,0.0,0,0,0,0,0,0,0,0,0,0,0.0,,1.0
2017,64017,심재민,KT,,False,1,0,0.0,0.0,0.0,0.0,0.0,0.0,0.0,0.0,0,0,0,0,0,0,0,0,0,0,0.0,0.0,1.0
2021,64017,심재민,KT,,False,3,0,0.0,0.0,0.0,0.0,0.0,0.0,0.0,0.0,0,0,0,0,0,0,0,0,0,0,0.0,0.0,1.0
2022,64017,심재민,KT,,False,2,0,0.0,0.0,0.0,0.0,0.0,0.0,0.0,0.0,0,0,0,0,0,0,0,0,0,0,0.0,0.0,1.0
2025,55438,심재훈,삼성,내야수,False,31,38,0.1842105263157894,0.262,0.184,0.446,0.0,0.28,0.213,16.6,0,2,8,7,0,0,4,0,13,3,-0.679,-0.13,1.0
2026,55438,심재훈,삼성,내야수,False,36,42,0.2619047619047619,0.326,0.31,0.636,0.0479999999999999,0.367,0.293,67.2,0,1,5,11,2,0,4,0,12,0,-0.473,0.13,0.757
2012,61411,심창민,삼성,,False,1,0,0.0,0.0,0.0,0.0,0.0,0.0,0.0,0.0,0,0,0,0,0,0,0,0,0,0,0.0,,1.0
2013,61411,심창민,삼성,,False,1,0,0.0,0.0,0.0,0.0,0.0,0.0,0.0,0.0,0,0,0,0,0,0,0,0,0,0,0.0,,1.0
2014,61411,심창민,삼성,,False,1,0,0.0,0.0,0.0,0.0,0.0,0.0,0.0,0.0,0,0,0,0,0,0,0,0,0,0,0.0,,1.0
2015,61411,심창민,삼성,,False,1,0,0.0,0.0,0.0,0.0,0.0,0.0,0.0,0.0,0,0,0,0,0,0,0,0,0,0,0.0,,1.0
2016,61411,심창민,삼성,,False,1,0,0.0,0.0,0.0,0.0,0.0,0.0,0.0,0.0,0,0,0,0,0,0,0,0,0,0,0.0,,1.0
2017,61411,심창민,삼성,,False,1,0,0.0,0.0,0.0,0.0,0.0,0.0,0.0,0.0,0,0,0,0,0,0,0,0,0,0,0.0,0.0,1.0
2024,54306,심휘윤,키움,외야수,False,1,0,0.0,0.0,0.0,0.0,0.0,0.0,0.0,0.0,0,0,0,0,0,0,0,0,0,0,0.0,0.0,1.0
2026,56613,아데를린,KIA,,False,32,121,0.2644628099173554,0.308,0.554,0.862,0.29,0.253,0.36,116.1,10,31,17,32,5,0,7,1,25,0,-0.273,0.54,0.757
2015,65523,아두치,롯데,,True,132,526,0.3136882129277566,0.384,0.557,0.941,0.243,0.357,0.406,0.0,28,106,105,165,34,5,55,8,118,24,3.985,,1.0
2016,65523,아두치,롯데,,False,64,247,0.291497975708502,0.336,0.474,0.81,0.183,0.349,0.347,0.0,7,41,46,72,18,3,18,1,59,15,0.445,,1.0
2019,69530,아수아헤,롯데,,False,49,163,0.2515337423312883,0.356,0.368,0.724,0.1159999999999999,0.283,0.331,95.2,2,21,34,41,5,4,26,1,24,4,-0.143,0.89,1.0
2010,92207,안경현,SK,,False,8,13,0.1538461538461538,0.214,0.385,0.599,0.231,0.1,0.204,0.0,1,2,2,2,0,0,1,0,2,0,0.0,,1.0
2020,50202,안권수,두산,,False,68,37,0.2702702702702703,0.3,0.27,0.57,0.0,0.303,0.277,72.8,0,3,10,10,0,0,2,0,5,2,-0.347,0.05,1.0
2021,50202,안권수,두산,,False,87,42,0.238095238095238,0.289,0.286,0.575,0.0479999999999999,0.256,0.291,75.9,0,4,17,10,0,1,3,0,3,3,-0.3,0.13,1.0
2022,50202,안권수,두산,,False,76,239,0.2970711297071129,0.368,0.343,0.711,0.046,0.357,0.34,118.1,0,20,43,71,7,2,26,1,40,3,-1.499,1.41,1.0
2023,50202,안권수,롯데,,False,95,268,0.2686567164179104,0.341,0.321,0.662,0.0519999999999999,0.306,0.314,89.2,2,29,42,72,6,1,30,1,40,16,-1.003,1.15,1.0
2012,61215,안규영,두산,,False,1,0,0.0,0.0,0.0,0.0,0.0,0.0,0.0,0.0,0,0,0,0,0,0,0,0,0,0,0.0,,1.0
2011,79291,안동현,두산,,False,2,2,0.0,0.0,0.0,0.0,0.0,0.0,0.0,0.0,0,0,0,0,0,0,0,0,2,0,0.0,,1.0
2018,66864,안상현,SK,내야수,False,1,2,0.5,0.5,0.5,1.0,0.0,0.5,0.45,160.1,0,0,1,1,0,0,0,0,0,0,0.001,0.04,1.0
2019,66864,안상현,SK,내야수,False,65,102,0.2352941176470588,0.262,0.265,0.527,0.03,0.32,0.253,45.4,0,5,14,24,3,0,4,0,28,7,-0.433,-0.26,1.0
2021,66864,안상현,SSG,내야수,False,37,39,0.2564102564102564,0.275,0.385,0.66,0.129,0.391,0.286,67.9,1,4,9,10,2,0,1,0,15,3,-0.195,-0.05,1.0
2022,66864,안상현,SSG,내야수,False,46,38,0.1578947368421052,0.273,0.316,0.589,0.158,0.167,0.252,43.2,2,5,12,6,0,0,5,1,12,2,-0.355,0.02,1.0
2023,66864,안상현,SSG,내야수,False,58,58,0.2413793103448276,0.302,0.293,0.595,0.0519999999999999,0.326,0.261,57.0,0,2,10,14,3,0,5,0,15,3,-0.61,0.08,1.0
2024,66864,안상현,SSG,내야수,False,37,70,0.1714285714285714,0.216,0.186,0.402,0.0149999999999999,0.214,0.199,7.4,0,2,3,12,1,0,4,0,14,1,-0.528,-0.76,1.0
2025,66864,안상현,SSG,내야수,False,102,258,0.2635658914728682,0.314,0.38,0.694,0.1159999999999999,0.367,0.313,91.1,6,15,38,68,8,2,18,2,85,17,-1.371,0.88,1.0
2026,66864,안상현,SSG,내야수,False,60,148,0.2567567567567567,0.337,0.338,0.675,0.081,0.343,0.311,83.5,2,14,27,38,6,0,16,2,41,5,-1.335,-0.02,0.757
2010,60713,안승민,한화,,False,2,0,0.0,0.0,0.0,0.0,0.0,0.0,0.0,0.0,0,0,0,0,0,0,0,0,0,0,0.0,,1.0
2012,60713,안승민,한화,,False,4,0,0.0,0.0,0.0,0.0,0.0,0.0,0.0,0.0,0,0,0,0,0,0,0,0,0,0,0.0,,1.0
2019,64011,안승한,KT,,False,36,44,0.1363636363636363,0.174,0.159,0.333,0.0229999999999999,0.194,0.153,-33.9,0,5,4,6,1,0,1,1,13,0,-0.99,-0.66,1.0
2022,64011,안승한,두산,,False,30,36,0.3333333333333333,0.368,0.417,0.785,0.0839999999999999,0.5,0.34,120.2,0,8,5,12,3,0,2,0,12,0,0.133,0.4,1.0
2023,64011,안승한,두산,,False,22,24,0.2083333333333333,0.296,0.208,0.504,0.0,0.357,0.248,48.0,0,1,1,5,0,0,2,1,10,1,-0.2,-0.14,1.0
2024,64011,안승한,두산,,False,4,5,0.2,0.2,0.2,0.4,0.0,0.25,0.18,-2.5,0,0,0,1,0,0,0,0,1,0,-0.084,-0.05,1.0
2010,73738,안영명,KIA,,False,2,0,0.0,0.0,0.0,0.0,0.0,0.0,0.0,0.0,0,0,0,0,0,0,0,0,0,0,0.0,,1.0
2017,73738,안영명,한화,,False,1,0,0.0,0.0,0.0,0.0,0.0,0.0,0.0,0.0,0,0,0,0,0,0,0,0,0,0,0.0,0.0,1.0
2018,73738,안영명,한화,,False,2,0,0.0,0.0,0.0,0.0,0.0,0.0,0.0,0.0,0,0,0,0,0,0,0,0,0,0,0.0,0.0,1.0
2019,73738,안영명,한화,,False,1,0,0.0,0.0,0.0,0.0,0.0,0.0,0.0,0.0,0,0,0,0,0,0,0,0,0,0,0.0,0.0,1.0
2021,73738,안영명,KT,,False,1,0,0.0,0.0,0.0,0.0,0.0,0.0,0.0,0.0,0,0,0,0,0,0,0,0,0,0,0.0,0.0,1.0
2012,76758,안영진,한화,,False,1,0,0.0,0.0,0.0,0.0,0.0,0.0,0.0,0.0,0,0,0,0,0,0,0,0,0,0,0.0,,1.0
2020,68341,안우진,키움,투수,False,1,0,0.0,0.0,0.0,0.0,0.0,0.0,0.0,0.0,0,0,0,0,0,0,0,0,0,0,0.0,0.0,1.0
2015,65115,안익훈,LG,,False,50,62,0.3387096774193548,0.423,0.403,0.826,0.064,0.404,0.361,0.0,0,3,9,21,2,1,9,0,10,1,-0.529,,1.0
2016,65115,안익훈,LG,,False,68,45,0.2666666666666666,0.353,0.311,0.664,0.0439999999999999,0.333,0.321,0.0,0,4,13,12,0,1,6,0,9,1,-0.007,,1.0
2017,65115,안익훈,LG,,False,108,219,0.319634703196347,0.379,0.356,0.735,0.0359999999999999,0.359,0.348,120.6,1,15,38,70,5,0,18,4,28,3,0.055,1.24,1.0
2018,65115,안익훈,LG,,False,62,123,0.2195121951219512,0.271,0.252,0.523,0.032,0.241,0.259,59.4,0,10,13,27,4,0,8,1,12,0,-0.186,-0.53,1.0
2021,65115,안익훈,LG,,False,48,14,0.1428571428571428,0.25,0.214,0.464,0.071,0.167,0.228,32.0,0,1,4,2,1,0,0,2,2,0,-0.116,-0.1,1.0
2022,65115,안익훈,LG,,False,14,3,0.0,0.25,0.0,0.25,0.0,0.0,0.18,-3.2,0,0,0,0,0,0,1,0,0,0,-0.058,-0.04,1.0
2023,65115,안익훈,LG,,False,11,22,0.3181818181818182,0.348,0.364,0.712,0.0459999999999999,0.35,0.361,132.1,0,2,1,7,1,0,0,1,2,0,-0.199,0.14,1.0
2024,65115,안익훈,LG,,False,37,49,0.1836734693877551,0.241,0.204,0.445,0.0199999999999999,0.243,0.202,11.1,0,3,8,9,1,0,4,0,13,2,-0.255,-0.51,1.0
2021,50901,안인산,NC,내야수,False,2,0,0.0,0.0,0.0,0.0,0.0,0.0,0.0,0.0,0,0,0,0,0,0,0,0,0,0,0.0,0.0,1.0
2025,50901,안인산,NC,내야수,False,4,6,0.0,0.0,0.0,0.0,0.0,0.0,0.0,-132.9,0,1,0,0,0,0,0,0,3,0,-0.109,-0.18,1.0
2026,50901,안인산,KT,내야수,False,2,2,0.5,0.5,0.5,1.0,0.0,1.0,0.45,173.3,0,0,0,1,0,0,0,0,1,0,-0.023,0.03,0.757
2021,51203,안재석,두산,내야수,False,96,200,0.255,0.317,0.345,0.662,0.0899999999999999,0.329,0.305,88.6,2,14,28,51,8,2,16,4,53,1,-1.431,0.32,1.0
2022,51203,안재석,두산,내야수,False,99,235,0.2127659574468085,0.281,0.294,0.575,0.0809999999999999,0.288,0.264,61.4,3,17,22,50,10,0,19,4,71,4,-1.971,-0.14,1.0
2023,51203,안재석,두산,내야수,False,27,64,0.188,0.221,0.297,0.518,0.1089999999999999,0.212,0.239,45.0,1,5,8,12,2,1,3,0,12,2,-1.178,-0.1,1.0
2025,51203,안재석,두산,내야수,False,35,135,0.3185185185185185,0.37,0.541,0.911,0.222,0.375,0.391,152.1,4,20,25,43,16,1,11,0,27,2,0.949,1.66,1.0
2026,51203,안재석,두산,내야수,False,75,273,0.2527472527472527,0.309,0.403,0.712,0.15,0.29,0.315,90.1,6,39,32,69,19,2,20,3,52,4,-0.147,0.35,0.757
2011,60865,안정광,SK,,False,15,18,0.2222222222222222,0.3,0.222,0.522,0.0,0.308,0.252,0.0,0,3,1,4,0,0,2,0,5,0,0.0,,1.0
2012,60865,안정광,SK,,False,6,15,0.2666666666666666,0.313,0.333,0.646,0.066,0.364,0.291,0.0,0,0,1,4,1,0,1,0,4,0,0.0,,1.0
2014,60865,안정광,SK,,False,15,29,0.2068965517241379,0.281,0.241,0.522,0.034,0.3,0.247,0.0,0,4,4,6,1,0,3,0,9,1,0.194,,1.0
2015,60865,안정광,SK,,False,10,19,0.1052631578947368,0.105,0.105,0.21,0.0,0.167,0.095,0.0,0,1,0,2,0,0,0,0,7,0,-0.437,,1.0
2017,66406,안주형,삼성,,False,10,10,0.3,0.3,0.4,0.7,0.1,0.333,0.304,65.9,0,2,0,3,1,0,0,0,1,1,-0.213,-0.18,1.0
2018,66406,안주형,삼성,,False,15,8,0.25,0.25,0.25,0.5,0.0,0.4,0.225,15.1,0,1,2,2,0,0,0,0,3,0,-0.164,-0.11,1.0
2021,66406,안주형,삼성,,False,1,0,0.0,0.0,0.0,0.0,0.0,0.0,0.0,0.0,0,0,0,0,0,0,0,0,0,0,0.0,0.0,1.0
2022,66406,안주형,삼성,,False,18,20,0.15,0.182,0.15,0.332,0.0,0.2,0.189,-1.2,0,2,2,3,0,0,1,0,6,0,-0.225,-0.13,1.0
2023,66406,안주형,삼성,,False,53,79,0.240506329113924,0.322,0.304,0.626,0.063,0.305,0.286,68.7,1,10,12,19,2,0,10,0,20,0,-0.711,0.09,1.0
2024,66406,안주형,삼성,,False,82,142,0.2183098591549295,0.279,0.232,0.511,0.014,0.301,0.252,38.5,0,8,24,31,2,0,11,1,39,4,-1.136,-0.39,1.0
2025,66406,안주형,삼성,,False,8,17,0.2352941176470588,0.278,0.412,0.69,0.177,0.273,0.298,69.3,1,2,3,4,0,0,1,0,5,0,-0.087,-0.12,1.0
2015,64022,안중열,롯데,포수,False,80,125,0.24,0.278,0.344,0.622,0.1039999999999999,0.309,0.273,0.0,1,14,16,30,10,0,7,0,31,2,-1.027,,1.0
2016,64022,안중열,롯데,포수,False,19,28,0.1785714285714285,0.207,0.214,0.421,0.035,0.263,0.192,0.0,0,3,2,5,1,0,1,0,9,0,-0.193,,1.0
2018,64022,안중열,롯데,포수,False,60,154,0.2467532467532467,0.314,0.396,0.71,0.149,0.362,0.312,62.1,4,18,19,38,11,0,12,3,56,0,-0.793,-0.38,1.0
2019,64022,안중열,롯데,포수,False,73,136,0.1911764705882352,0.236,0.294,0.53,0.1029999999999999,0.258,0.235,24.4,2,4,10,26,6,1,6,2,41,0,-2.03,-0.96,1.0
2021,64022,안중열,롯데,포수,False,58,125,0.232,0.37,0.344,0.714,0.1119999999999999,0.265,0.337,101.0,3,16,19,29,5,0,27,1,25,0,-0.206,1.0,1.0
2022,64022,안중열,롯데,포수,False,33,71,0.1549295774647887,0.286,0.239,0.525,0.0839999999999999,0.18,0.255,48.3,2,2,8,11,0,0,11,2,19,0,-0.716,-0.26,1.0
2023,64022,안중열,NC,포수,False,77,154,0.1948051948051948,0.276,0.312,0.588,0.1169999999999999,0.243,0.272,61.1,4,17,15,30,6,0,16,2,45,0,-1.368,-0.06,1.0
2024,64022,안중열,NC,포수,False,10,21,0.2857142857142857,0.36,0.619,0.979,0.333,0.308,0.4,131.4,2,4,5,6,1,0,3,0,7,0,-0.283,0.25,1.0
2025,64022,안중열,NC,포수,False,33,49,0.1428571428571428,0.288,0.204,0.492,0.061,0.206,0.243,40.8,0,6,2,7,3,0,8,2,15,0,0.291,-0.22,1.0
2026,64022,안중열,NC,포수,False,53,96,0.3020833333333333,0.376,0.479,0.855,0.177,0.351,0.366,119.5,3,15,19,29,8,0,10,2,20,1,0.265,0.87,0.757
2012,72463,안지만,삼성,,False,1,0,0.0,0.0,0.0,0.0,0.0,0.0,0.0,0.0,0,0,0,0,0,0,0,0,0,0,0.0,,1.0
2014,72463,안지만,삼성,,False,1,0,0.0,0.0,0.0,0.0,0.0,0.0,0.0,0.0,0,0,0,0,0,0,0,0,0,0,0.0,,1.0
2016,72463,안지만,삼성,,False,1,0,0.0,0.0,0.0,0.0,0.0,0.0,0.0,0.0,0,0,0,0,0,0,0,0,0,0,0.0,,1.0
2017,67006,안치영,KT,외야수,False,21,18,0.1666666666666666,0.25,0.222,0.472,0.0549999999999999,0.25,0.205,-4.9,0,0,4,3,1,0,1,1,6,1,-0.28,-0.36,1.0
2019,67006,안치영,KT,외야수,False,5,6,0.1666666666666666,0.286,0.167,0.453,0.0,0.25,0.236,26.8,0,0,1,1,0,0,0,1,2,0,-0.153,-0.03,1.0
2023,67006,안치영,KT,외야수,False,76,124,0.2903225806451613,0.331,0.331,0.662,0.041,0.4,0.307,87.3,0,9,20,36,3,1,6,2,35,7,-1.163,0.36,1.0
2024,67006,안치영,KT,외야수,False,31,44,0.25,0.283,0.25,0.533,0.0,0.344,0.236,28.5,0,3,12,11,0,0,2,0,12,0,-0.491,-0.34,1.0
2025,67006,안치영,KT,외야수,False,47,44,0.2272727272727272,0.327,0.318,0.645,0.091,0.29,0.294,74.7,1,6,9,10,1,0,4,3,13,0,0.097,-0.12,1.0
2026,67006,안치영,KT,외야수,False,13,4,0.0,0.2,0.0,0.2,0.0,0.0,0.144,-31.1,0,1,1,0,0,0,1,0,3,0,-0.321,-0.1,0.757
2010,72161,안치용,SK,,False,30,48,0.313,0.414,0.396,0.81,0.083,0.368,0.369,0.0,1,4,3,15,1,0,8,1,10,2,0.0,,1.0
2011,72161,안치용,SK,,False,93,219,0.3105022831050228,0.426,0.511,0.937,0.2,0.368,0.415,0.0,12,42,45,68,8,0,44,1,56,3,0.0,,1.0
2012,72161,안치용,SK,,False,92,198,0.2222222222222222,0.33,0.374,0.704,0.152,0.302,0.319,0.0,6,23,23,44,10,1,31,1,66,3,0.0,,1.0
2013,72161,안치용,SK,,False,17,41,0.2439024390243902,0.311,0.317,0.628,0.073,0.391,0.287,0.0,1,5,2,10,0,0,4,0,17,1,0.0,,1.0
2010,79608,안치홍,KIA,내야수,True,133,461,0.2906724511930585,0.365,0.401,0.766,0.11,0.349,0.344,0.0,8,50,79,134,21,3,49,7,96,18,0.0,,1.0
2011,79608,안치홍,KIA,내야수,True,115,378,0.3148148148148148,0.373,0.431,0.804,0.1159999999999999,0.356,0.348,0.0,5,46,54,119,21,4,33,3,55,9,0.0,,1.0
2012,79608,안치홍,KIA,내야수,True,132,489,0.2883435582822086,0.347,0.378,0.725,0.09,0.329,0.319,0.0,3,64,60,141,31,2,42,6,74,20,0.0,,1.0
2013,79608,안치홍,KIA,내야수,True,118,414,0.2487922705314009,0.338,0.307,0.645,0.0579999999999999,0.292,0.299,0.0,3,39,56,103,15,0,52,6,74,16,0.0,,1.0
2014,79608,안치홍,KIA,내야수,True,126,434,0.3387096774193548,0.39,0.544,0.934,0.205,0.363,0.406,0.0,18,88,65,147,31,2,33,6,65,19,3.38,,1.0
2016,79608,안치홍,KIA,내야수,False,10,36,0.2222222222222222,0.31,0.278,0.588,0.056,0.276,0.267,0.0,0,1,3,8,2,0,5,0,8,0,-0.394,,1.0
2017,79608,안치홍,KIA,내야수,True,132,487,0.3162217659137577,0.373,0.513,0.886,0.197,0.332,0.394,125.1,21,93,95,154,29,2,43,4,70,7,2.48,5.05,1.0
2018,79608,안치홍,KIA,내야수,True,130,494,0.3421052631578947,0.392,0.563,0.955,0.2209999999999999,0.345,0.409,135.0,23,118,88,169,38,1,36,10,57,5,2.564,5.26,1.0
2019,79608,안치홍,KIA,내야수,False,105,362,0.3149171270718232,0.38,0.412,0.792,0.0969999999999999,0.335,0.355,123.6,5,49,45,114,18,1,40,1,37,4,0.105,2.81,1.0
2020,79608,안치홍,롯데,내야수,True,124,412,0.2864077669902912,0.351,0.413,0.764,0.127,0.306,0.336,85.9,8,54,49,118,28,0,35,7,47,14,-0.946,1.43,1.0
2021,79608,안치홍,롯데,내야수,True,119,421,0.3064133016627078,0.379,0.458,0.837,0.152,0.329,0.371,121.6,10,82,58,129,30,2,52,3,58,3,0.093,3.55,1.0
2022,79608,안치홍,롯데,내야수,True,132,493,0.2839756592292089,0.354,0.436,0.79,0.152,0.292,0.363,123.1,14,58,71,140,27,3,51,5,52,7,-0.285,4.19,1.0
2023,79608,안치홍,롯데,내야수,True,121,425,0.2917647058823529,0.374,0.4,0.774,0.108,0.314,0.348,112.1,8,63,57,124,20,1,49,10,53,3,0.381,3.04,1.0
2024,79608,안치홍,한화,내야수,True,128,473,0.3002114164904862,0.37,0.427,0.797,0.127,0.327,0.365,112.3,13,66,64,142,21,0,49,6,70,3,-0.196,2.9,1.0
2025,79608,안치홍,한화,내야수,False,66,174,0.1724137931034482,0.245,0.23,0.475,0.058,0.209,0.222,19.0,2,18,9,30,4,0,16,1,39,3,-1.983,-1.16,1.0
2026,79608,안치홍,키움,내야수,True,95,348,0.2729885057471264,0.347,0.391,0.738,0.118,0.3,0.334,100.2,9,49,41,95,14,0,38,3,55,0,-0.98,1.45,0.757
2013,74460,안태영,넥센,,False,12,34,0.3529411764705882,0.405,0.5,0.905,0.147,0.579,0.399,0.0,1,3,3,12,2,0,1,2,14,0,0.0,,1.0
2014,74460,안태영,넥센,,False,41,63,0.2698412698412698,0.425,0.413,0.838,0.1429999999999999,0.39,0.41,0.0,1,9,12,17,6,0,7,10,21,1,0.613,,1.0
2024,52001,안현민,KT,외야수,False,16,25,0.2,0.276,0.4,0.676,0.2,0.267,0.29,64.1,1,2,5,5,0,1,2,1,10,0,-0.055,0.08,1.0
2025,52001,안현민,KT,외야수,True,112,395,0.3341772151898734,0.448,0.57,1.018,0.2359999999999999,0.362,0.438,172.5,22,80,72,132,19,4,75,9,72,7,2.451,7.22,1.0
2026,52001,안현민,KT,외야수,False,53,180,0.2944444444444444,0.449,0.478,0.927,0.184,0.357,0.425,155.9,7,36,34,53,10,1,41,11,46,3,1.103,2.44,0.757
2015,64041,안현준,KT,,False,1,0,0.0,0.0,0.0,0.0,0.0,0.0,0.0,0.0,0,0,0,0,0,0,0,0,0,0,0.0,,1.0
2020,64041,안현준,KT,,False,1,0,0.0,0.0,0.0,0.0,0.0,0.0,0.0,0.0,0,0,0,0,0,0,0,0,0,0,0.0,0.0,1.0
2011,61332,알드리지,넥센,,True,117,414,0.2367149758454106,0.331,0.435,0.766,0.198,0.3,0.333,0.0,20,73,55,98,20,1,59,2,139,6,0.0,,1.0
2021,51004,알몬테,KT,외야수,False,60,225,0.2711111111111111,0.336,0.404,0.74,0.133,0.318,0.328,95.3,7,36,18,61,9,0,22,1,50,1,-0.947,0.69,1.0
2025,69045,알칸타라,키움,투수,False,1,0,0.0,0.0,0.0,0.0,0.0,0.0,0.0,0.0,0,0,0,0,0,0,0,0,0,0,0.0,0.0,1.0
2020,50923,알테어,NC,외야수,True,136,482,0.2780082987551867,0.352,0.541,0.893,0.263,0.334,0.387,122.4,31,108,90,134,20,7,46,12,149,22,1.181,4.3,1.0
2021,50923,알테어,NC,외야수,True,143,492,0.2723577235772357,0.358,0.514,0.872,0.242,0.33,0.386,131.8,32,84,83,134,19,2,57,11,156,20,0.668,5.05,1.0
2022,52009,알포드,KT,,False,80,283,0.2862190812720848,0.362,0.509,0.871,0.223,0.366,0.379,136.5,14,50,48,81,19,1,33,3,90,5,1.158,2.36,1.0
2023,52009,알포드,KT,,True,133,491,0.2892057026476578,0.356,0.456,0.812,0.167,0.375,0.363,128.8,15,70,83,142,31,3,47,6,140,17,-0.724,4.0,1.0
2022,52308,애플러,키움,투수,False,1,0,0.0,0.0,0.0,0.0,0.0,0.0,0.0,0.0,0,0,0,0,0,0,0,0,0,0,0.0,0.0,1.0
2013,62644,앤서니,KIA,,False,2,1,0.0,0.0,0.0,0.0,0.0,0.0,0.0,0.0,0,0,0,0,0,0,0,0,1,0,0.0,,1.0
2024,54408,양도근,삼성,내야수,False,16,23,0.1739130434782608,0.321,0.261,0.582,0.087,0.267,0.271,51.9,0,2,5,4,0,1,5,0,8,0,-0.232,0.07,1.0
2025,54408,양도근,삼성,내야수,False,116,166,0.2590361445783132,0.337,0.289,0.626,0.0299999999999999,0.341,0.291,71.9,0,16,23,43,5,0,18,2,41,5,-0.069,0.4,1.0
2015,64153,양석환,LG,내야수,False,125,358,0.2597765363128491,0.293,0.394,0.687,0.134,0.306,0.319,0.0,8,48,36,93,22,1,18,0,75,6,-1.26,,1.0
2016,64153,양석환,LG,내야수,False,80,203,0.2758620689655172,0.297,0.424,0.721,0.1479999999999999,0.331,0.315,0.0,6,37,24,56,10,1,6,1,48,3,0.974,,1.0
2017,64153,양석환,LG,내야수,True,132,445,0.2629213483146067,0.326,0.431,0.757,0.1679999999999999,0.3,0.338,123.5,14,83,62,117,27,3,38,6,93,3,-1.839,1.88,1.0
2018,64153,양석환,LG,내야수,True,140,483,0.2629399585921325,0.303,0.455,0.758,0.192,0.273,0.337,123.3,22,82,53,127,27,0,24,6,81,2,-0.725,1.99,1.0
2020,64153,양석환,LG,내야수,False,40,118,0.2457627118644068,0.315,0.364,0.679,0.118,0.289,0.314,103.2,3,13,8,29,5,0,10,2,25,0,-0.919,0.37,1.0
2021,64153,양석환,두산,내야수,True,133,488,0.2725409836065574,0.337,0.49,0.827,0.2169999999999999,0.317,0.357,129.4,28,96,66,133,22,0,42,9,136,2,0.289,3.58,1.0
2022,64153,양석환,두산,내야수,True,107,405,0.2444444444444444,0.309,0.432,0.741,0.188,0.276,0.326,111.0,20,51,58,99,14,1,32,7,101,1,-0.978,1.64,1.0
2023,64153,양석환,두산,내야수,True,140,524,0.2805343511450381,0.333,0.454,0.787,0.173,0.331,0.341,122.1,21,89,73,147,28,0,41,6,133,4,-0.204,3.09,1.0
2024,64153,양석환,두산,내야수,True,142,533,0.2457786116322701,0.316,0.488,0.804,0.242,0.259,0.347,112.7,34,107,83,131,25,1,49,7,128,5,-0.523,2.43,1.0
2025,64153,양석환,두산,내야수,False,72,262,0.2480916030534351,0.32,0.401,0.721,0.153,0.326,0.316,98.6,8,31,32,65,16,0,24,5,82,1,-1.5739999999999998,0.84,1.0
2026,64153,양석환,두산,내야수,False,31,100,0.2,0.248,0.27,0.518,0.07,0.268,0.227,25.7,1,7,6,20,4,0,8,0,33,0,-1.376,-0.78,0.757
2012,62797,양성우,한화,,False,45,87,0.1954022988505747,0.32,0.23,0.55,0.035,0.283,0.28,0.0,0,3,12,17,3,0,15,1,27,6,0.0,,1.0
2013,62797,양성우,한화,,False,1,2,0.0,0.0,0.0,0.0,0.0,0.0,0.0,0.0,0,0,0,0,0,0,0,0,1,0,0.0,,1.0
2016,62797,양성우,한화,,True,108,384,0.2708333333333333,0.347,0.354,0.701,0.0829999999999999,0.313,0.331,0.0,4,53,52,104,12,4,39,9,67,5,0.576,,1.0
2017,62797,양성우,한화,,False,118,358,0.276536312849162,0.363,0.372,0.735,0.0949999999999999,0.316,0.333,86.4,2,40,42,99,26,1,38,12,51,4,-1.653,0.98,1.0
2018,62797,양성우,한화,,False,73,209,0.2535885167464115,0.335,0.325,0.66,0.071,0.29,0.308,59.8,2,13,32,53,9,0,22,4,32,1,-0.875,0.18,1.0
2019,62797,양성우,한화,,False,56,119,0.1680672268907563,0.227,0.218,0.445,0.0499999999999999,0.211,0.213,14.6,1,6,11,20,3,0,9,0,28,1,-1.683,-0.52,1.0
2020,62797,양성우,한화,,False,5,9,0.2222222222222222,0.222,0.222,0.444,0.0,0.333,0.2,11.5,0,0,1,2,0,0,0,0,3,0,-0.083,-0.07,1.0
2019,69646,양승철,KIA,,False,1,0,0.0,0.0,0.0,0.0,0.0,0.0,0.0,0.0,0,0,0,0,0,0,0,0,0,0,0.0,0.0,1.0
2022,68002,양승혁,KT,,False,11,5,0.0,0.0,0.0,0.0,0.0,0.0,0.368,133.4,0,0,0,0,0,0,0,0,1,1,-0.03,-0.07,1.0
2011,76459,양영동,LG,,False,51,70,0.1571428571428571,0.289,0.186,0.475,0.0289999999999999,0.22,0.241,0.0,0,2,9,11,2,0,12,1,20,4,0.0,,1.0
2012,76459,양영동,LG,,False,72,71,0.1971830985915492,0.278,0.254,0.532,0.0569999999999999,0.246,0.252,0.0,0,4,23,14,2,1,7,1,14,12,0.0,,1.0
2013,76459,양영동,LG,,False,48,39,0.2307692307692307,0.286,0.256,0.542,0.0249999999999999,0.346,0.236,0.0,0,2,12,9,1,0,3,0,13,4,0.0,,1.0
2019,69403,양우현,삼성,내야수,False,1,1,0.0,0.0,0.0,0.0,0.0,0.0,0.0,-152.1,0,0,0,0,0,0,0,0,0,0,0.0,-0.02,1.0
2020,69403,양우현,삼성,내야수,False,7,23,0.1304347826086956,0.167,0.13,0.297,0.0,0.167,0.143,-43.9,0,0,0,3,0,0,1,0,5,0,-0.391,-0.47,1.0
2024,69403,양우현,삼성,내야수,False,7,13,0.0,0.071,0.0,0.071,0.0,0.0,0.048,-92.8,0,1,0,0,0,0,1,0,6,0,-0.241,-0.27,1.0
2025,69403,양우현,삼성,내야수,False,14,16,0.1875,0.188,0.25,0.438,0.062,0.214,0.248,40.9,0,4,3,3,1,0,0,0,2,0,0.108,-0.07,1.0
2026,69403,양우현,삼성,내야수,False,64,91,0.1648351648351648,0.269,0.242,0.511,0.0769999999999999,0.212,0.247,35.7,1,9,15,15,4,0,12,2,27,2,-0.699,-0.23,0.757
2015,64117,양원혁,LG,,False,3,2,0.5,0.5,0.5,1.0,0.0,0.5,0.45,0.0,0,1,2,1,0,0,0,0,0,0,0.004,,1.0
2018,64117,양원혁,LG,,False,7,5,0.4,0.5,0.4,0.9,0.0,0.4,0.42,157.0,0,0,3,2,0,0,1,0,0,0,-0.032,0.02,1.0
2019,64117,양원혁,LG,,False,1,0,0.0,0.0,0.0,0.0,0.0,0.0,0.0,0.0,0,0,1,0,0,0,0,0,0,0,0.0,0.0,1.0
2010,76232,양의지,두산,포수,True,127,374,0.267379679144385,0.348,0.471,0.819,0.2039999999999999,0.277,0.357,0.0,20,68,48,100,14,1,40,8,68,4,0.0,,1.0
2011,76232,양의지,두산,포수,True,119,376,0.300531914893617,0.375,0.386,0.761,0.085,0.343,0.341,0.0,4,46,43,113,14,3,44,3,58,3,0.0,,1.0
2012,76232,양의지,두산,포수,True,122,359,0.2785515320334262,0.361,0.387,0.748,0.1079999999999999,0.313,0.331,0.0,5,27,39,100,22,1,37,10,51,1,0.0,,1.0
2013,76232,양의지,두산,포수,False,114,311,0.247588424437299,0.338,0.376,0.714,0.128,0.272,0.32,0.0,7,57,37,77,19,0,36,8,50,6,0.0,,1.0
2014,76232,양의지,두산,포수,False,97,296,0.2939189189189189,0.36,0.48,0.84,0.186,0.301,0.371,0.0,10,46,40,87,23,1,24,9,34,4,1.39,,1.0
2015,76232,양의지,두산,포수,True,132,442,0.3257918552036199,0.405,0.523,0.928,0.197,0.341,0.403,0.0,20,93,70,144,27,0,39,24,64,5,2.879,,1.0
2016,76232,양의지,두산,포수,False,108,332,0.3192771084337349,0.404,0.569,0.973,0.2499999999999999,0.292,0.42,0.0,22,66,66,106,17,0,40,12,29,2,1.628,,1.0
2017,76232,양의지,두산,포수,False,111,347,0.276657060518732,0.373,0.441,0.814,0.1639999999999999,0.29,0.366,128.0,14,67,47,96,15,0,43,12,53,1,-0.479,3.05,1.0
2018,76232,양의지,두산,포수,True,133,439,0.357630979498861,0.427,0.585,1.012,0.2269999999999999,0.351,0.434,165.0,23,77,84,157,29,1,45,13,40,6,2.58,6.01,1.0
2019,76232,양의지,NC,포수,True,118,390,0.3538461538461538,0.438,0.574,1.012,0.2199999999999999,0.354,0.435,176.1,20,68,61,138,26,0,48,15,43,4,1.092,5.64,1.0
2020,76232,양의지,NC,포수,True,130,461,0.3275488069414317,0.4,0.603,1.003,0.2749999999999999,0.305,0.423,140.5,33,124,86,151,26,1,46,14,47,5,2.156,5.12,1.0
2021,76232,양의지,NC,포수,True,141,480,0.325,0.414,0.581,0.995,0.2559999999999999,0.315,0.423,155.9,30,111,81,156,29,2,69,11,60,2,3.96,6.14,1.0
2022,76232,양의지,NC,포수,True,130,427,0.2833723653395784,0.38,0.48,0.86,0.197,0.274,0.378,132.3,20,94,61,121,24,0,60,13,48,3,-0.794,4.55,1.0
2023,76232,양의지,두산,포수,True,129,439,0.3052391799544419,0.396,0.474,0.87,0.1689999999999999,0.317,0.382,145.8,17,68,56,134,23,0,57,11,56,8,0.058,5.26,1.0
2024,76232,양의지,두산,포수,True,119,430,0.313953488372093,0.379,0.479,0.858,0.1649999999999999,0.325,0.379,126.2,17,94,57,135,18,1,40,9,56,2,2.434,3.35,1.0
2025,76232,양의지,두산,포수,True,130,454,0.3370044052863436,0.406,0.533,0.939,0.196,0.353,0.406,159.6,20,89,56,153,27,1,50,7,63,4,2.274,5.79,1.0
2026,76232,양의지,두산,포수,True,102,342,0.2631578947368421,0.359,0.439,0.798,0.176,0.259,0.363,124.1,15,57,36,90,15,0,40,16,46,2,-1.014,2.79,0.757
2025,55215,양재훈,두산,투수,False,1,0,0.0,0.0,0.0,0.0,0.0,0.0,0.0,0.0,0,0,0,0,0,0,0,0,0,0,0.0,0.0,1.0
2026,55215,양재훈,두산,투수,False,1,0,0.0,0.0,0.0,0.0,0.0,0.0,0.0,0.0,0,0,0,0,0,0,0,0,0,0,0.0,0.0,0.757
2010,79530,양종민,롯데,,False,7,9,0.1111111111111111,0.2,0.222,0.422,0.111,0.167,0.196,0.0,0,3,0,1,1,0,1,0,3,0,0.0,,1.0
2011,79530,양종민,롯데,,False,58,55,0.2363636363636363,0.3,0.273,0.573,0.037,0.382,0.278,0.0,0,5,11,13,2,0,5,0,21,0,0.0,,1.0
2012,79530,양종민,롯데,,False,2,4,0.25,0.25,0.25,0.5,0.0,0.333,0.225,0.0,0,1,0,1,0,0,0,0,1,1,0.0,,1.0
2013,79530,양종민,롯데,,False,1,0,0.0,0.0,0.0,0.0,0.0,0.0,0.0,0.0,0,0,1,0,0,0,0,0,0,0,0.0,,1.0
2014,79530,양종민,두산,,False,5,4,0.0,0.0,0.0,0.0,0.0,0.0,0.0,0.0,0,0,0,0,0,0,0,0,2,0,-0.042,,1.0
2015,79530,양종민,두산,,False,32,16,0.125,0.222,0.313,0.535,0.188,0.1,0.238,0.0,1,2,6,2,0,0,2,0,5,0,-0.168,,1.0
2018,79530,양종민,두산,,False,21,14,0.2857142857142857,0.333,0.429,0.762,0.143,0.444,0.332,88.8,0,1,5,4,0,1,1,0,5,0,-0.068,0.05,1.0
2019,79530,양종민,LG,,False,18,44,0.1363636363636363,0.17,0.182,0.352,0.0459999999999999,0.2,0.153,-9.5,0,5,1,6,2,0,2,0,15,0,-0.913,-0.74,1.0
2010,93410,양준혁,삼성,,False,64,142,0.2394366197183098,0.371,0.303,0.674,0.064,0.268,0.316,0.0,1,20,10,34,6,0,28,3,20,0,0.0,,1.0
2020,67365,양지율,키움,,False,1,0,0.0,0.0,0.0,0.0,0.0,0.0,0.0,0.0,0,0,0,0,0,0,0,0,0,0,0.0,0.0,1.0
2024,67365,양지율,키움,,False,1,0,0.0,0.0,0.0,0.0,0.0,0.0,0.0,0.0,0,0,0,0,0,0,0,0,0,0,0.0,0.0,1.0
2020,50293,양찬열,두산,,False,17,22,0.2272727272727272,0.346,0.227,0.573,0.0,0.25,0.285,78.1,0,3,5,5,0,0,3,1,2,0,-0.065,0.11,1.0
2022,50293,양찬열,두산,,False,41,82,0.2439024390243902,0.333,0.402,0.735,0.158,0.304,0.324,111.4,3,12,15,20,4,0,11,0,23,0,0.155,0.4,1.0
2023,50293,양찬열,두산,,False,44,88,0.2386363636363636,0.313,0.307,0.62,0.068,0.318,0.293,82.1,0,6,15,21,2,2,9,1,23,3,-1.421,0.4,1.0
2024,50293,양찬열,두산,,False,11,8,0.125,0.417,0.125,0.542,0.0,0.143,0.315,84.3,0,1,2,1,0,0,4,0,1,0,0.101,-0.01,1.0
2020,68415,양창섭,삼성,투수,False,1,0,0.0,0.0,0.0,0.0,0.0,0.0,0.0,0.0,0,0,0,0,0,0,0,0,0,0,0.0,0.0,1.0
2025,68415,양창섭,삼성,투수,False,1,0,0.0,0.0,0.0,0.0,0.0,0.0,0.0,0.0,0,0,0,0,0,0,0,0,0,0,0.0,0.0,1.0
2015,61268,양현,두산,투수,False,1,0,0.0,0.0,0.0,0.0,0.0,0.0,0.0,0.0,0,0,0,0,0,0,0,0,0,0,0.0,,1.0
2020,61268,양현,키움,투수,False,1,0,0.0,0.0,0.0,0.0,0.0,0.0,0.0,0.0,0,0,0,0,0,0,0,0,0,0,0.0,0.0,1.0
2021,61268,양현,키움,투수,False,4,0,0.0,0.0,0.0,0.0,0.0,0.0,0.0,0.0,0,0,0,0,0,0,0,0,0,0,0.0,0.0,1.0
2023,61268,양현,키움,투수,False,2,0,0.0,0.0,0.0,0.0,0.0,0.0,0.0,0.0,0,0,0,0,0,0,0,0,0,0,0.0,0.0,1.0
2025,55370,양현종,키움,내야수,False,12,12,0.0833333333333333,0.214,0.083,0.297,0.0,0.143,0.167,-11.5,0,0,1,1,0,0,2,0,5,0,-0.241,-0.21,1.0
2026,55370,양현종,키움,내야수,False,15,40,0.175,0.261,0.375,0.636,0.2,0.25,0.276,63.8,2,5,4,7,2,0,5,0,19,0,-0.536,-0.1,0.757
2010,75750,양훈,한화,투수,False,3,0,0.0,0.0,0.0,0.0,0.0,0.0,0.0,0.0,0,0,0,0,0,0,0,0,0,0,0.0,,1.0
2012,75750,양훈,한화,투수,False,1,0,0.0,0.0,0.0,0.0,0.0,0.0,0.0,0.0,0,0,0,0,0,0,0,0,0,0,0.0,,1.0
2014,64641,어센시오,KIA,,False,3,0,0.0,0.0,0.0,0.0,0.0,0.0,0.0,0.0,0,0,0,0,0,0,0,0,0,0,0.0,,1.0
2025,55392,어준서,키움,내야수,False,116,324,0.2376543209876543,0.305,0.327,0.632,0.089,0.291,0.288,75.3,6,27,48,77,9,1,30,2,75,1,-3.17,-0.36,1.0
2026,55392,어준서,키움,내야수,False,24,69,0.2173913043478261,0.267,0.232,0.499,0.015,0.3,0.242,39.3,0,2,6,15,1,0,3,2,20,0,-0.852,-0.4,0.757
2016,65056,엄상백,KT,투수,False,2,0,0.0,0.0,0.0,0.0,0.0,0.0,0.0,0.0,0,0,0,0,0,0,0,0,0,0,0.0,,1.0
2017,65056,엄상백,KT,투수,False,3,0,0.0,0.0,0.0,0.0,0.0,0.0,0.0,0.0,0,0,0,0,0,0,0,0,0,0,0.0,0.0,1.0
2018,65056,엄상백,KT,투수,False,1,0,0.0,0.0,0.0,0.0,0.0,0.0,0.0,0.0,0,0,0,0,0,0,0,0,0,0,0.0,0.0,1.0
2019,65056,엄상백,KT,투수,False,1,0,0.0,0.0,0.0,0.0,0.0,0.0,0.0,0.0,0,0,0,0,0,0,0,0,0,0,0.0,0.0,1.0
2026,55631,엄준현,KIA,내야수,False,3,0,0.0,0.0,0.0,0.0,0.0,0.0,0.0,0.0,0,0,1,0,0,0,0,0,0,0,0.0,0.0,0.757
2013,62748,엄태용,한화,,False,39,64,0.234375,0.258,0.297,0.555,0.0629999999999999,0.333,0.247,0.0,0,5,2,15,4,0,2,0,19,1,0.0,,1.0
2014,62748,엄태용,한화,,False,17,17,0.1764705882352941,0.176,0.235,0.411,0.059,0.25,0.179,0.0,0,2,2,3,1,0,0,0,5,0,-0.156,,1.0
2023,53827,에레디아,SSG,외야수,True,122,473,0.3234672304439746,0.385,0.461,0.846,0.138,0.364,0.383,140.3,12,76,76,153,29,0,39,9,75,12,1.738,4.93,1.0
2024,53827,에레디아,SSG,외야수,True,136,541,0.3604436229205175,0.399,0.538,0.937,0.178,0.382,0.41,138.1,21,118,82,195,31,1,28,13,73,4,2.597,5.5,1.0
2025,53827,에레디아,SSG,외야수,False,96,375,0.3386666666666666,0.398,0.491,0.889,0.1519999999999999,0.377,0.391,138.3,13,54,46,127,18,0,31,7,62,1,0.966,3.66,1.0
2026,53827,에레디아,SSG,외야수,True,84,333,0.2822822822822823,0.336,0.462,0.798,0.18,0.299,0.355,107.8,15,75,42,94,15,0,22,7,58,1,-0.048,1.11,0.757
2015,65630,에반,KIA,,False,1,0,0.0,0.0,0.0,0.0,0.0,0.0,0.0,0.0,0,0,0,0,0,0,0,0,0,0,0.0,,1.0
2016,66244,에반스,두산,,True,118,400,0.308,0.41,0.565,0.975,0.2569999999999999,0.338,0.417,0.0,24,81,69,123,31,0,69,5,90,0,2.9459999999999997,,1.0
2017,66244,에반스,두산,,True,138,514,0.2957198443579766,0.372,0.49,0.862,0.194,0.332,0.38,141.1,27,90,82,152,19,0,61,3,114,2,1.834,4.83,1.0
2014,79825,여건욱,SK,,False,1,0,0.0,0.0,0.0,0.0,0.0,0.0,0.0,0.0,0,0,0,0,0,0,0,0,0,0,0.0,,1.0
2019,79825,여건욱,LG,,False,3,0,0.0,0.0,0.0,0.0,0.0,0.0,0.0,0.0,0,0,0,0,0,0,0,0,0,0,0.0,0.0,1.0
2024,54205,여동건,두산,내야수,False,9,10,0.4,0.455,0.4,0.855,0.0,0.5,0.393,134.4,0,0,2,4,0,0,1,0,2,3,-0.069,0.16,1.0
2025,54205,여동건,두산,내야수,False,19,19,0.1052631578947368,0.19,0.105,0.295,0.0,0.118,0.154,-20.7,0,2,6,2,0,0,2,0,2,0,-0.113,-0.25,1.0
2025,55393,여동욱,키움,내야수,False,28,53,0.1320754716981132,0.233,0.264,0.497,0.132,0.167,0.226,33.0,2,2,6,7,1,0,7,0,21,0,-0.942,-0.45,1.0
2026,55393,여동욱,키움,내야수,False,51,108,0.2037037037037037,0.351,0.315,0.666,0.111,0.297,0.323,95.1,3,7,15,22,3,0,19,6,42,0,-0.532,0.21,0.757
2012,76743,연경흠,한화,,False,42,62,0.1774193548387097,0.282,0.258,0.54,0.081,0.222,0.248,0.0,1,5,3,11,2,0,9,0,16,0,0.0,,1.0
2013,76743,연경흠,한화,,False,4,6,0.0,0.0,0.0,0.0,0.0,0.0,0.0,0.0,0,0,1,0,0,0,0,0,3,0,0.0,,1.0
2025,55339,염승원,키움,내야수,False,11,19,0.2105263157894737,0.238,0.211,0.449,0.0,0.286,0.206,16.7,0,1,2,4,0,0,1,0,6,0,-0.162,-0.13,1.0
2026,55339,염승원,키움,내야수,False,5,13,0.0769230769230769,0.077,0.077,0.154,0.0,0.125,0.064,-81.6,0,0,0,1,0,0,0,0,5,0,-0.586,-0.26,0.757
2018,68330,예진원,넥센,외야수,False,5,7,0.1428571428571428,0.143,0.143,0.286,0.0,0.143,0.129,-43.2,0,0,2,1,0,0,0,0,0,0,-0.21,-0.11,1.0
2019,68330,예진원,키움,외야수,False,2,6,0.1666666666666666,0.375,0.333,0.708,0.166,0.333,0.335,101.1,0,1,1,1,1,0,2,0,3,0,0.058,0.03,1.0
2021,68330,예진원,키움,외야수,False,52,114,0.1578947368421052,0.248,0.254,0.502,0.096,0.198,0.242,36.2,1,8,16,18,6,1,12,2,28,0,-1.738,-0.25,1.0
2022,68330,예진원,키움,외야수,False,20,10,0.1,0.308,0.1,0.408,0.0,0.143,0.219,23.8,0,0,0,1,0,0,3,0,3,0,-0.228,-0.09,1.0
2023,68330,예진원,키움,외야수,False,16,34,0.2352941176470588,0.235,0.353,0.588,0.118,0.269,0.239,41.1,1,4,2,8,1,0,0,0,7,0,-0.296,-0.02,1.0
2024,68330,예진원,KIA,외야수,False,22,19,0.2105263157894736,0.286,0.263,0.549,0.052,0.364,0.256,43.4,0,0,2,4,1,0,2,0,8,0,-0.193,-0.1,1.0
2023,53712,오그레디,한화,,False,22,80,0.125,0.174,0.163,0.337,0.038,0.244,0.158,-19.8,0,8,3,10,3,0,5,0,40,1,-1.6760000000000002,-0.89,1.0
2011,61726,오넬리,한화,,False,1,1,0.0,0.0,0.0,0.0,0.0,0.0,0.0,0.0,0,0,0,0,0,0,0,0,0,0,0.0,,1.0
2014,62022,오두철,KIA,,False,2,0,0.0,0.0,0.0,0.0,0.0,0.0,0.0,0.0,0,0,0,0,0,0,0,0,0,0,0.0,,1.0
2020,50208,오명진,두산,내야수,False,5,4,0.0,0.0,0.0,0.0,0.0,0.0,0.0,-110.3,0,0,0,0,0,0,0,0,1,0,-0.274,-0.1,1.0
2021,50208,오명진,두산,내야수,False,2,3,0.0,0.0,0.0,0.0,0.0,0.0,0.0,-130.3,0,0,1,0,0,0,0,0,1,0,-0.001,-0.07,1.0
2024,50208,오명진,두산,내야수,False,2,1,0.0,0.5,0.0,0.5,0.0,0.0,0.36,113.3,0,1,0,0,0,0,1,0,1,0,-0.095,0.01,1.0
2025,50208,오명진,두산,내야수,False,107,331,0.2628398791540786,0.321,0.366,0.687,0.1029999999999999,0.352,0.315,94.8,4,41,38,87,14,4,27,3,94,5,-2.074,1.22,1.0
2026,50208,오명진,두산,내야수,False,53,114,0.2631578947368421,0.338,0.404,0.742,0.141,0.318,0.336,100.8,2,12,12,30,6,2,14,0,26,0,-0.61,0.38,0.757
2025,55005,오서진,KT,내야수,False,3,0,0.0,0.0,0.0,0.0,0.0,0.0,0.0,0.0,0,0,0,0,0,0,0,0,0,0,0.0,0.0,1.0
2026,55005,오서진,KT,내야수,False,3,1,0.0,0.0,0.0,0.0,0.0,0.0,0.0,-128.3,0,0,0,0,0,0,0,0,0,0,-0.013,-0.02,0.757
2023,67116,오석주,LG,투수,False,1,0,0.0,0.0,0.0,0.0,0.0,0.0,0.0,0.0,0,0,0,0,0,0,0,0,0,0,0.0,0.0,1.0
2024,67116,오석주,키움,투수,False,1,0,0.0,0.0,0.0,0.0,0.0,0.0,0.0,0.0,0,0,0,0,0,0,0,0,0,0,0.0,0.0,1.0
2019,69636,오선우,KIA,내야수,False,27,53,0.1509433962264151,0.211,0.264,0.475,0.113,0.25,0.229,32.7,1,4,5,8,1,1,3,1,24,0,-0.671,0.15,1.0
2020,69636,오선우,KIA,내야수,False,59,67,0.2388059701492537,0.301,0.418,0.719,0.179,0.324,0.315,85.8,4,14,11,16,0,0,3,3,26,0,-0.266,0.24,1.0
2021,69636,오선우,KIA,내야수,False,9,15,0.0666666666666666,0.125,0.067,0.192,0.0,0.167,0.101,-61.5,0,0,1,1,0,0,1,0,9,0,-0.359,-0.12,1.0
2023,69636,오선우,KIA,내야수,False,33,28,0.1785714285714285,0.258,0.393,0.651,0.214,0.273,0.283,71.5,2,5,2,5,0,0,3,0,15,0,-0.155,0.03,1.0
2024,69636,오선우,KIA,내야수,False,3,7,0.2857142857142857,0.286,0.286,0.572,0.0,0.5,0.257,44.8,0,1,0,2,0,0,0,0,3,0,-0.027,-0.09,1.0
2025,69636,오선우,KIA,내야수,True,124,437,0.2654462242562929,0.323,0.432,0.755,0.1669999999999999,0.375,0.336,106.6,18,56,58,116,17,1,34,3,158,0,-1.156,1.99,1.0
2026,69636,오선우,KIA,내야수,False,23,59,0.2203389830508474,0.303,0.441,0.744,0.221,0.256,0.336,99.9,3,6,6,13,4,0,7,0,17,0,0.012,0.12,0.757
2010,78756,오선진,한화,내야수,False,108,221,0.1990950226244343,0.247,0.222,0.469,0.0229999999999999,0.268,0.226,0.0,0,14,24,44,5,0,12,2,57,7,0.0,,1.0
2011,78756,오선진,한화,내야수,False,68,107,0.205607476635514,0.265,0.234,0.499,0.028,0.253,0.236,0.0,0,7,15,22,3,0,5,4,21,3,0.0,,1.0
2012,78756,오선진,한화,내야수,True,110,399,0.2631578947368421,0.316,0.346,0.662,0.0829999999999999,0.306,0.295,0.0,3,41,33,105,18,3,25,7,65,14,0.0,,1.0
2013,78756,오선진,한화,내야수,False,92,256,0.23046875,0.315,0.301,0.616,0.0709999999999999,0.274,0.294,0.0,2,26,31,59,8,2,23,10,49,5,0.0,,1.0
2016,78756,오선진,한화,내야수,False,57,43,0.1627906976744186,0.28,0.163,0.443,0.0,0.2,0.232,0.0,0,3,6,7,0,0,5,2,8,0,0.346,,1.0
2017,78756,오선진,한화,내야수,False,65,184,0.3097826086956521,0.371,0.402,0.773,0.092,0.34,0.344,92.5,2,21,23,57,11,0,15,4,22,3,-0.671,0.65,1.0
2018,78756,오선진,한화,내야수,False,56,133,0.225563909774436,0.29,0.278,0.568,0.052,0.293,0.258,32.9,1,9,14,30,4,0,7,5,33,3,-0.858,-0.76,1.0
2019,78756,오선진,한화,내야수,True,122,392,0.2244897959183673,0.307,0.288,0.595,0.0639999999999999,0.266,0.279,63.4,3,36,37,88,16,0,38,10,72,7,-2.922,0.28,1.0
2020,78756,오선진,한화,내야수,False,93,197,0.233502538071066,0.301,0.284,0.585,0.0499999999999999,0.282,0.268,55.0,2,17,17,46,4,0,16,3,39,0,-1.519,-0.42,1.0
2021,78756,오선진,삼성,내야수,False,23,42,0.2142857142857142,0.283,0.214,0.497,0.0,0.265,0.239,34.4,0,2,5,9,0,0,3,1,8,0,-0.396,-0.17,1.0
2022,78756,오선진,삼성,내야수,False,100,268,0.2761194029850746,0.328,0.34,0.668,0.064,0.33,0.296,76.7,3,24,30,74,8,0,18,3,51,2,-1.11,0.3,1.0
2023,78756,오선진,한화,내야수,False,90,165,0.2303030303030303,0.342,0.267,0.609,0.037,0.286,0.297,82.9,0,14,17,38,6,0,24,5,34,2,-0.927,0.53,1.0
2024,78756,오선진,롯데,내야수,False,26,20,0.2,0.333,0.25,0.583,0.0499999999999999,0.333,0.237,27.1,0,0,0,4,1,0,2,2,8,0,-0.562,-0.13,1.0
2025,78756,오선진,키움,내야수,False,99,143,0.2377622377622377,0.308,0.315,0.623,0.077,0.337,0.295,80.1,1,19,15,34,8,0,12,3,45,0,-0.7,0.38,1.0
2026,78756,오선진,키움,내야수,False,59,68,0.1911764705882352,0.247,0.221,0.468,0.03,0.236,0.22,23.9,0,3,6,13,2,0,4,1,13,0,-0.871,-0.2,0.757
2023,53123,오스틴,LG,내야수,True,139,520,0.3134615384615384,0.376,0.517,0.893,0.204,0.326,0.392,158.5,23,95,87,163,29,4,53,3,75,7,0.982,5.57,1.0
2024,53123,오스틴,LG,내야수,True,140,527,0.3187855787476281,0.384,0.573,0.957,0.2539999999999999,0.319,0.408,146.2,32,132,99,168,32,3,61,3,82,12,1.349,5.5,1.0
2025,53123,오스틴,LG,내야수,True,116,425,0.3129411764705882,0.393,0.595,0.988,0.282,0.297,0.418,168.4,31,95,82,133,25,1,61,2,62,3,2.135,5.67,1.0
2026,53123,오스틴,LG,내야수,True,107,410,0.3341463414634146,0.42,0.639,1.059,0.305,0.339,0.454,183.2,32,99,83,137,23,3,54,9,71,2,5.133,6.47,0.757
2011,75421,오승환,삼성,,False,1,0,0.0,0.0,0.0,0.0,0.0,0.0,0.0,0.0,0,0,0,0,0,0,0,0,0,0,0.0,,1.0
2012,75421,오승환,삼성,,False,3,0,0.0,0.0,0.0,0.0,0.0,0.0,0.0,0.0,0,0,0,0,0,0,0,0,0,0,0.0,,1.0
2013,75421,오승환,삼성,,False,4,0,0.0,0.0,0.0,0.0,0.0,0.0,0.0,0.0,0,0,0,0,0,0,0,0,0,0,0.0,,1.0
2021,75421,오승환,삼성,,False,2,0,0.0,0.0,0.0,0.0,0.0,0.0,0.0,0.0,0,0,0,0,0,0,0,0,0,0,0.0,0.0,1.0
2022,75421,오승환,삼성,,False,3,0,0.0,0.0,0.0,0.0,0.0,0.0,0.0,0.0,0,0,0,0,0,0,0,0,0,0,0.0,0.0,1.0
2023,75421,오승환,삼성,,False,3,0,0.0,0.0,0.0,0.0,0.0,0.0,0.0,0.0,0,0,0,0,0,0,0,0,0,0,0.0,0.0,1.0
2024,75421,오승환,삼성,,False,2,0,0.0,0.0,0.0,0.0,0.0,0.0,0.0,0.0,0,0,0,0,0,0,0,0,0,0,0.0,0.0,1.0
2018,68904,오영수,NC,내야수,False,11,15,0.1333333333333333,0.188,0.133,0.321,0.0,0.2,0.158,-14.0,0,0,0,2,0,0,1,0,5,0,-0.431,-0.26,1.0
2019,68904,오영수,NC,내야수,False,3,8,0.125,0.125,0.125,0.25,0.0,0.25,0.113,-53.8,0,0,0,1,0,0,0,0,4,0,-0.057,-0.12,1.0
2022,68904,오영수,NC,내야수,False,83,231,0.238095238095238,0.309,0.359,0.668,0.121,0.288,0.316,94.3,6,31,25,55,10,0,22,3,58,0,-0.529,0.55,1.0
2023,68904,오영수,NC,내야수,False,70,208,0.235576923076923,0.305,0.346,0.651,0.1099999999999999,0.296,0.292,73.8,4,24,21,49,9,1,17,5,55,3,-1.384,-0.33,1.0
2024,68904,오영수,NC,내야수,False,20,30,0.2,0.265,0.5,0.765,0.3,0.136,0.343,94.5,3,5,4,6,0,0,2,1,6,0,-0.365,0.09,1.0
2025,68904,오영수,NC,내야수,False,67,155,0.232258064516129,0.335,0.323,0.658,0.091,0.314,0.31,88.5,3,23,14,36,5,0,22,2,47,3,0.437,0.26,1.0
2026,68904,오영수,NC,내야수,False,26,46,0.2173913043478261,0.333,0.348,0.681,0.1309999999999999,0.276,0.313,83.7,2,3,5,10,0,0,6,2,15,0,-0.605,0.04,0.757
2020,50859,오원석,SK,투수,False,2,0,0.0,0.0,0.0,0.0,0.0,0.0,0.0,0.0,0,0,0,0,0,0,0,0,0,0,0.0,0.0,1.0
2010,70312,오윤,넥센,,False,37,61,0.180327868852459,0.275,0.279,0.554,0.099,0.227,0.27,0.0,1,4,6,11,3,0,8,0,16,0,0.0,,1.0
2011,70312,오윤,넥센,,False,57,130,0.2461538461538461,0.333,0.362,0.695,0.1159999999999999,0.319,0.329,0.0,2,18,12,32,7,1,15,2,34,1,0.0,,1.0
2012,70312,오윤,넥센,,False,94,173,0.2312138728323699,0.351,0.312,0.663,0.0809999999999999,0.287,0.312,0.0,3,20,16,40,3,1,29,3,41,5,0.0,,1.0
2013,70312,오윤,넥센,,False,67,117,0.2905982905982906,0.401,0.333,0.734,0.042,0.378,0.349,0.0,0,17,14,34,5,0,20,3,29,0,0.0,,1.0
2014,70312,오윤,넥센,,False,6,6,0.0,0.143,0.0,0.143,0.0,0.0,0.103,0.0,0,0,1,0,0,0,1,0,3,0,-0.097,,1.0
2015,64504,오윤석,롯데,내야수,False,29,33,0.2727272727272727,0.314,0.394,0.708,0.121,0.333,0.355,0.0,1,3,7,9,1,0,2,0,8,0,-0.158,,1.0
2018,64504,오윤석,롯데,내야수,False,13,12,0.1666666666666666,0.231,0.167,0.398,0.0,0.286,0.194,-6.0,0,0,3,2,0,0,1,0,5,0,-0.262,-0.14,1.0
2019,64504,오윤석,롯데,내야수,False,76,198,0.2222222222222222,0.295,0.247,0.542,0.0249999999999999,0.272,0.253,37.4,1,21,21,44,2,0,20,2,43,0,-1.314,-0.41,1.0
2020,64504,오윤석,롯데,내야수,False,63,168,0.2976190476190476,0.388,0.423,0.811,0.125,0.387,0.37,111.0,4,32,31,50,7,1,24,2,47,2,-0.286,0.98,1.0
2021,64504,오윤석,KT,내야수,False,97,164,0.2439024390243902,0.358,0.384,0.742,0.14,0.319,0.344,103.5,4,16,23,40,11,0,27,2,47,4,-1.919,1.31,1.0
2022,64504,오윤석,KT,내야수,False,112,286,0.2342657342657342,0.322,0.343,0.665,0.109,0.281,0.302,83.6,6,37,23,67,13,0,34,6,69,2,-0.598,1.0,1.0
2023,64504,오윤석,KT,내야수,False,82,199,0.2512562814070351,0.313,0.387,0.7,0.136,0.305,0.313,89.9,4,17,24,50,13,1,13,5,44,3,-1.424,0.72,1.0
2024,64504,오윤석,KT,내야수,False,73,174,0.293103448275862,0.369,0.489,0.858,0.196,0.349,0.375,118.0,6,27,33,51,12,2,18,4,41,0,-0.122,1.52,1.0
2025,64504,오윤석,KT,내야수,False,77,156,0.2564102564102564,0.335,0.321,0.656,0.065,0.345,0.3,79.0,0,19,30,40,8,1,12,7,41,0,-0.758,0.45,1.0
2026,64504,오윤석,KT,내야수,False,76,150,0.2733333333333334,0.327,0.333,0.66,0.06,0.36,0.304,73.0,0,20,24,41,9,0,13,0,38,0,-0.252,0.06,0.757
2021,51991,오장한,NC,외야수,False,1,1,0.0,0.0,0.0,0.0,0.0,0.0,0.0,-135.0,0,0,0,0,0,0,0,0,1,0,0.0,-0.03,1.0
2023,51991,오장한,NC,외야수,False,3,7,0.1428571428571428,0.25,0.143,0.393,0.0,0.5,0.203,12.1,0,0,2,1,0,0,1,0,5,0,-0.076,-0.06,1.0
2026,51991,오장한,NC,외야수,False,19,48,0.2708333333333333,0.271,0.375,0.646,0.1039999999999999,0.414,0.28,62.1,1,5,2,13,2,0,0,0,18,0,-0.18,-0.14,0.757
2012,79544,오장훈,두산,,False,10,18,0.1111111111111111,0.158,0.167,0.325,0.056,0.167,0.199,0.0,0,0,0,2,1,0,1,0,6,0,0.0,,1.0
2014,79544,오장훈,두산,,False,1,5,0.2,0.2,0.2,0.4,0.0,0.5,0.18,0.0,0,0,0,1,0,0,0,0,3,0,0.002,,1.0
2010,77248,오재원,두산,,True,123,384,0.2760416666666667,0.332,0.336,0.668,0.06,0.342,0.31,0.0,0,37,59,106,17,3,29,4,76,35,0.0,,1.0
2011,77248,오재원,두산,,True,129,466,0.2768240343347639,0.342,0.371,0.713,0.0939999999999999,0.307,0.319,0.0,6,46,73,129,18,4,39,9,62,46,0.0,,1.0
2012,77248,오재원,두산,,False,77,188,0.2819148936170212,0.338,0.351,0.689,0.069,0.361,0.313,0.0,0,17,29,53,7,3,17,0,43,14,0.0,,1.0
2013,77248,오재원,두산,,False,113,308,0.2597402597402597,0.367,0.419,0.786,0.1589999999999999,0.299,0.353,0.0,7,44,54,80,14,7,49,6,62,33,0.0,,1.0
2014,77248,오재원,두산,,True,110,359,0.3175487465181058,0.404,0.451,0.855,0.133,0.372,0.375,0.0,5,40,60,114,21,6,50,2,61,33,0.406,,1.0
2015,77248,오재원,두산,,True,120,411,0.2798053527980535,0.356,0.418,0.774,0.1379999999999999,0.335,0.352,0.0,11,59,60,115,20,2,47,4,94,31,-0.043,,1.0
2016,77248,오재원,두산,,True,122,416,0.2716346153846153,0.358,0.356,0.714,0.0839999999999999,0.322,0.33,0.0,5,58,68,113,18,1,54,5,82,13,0.907,,1.0
2017,77248,오재원,두산,,False,127,334,0.2365269461077844,0.332,0.353,0.685,0.1159999999999999,0.294,0.309,86.1,7,40,43,79,16,1,47,2,85,7,-0.541,0.72,1.0
2018,77248,오재원,두산,,True,132,473,0.3128964059196617,0.369,0.463,0.832,0.15,0.39,0.368,124.8,15,81,78,148,24,1,41,2,119,15,2.373,3.34,1.0
2019,77248,오재원,두산,,False,98,177,0.1638418079096045,0.267,0.271,0.538,0.107,0.21,0.266,71.2,3,18,30,29,8,1,25,0,50,6,-2.062,0.12,1.0
2020,77248,오재원,두산,,False,85,155,0.232258064516129,0.301,0.387,0.688,0.155,0.301,0.305,101.4,5,27,25,36,7,1,16,0,49,10,-1.651,0.4,1.0
2021,77248,오재원,두산,,False,45,72,0.1666666666666666,0.228,0.208,0.436,0.0409999999999999,0.218,0.216,23.9,0,5,6,12,3,0,6,0,18,2,-0.798,-0.25,1.0
2022,77248,오재원,두산,,False,18,29,0.1724137931034483,0.194,0.241,0.435,0.069,0.238,0.19,8.3,0,4,2,5,2,0,1,0,9,1,0.138,-0.19,1.0
2026,56754,오재원,한화,외야수,False,76,147,0.2653061224489796,0.341,0.32,0.661,0.0549999999999999,0.315,0.316,83.8,0,16,38,39,6,1,17,0,23,6,-0.368,0.23,0.757
2010,75334,오재일,넥센,,False,39,60,0.1333333333333333,0.2,0.25,0.45,0.1169999999999999,0.163,0.198,0.0,1,9,1,8,4,0,4,1,16,0,0.0,,1.0
2011,75334,오재일,넥센,,False,46,100,0.23,0.333,0.31,0.643,0.0799999999999999,0.289,0.301,0.0,1,11,13,23,5,0,15,1,24,2,0.0,,1.0
2012,75334,오재일,두산,,False,87,212,0.2028301886792453,0.235,0.354,0.589,0.1509999999999999,0.233,0.25,0.0,8,25,16,43,8,0,10,0,58,0,0.0,,1.0
2013,75334,오재일,두산,,False,55,117,0.2991452991452991,0.406,0.479,0.885,0.18,0.36,0.38,0.0,3,28,16,35,12,0,20,3,28,0,0.0,,1.0
2014,75334,오재일,두산,,False,75,132,0.2424242424242424,0.342,0.364,0.706,0.122,0.315,0.319,0.0,3,18,10,32,7,0,20,1,39,1,-0.597,,1.0
2015,75334,오재일,두산,,False,66,180,0.2888888888888888,0.387,0.594,0.981,0.305,0.319,0.421,0.0,14,36,33,52,11,1,28,2,49,0,1.164,,1.0
2016,75334,오재일,두산,,True,105,380,0.3157894736842105,0.411,0.592,1.003,0.2759999999999999,0.324,0.431,0.0,27,92,69,120,20,2,64,2,73,1,4.476,,1.0
2017,75334,오재일,두산,,True,128,412,0.3058252427184466,0.378,0.561,0.939,0.255,0.324,0.405,161.0,26,89,62,126,27,0,45,5,80,1,1.583,5.02,1.0
2018,75334,오재일,두산,,True,123,401,0.2793017456359102,0.373,0.539,0.912,0.26,0.323,0.395,147.2,27,80,69,112,19,2,60,6,121,1,0.22,5.25,1.0
2019,75334,오재일,두산,,True,130,467,0.2933618843683083,0.369,0.495,0.864,0.202,0.33,0.378,160.7,21,102,76,137,29,1,55,3,99,2,2.632,6.27,1.0
2020,75334,오재일,두산,,True,127,471,0.3121019108280254,0.39,0.482,0.872,0.1699999999999999,0.359,0.386,155.5,16,89,62,147,32,0,61,0,92,2,0.317,5.73,1.0
2021,75334,오재일,삼성,,True,120,418,0.284688995215311,0.366,0.512,0.878,0.227,0.319,0.378,116.7,25,97,64,119,20,0,58,0,106,1,1.835,3.25,1.0
2022,75334,오재일,삼성,,True,135,470,0.2680851063829787,0.345,0.491,0.836,0.2229999999999999,0.325,0.355,108.0,21,94,57,126,42,0,57,2,133,2,-0.579,2.69,1.0
2023,75334,오재일,삼성,,False,106,315,0.2031746031746031,0.302,0.356,0.658,0.1529999999999999,0.269,0.299,74.0,11,54,31,64,15,0,43,3,110,1,0.362,0.04,1.0
2024,75334,오재일,KT,,False,105,296,0.2432432432432432,0.321,0.422,0.743,0.179,0.296,0.325,84.5,11,45,33,72,18,1,36,2,88,0,-1.373,0.45,1.0
2011,75736,오재필,한화,,False,54,86,0.2209302325581395,0.295,0.349,0.644,0.1279999999999999,0.354,0.299,0.0,2,14,14,19,3,1,6,3,36,8,0.0,,1.0
2012,75736,오재필,한화,,False,46,70,0.2142857142857142,0.313,0.271,0.584,0.057,0.326,0.278,0.0,1,5,10,15,1,0,9,1,26,6,0.0,,1.0
2013,75736,오재필,한화,,False,9,16,0.125,0.176,0.125,0.301,0.0,0.333,0.15,0.0,0,0,0,2,0,0,0,1,10,0,0.0,,1.0
2010,79453,오정복,삼성,,False,100,221,0.2714932126696832,0.35,0.421,0.771,0.1499999999999999,0.298,0.336,0.0,7,36,39,60,10,1,25,4,40,1,0.0,,1.0
2011,79453,오정복,삼성,,False,24,26,0.1923076923076923,0.222,0.231,0.453,0.039,0.25,0.199,0.0,0,3,4,5,1,0,1,0,6,0,0.0,,1.0
2014,79453,오정복,NC,,False,47,69,0.2318840579710145,0.304,0.29,0.594,0.0579999999999999,0.258,0.273,0.0,0,7,9,16,4,0,7,1,9,2,-0.483,,1.0
2015,79453,오정복,KT,,False,66,239,0.2594142259414226,0.355,0.377,0.732,0.118,0.273,0.329,0.0,5,29,34,62,11,1,33,3,26,3,1.379,,1.0
2016,79453,오정복,KT,,False,96,306,0.3039215686274509,0.358,0.402,0.76,0.098,0.322,0.333,0.0,5,36,45,93,11,2,28,0,32,1,-0.008,,1.0
2017,79453,오정복,KT,,False,81,195,0.3538461538461538,0.395,0.451,0.846,0.097,0.394,0.37,99.1,2,16,24,69,13,0,9,5,24,0,-0.321,0.86,1.0
2018,79453,오정복,KT,,False,5,7,0.0,0.0,0.0,0.0,0.0,0.0,0.0,-129.8,0,0,0,0,0,0,0,0,1,0,-0.256,-0.19,1.0
2019,68614,오정환,KIA,내야수,False,30,28,0.1428571428571428,0.143,0.143,0.286,0.0,0.25,0.124,-45.7,0,1,8,4,0,0,0,0,12,0,-1.104,-0.49,1.0
2021,68614,오정환,KIA,내야수,False,9,17,0.2352941176470588,0.278,0.294,0.572,0.059,0.5,0.259,50.3,0,2,1,4,1,0,1,0,9,0,0.028,-0.06,1.0
2010,74359,오주원,넥센,,False,2,0,0.0,0.0,0.0,0.0,0.0,0.0,0.0,0.0,0,0,0,0,0,0,0,0,0,0,0.0,,1.0
2012,74359,오주원,넥센,,False,1,0,0.0,0.0,0.0,0.0,0.0,0.0,0.0,0.0,0,0,0,0,0,0,0,0,0,0,0.0,,1.0
2016,74359,오주원,넥센,,False,1,0,0.0,0.0,0.0,0.0,0.0,0.0,0.0,0.0,0,0,0,0,0,0,0,0,0,0,0.0,,1.0
2021,74359,오주원,키움,,False,2,0,0.0,0.0,0.0,0.0,0.0,0.0,0.0,0.0,0,0,0,0,0,0,0,0,0,0,0.0,0.0,1.0
2011,61743,오준혁,한화,,False,2,3,0.0,0.0,0.0,0.0,0.0,0.0,0.0,0.0,0,0,0,0,0,0,0,0,2,0,0.0,,1.0
2012,61743,오준혁,한화,,False,10,15,0.1333333333333333,0.188,0.133,0.321,0.0,0.167,0.159,0.0,0,2,1,2,0,0,0,1,3,0,0.0,,1.0
2015,61743,오준혁,KIA,,False,32,80,0.213,0.235,0.313,0.548,0.1,0.259,0.236,0.0,2,10,11,17,2,0,2,1,22,1,-0.404,,1.0
2016,61743,오준혁,KIA,,False,47,132,0.2651515151515151,0.317,0.432,0.749,0.1669999999999999,0.359,0.327,0.0,2,15,18,35,8,4,9,1,38,1,-0.925,,1.0
2017,61743,오준혁,KIA,,False,14,12,0.25,0.308,0.25,0.558,0.0,0.333,0.263,42.5,0,1,1,3,0,0,1,0,3,0,-0.155,-0.06,1.0
2018,61743,오준혁,KT,,False,30,44,0.1363636363636363,0.204,0.136,0.34,0.0,0.176,0.166,-23.6,0,2,6,6,0,0,3,1,11,1,-0.702,-0.59,1.0
2019,61743,오준혁,SK,,False,2,1,0.0,0.0,0.0,0.0,0.0,0.0,0.0,-143.8,0,0,1,0,0,0,0,0,1,0,-0.001,-0.02,1.0
2020,61743,오준혁,SK,,False,70,148,0.2702702702702703,0.323,0.378,0.701,0.1079999999999999,0.33,0.327,79.9,3,18,19,40,7,0,11,1,34,0,-0.168,0.13,1.0
2021,61743,오준혁,SSG,,False,26,46,0.217391304347826,0.28,0.391,0.671,0.174,0.276,0.293,71.1,2,5,7,10,2,0,4,0,15,0,-0.216,-0.02,1.0
2022,61743,오준혁,SSG,,False,47,61,0.2295081967213114,0.288,0.262,0.55,0.032,0.304,0.252,48.1,0,6,3,14,2,0,5,0,15,0,-0.67,0.06,1.0
2012,77641,오준형,KIA,,False,1,0,0.0,0.0,0.0,0.0,0.0,0.0,0.0,0.0,0,0,0,0,0,0,0,0,0,0,0.0,,1.0
2010,79109,오지환,LG,내야수,True,125,352,0.2414772727272727,0.332,0.423,0.755,0.182,0.344,0.34,0.0,13,61,59,85,13,6,44,7,137,13,0.0,,1.0
2011,79109,오지환,LG,내야수,False,63,156,0.2115384615384615,0.299,0.295,0.594,0.0829999999999999,0.316,0.28,0.0,2,15,17,33,7,0,19,1,57,5,0.0,,1.0
2012,79109,오지환,LG,내야수,True,133,462,0.2489177489177489,0.331,0.383,0.714,0.134,0.307,0.319,0.0,12,53,66,115,22,2,55,6,122,23,0.0,,1.0
2013,79109,오지환,LG,내야수,True,124,441,0.2562358276643991,0.347,0.399,0.746,0.143,0.323,0.339,0.0,9,47,81,113,20,8,54,9,113,30,0.0,,1.0
2014,79109,오지환,LG,내야수,True,113,397,0.2619647355163728,0.354,0.413,0.767,0.1509999999999999,0.331,0.353,0.0,8,56,72,104,20,8,51,7,102,28,2.28,,1.0
2015,79109,오지환,LG,내야수,True,138,497,0.2776659959758551,0.357,0.443,0.8,0.1649999999999999,0.345,0.359,0.0,11,56,76,138,41,4,59,4,121,25,1.495,,1.0
2016,79109,오지환,LG,내야수,True,121,393,0.2798982188295165,0.387,0.494,0.881,0.2139999999999999,0.32,0.389,0.0,20,78,73,110,14,5,65,7,97,17,1.888,,1.0
2017,79109,오지환,LG,내야수,False,107,334,0.2724550898203592,0.362,0.407,0.769,0.1349999999999999,0.367,0.348,123.8,8,39,47,91,13,4,45,5,105,10,-1.548,2.15,1.0
2018,79109,오지환,LG,내야수,True,144,533,0.2776735459662289,0.354,0.396,0.75,0.118,0.359,0.337,111.8,11,71,93,148,26,2,59,7,146,10,1.256,1.44,1.0
2019,79109,오지환,LG,내야수,True,134,473,0.2515856236786469,0.339,0.378,0.717,0.126,0.311,0.338,128.9,9,53,63,119,23,5,57,7,113,27,-1.275,3.98,1.0
2020,79109,오지환,LG,내야수,True,141,527,0.2998102466793169,0.362,0.461,0.823,0.161,0.365,0.359,129.1,10,71,95,158,41,7,45,9,116,20,-0.066,4.11,1.0
2021,79109,오지환,LG,내야수,True,134,464,0.2543103448275862,0.335,0.356,0.691,0.1019999999999999,0.29,0.319,97.6,8,57,62,118,19,2,54,5,82,12,-2.314,2.68,1.0
2022,79109,오지환,LG,내야수,True,142,494,0.2692307692307692,0.357,0.47,0.827,0.2009999999999999,0.296,0.364,138.2,25,87,75,133,16,4,62,7,107,20,0.919,5.47,1.0
2023,79109,오지환,LG,내야수,True,126,422,0.2677725118483412,0.371,0.396,0.767,0.128,0.313,0.345,122.2,8,62,65,113,24,3,64,8,82,16,-0.042,3.63,1.0
2024,79109,오지환,LG,내야수,False,108,370,0.254054054054054,0.35,0.411,0.761,0.1569999999999999,0.329,0.344,105.5,10,59,67,94,24,2,51,4,106,17,-0.647,2.43,1.0
2025,79109,오지환,LG,내야수,True,127,419,0.2529832935560859,0.314,0.43,0.744,0.177,0.306,0.327,107.5,16,62,57,106,24,1,37,3,115,9,-1.778,2.86,1.0
2026,79109,오지환,LG,내야수,True,100,310,0.2419354838709677,0.33,0.365,0.695,0.123,0.283,0.31,86.8,8,49,42,75,14,0,37,5,68,4,-0.724,0.76,0.757
2010,60156,오카모토,LG,,False,1,0,0.0,0.0,0.0,0.0,0.0,0.0,0.0,0.0,0,0,0,0,0,0,0,0,0,0,0.0,,1.0
2011,60558,오태곤,롯데,외야수,False,1,1,0.0,0.0,0.0,0.0,0.0,0.0,0.0,0.0,0,0,0,0,0,0,0,0,0,0,0.0,,1.0
2014,60558,오태곤,롯데,외야수,False,57,45,0.2444444444444444,0.32,0.378,0.698,0.134,0.385,0.311,0.0,1,5,10,11,3,0,5,0,18,2,-0.455,,1.0
2015,60558,오태곤,롯데,외야수,False,122,327,0.2752293577981651,0.318,0.41,0.728,0.1349999999999999,0.373,0.321,0.0,8,43,57,90,18,1,17,4,100,15,-2.91,,1.0
2016,60558,오태곤,롯데,외야수,False,42,123,0.2601626016260163,0.326,0.382,0.708,0.122,0.349,0.323,0.0,3,7,17,32,6,0,12,0,37,6,-1.191,,1.0
2017,60558,오태곤,KT,외야수,False,135,374,0.2834224598930481,0.318,0.439,0.757,0.156,0.349,0.329,73.3,9,42,53,106,29,1,16,6,93,15,-0.491,0.22,1.0
2018,60558,오태곤,KT,외야수,False,128,342,0.2543859649122807,0.31,0.421,0.731,0.1669999999999999,0.314,0.326,68.4,12,39,55,87,17,2,24,4,92,13,-1.089,0.62,1.0
2019,60558,오태곤,KT,외야수,False,123,352,0.25,0.316,0.352,0.668,0.1019999999999999,0.304,0.312,83.0,6,35,63,88,16,1,31,4,78,19,-1.034,1.55,1.0
2020,60558,오태곤,SK,외야수,False,94,234,0.2735042735042735,0.331,0.397,0.728,0.123,0.324,0.319,78.2,5,35,36,64,12,1,13,7,47,15,-1.061,0.52,1.0
2021,60558,오태곤,SSG,외야수,False,122,235,0.2680851063829787,0.313,0.426,0.739,0.1579999999999999,0.309,0.335,101.3,9,35,47,63,10,0,14,2,52,9,-0.817,1.24,1.0
2022,60558,오태곤,SSG,외야수,False,130,263,0.2319391634980988,0.293,0.338,0.631,0.106,0.294,0.289,73.3,4,23,48,61,14,1,15,9,68,11,-0.63,1.05,1.0
2023,60558,오태곤,SSG,외야수,False,123,272,0.2389705882352941,0.293,0.375,0.668,0.136,0.289,0.295,79.6,7,28,37,65,14,1,18,4,67,20,-0.982,1.0,1.0
2024,60558,오태곤,SSG,외야수,False,117,247,0.2753036437246963,0.355,0.449,0.804,0.174,0.351,0.348,97.5,9,36,43,68,16,0,31,1,73,27,0.736,1.48,1.0
2025,60558,오태곤,SSG,외야수,False,122,194,0.2010309278350515,0.31,0.309,0.619,0.1079999999999999,0.26,0.283,67.9,5,26,31,39,6,0,30,1,59,25,-0.754,0.07,1.0
2026,60558,오태곤,SSG,외야수,False,87,218,0.2201834862385321,0.28,0.381,0.661,0.161,0.277,0.291,64.1,9,27,29,48,8,0,17,2,70,7,-1.148,-0.38,0.757
2021,51996,오태양,NC,내야수,False,1,1,0.0,0.0,0.0,0.0,0.0,0.0,0.0,-135.0,0,0,0,0,0,0,0,0,0,0,0.0,-0.03,1.0
2022,51996,오태양,NC,내야수,False,15,3,0.0,0.25,0.0,0.25,0.0,0.0,0.188,-0.1,0,0,5,0,0,0,0,1,1,2,-0.172,-0.09,1.0
2023,51996,오태양,NC,내야수,False,21,3,0.0,0.0,0.0,0.0,0.0,0.0,0.0,-138.0,0,0,4,0,0,0,0,0,3,3,-0.138,-0.2,1.0
2025,51996,오태양,NC,내야수,False,14,12,0.25,0.308,0.25,0.558,0.0,0.333,0.334,107.0,0,1,6,3,0,0,1,0,3,2,0.037,0.01,1.0
2026,51996,오태양,NC,내야수,False,18,14,0.0714285714285714,0.222,0.071,0.293,0.0,0.111,0.17,-11.6,0,1,2,1,0,0,3,0,6,0,-0.191,-0.3,0.757
2010,78850,오현근,두산,,False,3,2,0.0,0.0,0.0,0.0,0.0,0.0,0.0,0.0,0,0,1,0,0,0,0,0,0,0,0.0,,1.0
2013,78850,오현근,두산,,False,6,4,0.25,0.25,0.25,0.5,0.0,0.25,0.225,0.0,0,0,0,1,0,0,0,0,0,0,0.0,,1.0
2015,78850,오현근,롯데,,False,20,28,0.2142857142857142,0.353,0.286,0.639,0.0719999999999999,0.273,0.289,0.0,0,3,3,6,2,0,6,0,6,1,-0.448,,1.0
2016,78850,오현근,롯데,,False,19,15,0.2,0.294,0.2,0.494,0.0,0.3,0.244,0.0,0,2,4,3,0,0,2,0,5,2,0.073,,1.0
2010,79293,오현택,두산,,False,1,0,0.0,0.0,0.0,0.0,0.0,0.0,0.0,0.0,0,0,0,0,0,0,0,0,0,0,0.0,,1.0
2019,79293,오현택,롯데,,False,1,0,0.0,0.0,0.0,0.0,0.0,0.0,0.0,0.0,0,0,0,0,0,0,0,0,0,0,0.0,0.0,1.0
2020,79293,오현택,롯데,,False,1,0,0.0,0.0,0.0,0.0,0.0,0.0,0.0,0.0,0,0,0,0,0,0,0,0,0,0,0.0,0.0,1.0
2021,79293,오현택,롯데,,False,1,0,0.0,0.0,0.0,0.0,0.0,0.0,0.0,0.0,0,0,0,0,0,0,0,0,0,0,0.0,0.0,1.0
2010,74223,용덕한,두산,,False,43,44,0.1363636363636363,0.24,0.182,0.422,0.0459999999999999,0.188,0.219,0.0,0,0,7,6,2,0,3,3,12,0,0.0,,1.0
2011,74223,용덕한,두산,,False,60,47,0.1489361702127659,0.184,0.191,0.375,0.042,0.179,0.163,0.0,0,2,3,7,2,0,0,2,8,0,0.0,,1.0
2012,74223,용덕한,롯데,,False,55,72,0.2361111111111111,0.286,0.292,0.578,0.0559999999999999,0.262,0.254,0.0,1,6,9,17,1,0,4,1,10,3,0.0,,1.0
2013,74223,용덕한,롯데,,False,56,88,0.1477272727272727,0.208,0.193,0.401,0.045,0.188,0.189,0.0,1,4,6,13,1,0,7,0,24,1,0.0,,1.0
2014,74223,용덕한,롯데,,False,59,82,0.3048780487804878,0.326,0.402,0.728,0.097,0.387,0.306,0.0,1,11,13,25,5,0,3,1,22,0,-0.472,,1.0
2015,74223,용덕한,NC,,False,91,140,0.2428571428571428,0.303,0.307,0.61,0.064,0.292,0.276,0.0,1,13,12,34,6,0,8,4,26,2,-0.832,,1.0
2016,74223,용덕한,NC,,False,88,104,0.2115384615384615,0.272,0.298,0.57,0.086,0.244,0.27,0.0,2,7,16,22,3,0,8,1,21,0,-0.626,,1.0
2025,51526,우강훈,LG,투수,False,2,0,0.0,0.0,0.0,0.0,0.0,0.0,0.0,0.0,0,0,0,0,0,0,0,0,0,0,0.0,0.0,1.0
2026,51526,우강훈,LG,투수,False,1,0,0.0,0.0,0.0,0.0,0.0,0.0,0.0,0.0,0,0,0,0,0,0,0,0,0,0,0.0,0.0,0.757
2012,73117,우규민,LG,투수,False,2,0,0.0,0.0,0.0,0.0,0.0,0.0,0.0,0.0,0,0,0,0,0,0,0,0,0,0,0.0,,1.0
2022,73117,우규민,삼성,투수,False,1,0,0.0,0.0,0.0,0.0,0.0,0.0,0.0,0.0,0,0,0,0,0,0,0,0,0,0,0.0,0.0,1.0
2024,73117,우규민,KT,투수,False,2,0,0.0,0.0,0.0,0.0,0.0,0.0,0.0,0.0,0,0,0,0,0,0,0,0,0,0,0.0,0.0,1.0
2025,73117,우규민,KT,투수,False,2,0,0.0,0.0,0.0,0.0,0.0,0.0,0.0,0.0,0,0,0,0,0,0,0,0,0,0,0.0,0.0,1.0
2026,73117,우규민,KT,투수,False,3,0,0.0,0.0,0.0,0.0,0.0,0.0,0.0,0.0,0,0,0,0,0,0,0,0,0,0,0.0,0.0,0.757
2012,78454,우동균,삼성,,False,26,48,0.188,0.286,0.313,0.599,0.125,0.222,0.246,0.0,1,5,6,9,3,0,7,0,12,1,0.0,,1.0
2013,78454,우동균,삼성,,False,82,80,0.225,0.323,0.338,0.661,0.113,0.266,0.293,0.0,1,15,9,18,6,0,11,1,16,3,0.0,,1.0
2014,78454,우동균,삼성,,False,30,39,0.2307692307692307,0.302,0.256,0.558,0.0249999999999999,0.29,0.263,0.0,0,7,2,9,1,0,4,0,8,0,-0.183,,1.0
2015,78454,우동균,삼성,,False,37,72,0.2083333333333333,0.296,0.264,0.56,0.056,0.25,0.271,0.0,0,6,12,15,4,0,9,0,12,0,-0.81,,1.0
2016,78454,우동균,삼성,,False,33,68,0.2205882352941176,0.333,0.324,0.657,0.103,0.228,0.3,0.0,2,10,14,15,1,0,12,0,10,0,0.314,,1.0
2017,78454,우동균,삼성,,False,8,12,0.0,0.077,0.0,0.077,0.0,0.0,0.055,-94.7,0,0,1,0,0,0,1,0,3,0,-0.254,-0.29,1.0
2017,67827,워스,SK,,False,3,9,0.1111111111111111,0.273,0.111,0.384,0.0,0.143,0.213,12.4,0,0,0,1,0,0,2,0,2,0,-0.105,-0.09,1.0
2024,54307,원성준,키움,외야수,False,51,112,0.25,0.306,0.348,0.654,0.0979999999999999,0.342,0.29,66.4,2,11,12,28,5,0,10,0,36,2,-0.768,0.09,1.0
2025,54307,원성준,키움,외야수,False,24,46,0.1739130434782608,0.283,0.326,0.609,0.152,0.231,0.312,94.9,2,4,5,8,1,0,7,0,18,0,-0.595,0.09,1.0
2026,54307,원성준,키움,외야수,False,8,20,0.2,0.304,0.2,0.504,0.0,0.267,0.278,63.6,0,2,2,4,0,0,3,0,5,0,-0.017,-0.05,0.757
2013,76262,원용묵,두산,,False,1,0,0.0,0.0,0.0,0.0,0.0,0.0,0.0,0.0,0,0,0,0,0,0,0,0,0,0,0.0,,1.0
2016,76118,원종현,NC,투수,False,2,0,0.0,0.0,0.0,0.0,0.0,0.0,0.0,0.0,0,0,0,0,0,0,0,0,0,0,0.0,,1.0
2017,76118,원종현,NC,투수,False,1,0,0.0,0.0,0.0,0.0,0.0,0.0,0.0,0.0,0,0,0,0,0,0,0,0,0,0,0.0,0.0,1.0
2019,76118,원종현,NC,투수,False,6,0,0.0,0.0,0.0,0.0,0.0,0.0,0.0,0.0,0,0,0,0,0,0,0,0,0,0,0.0,0.0,1.0
2020,76118,원종현,NC,투수,False,4,0,0.0,0.0,0.0,0.0,0.0,0.0,0.0,0.0,0,0,0,0,0,0,0,0,0,0,0.0,0.0,1.0
2021,76118,원종현,NC,투수,False,4,0,0.0,0.0,0.0,0.0,0.0,0.0,0.0,0.0,0,0,0,0,0,0,0,0,0,0,0.0,0.0,1.0
2022,76118,원종현,NC,투수,False,1,0,0.0,0.0,0.0,0.0,0.0,0.0,0.0,0.0,0,0,0,0,0,0,0,0,0,0,0.0,0.0,1.0
2023,76118,원종현,키움,투수,False,2,0,0.0,0.0,0.0,0.0,0.0,0.0,0.0,0.0,0,0,0,0,0,0,0,0,0,0,0.0,0.0,1.0
2024,76118,원종현,키움,투수,False,1,0,0.0,0.0,0.0,0.0,0.0,0.0,0.0,0.0,0,0,0,0,0,0,0,0,0,0,0.0,0.0,1.0
2022,67760,원혁재,한화,,False,11,21,0.0952380952380952,0.174,0.143,0.317,0.0479999999999999,0.222,0.156,-22.8,0,0,2,2,1,0,2,0,12,0,-0.359,-0.28,1.0
2025,55645,위즈덤,KIA,내야수,True,119,424,0.2358490566037736,0.321,0.535,0.856,0.299,0.257,0.362,125.1,35,85,73,100,20,1,52,4,142,3,-1.901,2.82,1.0
2023,53716,윌리엄스,한화,,False,68,258,0.2441860465116279,0.275,0.403,0.678,0.159,0.286,0.309,90.8,9,45,29,63,14,0,8,4,63,1,-0.746,0.62,1.0
2019,69405,윌리엄슨,삼성,,False,40,154,0.2727272727272727,0.327,0.409,0.736,0.1359999999999999,0.376,0.329,87.1,4,15,19,42,7,1,13,0,50,0,-0.715,0.56,1.0
2019,69569,윌슨,롯데,,False,68,231,0.2510822510822511,0.351,0.433,0.784,0.182,0.301,0.35,105.7,9,37,21,58,15,0,31,5,60,1,-0.033,1.33,1.0
2011,61102,유강남,LG,포수,False,3,3,0.0,0.0,0.0,0.0,0.0,0.0,0.0,0.0,0,0,0,0,0,0,0,0,0,0,0.0,,1.0
2012,61102,유강남,LG,포수,False,13,24,0.125,0.154,0.125,0.279,0.0,0.15,0.123,0.0,0,1,1,3,0,0,0,1,5,0,0.0,,1.0
2015,61102,유강남,LG,포수,False,126,279,0.2724014336917563,0.333,0.405,0.738,0.133,0.313,0.329,0.0,8,37,26,76,11,1,19,7,55,2,-1.564,,1.0
2016,61102,유강남,LG,포수,False,100,263,0.2661596958174905,0.321,0.384,0.705,0.118,0.291,0.314,0.0,8,47,28,70,7,0,17,7,48,0,0.649,,1.0
2017,61102,유강남,LG,포수,False,118,324,0.2777777777777778,0.335,0.475,0.81,0.1969999999999999,0.308,0.35,139.8,17,66,43,90,13,0,14,15,72,2,0.517,2.97,1.0
2018,61102,유강남,LG,포수,True,132,425,0.2964705882352941,0.352,0.508,0.86,0.212,0.327,0.378,148.2,19,66,53,126,33,0,28,9,80,0,-1.83,3.37,1.0
2019,61102,유강남,LG,포수,True,132,418,0.2703349282296651,0.334,0.438,0.772,0.1679999999999999,0.298,0.342,139.9,16,49,44,113,22,0,30,13,82,0,-1.514,2.68,1.0
2020,61102,유강남,LG,포수,True,137,429,0.261072261072261,0.33,0.415,0.745,0.1539999999999999,0.29,0.334,118.4,16,74,51,112,18,0,32,13,84,1,-0.182,2.04,1.0
2021,61102,유강남,LG,포수,False,130,397,0.2518891687657431,0.317,0.375,0.692,0.123,0.284,0.321,99.7,11,60,39,100,16,0,25,14,75,2,-1.791,2.07,1.0
2022,61102,유강남,LG,포수,True,139,416,0.2548076923076923,0.326,0.351,0.677,0.0959999999999999,0.314,0.314,98.4,8,47,54,106,16,0,34,11,98,0,-0.791,1.8,1.0
2023,61102,유강남,롯데,포수,False,121,352,0.2613636363636363,0.342,0.384,0.726,0.123,0.291,0.336,105.8,10,55,45,92,13,0,37,8,64,1,-0.367,2.21,1.0
2024,61102,유강남,롯데,포수,False,52,136,0.1911764705882352,0.275,0.324,0.599,0.133,0.196,0.279,55.9,5,20,11,26,3,0,9,7,25,0,-1.812,-0.14,1.0
2025,61102,유강남,롯데,포수,False,110,303,0.2739273927392739,0.352,0.383,0.735,0.1089999999999999,0.329,0.346,110.2,5,38,35,83,18,0,26,13,66,0,-1.496,1.94,1.0
2026,61102,유강남,롯데,포수,False,52,116,0.2327586206896552,0.262,0.353,0.615,0.1199999999999999,0.286,0.276,57.2,3,9,8,27,5,0,4,1,30,0,-0.984,-0.15,0.757
2010,99639,유동훈,KIA,,False,3,0,0.0,0.0,0.0,0.0,0.0,0.0,0.0,0.0,0,0,0,0,0,0,0,0,0,0,0.0,,1.0
2012,99639,유동훈,KIA,,False,1,0,0.0,0.0,0.0,0.0,0.0,0.0,0.0,0.0,0,0,0,0,0,0,0,0,0,0,0.0,,1.0
2019,69766,유로결,한화,외야수,False,38,55,0.1636363636363636,0.23,0.236,0.466,0.0719999999999999,0.211,0.245,37.5,1,4,10,9,1,0,5,0,17,3,-0.618,-0.17,1.0
2020,69766,유로결,한화,외야수,False,30,42,0.1666666666666666,0.239,0.19,0.429,0.0229999999999999,0.292,0.227,27.6,0,0,3,7,1,0,4,0,18,0,-0.433,-0.19,1.0
2021,69766,유로결,한화,외야수,False,34,98,0.1428571428571428,0.218,0.224,0.442,0.081,0.217,0.202,10.3,1,7,11,14,5,0,8,2,39,2,-1.193,-0.7,1.0
2022,69766,유로결,한화,외야수,False,30,60,0.1333333333333333,0.2,0.133,0.333,0.0,0.157,0.186,0.9,0,4,5,8,0,0,4,1,9,0,-1.084,-0.54,1.0
2023,69766,유로결,한화,외야수,False,27,48,0.1458333333333333,0.173,0.167,0.34,0.021,0.175,0.188,2.1,0,5,5,7,1,0,1,1,10,1,-0.825,-0.33,1.0
2024,69766,유로결,한화,외야수,False,23,36,0.2222222222222222,0.282,0.25,0.532,0.0279999999999999,0.32,0.249,39.0,0,4,6,8,1,0,3,0,11,0,-0.338,-0.3,1.0
2025,69766,유로결,한화,외야수,False,20,13,0.1538461538461538,0.214,0.154,0.368,0.0,0.222,0.159,-20.7,0,0,1,2,0,0,0,1,4,1,-0.332,-0.08,1.0
2026,52765,유민,한화,외야수,False,12,25,0.2,0.31,0.2,0.51,0.0,0.385,0.257,43.4,0,2,1,5,0,0,2,2,12,0,-0.201,-0.13,0.757
2015,62265,유민상,두산,,False,15,38,0.2631578947368421,0.356,0.368,0.724,0.1049999999999999,0.31,0.328,0.0,1,6,5,10,1,0,5,1,9,1,0.239,,1.0
2016,62265,유민상,KT,,False,95,213,0.2816901408450704,0.375,0.404,0.779,0.122,0.322,0.349,0.0,4,37,30,60,12,1,25,9,39,1,0.183,,1.0
2017,62265,유민상,KT,,False,15,30,0.2333333333333333,0.303,0.367,0.67,0.1339999999999999,0.286,0.299,55.2,1,2,4,7,1,0,2,1,8,1,-0.357,-0.02,1.0
2018,62265,유민상,KIA,,False,31,48,0.2708333333333333,0.362,0.542,0.904,0.271,0.303,0.378,115.8,3,14,9,13,2,1,8,0,14,0,-0.32,0.33,1.0
2019,62265,유민상,KIA,,False,61,175,0.2914285714285714,0.386,0.463,0.849,0.172,0.341,0.375,140.9,5,26,23,51,15,0,24,3,35,0,-0.153,1.86,1.0
2020,62265,유민상,KIA,,True,126,391,0.2455242966751918,0.341,0.366,0.707,0.12,0.287,0.322,88.4,8,65,38,96,23,0,53,6,80,0,-0.301,1.95,1.0
2021,62265,유민상,KIA,,False,24,60,0.2333333333333333,0.378,0.317,0.695,0.0839999999999999,0.317,0.345,111.4,1,6,7,14,2,0,8,6,18,0,-0.522,0.47,1.0
2022,52705,유상빈,한화,,False,17,46,0.3260869565217391,0.319,0.435,0.754,0.1089999999999999,0.417,0.31,92.9,0,4,3,15,5,0,0,0,11,0,0.152,-0.01,1.0
2023,52705,유상빈,한화,,False,3,6,0.0,0.25,0.0,0.25,0.0,0.0,0.184,-1.2,0,0,1,0,0,0,1,1,1,0,-0.12,-0.07,1.0
2015,64890,유서준,SK,,False,17,12,0.0833333333333333,0.154,0.083,0.237,0.0,0.111,0.125,0.0,0,0,5,1,0,0,1,0,3,3,-0.185,,1.0
2016,64890,유서준,SK,,False,8,7,0.0,0.0,0.0,0.0,0.0,0.0,0.0,0.0,0,0,0,0,0,0,0,0,4,0,-0.335,,1.0
2020,64890,유서준,SK,,False,28,24,0.25,0.28,0.417,0.697,0.1669999999999999,0.313,0.3,61.6,1,2,10,6,1,0,1,0,7,1,-0.009,-0.1,1.0
2021,64890,유서준,SSG,,False,6,2,0.0,0.0,0.0,0.0,0.0,0.0,0.0,-133.9,0,0,1,0,0,0,0,0,1,0,-0.003,-0.05,1.0
2010,76322,유선정,넥센,,False,53,135,0.2518518518518518,0.333,0.296,0.629,0.0439999999999999,0.315,0.291,0.0,0,14,16,34,6,0,17,1,30,2,0.0,,1.0
2011,76322,유선정,넥센,,False,37,39,0.0769230769230769,0.265,0.128,0.393,0.051,0.107,0.211,0.0,0,1,1,3,0,1,10,0,11,0,0.0,,1.0
2015,76322,유선정,넥센,,False,17,25,0.24,0.296,0.24,0.536,0.0,0.3,0.253,0.0,0,2,1,6,0,0,2,0,5,0,-0.324,,1.0
2018,67640,유승철,KIA,투수,False,1,1,0.0,0.0,0.0,0.0,0.0,0.0,0.0,0.0,0,0,0,0,0,0,0,0,1,0,0.0,0.0,1.0
2017,63903,유영준,NC,,False,2,1,0.0,0.0,0.0,0.0,0.0,0.0,0.0,-117.9,0,0,0,0,0,0,0,0,1,0,0.0,-0.03,1.0
2019,63903,유영준,NC,,False,3,4,0.0,0.0,0.0,0.0,0.0,0.0,0.0,-138.1,0,0,0,0,0,0,0,0,1,0,-0.044,-0.1,1.0
2020,63903,유영준,NC,,False,4,3,0.0,0.0,0.0,0.0,0.0,0.0,0.0,-126.8,0,0,0,0,0,0,0,0,0,0,-0.086,-0.08,1.0
2024,50106,유영찬,LG,투수,False,8,0,0.0,0.0,0.0,0.0,0.0,0.0,0.0,0.0,0,0,0,0,0,0,0,0,0,0,0.0,0.0,1.0
2025,50106,유영찬,LG,투수,False,11,1,0.0,0.5,0.0,0.5,0.0,0.0,0.36,0.0,0,0,0,0,0,0,1,0,0,0,-0.0249999999999999,0.0,1.0
2014,76757,유원상,LG,,False,1,0,0.0,0.0,0.0,0.0,0.0,0.0,0.0,0.0,0,0,0,0,0,0,0,0,0,0,0.0,,1.0
2015,76757,유원상,LG,,False,1,0,0.0,0.0,0.0,0.0,0.0,0.0,0.0,0.0,0,0,0,0,0,0,0,0,0,0,0.0,,1.0
2018,76757,유원상,NC,,False,1,0,0.0,0.0,0.0,0.0,0.0,0.0,0.0,0.0,0,0,0,0,0,0,0,0,0,0,0.0,0.0,1.0
2019,76757,유원상,NC,,False,3,0,0.0,0.0,0.0,0.0,0.0,0.0,0.0,0.0,0,0,0,0,0,0,0,0,0,0,0.0,0.0,1.0
2020,76757,유원상,KT,,False,1,0,0.0,0.0,0.0,0.0,0.0,0.0,0.0,0.0,0,0,0,0,0,0,0,0,0,0,0.0,0.0,1.0
2021,76757,유원상,KT,,False,1,0,0.0,0.0,0.0,0.0,0.0,0.0,0.0,0.0,0,0,0,0,0,0,0,0,0,0,0.0,0.0,1.0
2012,76368,유재신,넥센,,False,58,85,0.2352941176470588,0.283,0.306,0.589,0.071,0.303,0.253,0.0,0,7,14,20,2,2,6,0,20,5,0.0,,1.0
2013,76368,유재신,넥센,,False,75,20,0.2,0.304,0.2,0.504,0.0,0.364,0.252,0.0,0,2,22,4,0,0,2,1,9,7,0.0,,1.0
2014,76368,유재신,넥센,,False,23,2,0.0,0.0,0.0,0.0,0.0,0.0,0.0,0.0,0,0,8,0,0,0,0,0,0,6,0.309,,1.0
2015,76368,유재신,넥센,,False,62,27,0.2592592592592592,0.333,0.333,0.666,0.074,0.412,0.286,0.0,0,3,21,7,2,0,3,0,10,10,0.059,,1.0
2016,76368,유재신,넥센,,False,93,62,0.2580645161290322,0.361,0.258,0.619,0.0,0.32,0.292,0.0,0,6,20,16,0,0,10,0,12,16,-0.431,,1.0
2017,76368,유재신,KIA,,False,25,18,0.2222222222222222,0.263,0.222,0.485,0.0,0.333,0.216,7.4,0,1,4,4,0,0,1,0,6,3,-0.315,-0.23,1.0
2018,76368,유재신,KIA,,False,46,33,0.4242424242424242,0.525,0.667,1.192,0.243,0.591,0.509,195.8,1,8,19,14,3,1,7,0,10,4,0.028,0.83,1.0
2019,76368,유재신,KIA,,False,71,51,0.2549019607843137,0.328,0.333,0.661,0.078,0.325,0.294,79.7,0,6,17,13,2,1,6,0,12,4,-0.192,-0.08,1.0
2010,72220,유재웅,두산,,False,53,97,0.2577319587628865,0.308,0.536,0.844,0.278,0.286,0.348,0.0,7,25,17,25,6,0,6,1,27,0,0.0,,1.0
2011,72220,유재웅,두산,,False,12,13,0.1538461538461538,0.313,0.231,0.544,0.077,0.25,0.271,0.0,0,0,3,2,1,0,2,1,5,0,0.0,,1.0
2012,72220,유재웅,SK,,False,9,13,0.1538461538461538,0.214,0.154,0.368,0.0,0.2,0.18,0.0,0,1,1,2,0,0,1,0,3,0,0.0,,1.0
2017,66160,유재유,LG,,False,1,0,0.0,0.0,0.0,0.0,0.0,0.0,0.0,0.0,0,0,0,0,0,0,0,0,0,0,0.0,0.0,1.0
2018,66160,유재유,두산,,False,1,0,0.0,0.0,0.0,0.0,0.0,0.0,0.0,0.0,0,0,0,0,0,0,0,0,0,0,0.0,0.0,1.0
2013,61604,유재혁,KIA,,False,22,11,0.0909090909090909,0.267,0.091,0.358,0.0,0.143,0.265,0.0,0,1,3,1,0,0,3,0,5,1,0.0,,1.0
2022,51013,유준규,KT,외야수,False,7,14,0.2142857142857142,0.267,0.214,0.481,0.0,0.375,0.214,17.2,0,0,3,3,0,0,1,0,6,0,-0.168,-0.1,1.0
2025,51013,유준규,KT,외야수,False,35,34,0.1176470588235294,0.268,0.176,0.444,0.0579999999999999,0.19,0.227,27.7,0,3,13,4,2,0,7,0,13,2,-0.168,-0.11,1.0
2026,51013,유준규,KT,외야수,False,30,40,0.3,0.391,0.425,0.816,0.125,0.444,0.361,115.8,0,10,12,12,1,2,6,0,13,3,0.7,0.29,0.757
2010,74339,유한준,넥센,,True,131,481,0.2910602910602911,0.355,0.403,0.758,0.112,0.332,0.336,0.0,9,79,52,140,27,0,49,1,81,2,0.0,,1.0
2011,74339,유한준,넥센,,True,121,447,0.2885906040268456,0.365,0.369,0.734,0.08,0.327,0.328,0.0,3,54,64,129,23,2,52,4,63,4,0.0,,1.0
2012,74339,유한준,넥센,,False,74,246,0.2398373983739837,0.299,0.329,0.628,0.089,0.269,0.278,0.0,3,25,22,59,11,1,19,2,36,3,0.0,,1.0
2013,74339,유한준,넥센,,False,97,298,0.2718120805369127,0.358,0.386,0.744,0.1139999999999999,0.302,0.338,0.0,7,40,37,81,13,0,37,4,48,4,0.0,,1.0
2014,74339,유한준,넥센,,True,122,405,0.3160493827160494,0.384,0.541,0.925,0.225,0.319,0.398,0.0,20,91,71,128,31,0,46,3,53,2,2.581,,1.0
2015,74339,유한준,넥센,,True,139,520,0.3615384615384615,0.43,0.579,1.009,0.2169999999999999,0.38,0.435,0.0,23,116,103,188,42,1,67,2,71,3,2.906,,1.0
2016,74339,유한준,KT,,True,110,408,0.3357843137254901,0.404,0.493,0.897,0.1569999999999999,0.345,0.4,0.0,14,64,70,137,22,0,47,2,40,4,2.991,,1.0
2017,74339,유한준,KT,,True,133,445,0.3056179775280899,0.37,0.436,0.806,0.13,0.327,0.361,92.1,13,68,52,136,19,0,45,2,59,0,0.343,1.71,1.0
2018,74339,유한준,KT,,True,121,428,0.338785046728972,0.406,0.533,0.939,0.194,0.351,0.413,118.7,20,83,59,145,21,1,47,2,53,1,1.91,3.71,1.0
2019,74339,유한준,KT,,True,139,501,0.3173652694610778,0.383,0.443,0.826,0.126,0.336,0.371,125.4,14,86,61,159,19,1,52,4,61,3,2.336,4.43,1.0
2020,74339,유한준,KT,,False,119,386,0.2797927461139896,0.347,0.409,0.756,0.1289999999999999,0.298,0.344,96.2,11,64,48,108,17,0,40,0,51,0,-0.862,1.49,1.0
2021,74339,유한준,KT,,False,104,282,0.3085106382978723,0.409,0.418,0.827,0.1089999999999999,0.332,0.38,123.6,5,42,30,87,16,0,44,7,34,1,0.616,2.15,1.0
2010,79229,유희관,두산,,False,1,0,0.0,0.0,0.0,0.0,0.0,0.0,0.0,0.0,0,0,0,0,0,0,0,0,0,0,0.0,,1.0
2013,79229,유희관,두산,,False,1,0,0.0,0.0,0.0,0.0,0.0,0.0,0.0,0.0,0,0,0,0,0,0,0,0,0,0,0.0,,1.0
2024,54404,육선엽,삼성,투수,False,1,0,0.0,0.0,0.0,0.0,0.0,0.0,0.0,0.0,0,0,0,0,0,0,0,0,0,0,0.0,0.0,1.0
2025,54404,육선엽,삼성,투수,False,2,0,0.0,0.0,0.0,0.0,0.0,0.0,0.0,0.0,0,0,0,0,0,0,0,0,0,0,0.0,0.0,1.0
2014,73750,윤규진,한화,,False,1,0,0.0,0.0,0.0,0.0,0.0,0.0,0.0,0.0,0,0,0,0,0,0,0,0,0,0,0.0,,1.0
2015,73750,윤규진,한화,,False,2,2,0.0,0.0,0.0,0.0,0.0,0.0,0.0,0.0,0,0,0,0,0,0,0,0,2,0,-0.094,,1.0
2016,73750,윤규진,한화,,False,1,0,0.0,0.0,0.0,0.0,0.0,0.0,0.0,0.0,0,0,0,0,0,0,0,0,0,0,0.0,,1.0
2010,75730,윤근영,한화,,False,2,0,0.0,0.0,0.0,0.0,0.0,0.0,0.0,0.0,0,0,0,0,0,0,0,0,0,0,0.0,,1.0
2011,75730,윤근영,한화,,False,1,0,0.0,0.0,0.0,0.0,0.0,0.0,0.0,0.0,0,0,0,0,0,0,0,0,0,0,0.0,,1.0
2013,75730,윤근영,한화,,False,1,1,1.0,1.0,1.0,2.0,0.0,1.0,0.9,0.0,0,0,0,1,0,0,0,0,0,0,0.0,,1.0
2017,75730,윤근영,KT,,False,1,0,0.0,0.0,0.0,0.0,0.0,0.0,0.0,0.0,0,0,0,0,0,0,0,0,0,0,0.0,0.0,1.0
2013,72862,윤길현,SK,,False,1,0,0.0,0.0,0.0,0.0,0.0,0.0,0.0,0.0,0,0,0,0,0,0,0,0,0,0,0.0,,1.0
2015,72862,윤길현,SK,,False,1,0,0.0,0.0,0.0,0.0,0.0,0.0,0.0,0.0,0,0,0,0,0,0,0,0,0,0,0.0,,1.0
2016,72862,윤길현,롯데,,False,1,0,0.0,0.0,0.0,0.0,0.0,0.0,0.0,0.0,0,0,0,0,0,0,0,0,0,0,0.0,,1.0
2017,72862,윤길현,롯데,,False,1,0,0.0,0.0,0.0,0.0,0.0,0.0,0.0,0.0,0,0,0,0,0,0,0,0,0,0,0.0,0.0,1.0
2021,63464,윤대경,한화,,False,1,0,0.0,0.0,0.0,0.0,0.0,0.0,0.0,0.0,0,0,0,0,0,0,0,0,0,0,0.0,0.0,1.0
2023,63464,윤대경,한화,,False,1,0,0.0,0.0,0.0,0.0,0.0,0.0,0.0,0.0,0,0,0,0,0,0,0,0,0,0,0.0,0.0,1.0
2015,78242,윤도경,KT,,False,4,4,0.25,0.25,0.25,0.5,0.0,0.333,0.225,0.0,0,1,0,1,0,0,0,0,1,0,-0.07,,1.0
2023,52667,윤도현,KIA,내야수,False,1,1,0.0,0.0,0.0,0.0,0.0,0.0,0.0,-137.5,0,0,0,0,0,0,0,0,1,0,-0.009,-0.07,1.0
2024,52667,윤도현,KIA,내야수,False,6,27,0.4074074074074074,0.407,0.593,1.0,0.186,0.588,0.431,156.3,1,8,5,11,2,0,0,0,9,1,-0.017,0.37,1.0
2025,52667,윤도현,KIA,내야수,False,40,149,0.2751677852348994,0.316,0.47,0.786,0.1949999999999999,0.327,0.345,116.0,6,17,24,41,7,2,8,1,36,2,-0.556,0.6,1.0
2026,52667,윤도현,KIA,내야수,False,28,64,0.171875,0.221,0.219,0.44,0.047,0.244,0.214,18.3,1,4,5,11,0,0,3,1,22,1,-0.485,-0.33,0.757
2022,52591,윤동희,롯데,외야수,False,4,13,0.1538461538461538,0.154,0.231,0.385,0.077,0.182,0.165,-21.0,0,1,1,2,1,0,0,0,2,0,-0.259,-0.18,1.0
2023,52591,윤동희,롯데,외야수,False,107,387,0.2868217054263566,0.333,0.354,0.687,0.067,0.34,0.313,89.4,2,41,45,111,18,1,28,1,69,3,-2.499,0.4,1.0
2024,52591,윤동희,롯데,외야수,True,141,532,0.2932330827067669,0.376,0.453,0.829,0.16,0.347,0.374,113.8,14,85,97,156,35,4,67,7,114,7,-0.382,3.5,1.0
2025,52591,윤동희,롯데,외야수,False,97,330,0.2818181818181818,0.386,0.433,0.819,0.151,0.321,0.365,121.9,9,53,54,93,21,1,49,11,65,4,-0.015,2.3,1.0
2026,52591,윤동희,롯데,외야수,False,65,224,0.2410714285714285,0.339,0.353,0.692,0.1119999999999999,0.316,0.323,84.0,4,21,24,54,13,0,29,4,62,0,-0.913,0.48,0.757
2020,62242,윤명준,두산,,False,1,0,0.0,0.0,0.0,0.0,0.0,0.0,0.0,0.0,0,0,0,0,0,0,0,0,0,0,0.0,0.0,1.0
2021,62242,윤명준,두산,,False,4,0,0.0,0.0,0.0,0.0,0.0,0.0,0.0,0.0,0,0,0,0,0,0,0,0,0,0,0.0,0.0,1.0
2022,62242,윤명준,두산,,False,1,0,0.0,0.0,0.0,0.0,0.0,0.0,0.0,0.0,0,0,0,0,0,0,0,0,0,0,0.0,0.0,1.0
2015,62016,윤병호,NC,,False,9,9,0.1111111111111111,0.111,0.111,0.222,0.0,0.2,0.202,0.0,0,0,0,1,0,0,0,0,4,0,-0.076,,1.0
2016,62016,윤병호,NC,,False,11,9,0.1111111111111111,0.111,0.444,0.555,0.333,0.0,0.217,0.0,1,3,3,1,0,0,0,0,3,0,-0.1,,1.0
2017,62016,윤병호,NC,,False,49,55,0.2,0.228,0.255,0.483,0.0549999999999999,0.244,0.229,29.9,0,2,11,11,3,0,2,0,10,2,-0.474,0.22,1.0
2018,62016,윤병호,NC,,False,14,33,0.1818181818181818,0.25,0.212,0.462,0.03,0.261,0.214,21.0,0,0,3,6,1,0,2,1,10,1,-0.148,-0.05,1.0
2025,69213,윤산흠,한화,투수,False,1,0,0.0,0.0,0.0,0.0,0.0,0.0,0.0,0.0,0,0,0,0,0,0,0,0,0,0,0.0,0.0,1.0
2010,75620,윤석민,KIA,,False,1,0,0.0,0.0,0.0,0.0,0.0,0.0,0.0,0.0,0,0,0,0,0,0,0,0,0,0,0.0,,1.0
2011,74215,윤석민,두산,,False,80,167,0.2874251497005988,0.36,0.407,0.767,0.12,0.331,0.345,0.0,4,19,18,48,8,0,17,2,30,0,0.0,,1.0
2012,74215,윤석민,두산,,False,109,289,0.2906574394463668,0.328,0.439,0.767,0.148,0.318,0.331,0.0,10,48,25,84,9,2,18,2,54,2,0.0,,1.0
2013,74215,윤석민,두산,,False,21,68,0.2941176470588235,0.342,0.456,0.798,0.162,0.346,0.348,0.0,2,8,12,20,5,0,4,1,14,2,0.0,,1.0
2014,74215,윤석민,넥센,,False,99,281,0.2669039145907473,0.314,0.416,0.73,0.1489999999999999,0.288,0.326,0.0,10,43,30,75,12,0,18,2,47,0,0.217,,1.0
2015,74215,윤석민,넥센,,False,108,361,0.2936288088642659,0.366,0.482,0.848,0.188,0.315,0.375,0.0,14,71,54,106,24,1,37,8,62,3,1.041,,1.0
2015,75620,윤석민,KIA,,False,4,0,0.0,0.0,0.0,0.0,0.0,0.0,0.0,0.0,0,0,0,0,0,0,0,0,0,0,0.0,,1.0
2016,74215,윤석민,넥센,,False,92,341,0.3343108504398827,0.42,0.545,0.965,0.211,0.342,0.414,0.0,19,80,72,114,15,0,46,9,50,2,2.235,,1.0
2017,74215,윤석민,KT,,True,142,538,0.312267657992565,0.357,0.483,0.84,0.1709999999999999,0.336,0.369,100.6,20,105,90,168,30,1,33,8,85,0,-0.294,2.93,1.0
2018,74215,윤석민,KT,,True,132,460,0.2760869565217391,0.337,0.448,0.785,0.172,0.288,0.347,79.4,19,60,58,127,22,0,40,4,69,4,-0.644,2.34,1.0
2018,75620,윤석민,KIA,,False,1,0,0.0,0.0,0.0,0.0,0.0,0.0,0.0,0.0,0,0,0,0,0,0,0,0,0,0,0.0,0.0,1.0
2019,74215,윤석민,KT,,False,63,169,0.2307692307692307,0.258,0.29,0.548,0.0589999999999999,0.255,0.25,36.8,2,17,4,39,4,0,7,0,24,0,-1.726,-0.55,1.0
2020,74215,윤석민,SK,,False,34,73,0.1917808219178082,0.211,0.342,0.553,0.15,0.186,0.247,26.0,3,12,4,14,2,0,2,0,12,0,-0.533,-0.47,1.0
2018,67588,윤성빈,롯데,투수,False,1,0,0.0,0.0,0.0,0.0,0.0,0.0,0.0,0.0,0,0,0,0,0,0,0,0,0,0,0.0,0.0,1.0
2025,67588,윤성빈,롯데,투수,False,1,0,0.0,0.0,0.0,0.0,0.0,0.0,0.0,0.0,0,0,0,0,0,0,0,0,0,0,0.0,0.0,1.0
2026,67588,윤성빈,롯데,투수,False,1,0,0.0,0.0,0.0,0.0,0.0,0.0,0.0,0.0,0,0,0,0,0,0,0,0,0,0,0.0,0.0,0.757
2010,74454,윤성환,삼성,,False,1,0,0.0,0.0,0.0,0.0,0.0,0.0,0.0,0.0,0,0,0,0,0,0,0,0,0,0,0.0,,1.0
2012,62537,윤수강,롯데,,False,15,6,0.1666666666666666,0.167,0.333,0.5,0.166,1.0,0.207,0.0,0,0,0,1,1,0,0,0,5,0,0.0,,1.0
2015,62537,윤수강,KT,,False,2,2,0.0,0.0,0.0,0.0,0.0,0.0,0.0,0.0,0,0,0,0,0,0,0,0,1,0,-0.005,,1.0
2018,62537,윤수강,NC,,False,44,73,0.1917808219178082,0.244,0.315,0.559,0.123,0.255,0.244,37.6,1,8,8,14,6,0,5,0,21,0,-0.443,-0.53,1.0
2019,62537,윤수강,NC,,False,2,4,0.25,0.25,0.25,0.5,0.0,0.333,0.225,30.4,0,0,0,1,0,0,0,0,1,0,0.014,-0.07,1.0
2020,62537,윤수강,NC,,False,4,4,0.25,0.25,0.25,0.5,0.0,0.5,0.225,23.7,0,0,0,1,0,0,0,0,2,0,-0.001,-0.03,1.0
2023,53505,윤수녕,롯데,외야수,False,3,4,0.25,0.25,0.25,0.5,0.0,0.333,0.225,25.6,0,1,0,1,0,0,0,0,1,0,-0.06,-0.03,1.0
2017,65064,윤수호,NC,,False,8,0,0.0,0.0,0.0,0.0,0.0,0.0,0.0,0.0,0,0,0,0,0,0,0,0,0,0,0.0,0.0,1.0
2019,61456,윤영삼,키움,,False,1,0,0.0,0.0,0.0,0.0,0.0,0.0,0.0,0.0,0,0,0,0,0,0,0,0,0,0,0.0,0.0,1.0
2015,65405,윤영수,삼성,,False,4,2,0.0,0.0,0.0,0.0,0.0,0.0,0.0,0.0,0,0,0,0,0,0,0,0,2,0,-0.033,,1.0
2010,78892,윤요섭,LG,,False,46,51,0.2941176470588235,0.339,0.294,0.633,0.0,0.417,0.288,0.0,0,9,4,15,0,0,2,2,16,1,0.0,,1.0
2011,78892,윤요섭,LG,,False,67,77,0.2207792207792207,0.33,0.455,0.785,0.234,0.235,0.336,0.0,5,18,8,17,3,0,13,0,22,0,0.0,,1.0
2012,78892,윤요섭,LG,,False,75,171,0.2982456140350877,0.374,0.374,0.748,0.076,0.36,0.342,0.0,2,19,17,51,7,0,16,6,35,3,0.0,,1.0
2013,78892,윤요섭,LG,,False,89,186,0.2043010752688172,0.306,0.274,0.58,0.07,0.236,0.266,0.0,1,30,20,38,8,1,23,6,32,2,0.0,,1.0
2014,78892,윤요섭,LG,,False,27,68,0.2205882352941176,0.25,0.279,0.529,0.058,0.278,0.23,0.0,0,2,4,15,4,0,2,1,15,0,-1.053,,1.0
2015,78892,윤요섭,KT,,False,74,148,0.2635135135135135,0.293,0.473,0.766,0.2089999999999999,0.294,0.35,0.0,9,28,17,39,4,0,6,1,39,0,-1.265,,1.0
2016,78892,윤요섭,KT,,False,66,126,0.238095238095238,0.356,0.429,0.785,0.191,0.25,0.353,0.0,6,16,14,30,6,0,20,3,24,1,-0.174,,1.0
2017,78892,윤요섭,KT,,False,22,39,0.2307692307692307,0.302,0.41,0.712,0.1789999999999999,0.233,0.312,63.4,2,6,6,9,1,0,4,0,7,0,-0.207,-0.06,1.0
2022,68463,윤정빈,삼성,외야수,False,13,10,0.0,0.0,0.0,0.0,0.0,0.0,0.0,-141.8,0,0,1,0,0,0,0,0,5,0,-0.109,-0.26,1.0
2023,68463,윤정빈,삼성,외야수,False,28,34,0.1470588235294117,0.326,0.235,0.561,0.088,0.19,0.281,63.7,1,3,5,5,0,0,7,2,12,1,0.022,-0.02,1.0
2024,68463,윤정빈,삼성,외야수,False,69,161,0.2857142857142857,0.378,0.453,0.831,0.167,0.358,0.391,123.0,7,20,26,46,4,1,22,3,47,1,1.018,1.14,1.0
2025,68463,윤정빈,삼성,외야수,False,25,40,0.175,0.239,0.2,0.439,0.025,0.292,0.207,11.9,0,3,3,7,1,0,4,0,18,0,-0.492,-0.23,1.0
2026,68463,윤정빈,삼성,외야수,False,1,3,0.0,0.0,0.0,0.0,0.0,0.0,0.0,-130.0,0,0,0,0,0,0,0,0,3,0,-0.033,-0.08,0.757
2011,61652,윤정우,KIA,,False,29,16,0.063,0.118,0.125,0.243,0.062,0.143,0.109,0.0,0,0,4,1,1,0,1,0,9,3,0.0,,1.0
2012,61652,윤정우,LG,,False,29,21,0.0952380952380952,0.095,0.095,0.19,0.0,0.143,0.13,0.0,0,0,4,2,0,0,0,0,7,4,0.0,,1.0
2016,61652,윤정우,KIA,,False,46,67,0.2985074626865671,0.4,0.463,0.863,0.164,0.353,0.407,0.0,2,13,20,20,5,0,5,7,15,6,-0.009,,1.0
2018,61652,윤정우,SK,,False,22,40,0.25,0.302,0.375,0.677,0.125,0.281,0.3,66.2,1,2,6,10,2,0,2,1,7,2,-0.063,-0.11,1.0
2020,69399,윤정현,키움,,False,2,0,0.0,0.0,0.0,0.0,0.0,0.0,0.0,0.0,0,0,0,0,0,0,0,0,0,0,0.0,0.0,1.0
2021,69399,윤정현,키움,,False,1,0,0.0,0.0,0.0,0.0,0.0,0.0,0.0,0.0,0,0,0,0,0,0,0,0,0,0,0.0,0.0,1.0
2023,69399,윤정현,키움,,False,3,0,0.0,0.0,0.0,0.0,0.0,0.0,0.0,0.0,0,0,0,0,0,0,0,0,0,0,0.0,0.0,1.0
2024,69399,윤정현,키움,,False,1,0,0.0,0.0,0.0,0.0,0.0,0.0,0.0,0.0,0,0,0,0,0,0,0,0,0,0,0.0,0.0,1.0
2024,50092,윤준혁,KT,내야수,False,13,17,0.1764705882352941,0.222,0.294,0.516,0.118,0.273,0.228,23.0,0,0,3,3,2,0,1,0,6,0,-0.088,-0.17,1.0
2025,50092,윤준혁,KT,내야수,False,28,17,0.0588235294117647,0.059,0.118,0.177,0.059,0.083,0.069,-85.4,0,0,4,1,1,0,0,0,5,1,-0.269,-0.26,1.0
2026,50092,윤준혁,NC,내야수,False,3,4,0.25,0.25,0.5,0.75,0.25,0.25,0.31,80.1,0,0,1,1,1,0,0,0,0,0,-0.034,0.0,0.757
2024,53296,윤준호,두산,포수,False,3,4,0.25,0.25,0.25,0.5,0.0,0.333,0.225,26.4,0,1,1,1,0,0,0,0,1,0,0.003,-0.02,1.0
2026,53296,윤준호,두산,포수,False,80,136,0.2279411764705882,0.285,0.331,0.616,0.103,0.277,0.274,62.7,3,12,17,31,5,0,10,2,35,0,-0.841,0.01,0.757
2023,68619,윤중현,KIA,투수,False,1,0,0.0,0.0,0.0,0.0,0.0,0.0,0.0,0.0,0,0,0,0,0,0,0,0,0,0,0.0,0.0,1.0
2011,79869,윤중환,SK,,False,5,2,0.0,0.0,0.0,0.0,0.0,0.0,0.0,0.0,0,0,0,0,0,0,0,0,0,0,0.0,,1.0
2015,79869,윤중환,SK,,False,15,25,0.24,0.321,0.36,0.681,0.12,0.278,0.308,0.0,1,4,1,6,0,0,3,0,6,0,0.027,,1.0
2014,61329,윤지웅,LG,,False,1,0,0.0,0.0,0.0,0.0,0.0,0.0,0.0,0.0,0,0,0,0,0,0,0,0,0,0,0.0,,1.0
2016,61329,윤지웅,LG,,False,1,0,0.0,0.0,0.0,0.0,0.0,0.0,0.0,0.0,0,0,0,0,0,0,0,0,0,0,0.0,,1.0
2017,61329,윤지웅,LG,,False,1,0,0.0,0.0,0.0,0.0,0.0,0.0,0.0,0.0,0,0,0,0,0,0,0,0,0,0,0.0,0.0,1.0
2019,61329,윤지웅,NC,,False,1,0,0.0,0.0,0.0,0.0,0.0,0.0,0.0,0.0,0,0,0,0,0,0,0,0,0,0,0.0,0.0,1.0
2010,79198,윤진호,LG,,False,17,6,0.0,0.0,0.0,0.0,0.0,0.0,0.0,0.0,0,0,1,0,0,0,0,0,2,0,0.0,,1.0
2011,79198,윤진호,LG,,False,75,88,0.1590909090909091,0.213,0.205,0.418,0.0459999999999999,0.226,0.185,0.0,0,2,11,14,4,0,6,0,26,2,0.0,,1.0
2012,79198,윤진호,LG,,False,22,12,0.0833333333333333,0.154,0.083,0.237,0.0,0.125,0.125,0.0,0,0,3,1,0,0,1,0,4,1,0.0,,1.0
2015,79198,윤진호,LG,,False,30,12,0.0833333333333333,0.083,0.083,0.166,0.0,0.111,0.14,0.0,0,1,3,1,0,0,0,0,3,1,0.154,,1.0
2016,79198,윤진호,LG,,False,34,21,0.1904761904761904,0.19,0.19,0.38,0.0,0.267,0.157,0.0,0,0,3,4,0,0,0,0,6,1,0.083,,1.0
2017,79198,윤진호,LG,,False,14,3,0.3333333333333333,0.333,0.333,0.666,0.0,0.5,0.3,86.5,0,1,1,1,0,0,0,0,1,0,-0.133,0.02,1.0
2018,79198,윤진호,LG,,False,102,53,0.2075471698113207,0.263,0.264,0.527,0.056,0.282,0.242,50.3,0,4,13,11,3,0,2,2,14,0,-0.81,-0.41,1.0
2019,79198,윤진호,LG,,False,106,59,0.1016949152542373,0.117,0.186,0.303,0.084,0.111,0.127,-23.9,1,5,6,6,2,0,1,0,13,1,-0.968,-0.68,1.0
2026,52202,윤태호,두산,투수,False,1,0,0.0,0.0,0.0,0.0,0.0,0.0,0.0,0.0,0,0,0,0,0,0,0,0,0,0,0.0,0.0,0.757
2012,62668,윤해진,KIA,,False,68,90,0.2666666666666666,0.327,0.289,0.616,0.0219999999999999,0.353,0.278,0.0,0,6,17,24,2,0,6,2,22,5,0.0,,1.0
2013,62668,윤해진,KIA,,False,47,54,0.1481481481481481,0.193,0.167,0.36,0.019,0.205,0.165,0.0,0,4,11,8,1,0,2,1,15,3,0.0,,1.0
2014,62668,윤해진,KIA,,False,5,2,1.0,1.0,1.0,2.0,0.0,1.0,0.84,0.0,0,0,0,2,0,0,1,0,0,0,0.001,,1.0
2015,62668,윤해진,KIA,,False,28,35,0.1714285714285714,0.189,0.286,0.475,0.1149999999999999,0.185,0.223,0.0,1,2,4,6,1,0,0,1,8,0,-0.159,,1.0
2016,62668,윤해진,KIA,,False,34,30,0.1666666666666666,0.212,0.267,0.479,0.1,0.167,0.206,0.0,1,2,5,5,0,0,2,0,6,0,-0.318,,1.0
2019,62668,윤해진,KIA,,False,2,3,0.0,0.0,0.0,0.0,0.0,0.0,0.0,-136.9,0,0,0,0,0,0,0,0,1,0,-0.021,-0.07,1.0
2018,63905,윤형준,LG,,False,11,23,0.217391304347826,0.217,0.261,0.478,0.044,0.357,0.21,30.2,0,3,0,5,1,0,0,0,9,0,-0.138,-0.14,1.0
2021,63905,윤형준,NC,,False,51,74,0.2972972972972973,0.321,0.5,0.821,0.203,0.321,0.347,106.2,5,10,10,22,0,0,3,0,17,0,-0.712,0.02,1.0
2022,63905,윤형준,NC,,False,35,67,0.208955223880597,0.232,0.269,0.501,0.06,0.289,0.237,36.6,1,5,5,14,1,0,1,1,21,1,-0.871,-0.26,1.0
2023,63905,윤형준,NC,,False,82,218,0.2522935779816513,0.291,0.385,0.676,0.133,0.316,0.296,78.9,5,27,17,55,12,1,10,3,58,1,-0.973,0.24,1.0
2021,63961,윤호솔,한화,,False,1,0,0.0,0.0,0.0,0.0,0.0,0.0,0.0,0.0,0,0,0,0,0,0,0,0,0,0,0.0,0.0,1.0
2022,63961,윤호솔,한화,,False,1,0,0.0,0.0,0.0,0.0,0.0,0.0,0.0,0.0,0,0,0,0,0,0,0,0,0,0,0.0,0.0,1.0
2010,79653,윤효섭,KIA,,False,1,2,0.0,0.0,0.0,0.0,0.0,0.0,0.0,0.0,0,0,0,0,0,0,0,0,0,0,0.0,,1.0
2018,74838,윤희상,SK,,False,1,0,0.0,0.0,0.0,0.0,0.0,0.0,0.0,0.0,0,0,0,0,0,0,0,0,0,0,0.0,0.0,1.0
2026,56006,이강민,KT,내야수,False,56,151,0.1854304635761589,0.23,0.192,0.422,0.007,0.255,0.208,11.3,0,15,13,28,1,0,8,1,42,0,-0.932,-1.13,0.757
2020,50819,이거연,SK,,False,8,8,0.125,0.3,0.125,0.425,0.0,0.5,0.234,23.3,0,0,1,1,0,0,2,0,6,0,-0.012,-0.06,1.0
2016,64861,이건욱,SK,투수,False,1,0,0.0,0.0,0.0,0.0,0.0,0.0,0.0,0.0,0,0,0,0,0,0,0,0,0,0,0.0,,1.0
2023,64861,이건욱,SSG,투수,False,1,0,0.0,0.0,0.0,0.0,0.0,0.0,0.0,0.0,0,0,0,0,0,0,0,0,0,0,0.0,0.0,1.0
2026,64861,이건욱,SSG,투수,False,1,0,0.0,0.0,0.0,0.0,0.0,0.0,0.0,0.0,0,0,0,0,0,0,0,0,0,0,0.0,0.0,0.757
2021,69205,이교훈,두산,투수,False,2,0,0.0,0.0,0.0,0.0,0.0,0.0,0.0,0.0,0,0,0,0,0,0,0,0,0,0,0.0,0.0,1.0
2024,69205,이교훈,두산,투수,False,5,0,0.0,0.0,0.0,0.0,0.0,0.0,0.0,0.0,0,0,0,0,0,0,0,0,0,0,0.0,0.0,1.0
2026,52868,이기순,SSG,투수,False,1,0,0.0,0.0,0.0,0.0,0.0,0.0,0.0,0.0,0,0,0,0,0,0,0,0,0,0,0.0,0.0,0.757
2010,72860,이대수,한화,,True,125,375,0.232,0.29,0.328,0.618,0.096,0.255,0.276,0.0,7,37,33,87,13,1,26,6,57,2,0.0,,1.0
2011,72860,이대수,한화,,True,122,366,0.3005464480874317,0.36,0.426,0.786,0.125,0.342,0.344,0.0,8,50,46,110,16,3,31,5,64,8,0.0,,1.0
2012,72860,이대수,한화,,True,118,376,0.2792553191489361,0.328,0.394,0.722,0.1149999999999999,0.316,0.312,0.0,4,48,36,105,23,4,27,3,57,5,0.0,,1.0
2013,72860,이대수,한화,,True,122,390,0.2564102564102564,0.33,0.356,0.686,0.0999999999999999,0.319,0.308,0.0,4,42,54,100,23,2,38,6,88,11,0.0,,1.0
2014,72860,이대수,SK,,False,15,25,0.16,0.25,0.16,0.41,0.0,0.2,0.207,0.0,0,2,1,4,0,0,2,1,5,0,-0.532,,1.0
2015,72860,이대수,SK,,False,36,72,0.2638888888888889,0.325,0.389,0.714,0.125,0.354,0.305,0.0,2,12,9,19,3,0,6,1,23,0,-0.613,,1.0
2016,72860,이대수,SK,,False,14,12,0.0,0.133,0.0,0.133,0.0,0.0,0.096,0.0,0,2,0,0,0,0,2,0,3,0,-0.26,,1.0
2017,72860,이대수,SK,,False,58,105,0.2761904761904762,0.35,0.343,0.693,0.067,0.341,0.307,77.5,0,4,18,29,5,1,10,2,20,3,-0.148,0.51,1.0
2018,72860,이대수,SK,,False,4,5,0.2,0.2,0.4,0.6,0.2,0.333,0.207,17.7,0,0,1,1,1,0,0,0,2,0,-0.012,-0.03,1.0
2019,67008,이대은,KT,,False,4,0,0.0,0.0,0.0,0.0,0.0,0.0,0.0,0.0,0,0,0,0,0,0,0,0,0,0,0.0,0.0,1.0
2020,67008,이대은,KT,,False,2,0,0.0,0.0,0.0,0.0,0.0,0.0,0.0,0.0,0,0,0,0,0,0,0,0,0,0,0.0,0.0,1.0
2021,67008,이대은,KT,,False,1,0,0.0,0.0,0.0,0.0,0.0,0.0,0.0,0.0,0,0,0,0,0,0,0,0,0,0,0.0,0.0,1.0
2010,73153,이대형,LG,,True,130,494,0.2611336032388664,0.341,0.304,0.645,0.0429999999999999,0.306,0.313,0.0,1,43,73,129,14,2,58,2,76,66,0.0,,1.0
2011,73153,이대형,LG,,False,104,354,0.2485875706214689,0.31,0.316,0.626,0.067,0.315,0.287,0.0,1,24,56,88,11,5,30,2,78,34,0.0,,1.0
2012,73153,이대형,LG,,False,101,258,0.1782945736434108,0.253,0.236,0.489,0.0579999999999999,0.22,0.221,0.0,1,19,32,46,4,4,25,1,53,25,0.0,,1.0
2013,73153,이대형,LG,,False,102,177,0.2372881355932203,0.312,0.294,0.606,0.0569999999999999,0.308,0.277,0.0,1,10,36,42,5,1,19,1,45,13,0.0,,1.0
2014,73153,이대형,KIA,,True,126,461,0.3232104121475054,0.372,0.401,0.773,0.078,0.365,0.357,0.0,1,40,75,149,15,9,35,2,57,22,-0.352,,1.0
2015,73153,이대형,KT,,True,140,546,0.3021978021978022,0.37,0.355,0.725,0.0529999999999999,0.363,0.335,0.0,0,37,86,165,23,3,53,6,92,44,1.125,,1.0
2016,73153,이대형,KT,,True,143,600,0.32,0.368,0.358,0.726,0.0379999999999999,0.375,0.338,0.0,1,42,89,192,14,3,44,2,90,37,-0.306,,1.0
2017,73153,이대형,KT,,False,100,337,0.2670623145400593,0.315,0.309,0.624,0.0419999999999999,0.317,0.305,57.6,0,24,51,90,8,3,24,0,54,23,-1.607,-0.33,1.0
2018,73153,이대형,KT,,False,1,1,0.0,0.0,0.0,0.0,0.0,0.0,0.0,-129.8,0,0,0,0,0,0,0,0,1,0,-0.002,-0.03,1.0
2019,73153,이대형,KT,,False,18,14,0.1428571428571428,0.316,0.214,0.53,0.071,0.2,0.264,48.2,0,4,2,2,1,0,4,0,5,0,-0.114,-0.04,1.0
2010,71564,이대호,롯데,,True,127,478,0.3640167364016736,0.444,0.667,1.111,0.303,0.361,0.473,0.0,44,133,99,174,13,0,61,10,77,0,0.0,,1.0
2011,71564,이대호,롯데,,True,133,493,0.356997971602434,0.433,0.578,1.011,0.2209999999999999,0.362,0.435,0.0,27,113,76,176,26,1,63,8,60,2,0.0,,1.0
2017,71564,이대호,롯데,,True,142,540,0.3203703703703703,0.391,0.533,0.924,0.213,0.327,0.396,106.4,34,111,73,173,13,0,50,15,84,1,2.311,3.54,1.0
2018,71564,이대호,롯데,,True,144,543,0.3333333333333333,0.394,0.593,0.987,0.2599999999999999,0.331,0.428,125.4,37,125,81,181,30,0,43,14,75,0,2.596,5.27,1.0
2019,71564,이대호,롯데,,True,135,485,0.2845360824742268,0.355,0.435,0.79,0.15,0.297,0.35,103.2,16,88,48,138,23,1,47,10,65,0,-1.049,2.71,1.0
2020,71564,이대호,롯데,,True,144,542,0.2915129151291513,0.354,0.452,0.806,0.16,0.297,0.357,93.8,20,110,67,158,27,0,53,5,68,1,1.834,2.69,1.0
2021,71564,이대호,롯데,,True,114,420,0.2857142857142857,0.342,0.448,0.79,0.162,0.283,0.345,102.5,19,81,39,120,11,0,34,5,50,0,0.005,1.8,1.0
2022,71564,이대호,롯데,,True,142,540,0.3314814814814815,0.379,0.502,0.881,0.1709999999999999,0.334,0.387,138.7,23,101,53,179,23,0,43,2,56,0,-0.32,4.86,1.0
2018,65703,이도윤,한화,내야수,False,2,1,0.0,0.0,0.0,0.0,0.0,0.0,0.0,-125.4,0,0,1,0,0,0,0,0,0,0,-0.001,-0.03,1.0
2020,65703,이도윤,한화,내야수,False,14,24,0.2083333333333333,0.24,0.25,0.49,0.042,0.278,0.222,24.9,0,1,3,5,1,0,1,0,6,0,-0.277,-0.11,1.0
2021,65703,이도윤,한화,내야수,False,56,63,0.1746031746031746,0.224,0.175,0.399,0.0,0.244,0.201,11.4,0,2,5,11,0,0,4,0,18,1,-0.685,-0.64,1.0
2022,65703,이도윤,한화,내야수,False,80,113,0.1592920353982301,0.213,0.248,0.461,0.089,0.205,0.209,16.5,1,8,9,18,7,0,8,0,30,3,-1.719,-1.0,1.0
2023,65703,이도윤,한화,내야수,False,106,309,0.2524271844660194,0.302,0.317,0.619,0.065,0.304,0.278,67.8,1,13,36,78,13,2,18,4,55,11,-2.204,0.59,1.0
2024,65703,이도윤,한화,내야수,False,134,336,0.2767857142857143,0.332,0.333,0.665,0.0559999999999999,0.326,0.314,81.8,1,46,49,93,10,3,26,3,56,6,-1.203,0.8,1.0
2025,65703,이도윤,한화,내야수,False,113,250,0.26,0.296,0.34,0.636,0.08,0.32,0.281,64.8,1,36,37,65,11,3,11,3,52,1,-1.259,0.24,1.0
2026,65703,이도윤,한화,내야수,True,93,296,0.2871621621621621,0.328,0.378,0.706,0.091,0.332,0.326,89.0,2,34,36,85,15,3,17,3,48,3,-0.87,1.23,0.757
2010,93225,이도형,한화,,False,27,86,0.2906976744186046,0.354,0.453,0.807,0.162,0.292,0.373,0.0,4,13,8,25,2,0,7,2,11,0,0.0,,1.0
2026,56708,이도훈,한화,외야수,False,4,0,0.0,0.0,0.0,0.0,0.0,0.0,0.0,0.0,0,0,2,0,0,0,0,0,0,0,0.0,0.0,0.757
2013,77452,이동걸,삼성,,False,1,0,0.0,0.0,0.0,0.0,0.0,0.0,0.0,0.0,0,0,0,0,0,0,0,0,0,0,0.0,,1.0
2017,77452,이동걸,한화,,False,1,0,0.0,0.0,0.0,0.0,0.0,0.0,0.0,0.0,0,0,0,0,0,0,0,0,0,0,0.0,0.0,1.0
2018,77452,이동걸,한화,,False,1,0,0.0,0.0,0.0,0.0,0.0,0.0,0.0,0.0,0,0,0,0,0,0,0,0,0,0,0.0,0.0,1.0
2010,74620,이동현,한화,,False,3,0,0.0,0.0,0.0,0.0,0.0,0.0,0.0,0.0,0,0,0,0,0,0,0,0,0,0,0.0,,1.0
2012,71118,이동현,LG,,False,3,0,0.0,0.0,0.0,0.0,0.0,0.0,0.0,0.0,0,0,0,0,0,0,0,0,0,0,0.0,,1.0
2014,71118,이동현,LG,,False,2,0,0.0,0.0,0.0,0.0,0.0,0.0,0.0,0.0,0,0,0,0,0,0,0,0,0,0,0.0,,1.0
2015,71118,이동현,LG,,False,4,0,0.0,0.0,0.0,0.0,0.0,0.0,0.0,0.0,0,0,0,0,0,0,0,0,0,0,0.0,,1.0
2017,71118,이동현,LG,,False,1,0,0.0,0.0,0.0,0.0,0.0,0.0,0.0,0.0,0,0,0,0,0,0,0,0,0,0,0.0,0.0,1.0
2013,63606,이동훈,KIA,,False,13,24,0.1666666666666666,0.31,0.167,0.477,0.0,0.235,0.271,0.0,0,2,3,4,0,0,5,0,7,0,0.0,,1.0
2010,77242,이두환,두산,,False,13,25,0.32,0.367,0.48,0.847,0.1599999999999999,0.368,0.359,0.0,1,6,2,8,1,0,2,1,7,1,0.0,,1.0
2024,53892,이로운,SSG,투수,False,3,0,0.0,0.0,0.0,0.0,0.0,0.0,0.0,0.0,0,0,0,0,0,0,0,0,0,0,0.0,0.0,1.0
2025,53892,이로운,SSG,투수,False,1,0,0.0,0.0,0.0,0.0,0.0,0.0,0.0,0.0,0,0,0,0,0,0,0,0,0,0,0.0,0.0,1.0
2026,53892,이로운,SSG,투수,False,2,0,0.0,0.0,0.0,0.0,0.0,0.0,0.0,0.0,0,0,0,0,0,0,0,0,0,0,0.0,0.0,0.757
2010,76849,이명기,SK,,False,4,4,0.25,0.4,0.25,0.65,0.0,0.25,0.33,0.0,0,0,1,1,0,0,0,1,0,0,0.0,,1.0
2013,76849,이명기,SK,,False,26,100,0.34,0.391,0.44,0.831,0.0999999999999999,0.423,0.363,0.0,1,11,21,34,3,2,9,0,22,6,0.0,,1.0
2014,76849,이명기,SK,,False,83,285,0.3684210526315789,0.414,0.47,0.884,0.1019999999999999,0.432,0.389,0.0,4,28,54,105,13,2,21,1,47,8,1.462,,1.0
2015,76849,이명기,SK,,True,137,521,0.3147792706333973,0.368,0.397,0.765,0.082,0.369,0.352,0.0,3,35,88,164,30,2,35,11,86,22,-0.809,,1.0
2016,76849,이명기,SK,,False,99,287,0.2717770034843205,0.332,0.334,0.666,0.062,0.307,0.3,0.0,1,22,29,78,7,4,23,4,37,14,-1.85,,1.0
2017,76849,이명기,KIA,,True,115,464,0.3318965517241379,0.371,0.459,0.83,0.127,0.362,0.368,109.8,9,63,79,154,24,4,28,3,57,8,-0.598,2.43,1.0
2018,76849,이명기,KIA,,True,120,447,0.3020134228187919,0.363,0.418,0.781,0.1159999999999999,0.345,0.346,93.0,4,42,88,135,28,6,40,3,64,12,-1.031,1.86,1.0
2019,76849,이명기,NC,,True,139,484,0.2933884297520661,0.359,0.353,0.712,0.06,0.333,0.332,107.1,2,36,62,142,17,3,48,4,66,14,-2.572,2.41,1.0
2020,76849,이명기,NC,,True,136,477,0.3060796645702306,0.374,0.369,0.743,0.063,0.359,0.351,106.9,2,45,82,146,18,3,50,4,78,12,-0.834,3.19,1.0
2021,76849,이명기,NC,,False,56,191,0.2931937172774869,0.41,0.387,0.797,0.094,0.333,0.374,128.8,2,14,30,56,12,0,37,1,27,6,0.459,1.78,1.0
2022,76849,이명기,NC,,False,94,300,0.26,0.331,0.317,0.648,0.0569999999999999,0.317,0.295,80.9,0,23,36,78,13,2,30,3,56,5,-2.733,0.14,1.0
2023,76849,이명기,한화,,False,14,40,0.175,0.214,0.2,0.414,0.025,0.226,0.214,21.8,0,5,2,7,1,0,2,0,9,1,-0.47,-0.29,1.0
2024,76849,이명기,한화,,False,4,7,0.0,0.0,0.0,0.0,0.0,0.0,0.0,-121.3,0,1,0,0,0,0,0,0,3,0,-0.085,-0.21,1.0
2012,72535,이명우,롯데,,False,1,0,0.0,0.0,0.0,0.0,0.0,0.0,0.0,0.0,0,0,0,0,0,0,0,0,0,0,0.0,,1.0
2017,72535,이명우,롯데,,False,1,0,0.0,0.0,0.0,0.0,0.0,0.0,0.0,0.0,0,0,0,0,0,0,0,0,0,0,0.0,0.0,1.0
2023,52397,이명종,키움,투수,False,3,0,0.0,0.0,0.0,0.0,0.0,0.0,0.0,0.0,0,0,0,0,0,0,0,0,0,0,0.0,0.0,1.0
2013,78694,이명환,NC,,False,5,9,0.1111111111111111,0.111,0.111,0.222,0.0,0.143,0.1,0.0,0,0,0,1,0,0,0,0,2,0,0.0,,1.0
2018,65616,이민우,KIA,투수,False,1,0,0.0,0.0,0.0,0.0,0.0,0.0,0.0,0.0,0,0,0,0,0,0,0,0,0,0,0.0,0.0,1.0
2019,65616,이민우,KIA,투수,False,1,0,0.0,0.0,0.0,0.0,0.0,0.0,0.0,0.0,0,0,0,0,0,0,0,0,0,0,0.0,0.0,1.0
2026,65616,이민우,한화,투수,False,2,0,0.0,0.0,0.0,0.0,0.0,0.0,0.0,0.0,0,0,0,0,0,0,0,0,0,0,0.0,0.0,0.757
2012,61194,이민재,LG,외야수,False,7,14,0.0714285714285714,0.071,0.071,0.142,0.0,0.1,0.064,0.0,0,0,0,1,0,0,0,0,4,0,0.0,,1.0
2015,61194,이민재,LG,외야수,False,28,30,0.2666666666666666,0.303,0.3,0.603,0.0329999999999999,0.348,0.265,0.0,0,4,6,8,1,0,1,1,8,0,-0.089,,1.0
2025,55710,이민재,한화,외야수,False,3,4,0.0,0.0,0.0,0.0,0.0,0.0,0.0,-133.9,0,0,0,0,0,0,0,0,1,0,-0.13,-0.1,1.0
2023,53795,이민준,한화,내야수,False,4,1,0.0,0.5,0.0,0.5,0.0,0.0,0.36,128.9,0,0,0,0,0,0,1,0,0,0,0.03,0.02,1.0
2011,70756,이범호,KIA,,False,101,318,0.3018867924528302,0.44,0.528,0.968,0.226,0.316,0.424,0.0,17,77,63,96,21,0,75,7,56,2,0.0,,1.0
2012,70756,이범호,KIA,,False,42,140,0.2928571428571428,0.404,0.386,0.79,0.093,0.331,0.361,0.0,2,19,13,41,7,0,27,1,23,1,0.0,,1.0
2013,70756,이범호,KIA,,True,122,436,0.2477064220183486,0.35,0.452,0.802,0.204,0.249,0.348,0.0,24,73,56,108,17,0,62,9,79,0,0.0,,1.0
2014,70756,이범호,KIA,,True,105,350,0.2685714285714285,0.36,0.497,0.857,0.2279999999999999,0.305,0.371,0.0,19,82,47,94,23,0,41,11,89,2,1.528,,1.0
2015,70756,이범호,KIA,,True,138,437,0.2700228832951945,0.372,0.519,0.891,0.249,0.28,0.388,0.0,28,79,60,118,25,0,57,16,91,3,2.133,,1.0
2016,70756,이범호,KIA,,True,138,484,0.3099173553719008,0.391,0.562,0.953,0.252,0.292,0.407,0.0,33,108,93,150,23,0,60,9,57,1,3.951,,1.0
2017,70756,이범호,KIA,,True,115,382,0.2722513089005235,0.365,0.505,0.87,0.2329999999999999,0.28,0.376,111.1,25,89,57,104,14,0,52,7,81,0,1.314,2.14,1.0
2018,70756,이범호,KIA,,False,101,332,0.2801204819277108,0.366,0.482,0.848,0.2019999999999999,0.286,0.373,108.8,20,69,41,93,7,0,42,4,59,1,0.247,1.77,1.0
2019,70756,이범호,KIA,,False,19,26,0.2307692307692307,0.29,0.385,0.675,0.154,0.208,0.289,77.3,1,5,1,6,1,0,3,0,3,0,-0.342,0.01,1.0
2010,97109,이병규,LG,,True,117,404,0.2896039603960396,0.345,0.396,0.741,0.106,0.31,0.336,0.0,9,64,49,117,14,1,36,1,53,3,0.0,,1.0
2010,76100,이병규,LG,,False,103,307,0.2996742671009772,0.389,0.479,0.868,0.179,0.333,0.384,0.0,12,53,57,92,17,1,44,3,58,5,0.0,,1.0
2011,97109,이병규,LG,,True,127,485,0.3381443298969072,0.375,0.487,0.862,0.1489999999999999,0.349,0.384,0.0,16,75,64,164,24,0,28,2,47,2,0.0,,1.0
2011,76100,이병규,LG,,False,33,88,0.25,0.387,0.42,0.807,0.1699999999999999,0.333,0.359,0.0,4,14,13,22,3,0,20,1,32,1,0.0,,1.0
2012,97109,이병규,LG,,True,118,420,0.3,0.333,0.4,0.733,0.1,0.333,0.332,0.0,5,41,52,126,25,1,22,2,58,5,0.0,,1.0
2012,76100,이병규,LG,,False,69,223,0.3183856502242152,0.435,0.422,0.857,0.1039999999999999,0.413,0.392,0.0,2,21,23,71,17,0,43,3,54,8,0.0,,1.0
2013,97109,이병규,LG,,True,98,374,0.3475935828877005,0.384,0.455,0.839,0.107,0.377,0.37,0.0,5,74,39,130,19,3,22,2,40,2,0.0,,1.0
2013,76100,이병규,LG,,False,73,172,0.2906976744186046,0.393,0.372,0.765,0.081,0.39,0.35,0.0,2,26,24,50,6,1,26,3,47,1,0.0,,1.0
2014,76100,이병규,LG,,True,116,360,0.3055555555555556,0.423,0.533,0.956,0.227,0.343,0.412,0.0,16,87,66,110,28,3,74,5,78,5,4.172,,1.0
2014,97109,이병규,LG,,False,62,195,0.2512820512820513,0.288,0.313,0.601,0.062,0.273,0.273,0.0,2,25,23,49,6,0,8,2,21,1,-0.596,,1.0
2015,76100,이병규,LG,,False,70,230,0.2434782608695652,0.37,0.448,0.818,0.205,0.326,0.358,0.0,12,35,42,56,9,1,43,3,83,2,-0.254,,1.0
2015,97109,이병규,LG,,False,54,96,0.21875,0.255,0.323,0.578,0.104,0.256,0.263,0.0,1,9,3,21,7,0,5,0,18,0,-0.908,,1.0
2016,97109,이병규,LG,,False,1,1,1.0,1.0,1.0,2.0,0.0,1.0,0.9,0.0,0,0,0,1,0,0,0,0,0,0,-0.025,,1.0
2016,76100,이병규,LG,,False,103,290,0.2724137931034482,0.389,0.4,0.789,0.128,0.351,0.362,0.0,7,37,43,79,12,2,47,10,81,8,0.9,,1.0
2017,76100,이병규,LG,,False,19,44,0.2045454545454545,0.271,0.25,0.521,0.045,0.3,0.262,59.1,0,5,5,9,0,1,4,0,14,0,-0.236,-0.33,1.0
2018,76100,이병규,롯데,,False,103,198,0.2727272727272727,0.432,0.49,0.922,0.2169999999999999,0.333,0.41,119.9,10,39,31,54,11,1,50,7,58,0,1.445,2.15,1.0
2019,76100,이병규,롯데,,False,8,19,0.1578947368421052,0.273,0.263,0.536,0.105,0.25,0.253,37.9,0,0,1,3,2,0,2,1,7,0,-0.284,-0.07,1.0
2020,76100,이병규,롯데,,False,53,164,0.274390243902439,0.381,0.463,0.844,0.189,0.356,0.382,116.7,9,32,28,45,4,0,28,1,55,0,0.559,1.46,1.0
2021,76100,이병규,롯데,,False,29,34,0.2352941176470588,0.395,0.235,0.63,0.0,0.4,0.319,89.2,0,4,4,8,0,0,8,1,14,0,-0.169,0.08,1.0
2022,67363,이병규,키움,,False,24,38,0.1842105263157894,0.225,0.263,0.488,0.079,0.259,0.242,37.7,0,5,7,7,1,1,2,0,11,1,-0.45,-0.18,1.0
2023,67363,이병규,키움,,False,7,17,0.2352941176470588,0.235,0.235,0.47,0.0,0.308,0.212,18.7,0,2,3,4,0,0,0,0,4,0,-0.237,-0.08,1.0
2022,69428,이병헌,삼성,포수,False,3,4,0.75,0.75,1.0,1.75,0.25,1.0,0.76,420.9,0,1,1,3,1,0,0,0,1,0,0.063,0.21,1.0
2023,69428,이병헌,삼성,포수,False,23,28,0.1428571428571428,0.219,0.143,0.362,0.0,0.222,0.202,8.9,0,2,3,4,0,0,3,0,11,0,-0.454,-0.15,1.0
2024,69428,이병헌,삼성,포수,False,95,145,0.2482758620689655,0.335,0.297,0.632,0.0489999999999999,0.365,0.292,63.6,1,9,9,36,4,0,17,2,48,0,-0.786,0.04,1.0
2024,52204,이병헌,두산,투수,False,1,0,0.0,0.0,0.0,0.0,0.0,0.0,0.0,0.0,0,0,0,0,0,0,0,0,0,0,0.0,0.0,1.0
2025,69428,이병헌,삼성,포수,False,55,55,0.2,0.254,0.309,0.563,0.1089999999999999,0.244,0.252,41.9,1,7,5,11,3,0,3,1,13,0,0.002,-0.2,1.0
2026,52204,이병헌,두산,투수,False,1,0,0.0,0.0,0.0,0.0,0.0,0.0,0.0,0.0,0,0,0,0,0,0,0,0,0,0,0.0,0.0,0.757
2026,69428,이병헌,삼성,포수,False,1,0,0.0,0.0,0.0,0.0,0.0,0.0,0.0,0.0,0,0,0,0,0,0,0,0,0,0,0.0,0.0,0.757
2010,75342,이보근,넥센,,False,1,0,0.0,0.0,0.0,0.0,0.0,0.0,0.0,0.0,0,0,0,0,0,0,0,0,0,0,0.0,,1.0
2020,75342,이보근,KT,,False,1,0,0.0,0.0,0.0,0.0,0.0,0.0,0.0,0.0,0,0,0,0,0,0,0,0,0,0,0.0,0.0,1.0
2013,63737,이브랜드,한화,,False,1,1,0.0,0.0,0.0,0.0,0.0,0.0,0.0,0.0,0,0,0,0,0,0,0,0,1,0,0.0,,1.0
2021,65117,이상규,LG,투수,False,3,0,0.0,0.0,0.0,0.0,0.0,0.0,0.0,0.0,0,0,0,0,0,0,0,0,0,0,0.0,0.0,1.0
2023,69054,이상동,KT,투수,False,1,0,0.0,0.0,0.0,0.0,0.0,0.0,0.0,0.0,0,0,0,0,0,0,0,0,0,0,0.0,0.0,1.0
2025,69054,이상동,KT,투수,False,2,0,0.0,0.0,0.0,0.0,0.0,0.0,0.0,0.0,0,0,0,0,0,0,0,0,0,0,0.0,0.0,1.0
2022,63960,이상민,삼성,,False,1,0,0.0,0.0,0.0,0.0,0.0,0.0,0.0,0.0,0,0,0,0,0,0,0,0,0,0,0.0,0.0,1.0
2023,63960,이상민,삼성,,False,1,1,0.0,0.0,0.0,0.0,0.0,0.0,0.0,0.0,0,0,0,0,0,0,0,0,0,0,-0.005,0.0,1.0
2024,63960,이상민,삼성,,False,1,0,0.0,0.0,0.0,0.0,0.0,0.0,0.0,0.0,0,0,0,0,0,0,0,0,0,0,0.0,0.0,1.0
2010,96720,이상열,LG,,False,1,0,0.0,0.0,0.0,0.0,0.0,0.0,0.0,0.0,0,0,0,0,0,0,0,0,0,0,0.0,,1.0
2012,96720,이상열,LG,,False,2,0,0.0,0.0,0.0,0.0,0.0,0.0,0.0,0.0,0,0,0,0,0,0,0,0,0,0,0.0,,1.0
2013,96720,이상열,LG,,False,2,0,0.0,0.0,0.0,0.0,0.0,0.0,0.0,0.0,0,0,0,0,0,0,0,0,0,0,0.0,,1.0
2019,69168,이상영,LG,투수,False,1,0,0.0,0.0,0.0,0.0,0.0,0.0,0.0,0.0,0,0,0,0,0,0,0,0,0,0,0.0,0.0,1.0
2021,69168,이상영,LG,투수,False,3,0,0.0,0.0,0.0,0.0,0.0,0.0,0.0,0.0,0,0,0,0,0,0,0,0,0,0,0.0,0.0,1.0
2022,52063,이상우,KT,투수,False,1,0,0.0,0.0,0.0,0.0,0.0,0.0,0.0,0.0,0,0,0,0,0,0,0,0,0,0,0.0,0.0,1.0
2023,52704,이상혁,한화,외야수,False,7,2,0.0,0.0,0.0,0.0,0.0,0.0,0.0,-136.8,0,0,0,0,0,0,0,0,1,1,0.011,-0.08,1.0
2024,52704,이상혁,한화,외야수,False,43,13,0.1538461538461538,0.267,0.154,0.421,0.0,0.25,0.277,57.3,0,0,13,2,0,0,2,0,5,5,0.017,-0.08,1.0
2025,52704,이상혁,한화,외야수,False,39,10,0.2,0.273,0.3,0.573,0.0999999999999999,0.286,0.241,37.9,0,2,14,2,1,0,0,1,3,3,-0.373,-0.22,1.0
2013,60566,이상호,NC,,False,103,125,0.248,0.304,0.32,0.624,0.072,0.298,0.274,0.0,0,13,26,31,7,1,10,0,21,25,0.0,,1.0
2014,60566,이상호,NC,,False,96,51,0.2156862745098039,0.241,0.314,0.555,0.098,0.244,0.242,0.0,1,5,30,11,2,0,2,0,10,11,0.059,,1.0
2016,60566,이상호,NC,,False,15,25,0.28,0.333,0.36,0.693,0.0799999999999999,0.333,0.314,0.0,0,1,1,7,2,0,0,2,4,3,0.176,,1.0
2017,60566,이상호,NC,,False,95,227,0.3348017621145374,0.36,0.37,0.73,0.0349999999999999,0.358,0.334,99.2,0,15,33,76,8,0,7,2,15,12,-1.2,0.65,1.0
2018,60566,이상호,NC,,False,114,187,0.2513368983957219,0.289,0.262,0.551,0.011,0.273,0.246,42.0,0,8,32,47,2,0,8,2,15,13,-1.815,-0.88,1.0
2019,60566,이상호,NC,,False,102,234,0.2777777777777778,0.306,0.308,0.614,0.0299999999999999,0.302,0.28,70.6,0,12,30,65,7,0,9,2,22,10,-1.99,0.2,1.0
2020,60566,이상호,NC,,False,82,61,0.1311475409836065,0.172,0.148,0.32,0.0169999999999999,0.143,0.163,-18.3,0,4,18,8,1,0,3,0,5,6,-0.815,-0.7,1.0
2021,60566,이상호,LG,,False,45,65,0.3076923076923077,0.318,0.338,0.656,0.03,0.364,0.299,81.2,0,12,5,20,2,0,1,0,10,2,-0.16,0.13,1.0
2022,60566,이상호,LG,,False,60,72,0.25,0.299,0.278,0.577,0.028,0.273,0.268,62.4,0,5,9,18,2,0,4,1,6,1,-0.424,-0.11,1.0
2023,60566,이상호,KT,,False,63,54,0.1481481481481481,0.179,0.167,0.346,0.019,0.178,0.211,16.7,0,5,15,8,1,0,2,0,9,2,-0.51,-0.31,1.0
2017,77563,이상화,KT,,False,4,0,0.0,0.0,0.0,0.0,0.0,0.0,0.0,0.0,0,0,0,0,0,0,0,0,0,0,0.0,0.0,1.0
2020,77563,이상화,KT,,False,1,0,0.0,0.0,0.0,0.0,0.0,0.0,0.0,0.0,0,0,0,0,0,0,0,0,0,0,0.0,0.0,1.0
2010,60724,이상훈,한화,,False,34,60,0.1666666666666666,0.275,0.167,0.442,0.0,0.204,0.232,0.0,0,2,6,10,0,0,7,2,11,5,0.0,,1.0
2012,60724,이상훈,한화,,False,17,25,0.12,0.214,0.12,0.334,0.0,0.136,0.176,0.0,0,0,3,3,0,0,1,2,3,1,0.0,,1.0
2013,60724,이상훈,삼성,,False,15,28,0.3571428571428571,0.471,0.607,1.078,0.25,0.4,0.453,0.0,2,2,7,10,1,0,3,3,6,0,0.0,,1.0
2014,60724,이상훈,삼성,,False,10,10,0.0,0.091,0.0,0.091,0.0,0.0,0.065,0.0,0,0,0,0,0,0,1,0,2,0,-0.133,,1.0
2015,60724,이상훈,삼성,,False,4,7,0.0,0.0,0.0,0.0,0.0,0.0,0.0,0.0,0,0,0,0,0,0,0,0,2,0,-0.171,,1.0
2016,60724,이상훈,삼성,,False,8,12,0.0833333333333333,0.083,0.083,0.166,0.0,0.125,0.064,0.0,0,0,0,1,0,0,0,0,4,0,-0.421,,1.0
2026,56563,이서준,롯데,내야수,False,4,3,0.0,0.0,0.0,0.0,0.0,0.0,0.0,-129.4,0,0,0,0,0,0,0,0,1,0,-0.001,-0.08,0.757
2023,69068,이선우,KT,,False,1,0,0.0,0.0,0.0,0.0,0.0,0.0,0.0,0.0,0,0,0,0,0,0,0,0,0,0,0.0,0.0,1.0
2024,54595,이선우,롯데,외야수,False,7,0,0.0,0.0,0.0,0.0,0.0,0.0,0.0,0.0,0,0,1,0,0,0,0,0,0,0,0.0,0.0,1.0
2024,69068,이선우,KT,,False,3,0,0.0,0.0,0.0,0.0,0.0,0.0,0.0,0.0,0,0,0,0,0,0,0,0,0,0,0.0,0.0,1.0
2025,55224,이선우,두산,내야수,False,10,11,0.1818181818181818,0.182,0.273,0.455,0.091,0.222,0.195,11.1,0,0,0,2,1,0,0,0,2,0,-0.01,-0.11,1.0
2014,64266,이성곤,두산,,False,4,8,0.25,0.25,0.375,0.625,0.125,0.5,0.268,0.0,0,0,1,2,1,0,0,0,4,0,-0.011,,1.0
2017,64266,이성곤,두산,,False,4,5,0.2,0.2,0.2,0.4,0.0,0.333,0.18,-1.6,0,0,1,1,0,0,0,0,2,0,-0.013,-0.06,1.0
2018,64266,이성곤,삼성,,False,9,16,0.188,0.316,0.188,0.504,0.0,0.333,0.256,33.3,0,0,1,3,0,0,3,0,7,0,-0.291,-0.09,1.0
2019,64266,이성곤,삼성,,False,13,28,0.1785714285714285,0.179,0.286,0.465,0.1069999999999999,0.227,0.23,14.4,0,0,1,5,3,0,0,0,6,0,-0.217,0.0,1.0
2020,64266,이성곤,삼성,,False,62,139,0.2805755395683453,0.329,0.439,0.768,0.1579999999999999,0.347,0.341,80.0,5,18,16,39,7,0,11,0,38,2,-0.534,0.78,1.0
2021,64266,이성곤,한화,,False,62,174,0.264367816091954,0.377,0.374,0.751,0.1099999999999999,0.372,0.346,113.2,1,24,17,46,12,2,29,3,53,0,-1.006,0.76,1.0
2022,64266,이성곤,한화,,False,41,99,0.1919191919191919,0.308,0.242,0.55,0.0499999999999999,0.279,0.273,65.2,0,5,6,19,5,0,17,0,32,1,-0.961,-0.22,1.0
2023,64266,이성곤,한화,,False,8,14,0.1428571428571428,0.2,0.143,0.343,0.0,0.182,0.215,22.4,0,0,2,2,0,0,1,0,3,0,-0.076,-0.08,1.0
2016,66409,이성규,삼성,외야수,False,6,4,0.25,0.25,0.25,0.5,0.0,1.0,0.15,0.0,0,0,2,1,0,0,0,0,3,0,-0.084,,1.0
2017,66409,이성규,삼성,외야수,False,15,17,0.1176470588235294,0.211,0.118,0.329,0.0,0.25,0.164,-24.4,0,0,4,2,0,0,1,1,9,0,-0.349,-0.17,1.0
2019,66409,이성규,삼성,외야수,False,16,43,0.2558139534883721,0.304,0.442,0.746,0.186,0.36,0.343,93.6,2,7,3,11,2,0,2,1,16,1,-0.147,0.1,1.0
2020,66409,이성규,삼성,외야수,False,98,216,0.1805555555555555,0.257,0.361,0.618,0.18,0.201,0.282,38.9,10,30,25,39,7,1,18,5,64,3,-2.106,-0.32,1.0
2022,66409,이성규,삼성,외야수,False,13,27,0.074074074074074,0.265,0.074,0.339,0.0,0.105,0.203,9.4,0,1,5,2,0,0,5,2,8,0,-0.197,-0.24,1.0
2023,66409,이성규,삼성,외야수,False,109,145,0.2068965517241379,0.259,0.31,0.569,0.103,0.279,0.248,41.0,1,18,23,30,10,1,8,3,42,4,-0.519,-0.35,1.0
2024,66409,이성규,삼성,외야수,False,122,302,0.2417218543046357,0.339,0.5,0.839,0.258,0.293,0.369,105.8,22,57,56,73,10,1,31,15,109,9,0.079,1.51,1.0
2025,66409,이성규,삼성,외야수,False,68,126,0.1984126984126984,0.327,0.397,0.724,0.199,0.271,0.327,92.4,6,21,17,25,5,1,15,10,52,2,-0.819,0.61,1.0
2026,66409,이성규,삼성,외야수,False,17,12,0.0833333333333333,0.389,0.083,0.472,0.0,0.2,0.261,46.2,0,0,6,1,0,0,6,0,7,0,0.055,-0.07,0.757
2015,63935,이성민,롯데,,False,3,0,0.0,0.0,0.0,0.0,0.0,0.0,0.0,0.0,0,0,0,0,0,0,0,0,0,0,0.0,,1.0
2010,73136,이성열,두산,,True,129,419,0.2625298329355608,0.343,0.504,0.847,0.241,0.328,0.358,0.0,24,86,77,110,27,1,40,13,136,6,0.0,,1.0
2011,73136,이성열,두산,,False,83,221,0.253393665158371,0.329,0.389,0.718,0.136,0.355,0.329,0.0,7,28,23,56,7,1,16,9,76,4,0.0,,1.0
2012,73136,이성열,넥센,,False,104,265,0.2188679245283019,0.3,0.343,0.643,0.124,0.293,0.298,0.0,7,35,24,58,12,0,25,6,85,5,0.0,,1.0
2013,73136,이성열,넥센,,False,92,284,0.2359154929577464,0.328,0.468,0.796,0.232,0.32,0.344,0.0,18,48,42,67,12,0,23,17,115,1,0.0,,1.0
2014,73136,이성열,넥센,,False,96,256,0.2578125,0.341,0.461,0.802,0.203,0.319,0.357,0.0,14,39,46,66,10,0,24,9,80,2,-0.591,,1.0
2015,73136,이성열,한화,,False,101,232,0.25,0.331,0.427,0.758,0.177,0.355,0.329,0.0,9,36,35,58,10,2,20,9,87,1,0.492,,1.0
2016,73136,이성열,한화,,False,86,198,0.2878787878787879,0.35,0.505,0.855,0.217,0.373,0.382,0.0,10,29,29,57,7,3,11,8,62,0,0.277,,1.0
2017,73136,이성열,한화,,False,81,280,0.3071428571428571,0.364,0.596,0.96,0.289,0.353,0.422,140.7,21,65,41,86,16,1,19,9,80,3,1.556,3.44,1.0
2018,73136,이성열,한화,,True,131,485,0.2948453608247423,0.347,0.553,0.9,0.258,0.352,0.383,101.1,34,102,76,143,21,1,35,5,143,9,1.496,2.56,1.0
2019,73136,이성열,한화,,True,129,414,0.2560386473429952,0.343,0.464,0.807,0.208,0.3,0.355,115.3,21,85,60,106,21,1,48,9,114,8,0.615,3.01,1.0
2020,73136,이성열,한화,,False,79,227,0.2026431718061674,0.27,0.33,0.6,0.127,0.253,0.273,55.3,8,34,23,46,5,0,16,5,69,1,-1.526,-0.63,1.0
2021,73136,이성열,한화,,False,46,119,0.2100840336134453,0.314,0.328,0.642,0.118,0.277,0.306,84.2,2,20,15,25,8,0,18,1,36,1,-0.149,0.16,1.0
2010,71184,이성우,KIA,,False,10,16,0.25,0.25,0.25,0.5,0.0,0.308,0.225,0.0,0,0,2,4,0,0,0,0,3,0,0.0,,1.0
2011,71184,이성우,KIA,,False,15,9,0.3333333333333333,0.333,0.333,0.666,0.0,0.333,0.402,0.0,0,0,2,3,0,0,0,0,0,0,0.0,,1.0
2012,71184,이성우,KIA,,False,16,8,0.0,0.111,0.0,0.111,0.0,0.0,0.08,0.0,0,1,1,0,0,0,1,0,2,0,0.0,,1.0
2013,71184,이성우,KIA,,False,15,22,0.1363636363636363,0.136,0.136,0.272,0.0,0.2,0.113,0.0,0,0,0,3,0,0,0,0,7,0,0.0,,1.0
2014,71184,이성우,KIA,,False,63,124,0.2338709677419354,0.258,0.282,0.54,0.0479999999999999,0.267,0.232,0.0,1,9,11,29,3,0,3,1,18,1,-2.225,,1.0
2015,71184,이성우,KIA,,False,79,117,0.2222222222222222,0.271,0.316,0.587,0.094,0.253,0.255,0.0,1,16,8,26,8,0,9,0,20,0,-0.522,,1.0
2016,71184,이성우,KIA,,False,55,76,0.2105263157894736,0.282,0.224,0.506,0.013,0.239,0.252,0.0,0,6,9,16,1,0,5,3,10,0,-0.705,,1.0
2017,71184,이성우,SK,,False,64,111,0.2792792792792792,0.322,0.351,0.673,0.0719999999999999,0.323,0.3,70.9,1,14,6,31,5,0,6,1,17,0,-0.381,0.22,1.0
2018,71184,이성우,SK,,False,88,120,0.2416666666666666,0.292,0.283,0.575,0.0409999999999999,0.276,0.263,45.5,0,5,10,29,5,0,8,1,16,1,-1.272,-0.37,1.0
2019,71184,이성우,LG,,False,55,64,0.15625,0.239,0.203,0.442,0.047,0.189,0.23,46.6,0,6,2,10,3,0,4,3,11,0,-0.442,-0.48,1.0
2020,71184,이성우,LG,,False,72,77,0.2337662337662337,0.289,0.364,0.653,0.1299999999999999,0.25,0.273,78.0,3,11,7,18,1,0,6,0,14,0,-0.44,-0.18,1.0
2021,71184,이성우,LG,,False,36,33,0.2121212121212121,0.235,0.212,0.447,0.0,0.28,0.18,-3.8,0,2,0,7,0,0,1,0,8,0,-0.35,-0.34,1.0
2025,55632,이성원,KIA,투수,False,1,0,0.0,0.0,0.0,0.0,0.0,0.0,0.0,0.0,0,0,0,0,0,0,0,0,0,0,0.0,0.0,1.0
2010,78768,이성호,한화,,False,5,5,0.0,0.167,0.0,0.167,0.0,0.0,0.12,0.0,0,0,0,0,0,0,1,0,2,0,0.0,,1.0
2010,94310,이숭용,넥센,,False,124,328,0.274390243902439,0.35,0.338,0.688,0.064,0.302,0.323,0.0,2,30,37,90,15,0,36,3,37,5,0.0,,1.0
2011,94310,이숭용,넥센,,False,88,146,0.2534246575342466,0.337,0.301,0.638,0.0479999999999999,0.287,0.29,0.0,0,12,7,37,7,0,18,1,18,1,0.0,,1.0
2020,68211,이승민,두산,,False,3,1,0.0,0.0,0.0,0.0,0.0,0.0,0.0,-110.3,0,0,1,0,0,0,0,0,1,0,-0.002,-0.03,1.0
2025,54806,이승민,SSG,외야수,False,2,5,0.2,0.2,0.2,0.4,0.0,0.333,0.18,-2.9,0,0,0,1,0,0,0,0,2,0,-0.058,-0.05,1.0
2012,95436,이승엽,삼성,,True,126,488,0.3073770491803279,0.384,0.502,0.886,0.195,0.349,0.385,0.0,21,85,84,150,28,2,59,4,101,6,0.0,,1.0
2013,95436,이승엽,삼성,,True,111,443,0.2528216704288939,0.298,0.395,0.693,0.142,0.288,0.308,0.0,13,69,62,112,24,0,30,2,94,3,0.0,,1.0
2014,95436,이승엽,삼성,,True,127,506,0.308300395256917,0.358,0.557,0.915,0.249,0.311,0.392,0.0,32,101,83,156,30,0,40,0,77,5,3.485,,1.0
2015,95436,이승엽,삼성,,True,122,470,0.3319148936170212,0.387,0.562,0.949,0.23,0.343,0.407,0.0,26,90,87,156,28,1,40,6,71,2,1.365,,1.0
2016,95436,이승엽,삼성,,True,142,542,0.3025830258302583,0.38,0.518,0.898,0.215,0.316,0.392,0.0,27,118,91,164,32,2,65,8,89,5,2.075,,1.0
2017,95436,이승엽,삼성,,True,135,472,0.2796610169491525,0.347,0.517,0.864,0.237,0.291,0.374,101.4,24,87,65,132,30,5,47,6,85,1,0.126,2.25,1.0
2012,77154,이승우,LG,,False,1,0,0.0,0.0,0.0,0.0,0.0,0.0,0.0,0.0,0,0,0,0,0,0,0,0,0,0,0.0,,1.0
2023,53302,이승원,키움,내야수,False,4,5,0.0,0.0,0.0,0.0,0.0,0.0,0.0,-137.5,0,0,0,0,0,0,0,0,2,0,-0.089,-0.15,1.0
2024,53302,이승원,키움,내야수,False,20,37,0.1081081081081081,0.154,0.135,0.289,0.027,0.167,0.131,-36.8,0,1,3,4,1,0,2,0,13,0,-0.674,-0.64,1.0
2025,53302,이승원,키움,내야수,False,1,2,0.0,0.0,0.0,0.0,0.0,0.0,0.0,-131.4,0,0,0,0,0,0,0,0,0,0,-0.038,-0.1,1.0
2014,76553,이승재,NC,,False,12,11,0.0909090909090909,0.091,0.273,0.364,0.182,0.125,0.225,0.0,0,3,1,1,0,1,0,0,3,0,-0.395,,1.0
2011,74346,이승주,넥센,,False,3,11,0.1818181818181818,0.25,0.182,0.432,0.0,0.25,0.21,0.0,0,0,0,2,0,0,1,0,3,0,0.0,,1.0
2019,64805,이승진,SK,,False,1,0,0.0,0.0,0.0,0.0,0.0,0.0,0.0,0.0,0,0,0,0,0,0,0,0,0,0,0.0,0.0,1.0
2021,64805,이승진,두산,,False,1,0,0.0,0.0,0.0,0.0,0.0,0.0,0.0,0.0,0,0,0,0,0,0,0,0,0,0,0.0,0.0,1.0
2022,64805,이승진,두산,,False,1,0,0.0,0.0,0.0,0.0,0.0,0.0,0.0,0.0,0,0,0,0,0,0,0,0,0,0,0.0,0.0,1.0
2026,68529,이승헌,롯데,투수,False,1,0,0.0,0.0,0.0,0.0,0.0,0.0,0.0,0.0,0,0,0,0,0,0,0,0,0,0,0.0,0.0,0.757
2016,60146,이승현,LG,투수,False,3,0,0.0,0.0,0.0,0.0,0.0,0.0,0.0,0.0,0,0,0,0,0,0,0,0,0,0,0.0,,1.0
2023,51454,이승현,삼성,투수,False,2,0,0.0,0.0,0.0,0.0,0.0,0.0,0.0,0.0,0,0,0,0,0,0,0,0,0,0,0.0,0.0,1.0
2023,60146,이승현,삼성,투수,False,2,0,0.0,0.0,0.0,0.0,0.0,0.0,0.0,0.0,0,0,0,0,0,0,0,0,0,0,0.0,0.0,1.0
2025,55712,이승현,한화,내야수,False,4,1,1.0,1.0,3.0,4.0,2.0,1.0,1.56,1064.4,0,1,1,1,0,1,0,0,0,0,0.001,0.12,1.0
2025,60146,이승현,삼성,투수,False,2,0,0.0,0.0,0.0,0.0,0.0,0.0,0.0,0.0,0,0,0,0,0,0,0,0,0,0,0.0,0.0,1.0
2026,60146,이승현,삼성,투수,False,3,0,0.0,0.0,0.0,0.0,0.0,0.0,0.0,0.0,0,0,0,0,0,0,0,0,0,0,0.0,0.0,0.757
2010,70820,이승호,SK,,False,2,0,0.0,0.0,0.0,0.0,0.0,0.0,0.0,0.0,0,0,0,0,0,0,0,0,0,0,0.0,,1.0
2013,70820,이승호,NC,,False,2,0,0.0,0.0,0.0,0.0,0.0,0.0,0.0,0.0,0,0,0,0,0,0,0,0,0,0,0.0,,1.0
2021,67603,이승호,키움,투수,False,3,0,0.0,0.0,0.0,0.0,0.0,0.0,0.0,0.0,0,0,0,0,0,0,0,0,0,0,0.0,0.0,1.0
2016,66702,이시원,한화,,False,17,2,0.0,0.0,0.0,0.0,0.0,0.0,0.0,0.0,0,0,3,0,0,0,0,0,1,0,-0.056,,1.0
2017,66702,이시원,한화,,False,67,131,0.2213740458015267,0.255,0.221,0.476,0.0,0.25,0.223,14.3,0,2,23,29,0,0,5,1,15,4,-1.688,-1.03,1.0
2018,66702,이시원,한화,,False,28,46,0.2391304347826087,0.3,0.326,0.626,0.087,0.27,0.321,70.2,1,2,6,11,1,0,3,1,8,0,-0.447,0.25,1.0
2019,66702,이시원,한화,,False,14,31,0.2903225806451613,0.29,0.323,0.613,0.033,0.391,0.272,59.8,0,4,3,9,1,0,0,0,8,3,-0.109,0.02,1.0
2020,66702,이시원,한화,,False,37,38,0.1052631578947368,0.128,0.105,0.233,0.0,0.167,0.112,-49.0,0,1,5,4,0,0,0,1,14,0,-0.736,-0.63,1.0
2021,66702,이시원,한화,,False,33,53,0.1886792452830188,0.259,0.208,0.467,0.0189999999999999,0.244,0.225,27.5,0,2,8,10,1,0,3,2,12,2,-0.665,-0.29,1.0
2022,66702,이시원,KT,,False,31,15,0.1333333333333333,0.188,0.133,0.321,0.0,0.182,0.159,-22.9,0,1,6,2,0,0,0,1,4,2,-0.049,-0.16,1.0
2023,66702,이시원,KT,,False,29,29,0.1379310344827586,0.194,0.138,0.332,0.0,0.174,0.158,-22.8,0,1,4,4,0,0,2,0,6,0,-0.162,-0.42,1.0
2010,74148,이시찬,LG,,False,13,23,0.1739130434782608,0.269,0.261,0.53,0.087,0.211,0.248,0.0,0,2,3,4,2,0,3,0,4,5,0.0,,1.0
2011,74148,이시찬,LG,,False,33,19,0.1052631578947368,0.182,0.211,0.393,0.106,0.125,0.17,0.0,0,2,6,2,0,1,2,0,4,4,0.0,,1.0
2012,74148,이시찬,한화,,False,60,41,0.1951219512195122,0.244,0.22,0.464,0.0249999999999999,0.235,0.206,0.0,0,4,16,8,1,0,3,0,8,9,0.0,,1.0
2013,74148,이시찬,한화,,False,97,165,0.2,0.25,0.242,0.492,0.0419999999999999,0.237,0.224,0.0,1,13,20,33,4,0,9,2,29,16,0.0,,1.0
2014,74148,이시찬,한화,,False,45,105,0.2857142857142857,0.345,0.324,0.669,0.038,0.345,0.299,0.0,0,9,14,30,4,0,10,0,19,4,-0.051,,1.0
2015,74148,이시찬,한화,,False,34,64,0.28125,0.324,0.297,0.621,0.0159999999999999,0.333,0.28,0.0,0,6,7,18,1,0,4,1,12,1,-0.529,,1.0
2010,73725,이양기,한화,,False,27,44,0.1363636363636363,0.321,0.227,0.548,0.091,0.152,0.289,0.0,1,3,4,6,1,0,7,5,10,3,0.0,,1.0
2011,73725,이양기,한화,,False,93,147,0.2789115646258503,0.346,0.367,0.713,0.0879999999999999,0.353,0.336,0.0,0,17,9,41,13,0,9,6,31,3,0.0,,1.0
2012,73725,이양기,한화,,False,35,49,0.2244897959183673,0.296,0.265,0.561,0.041,0.289,0.264,0.0,0,6,8,11,2,0,2,3,11,0,0.0,,1.0
2013,73725,이양기,한화,,False,56,185,0.3081081081081081,0.38,0.411,0.791,0.1029999999999999,0.342,0.353,0.0,3,30,16,57,8,1,17,5,25,0,0.0,,1.0
2014,73725,이양기,한화,,False,45,125,0.264,0.326,0.304,0.63,0.0399999999999999,0.308,0.295,0.0,0,6,13,33,5,0,10,2,19,1,-0.246,,1.0
2016,73725,이양기,한화,,False,17,52,0.2884615384615384,0.333,0.385,0.718,0.097,0.318,0.329,0.0,1,9,5,15,2,0,2,2,8,0,0.516,,1.0
2017,73725,이양기,한화,,False,17,44,0.2272727272727272,0.261,0.25,0.511,0.0229999999999999,0.294,0.225,15.9,0,3,0,10,1,0,2,0,10,0,-0.573,-0.44,1.0
2010,76435,이여상,한화,,False,14,14,0.2142857142857142,0.267,0.286,0.553,0.0719999999999999,0.375,0.251,0.0,0,3,0,3,1,0,1,0,6,0,0.0,,1.0
2011,76435,이여상,한화,,False,120,320,0.221875,0.28,0.309,0.589,0.087,0.267,0.267,0.0,3,38,31,71,15,2,24,4,67,15,0.0,,1.0
2012,76435,이여상,한화,,False,86,182,0.2362637362637362,0.302,0.324,0.626,0.088,0.288,0.277,0.0,3,19,18,43,7,0,15,2,40,7,0.0,,1.0
2013,76435,이여상,한화,,False,14,22,0.0454545454545454,0.045,0.045,0.09,0.0,0.077,0.041,0.0,0,0,1,1,0,0,0,0,9,0,0.0,,1.0
2015,76435,이여상,롯데,,False,6,5,0.0,0.167,0.0,0.167,0.0,0.0,0.12,0.0,0,0,1,0,0,0,1,0,3,0,-0.15,,1.0
2016,76435,이여상,롯데,,False,61,72,0.25,0.313,0.319,0.632,0.069,0.375,0.287,0.0,0,7,10,18,3,1,7,0,25,2,0.173,,1.0
2021,51100,이영빈,LG,내야수,False,72,148,0.2432432432432432,0.323,0.345,0.668,0.1019999999999999,0.354,0.305,88.1,2,16,21,36,9,0,15,3,51,6,-0.164,0.13,1.0
2022,51100,이영빈,LG,내야수,False,60,76,0.1842105263157894,0.253,0.263,0.516,0.079,0.26,0.249,50.4,1,5,16,14,3,0,7,0,25,0,-0.817,-0.11,1.0
2024,51100,이영빈,LG,내야수,False,31,63,0.2222222222222222,0.261,0.349,0.61,0.1269999999999999,0.279,0.283,66.9,2,12,11,14,2,0,4,0,20,0,-0.733,-0.1,1.0
2025,51100,이영빈,LG,내야수,False,44,72,0.2083333333333333,0.216,0.375,0.591,0.167,0.343,0.257,57.1,3,9,12,15,1,1,1,0,35,1,-0.565,-0.03,1.0
2026,51100,이영빈,LG,내야수,False,55,77,0.2337662337662337,0.277,0.299,0.576,0.0649999999999999,0.309,0.256,49.3,1,9,10,18,2,0,5,0,22,2,-0.487,-0.35,0.757
2010,74650,이영수,KIA,,False,42,73,0.2465753424657534,0.368,0.411,0.779,0.1639999999999999,0.267,0.358,0.0,2,13,9,18,6,0,10,4,11,0,0.0,,1.0
2010,96734,이영우,한화,,False,12,21,0.0952380952380952,0.095,0.095,0.19,0.0,0.105,0.086,0.0,0,0,0,2,0,0,0,0,2,0,0.0,,1.0
2010,78467,이영욱,삼성,,True,120,408,0.2720588235294117,0.36,0.358,0.718,0.0859999999999999,0.332,0.327,0.0,4,42,68,111,19,2,51,7,86,30,0.0,,1.0
2011,78467,이영욱,삼성,,False,111,203,0.2315270935960591,0.312,0.35,0.662,0.1179999999999999,0.326,0.293,0.0,3,20,37,47,9,3,21,4,68,14,0.0,,1.0
2014,78467,이영욱,삼성,,False,40,53,0.2075471698113207,0.323,0.264,0.587,0.056,0.297,0.273,0.0,0,6,16,11,3,0,7,2,16,6,0.208,,1.0
2015,78467,이영욱,삼성,,False,38,22,0.2272727272727272,0.346,0.318,0.664,0.091,0.417,0.311,0.0,0,2,8,5,2,0,3,1,10,0,-0.249,,1.0
2016,78467,이영욱,삼성,,False,104,49,0.1632653061224489,0.212,0.245,0.457,0.0819999999999999,0.259,0.207,0.0,1,4,16,8,1,0,2,1,21,6,-0.442,,1.0
2017,78467,이영욱,삼성,,False,6,4,0.0,0.0,0.0,0.0,0.0,0.0,0.0,-130.4,0,0,0,0,0,0,0,0,3,0,-0.063,-0.11,1.0
2018,78467,이영욱,KIA,,False,14,16,0.125,0.125,0.125,0.25,0.0,0.167,0.113,-47.9,0,1,0,2,0,0,0,0,4,1,-0.216,-0.26,1.0
2018,66291,이영하,두산,투수,False,1,0,0.0,0.0,0.0,0.0,0.0,0.0,0.0,0.0,0,0,0,0,0,0,0,0,0,0,0.0,0.0,1.0
2019,66291,이영하,두산,투수,False,1,0,0.0,0.0,0.0,0.0,0.0,0.0,0.0,0.0,0,0,0,0,0,0,0,0,0,0,0.0,0.0,1.0
2020,66291,이영하,두산,투수,False,1,0,0.0,0.0,0.0,0.0,0.0,0.0,0.0,0.0,0,0,0,0,0,0,0,0,0,0,0.0,0.0,1.0
2021,66291,이영하,두산,투수,False,1,0,0.0,0.0,0.0,0.0,0.0,0.0,0.0,0.0,0,0,0,0,0,0,0,0,0,0,0.0,0.0,1.0
2024,66291,이영하,두산,투수,False,2,0,0.0,0.0,0.0,0.0,0.0,0.0,0.0,0.0,0,0,0,0,0,0,0,0,0,0,0.0,0.0,1.0
2025,66291,이영하,두산,투수,False,1,0,0.0,0.0,0.0,0.0,0.0,0.0,0.0,0.0,0,0,0,0,0,0,0,0,0,0,0.0,0.0,1.0
2026,66291,이영하,두산,투수,False,2,0,0.0,0.0,0.0,0.0,0.0,0.0,0.0,0.0,0,0,0,0,0,0,0,0,0,0,0.0,0.0,0.757
2010,74163,이용규,KIA,외야수,True,129,472,0.3072033898305085,0.398,0.371,0.769,0.064,0.336,0.359,0.0,3,51,74,145,19,1,64,9,50,25,0.0,,1.0
2011,74163,이용규,KIA,외야수,True,111,421,0.332541567695962,0.427,0.401,0.828,0.068,0.353,0.376,0.0,3,33,84,140,16,2,63,9,33,30,0.0,,1.0
2012,74163,이용규,KIA,외야수,True,125,491,0.2830957230142566,0.377,0.332,0.709,0.049,0.302,0.336,0.0,2,37,86,139,14,2,66,10,38,44,0.0,,1.0
2013,74163,이용규,KIA,외야수,True,100,390,0.2948717948717949,0.375,0.367,0.742,0.072,0.32,0.347,0.0,2,22,74,115,20,1,44,7,37,21,0.0,,1.0
2014,74163,이용규,한화,외야수,True,104,358,0.2877094972067039,0.385,0.344,0.729,0.0559999999999999,0.329,0.341,0.0,0,20,62,103,12,4,52,5,46,12,-1.007,,1.0
2015,74163,이용규,한화,외야수,True,124,493,0.3407707910750507,0.427,0.424,0.851,0.0829999999999999,0.366,0.389,0.0,4,42,94,168,15,7,68,9,45,28,1.906,,1.0
2016,74163,이용규,한화,외야수,True,113,452,0.3517699115044247,0.438,0.434,0.872,0.082,0.371,0.404,0.0,3,41,98,159,20,4,63,7,29,21,2.802,,1.0
2017,74163,이용규,한화,외야수,False,57,179,0.2625698324022346,0.332,0.318,0.65,0.0549999999999999,0.294,0.306,69.0,0,12,31,47,8,1,17,2,20,10,-0.581,-0.04,1.0
2018,74163,이용규,한화,외야수,True,134,491,0.2932790224032586,0.379,0.332,0.711,0.039,0.33,0.334,80.3,1,36,82,144,14,1,59,12,62,30,-2.697,1.4,1.0
2020,74163,이용규,한화,외야수,True,120,419,0.2863961813842482,0.381,0.337,0.718,0.051,0.311,0.339,102.8,1,32,60,120,14,2,59,6,36,17,-0.437,1.62,1.0
2021,74163,이용규,키움,외야수,True,133,459,0.2962962962962963,0.392,0.373,0.765,0.077,0.323,0.354,112.6,1,43,88,136,16,8,71,5,46,17,0.245,3.0,1.0
2022,74163,이용규,키움,외야수,False,86,271,0.1992619926199262,0.326,0.221,0.547,0.0219999999999999,0.234,0.302,85.5,0,21,34,54,6,0,45,7,42,12,-1.007,0.61,1.0
2023,74163,이용규,키움,외야수,False,50,154,0.2337662337662337,0.318,0.273,0.591,0.039,0.269,0.285,70.5,0,11,19,36,0,3,19,1,22,2,-0.959,-0.16,1.0
2024,74163,이용규,키움,외야수,False,60,183,0.3060109289617486,0.429,0.372,0.801,0.066,0.367,0.38,123.4,1,12,27,56,5,2,31,9,33,2,-1.028,1.27,1.0
2025,74163,이용규,키움,외야수,False,14,37,0.2162162162162162,0.275,0.243,0.518,0.0269999999999999,0.276,0.259,54.5,0,0,7,8,1,0,3,0,8,1,-0.433,-0.13,1.0
2022,51948,이용준,NC,투수,False,1,0,0.0,0.0,0.0,0.0,0.0,0.0,0.0,0.0,0,0,0,0,0,0,0,0,0,0,0.0,0.0,1.0
2010,77211,이용찬,두산,투수,False,3,1,0.0,0.0,0.0,0.0,0.0,0.0,0.0,0.0,0,0,0,0,0,0,0,0,1,0,0.0,,1.0
2014,77211,이용찬,두산,투수,False,2,0,0.0,0.0,0.0,0.0,0.0,0.0,0.0,0.0,0,0,0,0,0,0,0,0,0,0,0.0,,1.0
2017,77211,이용찬,두산,투수,False,4,0,0.0,0.0,0.0,0.0,0.0,0.0,0.0,0.0,0,0,0,0,0,0,0,0,0,0,0.0,0.0,1.0
2021,77211,이용찬,NC,투수,False,6,0,0.0,0.0,0.0,0.0,0.0,0.0,0.0,0.0,0,0,0,0,0,0,0,0,0,0,0.0,0.0,1.0
2022,77211,이용찬,NC,투수,False,4,0,0.0,0.0,0.0,0.0,0.0,0.0,0.0,0.0,0,0,0,0,0,0,0,0,0,0,0.0,0.0,1.0
2023,77211,이용찬,NC,투수,False,2,0,0.0,0.0,0.0,0.0,0.0,0.0,0.0,0.0,0,0,0,0,0,0,0,0,0,0,0.0,0.0,1.0
2012,70434,이용훈,롯데,,False,1,0,0.0,0.0,0.0,0.0,0.0,0.0,0.0,0.0,0,0,0,0,0,0,0,0,0,0,0.0,,1.0
2010,71565,이우민,롯데,,False,92,82,0.2439024390243902,0.295,0.317,0.612,0.073,0.303,0.282,0.0,0,9,13,20,4,1,2,4,16,2,0.0,,1.0
2011,71565,이우민,롯데,,False,70,75,0.12,0.239,0.16,0.399,0.04,0.18,0.218,0.0,0,3,12,9,1,1,10,2,26,3,0.0,,1.0
2012,71565,이우민,롯데,,False,65,84,0.2142857142857142,0.313,0.274,0.587,0.06,0.274,0.263,0.0,1,5,12,18,2,0,12,0,21,1,0.0,,1.0
2013,71565,이우민,롯데,,False,60,217,0.2534562211981567,0.322,0.276,0.598,0.023,0.32,0.275,0.0,0,16,30,55,5,0,15,8,47,5,0.0,,1.0
2014,71565,이우민,롯데,,False,44,80,0.225,0.351,0.225,0.576,0.0,0.305,0.288,0.0,0,10,14,18,0,0,14,2,22,0,-0.322,,1.0
2015,71565,이우민,롯데,,False,75,141,0.226950354609929,0.306,0.34,0.646,0.113,0.298,0.286,0.0,4,18,18,32,4,0,10,6,43,2,-0.398,,1.0
2016,71565,이우민,롯데,,False,52,83,0.1927710843373494,0.287,0.289,0.576,0.0959999999999999,0.227,0.276,0.0,1,8,19,16,5,0,7,4,16,2,-0.771,,1.0
2017,71565,이우민,롯데,,False,104,185,0.254054054054054,0.343,0.357,0.7,0.1029999999999999,0.301,0.313,60.2,4,21,35,47,5,1,15,10,38,2,-0.69,-0.21,1.0
2019,65964,이우석,NC,,False,1,0,0.0,0.0,0.0,0.0,0.0,0.0,0.0,0.0,0,0,0,0,0,0,0,0,0,0,0.0,0.0,1.0
2021,65964,이우석,NC,,False,1,0,0.0,0.0,0.0,0.0,0.0,0.0,0.0,0.0,0,0,0,0,0,0,0,0,0,0,0.0,0.0,1.0
2013,79442,이우선,삼성,,False,1,0,0.0,0.0,0.0,0.0,0.0,0.0,0.0,0.0,0,0,0,0,0,0,0,0,0,0,0.0,,1.0
2016,63260,이우성,두산,외야수,False,2,5,0.2,0.2,0.2,0.4,0.0,0.333,0.18,0.0,0,0,0,1,0,0,0,0,2,0,-0.022,,1.0
2017,63260,이우성,두산,외야수,False,2,2,0.0,0.0,0.0,0.0,0.0,0.0,0.0,-116.2,0,0,0,0,0,0,0,0,1,0,-0.28,-0.06,1.0
2018,63260,이우성,NC,외야수,False,71,177,0.2259887005649717,0.303,0.345,0.648,0.1189999999999999,0.308,0.3,76.0,4,24,24,40,9,0,16,4,57,1,-0.727,-0.37,1.0
2019,63260,이우성,KIA,외야수,False,60,151,0.2185430463576159,0.281,0.364,0.645,0.145,0.252,0.283,70.8,6,22,19,33,4,0,12,2,40,0,-1.168,0.04,1.0
2020,63260,이우성,KIA,외야수,False,48,59,0.2033898305084746,0.299,0.22,0.519,0.0169999999999999,0.25,0.253,43.5,0,3,5,12,1,0,6,2,11,1,-0.54,-0.26,1.0
2021,63260,이우성,KIA,외야수,False,65,85,0.2,0.303,0.259,0.562,0.059,0.246,0.291,73.2,0,4,12,17,5,0,13,0,17,2,-0.797,-0.04,1.0
2022,63260,이우성,KIA,외야수,False,80,120,0.2916666666666667,0.361,0.375,0.736,0.083,0.343,0.357,127.4,1,12,23,35,7,0,12,1,20,1,-1.207,0.65,1.0
2023,63260,이우성,KIA,외야수,False,126,355,0.3014084507042253,0.363,0.417,0.78,0.1159999999999999,0.368,0.347,113.1,8,58,39,107,17,0,31,5,81,8,0.591,2.18,1.0
2024,63260,이우성,KIA,외야수,True,112,399,0.2882205513784461,0.361,0.401,0.762,0.113,0.349,0.349,103.8,9,54,56,115,16,1,44,3,89,7,0.325,1.64,1.0
2025,63260,이우성,NC,외야수,False,105,300,0.25,0.321,0.36,0.681,0.1099999999999999,0.308,0.313,91.1,3,33,28,75,22,1,31,2,66,2,-2.098,0.72,1.0
2026,63260,이우성,NC,외야수,True,93,332,0.3132530120481928,0.356,0.419,0.775,0.1059999999999999,0.358,0.362,118.1,6,43,35,104,17,0,21,2,54,4,-0.552,1.76,0.757
2020,61145,이우찬,LG,투수,False,1,0,0.0,0.0,0.0,0.0,0.0,0.0,0.0,0.0,0,0,0,0,0,0,0,0,0,0,0.0,0.0,1.0
2021,61145,이우찬,LG,투수,False,1,0,0.0,0.0,0.0,0.0,0.0,0.0,0.0,0.0,0,0,0,0,0,0,0,0,0,0,0.0,0.0,1.0
2025,61145,이우찬,LG,투수,False,1,0,0.0,0.0,0.0,0.0,0.0,0.0,0.0,0.0,0,0,0,0,0,0,0,0,0,0,0.0,0.0,1.0
2010,75566,이원석,두산,,False,104,291,0.268041237113402,0.334,0.426,0.76,0.1579999999999999,0.29,0.334,0.0,8,49,36,78,14,4,26,4,44,1,0.0,,1.0
2011,75566,이원석,두산,,False,110,264,0.2159090909090909,0.298,0.348,0.646,0.1319999999999999,0.244,0.287,0.0,8,35,36,57,11,0,29,3,58,1,0.0,,1.0
2012,75566,이원석,두산,,False,107,325,0.2676923076923077,0.337,0.394,0.731,0.126,0.278,0.32,0.0,8,42,36,87,13,2,30,5,35,1,0.0,,1.0
2013,75566,이원석,두산,,False,85,264,0.3143939393939394,0.385,0.473,0.858,0.1589999999999999,0.351,0.375,0.0,10,39,40,83,12,0,29,3,49,6,0.0,,1.0
2014,75566,이원석,두산,,False,79,231,0.2510822510822511,0.308,0.368,0.676,0.1169999999999999,0.303,0.298,0.0,5,25,29,58,8,2,19,1,53,0,-1.062,,1.0
2016,75566,이원석,두산,,False,7,19,0.3157894736842105,0.364,0.789,1.153,0.473,0.25,0.453,0.0,2,7,3,6,3,0,2,0,2,0,0.413,,1.0
2017,75566,이원석,삼성,,True,121,411,0.2652068126520681,0.323,0.45,0.773,0.185,0.285,0.339,83.1,18,62,55,109,20,1,34,4,80,2,-0.404,0.94,1.0
2018,75566,이원석,삼성,,True,128,479,0.3006263048016701,0.374,0.493,0.867,0.192,0.343,0.384,106.7,20,93,74,144,30,1,52,7,103,2,2.615,2.71,1.0
2019,75566,이원석,삼성,,True,111,395,0.2455696202531645,0.327,0.441,0.768,0.195,0.252,0.334,86.7,19,76,44,97,20,0,43,8,73,2,-0.362,0.98,1.0
2019,68700,이원석,한화,외야수,False,13,6,0.0,0.333,0.0,0.333,0.0,0.0,0.243,37.2,0,0,3,0,0,0,2,1,5,2,-0.203,-0.03,1.0
2020,75566,이원석,삼성,,True,121,403,0.2679900744416873,0.341,0.407,0.748,0.1389999999999999,0.297,0.34,79.1,13,74,46,108,17,0,49,2,82,0,-0.749,1.2,1.0
2021,75566,이원석,삼성,,True,131,399,0.2305764411027568,0.341,0.346,0.687,0.1149999999999999,0.261,0.319,85.6,9,59,40,92,19,0,60,11,80,1,-1.235,1.08,1.0
2021,68700,이원석,한화,외야수,False,43,114,0.175438596491228,0.238,0.228,0.466,0.053,0.264,0.217,22.2,1,9,12,20,1,1,8,2,43,4,-1.67,-0.69,1.0
2022,75566,이원석,삼성,,False,88,288,0.2673611111111111,0.346,0.417,0.763,0.1499999999999999,0.313,0.345,107.4,10,60,31,77,13,0,33,5,70,0,-0.01,1.46,1.0
2022,68700,이원석,한화,외야수,False,20,35,0.1142857142857142,0.184,0.2,0.384,0.086,0.188,0.175,-9.4,1,1,4,4,0,0,3,0,18,0,-0.584,-0.42,1.0
2023,75566,이원석,키움,,False,89,305,0.2459016393442623,0.326,0.298,0.624,0.0519999999999999,0.307,0.296,78.0,2,30,22,75,10,0,34,3,67,0,-1.084,-0.04,1.0
2023,68700,이원석,한화,외야수,False,81,116,0.1896551724137931,0.319,0.216,0.535,0.0259999999999999,0.265,0.286,75.3,0,8,20,22,1,1,21,1,33,13,-1.721,0.52,1.0
2024,68700,이원석,한화,외야수,False,87,133,0.2330827067669172,0.322,0.278,0.6,0.045,0.304,0.297,70.4,0,13,26,31,4,1,16,2,32,8,-0.499,0.02,1.0
2024,75566,이원석,키움,,False,39,91,0.2197802197802197,0.33,0.264,0.594,0.044,0.267,0.292,66.7,0,8,5,20,4,0,14,2,18,0,-0.796,-0.23,1.0
2025,68700,이원석,한화,외야수,False,129,212,0.2028301886792453,0.29,0.292,0.582,0.0889999999999999,0.245,0.269,57.6,4,24,60,43,7,0,23,4,51,22,-1.495,0.17,1.0
2025,75566,이원석,키움,,False,5,7,0.1428571428571428,0.25,0.143,0.393,0.0,0.2,0.203,14.0,0,0,1,1,0,0,1,0,2,0,-0.197,-0.05,1.0
2026,68700,이원석,한화,외야수,False,84,183,0.273224043715847,0.335,0.344,0.679,0.0709999999999999,0.338,0.315,83.0,1,16,27,50,6,2,14,3,37,6,-1.046,0.46,0.757
2015,77229,이원재,두산,,False,1,0,0.0,0.0,0.0,0.0,0.0,0.0,0.0,0.0,0,0,0,0,0,0,0,0,0,0,0.0,,1.0
2017,62025,이원재,NC,,False,2,4,0.0,0.0,0.0,0.0,0.0,0.0,0.0,-117.9,0,0,0,0,0,0,0,0,1,0,-0.066,-0.11,1.0
2018,62025,이원재,NC,,False,77,138,0.3043478260869565,0.347,0.486,0.833,0.182,0.363,0.358,107.9,5,19,12,42,10,0,10,0,33,0,-0.542,0.44,1.0
2019,62025,이원재,NC,,False,94,256,0.2578125,0.311,0.395,0.706,0.137,0.284,0.311,90.1,8,36,31,66,11,0,20,1,47,1,-1.538,0.95,1.0
2020,62025,이원재,NC,,False,73,132,0.2575757575757575,0.313,0.417,0.73,0.1589999999999999,0.291,0.31,74.6,4,17,15,34,5,2,11,0,26,1,-0.615,0.33,1.0
2021,62025,이원재,NC,,False,31,65,0.2307692307692307,0.25,0.262,0.512,0.031,0.273,0.253,44.4,0,7,3,15,2,0,1,1,11,1,-0.677,-0.23,1.0
2018,67207,이유찬,두산,내야수,False,28,22,0.2727272727272727,0.333,0.318,0.651,0.0449999999999999,0.375,0.3,76.2,0,2,5,6,1,0,1,1,6,1,-0.134,-0.04,1.0
2019,67207,이유찬,두산,내야수,False,25,13,0.2307692307692307,0.231,0.231,0.462,0.0,0.3,0.208,21.0,0,1,6,3,0,0,0,0,3,5,-0.094,-0.05,1.0
2020,67207,이유찬,두산,내야수,False,101,89,0.2584269662921348,0.368,0.303,0.671,0.0449999999999999,0.354,0.345,118.6,0,6,30,23,2,1,14,2,25,13,-0.406,0.39,1.0
2022,67207,이유찬,두산,내야수,False,13,29,0.2413793103448276,0.233,0.345,0.578,0.1039999999999999,0.353,0.237,45.0,1,2,3,7,0,0,0,0,12,1,-0.258,-0.23,1.0
2023,67207,이유찬,두산,내야수,False,104,210,0.2428571428571428,0.316,0.31,0.626,0.067,0.314,0.289,80.4,1,16,31,51,7,2,20,3,51,12,-1.261,0.09,1.0
2024,67207,이유찬,두산,내야수,False,103,231,0.277056277056277,0.341,0.364,0.705,0.0869999999999999,0.343,0.316,88.2,3,23,39,64,11,0,22,1,51,16,-2.042,0.56,1.0
2025,67207,이유찬,두산,내야수,False,89,269,0.241635687732342,0.328,0.29,0.618,0.0479999999999999,0.315,0.295,81.2,1,16,36,65,8,1,33,2,66,12,-1.888,0.87,1.0
2026,67207,이유찬,두산,내야수,False,77,106,0.2075471698113207,0.269,0.274,0.543,0.066,0.28,0.253,47.1,1,15,15,22,2,1,7,3,33,4,-1.032,-0.39,0.757
2018,61865,이윤재,SK,,False,1,1,0.0,0.0,0.0,0.0,0.0,0.0,0.0,-119.9,0,0,0,0,0,0,0,0,0,0,-0.001,-0.03,1.0
2025,55832,이율예,SSG,포수,False,8,13,0.2307692307692307,0.231,0.923,1.154,0.6920000000000001,0.0,0.45,157.6,3,7,3,3,0,0,0,0,6,0,0.776,0.05,1.0
2015,64602,이은총,KIA,,False,11,35,0.1714285714285714,0.216,0.2,0.416,0.0289999999999999,0.214,0.19,0.0,0,3,3,6,1,0,1,1,7,0,0.103,,1.0
2026,51648,이의리,KIA,투수,False,1,0,0.0,0.0,0.0,0.0,0.0,0.0,0.0,0.0,0,0,0,0,0,0,0,0,0,0,0.0,0.0,0.757
2010,73563,이인구,롯데,,False,5,2,0.0,0.0,0.0,0.0,0.0,0.0,0.0,0.0,0,0,1,0,0,0,0,0,1,0,0.0,,1.0
2011,73563,이인구,롯데,,False,81,161,0.2670807453416149,0.348,0.36,0.708,0.0929999999999999,0.299,0.325,0.0,2,14,26,43,5,2,17,3,22,6,0.0,,1.0
2012,73563,이인구,롯데,,False,7,12,0.1666666666666666,0.167,0.167,0.334,0.0,0.25,0.15,0.0,0,0,1,2,0,0,0,0,4,0,0.0,,1.0
2013,73563,이인구,롯데,,False,2,2,0.0,0.0,0.0,0.0,0.0,0.0,0.0,0.0,0,0,0,0,0,0,0,0,0,0,0.0,,1.0
2020,64565,이인복,롯데,,False,2,0,0.0,0.0,0.0,0.0,0.0,0.0,0.0,0.0,0,0,0,0,0,0,0,0,0,0,0.0,0.0,1.0
2021,64565,이인복,롯데,,False,1,0,0.0,0.0,0.0,0.0,0.0,0.0,0.0,0.0,0,0,0,0,0,0,0,0,0,0,0.0,0.0,1.0
2024,50608,이인한,롯데,외야수,False,5,4,0.5,0.6,0.5,1.1,0.0,0.667,0.51,201.8,0,2,0,2,0,0,0,1,1,0,0.065,0.09,1.0
2025,50608,이인한,롯데,외야수,False,4,0,0.0,0.0,0.0,0.0,0.0,0.0,0.0,0.0,0,0,0,0,0,0,0,0,0,0,-0.041,0.0,1.0
2015,60648,이인행,KIA,,False,20,30,0.2,0.25,0.2,0.45,0.0,0.286,0.207,0.0,0,0,0,6,0,0,2,0,9,0,-0.461,,1.0
2017,60648,이인행,KIA,,False,3,3,0.0,0.0,0.0,0.0,0.0,0.0,0.0,-126.9,0,0,0,0,0,0,0,0,1,0,0.001,-0.08,1.0
2018,60648,이인행,KIA,,False,4,1,0.0,0.0,0.0,0.0,0.0,0.0,0.0,-117.3,0,0,1,0,0,0,0,0,0,0,0.0,-0.03,1.0
2019,60648,이인행,KIA,,False,9,16,0.188,0.316,0.25,0.566,0.062,0.3,0.262,56.1,0,2,1,3,1,0,2,1,6,0,0.012,-0.04,1.0
2018,68901,이인혁,NC,,False,2,1,0.0,0.0,0.0,0.0,0.0,0.0,0.0,-112.9,0,0,1,0,0,0,0,0,1,0,-0.005,-0.03,1.0
2019,68901,이인혁,NC,,False,6,8,0.25,0.333,0.625,0.958,0.375,0.25,0.397,145.3,1,1,1,2,0,0,1,0,3,0,-0.066,0.08,1.0
2017,67092,이재근,KT,,False,6,4,0.0,0.0,0.0,0.0,0.0,0.0,0.0,-134.8,0,0,1,0,0,0,0,0,3,0,0.012,-0.09,1.0
2024,54305,이재상,키움,내야수,False,36,84,0.1904761904761904,0.227,0.238,0.465,0.0479999999999999,0.3,0.21,15.4,1,5,7,16,1,0,2,2,33,0,-0.875,-0.61,1.0
2025,54305,이재상,키움,내야수,False,2,2,0.5,0.5,0.5,1.0,0.0,1.0,0.45,193.0,0,0,0,1,0,0,0,0,1,0,-0.041,-0.02,1.0
2013,72216,이재영,SK,,False,1,0,0.0,0.0,0.0,0.0,0.0,0.0,0.0,0.0,0,0,0,0,0,0,0,0,0,0,0.0,,1.0
2014,72216,이재영,SK,,False,1,0,0.0,0.0,0.0,0.0,0.0,0.0,0.0,0.0,0,0,0,0,0,0,0,0,0,0,0.0,,1.0
2015,72216,이재영,SK,,False,1,0,0.0,0.0,0.0,0.0,0.0,0.0,0.0,0.0,0,0,0,0,0,0,0,0,0,0,0.0,,1.0
2022,67993,이재용,NC,,False,8,5,0.2,0.333,0.8,1.133,0.6000000000000001,0.0,0.445,177.9,1,2,1,1,0,0,1,0,2,0,-0.013,0.07,1.0
2023,67993,이재용,한화,,False,2,2,0.5,0.5,0.5,1.0,0.0,1.0,0.45,197.6,0,0,1,1,0,0,0,0,1,0,0.0,0.03,1.0
2010,76812,이재원,SK,포수,False,54,70,0.2571428571428571,0.321,0.371,0.692,0.1139999999999999,0.274,0.306,0.0,1,7,8,18,5,0,5,2,8,0,0.0,,1.0
2012,76812,이재원,SK,포수,False,16,28,0.3214285714285714,0.424,0.536,0.96,0.215,0.318,0.447,0.0,2,7,3,9,0,0,4,1,4,0,0.0,,1.0
2013,76812,이재원,SK,포수,False,69,226,0.252212389380531,0.313,0.412,0.725,0.1599999999999999,0.261,0.321,0.0,8,41,27,57,10,1,17,4,32,2,0.0,,1.0
2014,76812,이재원,SK,포수,True,120,412,0.337378640776699,0.413,0.507,0.92,0.1699999999999999,0.368,0.401,0.0,12,83,48,139,30,2,49,12,66,3,1.941,,1.0
2015,76812,이재원,SK,포수,True,140,489,0.2822085889570552,0.363,0.427,0.79,0.145,0.309,0.354,0.0,17,100,58,138,18,1,54,11,85,1,0.075,,1.0
2016,76812,이재원,SK,포수,True,130,411,0.2895377128953771,0.364,0.436,0.8,0.146,0.318,0.354,0.0,15,64,49,119,15,0,43,9,76,1,0.163,,1.0
2017,76812,이재원,SK,포수,False,114,314,0.2420382165605095,0.292,0.376,0.668,0.134,0.264,0.298,65.7,9,42,32,76,15,0,16,8,55,0,-0.913,0.19,1.0
2018,76812,이재원,SK,포수,True,130,407,0.3292383292383292,0.405,0.514,0.919,0.185,0.355,0.404,128.8,17,57,63,134,24,0,43,12,65,0,1.185,3.03,1.0
2019,76812,이재원,SK,포수,True,139,451,0.2682926829268293,0.327,0.39,0.717,0.122,0.282,0.323,90.7,12,75,33,121,19,0,34,9,59,1,-0.922,0.98,1.0
2020,76812,이재원,SK,포수,False,80,222,0.1846846846846846,0.266,0.248,0.514,0.063,0.198,0.244,24.1,2,21,18,41,8,0,19,6,24,0,-2.033,-1.29,1.0
2020,68106,이재원,LG,외야수,False,16,20,0.05,0.136,0.05,0.186,0.0,0.111,0.106,-41.4,0,0,1,1,0,0,2,0,11,0,-0.282,-0.42,1.0
2021,76812,이재원,SSG,포수,False,107,271,0.2804428044280442,0.358,0.362,0.72,0.0819999999999999,0.327,0.322,88.0,3,30,29,76,13,0,29,5,47,0,-0.419,0.81,1.0
2021,68106,이재원,LG,외야수,False,62,154,0.2467532467532467,0.316,0.383,0.699,0.136,0.324,0.31,93.9,5,17,22,38,6,0,14,2,48,5,-0.779,0.69,1.0
2022,68106,이재원,LG,외야수,False,85,223,0.2242152466367713,0.316,0.453,0.769,0.229,0.278,0.346,124.2,13,43,31,50,8,2,18,12,77,3,0.04,1.58,1.0
2022,76812,이재원,SSG,포수,False,105,234,0.2008547008547008,0.296,0.278,0.574,0.077,0.228,0.272,59.1,4,28,27,47,6,0,25,8,44,1,-2.034,-0.07,1.0
2023,68106,이재원,LG,외야수,False,57,112,0.2142857142857142,0.295,0.366,0.661,0.152,0.282,0.285,72.0,4,18,15,24,5,0,12,2,40,4,-0.077,0.04,1.0
2023,76812,이재원,SSG,포수,False,27,44,0.0909090909090909,0.128,0.114,0.242,0.023,0.108,0.112,-53.8,0,2,3,4,1,0,2,0,8,0,-1.153,-0.71,1.0
2024,76812,이재원,한화,포수,False,72,134,0.2388059701492537,0.287,0.291,0.578,0.0519999999999999,0.265,0.267,47.7,1,16,10,32,4,0,7,4,21,0,-0.736,-0.24,1.0
2025,76812,이재원,한화,포수,False,98,125,0.2,0.28,0.256,0.536,0.0559999999999999,0.231,0.243,39.3,1,12,4,25,2,1,14,1,23,1,-1.172,-0.56,1.0
2026,56005,이재원,KT,외야수,False,6,7,0.2857142857142857,0.286,1.0,1.286,0.714,0.2,0.501,215.4,1,2,1,2,0,1,0,0,1,0,-0.096,0.12,0.757
2026,68106,이재원,LG,외야수,False,45,86,0.2325581395348837,0.309,0.453,0.762,0.22,0.32,0.338,108.0,4,16,9,20,7,0,6,4,33,0,-0.666,0.38,0.757
2016,66968,이재율,NC,,False,32,13,0.1538461538461538,0.154,0.154,0.308,0.0,0.2,0.138,0.0,0,0,9,2,0,0,0,0,3,8,0.122,,1.0
2017,66968,이재율,NC,,False,52,24,0.1666666666666666,0.231,0.167,0.398,0.0,0.267,0.189,5.2,0,1,16,4,0,0,0,2,9,9,-0.308,-0.07,1.0
2018,66968,이재율,NC,,False,33,41,0.1707317073170731,0.244,0.244,0.488,0.0729999999999999,0.226,0.248,48.6,0,1,8,7,1,1,2,2,10,3,-0.072,-0.23,1.0
2020,66968,이재율,NC,,False,25,9,0.4444444444444444,0.5,0.556,1.056,0.112,0.5,0.466,181.6,0,3,9,4,1,0,1,0,1,4,0.002,0.17,1.0
2021,66968,이재율,NC,,False,23,15,0.2,0.294,0.333,0.627,0.133,0.25,0.287,67.3,0,1,5,3,2,0,0,2,3,1,-0.503,-0.05,1.0
2021,63492,이재익,삼성,투수,False,1,0,0.0,0.0,0.0,0.0,0.0,0.0,0.0,0.0,0,0,0,0,0,0,0,0,0,0,0.0,0.0,1.0
2023,63492,이재익,삼성,투수,False,1,0,0.0,0.0,0.0,0.0,0.0,0.0,0.0,0.0,0,0,0,0,0,0,0,0,0,0,0.0,0.0,1.0
2010,60263,이재학,두산,투수,False,1,0,0.0,0.0,0.0,0.0,0.0,0.0,0.0,0.0,0,0,0,0,0,0,0,0,0,0,0.0,,1.0
2013,60263,이재학,NC,투수,False,1,0,0.0,0.0,0.0,0.0,0.0,0.0,0.0,0.0,0,0,0,0,0,0,0,0,0,0,0.0,,1.0
2016,60263,이재학,NC,투수,False,1,0,0.0,0.0,0.0,0.0,0.0,0.0,0.0,0.0,0,0,0,0,0,0,0,0,0,0,0.0,,1.0
2017,60263,이재학,NC,투수,False,1,0,0.0,0.0,0.0,0.0,0.0,0.0,0.0,0.0,0,0,0,0,0,0,0,0,0,0,0.0,0.0,1.0
2022,52415,이재현,삼성,내야수,False,75,230,0.2347826086956521,0.254,0.343,0.597,0.108,0.263,0.277,60.5,7,23,23,54,4,0,5,1,44,0,-1.573,-0.1,1.0
2023,52415,이재현,삼성,내야수,True,143,458,0.2489082969432314,0.33,0.378,0.708,0.129,0.281,0.317,89.8,12,60,61,114,19,2,52,6,89,5,-1.268,1.95,1.0
2024,52415,이재현,삼성,내야수,True,109,389,0.2596401028277635,0.365,0.419,0.784,0.1589999999999999,0.295,0.357,100.9,14,66,71,101,18,1,58,8,83,2,0.221,2.33,1.0
2025,52415,이재현,삼성,내야수,True,139,457,0.2538293216630197,0.36,0.427,0.787,0.173,0.303,0.351,109.8,16,67,82,116,29,1,69,11,119,6,-0.952,3.36,1.0
2026,52415,이재현,삼성,내야수,False,55,169,0.2426035502958579,0.342,0.509,0.851,0.266,0.219,0.377,115.7,13,33,34,41,6,0,23,4,31,0,-0.106,1.31,0.757
2022,51307,이재홍,키움,,False,4,4,0.25,0.25,0.25,0.5,0.0,0.5,0.225,28.7,0,0,0,1,0,0,0,0,2,0,-0.062,-0.05,1.0
2025,51460,이재희,삼성,투수,False,1,0,0.0,0.0,0.0,0.0,0.0,0.0,0.0,0.0,0,0,0,0,0,0,0,0,0,0,0.0,0.0,1.0
2016,61557,이정담,SK,,False,1,0,0.0,0.0,0.0,0.0,0.0,0.0,0.0,0.0,0,0,0,0,0,0,0,0,0,0,0.0,,1.0
2010,72551,이정민,롯데,,False,1,0,0.0,0.0,0.0,0.0,0.0,0.0,0.0,0.0,0,0,0,0,0,0,0,0,0,0,0.0,,1.0
2015,72551,이정민,롯데,,False,3,0,0.0,0.0,0.0,0.0,0.0,0.0,0.0,0.0,0,0,0,0,0,0,0,0,0,0,0.0,,1.0
2016,72551,이정민,롯데,,False,1,0,0.0,0.0,0.0,0.0,0.0,0.0,0.0,0.0,0,0,0,0,0,0,0,0,0,0,0.0,,1.0
2021,67807,이정범,SSG,외야수,False,19,59,0.2542372881355932,0.333,0.475,0.808,0.2209999999999999,0.293,0.349,110.8,3,9,8,15,4,0,7,0,15,0,-0.255,0.34,1.0
2022,67807,이정범,SSG,외야수,False,7,11,0.2727272727272727,0.273,0.273,0.546,0.0,0.333,0.245,42.9,0,1,2,3,0,0,0,0,2,0,-0.061,0.05,1.0
2023,67807,이정범,SSG,외야수,False,15,29,0.1724137931034483,0.212,0.172,0.384,0.0,0.2,0.208,16.9,0,4,2,5,0,0,2,0,6,0,-0.317,-0.09,1.0
2025,67807,이정범,SSG,외야수,False,3,3,0.0,0.0,0.0,0.0,0.0,0.0,0.0,-132.6,0,0,0,0,0,0,0,0,2,0,-0.007,-0.08,1.0
2026,67807,이정범,KT,외야수,False,6,13,0.2307692307692307,0.231,0.308,0.539,0.0769999999999999,0.333,0.234,34.3,0,0,0,3,1,0,0,0,4,0,-0.084,-0.14,0.757
2010,74402,이정식,삼성,,False,50,93,0.2580645161290322,0.303,0.323,0.626,0.065,0.329,0.296,0.0,1,7,12,24,3,0,6,0,22,2,0.0,,1.0
2011,74402,이정식,삼성,,False,8,5,0.4,0.4,0.4,0.8,0.0,1.0,0.36,0.0,0,0,0,2,0,0,0,0,3,0,0.0,,1.0
2012,74402,이정식,삼성,,False,46,53,0.1509433962264151,0.262,0.151,0.413,0.0,0.235,0.203,0.0,0,1,4,8,0,0,7,1,19,0,0.0,,1.0
2013,74402,이정식,삼성,,False,11,17,0.2352941176470588,0.235,0.412,0.647,0.177,0.25,0.328,0.0,1,4,3,4,0,0,0,0,4,1,0.0,,1.0
2014,74402,이정식,삼성,,False,7,4,0.0,0.2,0.0,0.2,0.0,0.0,0.144,0.0,0,0,0,0,0,0,1,0,1,0,-0.077,,1.0
2015,74402,이정식,삼성,,False,5,5,0.4,0.4,0.4,0.8,0.0,0.5,0.36,0.0,0,0,0,2,0,0,0,0,1,0,-0.029,,1.0
2016,74402,이정식,삼성,,False,7,8,0.0,0.111,0.0,0.111,0.0,0.0,0.083,0.0,0,1,0,0,0,0,0,1,3,0,-0.134,,1.0
2020,69134,이정용,LG,투수,False,1,0,0.0,0.0,0.0,0.0,0.0,0.0,0.0,0.0,0,0,0,0,0,0,0,0,0,0,0.0,0.0,1.0
2021,69134,이정용,LG,투수,False,1,0,0.0,0.0,0.0,0.0,0.0,0.0,0.0,0.0,0,0,0,0,0,0,0,0,0,0,0.0,0.0,1.0
2023,69134,이정용,LG,투수,False,1,0,0.0,0.0,0.0,0.0,0.0,0.0,0.0,0.0,0,0,0,0,0,0,0,0,0,0,0.0,0.0,1.0
2025,69134,이정용,LG,투수,False,8,0,0.0,0.0,0.0,0.0,0.0,0.0,0.0,0.0,0,0,0,0,0,0,0,0,0,0,0.0,0.0,1.0
2022,67048,이정현,KT,투수,False,1,0,0.0,0.0,0.0,0.0,0.0,0.0,0.0,0.0,0,0,0,0,0,0,0,0,0,0,0.0,0.0,1.0
2025,67048,이정현,KT,투수,False,2,0,0.0,0.0,0.0,0.0,0.0,0.0,0.0,0.0,0,0,0,0,0,0,0,0,0,0,0.0,0.0,1.0
2017,67341,이정후,넥센,외야수,True,144,552,0.3242753623188406,0.395,0.417,0.812,0.0929999999999999,0.365,0.385,110.6,2,47,111,179,29,8,60,6,67,12,-0.614,4.57,1.0
2018,67341,이정후,넥센,외야수,True,109,459,0.355119825708061,0.412,0.477,0.889,0.122,0.39,0.399,118.3,6,57,81,163,34,2,42,8,58,11,1.529,4.03,1.0
2019,67341,이정후,키움,외야수,True,140,574,0.3362369337979094,0.386,0.456,0.842,0.12,0.352,0.376,133.5,6,68,91,193,31,10,45,4,40,13,-0.321,5.31,1.0
2020,67341,이정후,키움,외야수,True,140,544,0.3327205882352941,0.397,0.524,0.921,0.191,0.339,0.397,136.8,15,101,85,181,49,5,59,4,47,12,1.995,6.2,1.0
2021,67341,이정후,키움,외야수,True,123,464,0.3599137931034483,0.438,0.522,0.96,0.162,0.373,0.426,164.6,7,84,78,167,42,6,62,9,37,10,2.052,7.38,1.0
2022,67341,이정후,키움,외야수,True,142,553,0.349005424954792,0.421,0.575,0.996,0.2259999999999999,0.339,0.429,171.2,23,113,85,193,36,10,66,5,32,5,4.461,8.53,1.0
2023,67341,이정후,키움,외야수,False,86,330,0.3181818181818182,0.406,0.455,0.861,0.137,0.324,0.377,131.1,6,45,50,105,23,2,49,3,23,6,0.254,3.47,1.0
2010,97541,이정훈,롯데,,False,4,0,0.0,0.0,0.0,0.0,0.0,0.0,0.0,0.0,0,0,0,0,0,0,0,0,0,0,0.0,,1.0
2012,97541,이정훈,넥센,,False,3,0,0.0,0.0,0.0,0.0,0.0,0.0,0.0,0.0,0,0,0,0,0,0,0,0,0,0,0.0,,1.0
2016,97541,이정훈,넥센,,False,1,0,0.0,0.0,0.0,0.0,0.0,0.0,0.0,0.0,0,0,0,0,0,0,0,0,0,0,0.0,,1.0
2017,67644,이정훈,KIA,외야수,False,4,2,0.0,0.333,0.0,0.333,0.0,0.0,0.25,34.2,0,0,0,0,0,0,0,1,1,0,-0.003,-0.01,1.0
2019,67644,이정훈,KIA,외야수,False,7,14,0.2857142857142857,0.267,0.357,0.624,0.071,0.286,0.263,56.7,0,3,0,4,1,0,0,0,1,0,-0.103,-0.06,1.0
2020,67644,이정훈,KIA,외야수,False,3,4,0.0,0.0,0.0,0.0,0.0,0.0,0.0,-123.0,0,0,0,0,0,0,0,0,2,0,-0.079,-0.1,1.0
2021,67644,이정훈,KIA,외야수,False,41,129,0.2480620155038759,0.358,0.341,0.699,0.093,0.319,0.33,100.8,2,14,14,32,6,0,19,3,33,0,-0.868,0.41,1.0
2022,67644,이정훈,KIA,외야수,False,6,8,0.0,0.2,0.0,0.2,0.0,0.0,0.144,-31.7,0,0,0,0,0,0,2,0,3,0,-0.252,-0.12,1.0
2023,67644,이정훈,롯데,외야수,False,59,152,0.2960526315789473,0.357,0.362,0.719,0.066,0.349,0.341,110.0,1,17,17,45,7,0,13,3,28,1,-0.409,0.68,1.0
2024,67644,이정훈,롯데,외야수,False,65,100,0.3,0.374,0.38,0.754,0.08,0.37,0.358,98.9,0,18,10,30,8,0,13,0,21,0,-0.37,0.42,1.0
2025,67644,이정훈,KT,외야수,False,59,132,0.2575757575757575,0.338,0.379,0.717,0.121,0.375,0.335,104.2,4,14,20,34,4,0,13,3,48,0,-0.361,0.42,1.0
2026,67644,이정훈,KT,외야수,False,65,64,0.3125,0.436,0.359,0.795,0.0459999999999999,0.345,0.374,123.2,1,15,5,20,0,0,13,1,8,0,0.421,0.44,0.757
2010,93607,이종범,KIA,,False,97,265,0.2452830188679245,0.293,0.358,0.651,0.1129999999999999,0.268,0.286,0.0,4,29,36,65,16,1,15,3,33,2,0.0,,1.0
2011,93607,이종범,KIA,,False,97,235,0.2765957446808511,0.337,0.387,0.724,0.1099999999999999,0.31,0.306,0.0,3,24,27,65,15,1,22,1,35,3,0.0,,1.0
2010,73339,이종욱,두산,,True,114,413,0.3123486682808716,0.383,0.397,0.78,0.085,0.34,0.352,0.0,5,45,66,129,16,2,45,4,46,30,0.0,,1.0
2011,73339,이종욱,두산,,True,121,436,0.3027522935779816,0.377,0.385,0.762,0.082,0.331,0.341,0.0,5,44,64,132,11,5,49,5,51,20,0.0,,1.0
2012,73339,이종욱,두산,,True,121,437,0.2402745995423341,0.309,0.284,0.593,0.0439999999999999,0.263,0.276,0.0,0,39,57,105,17,1,43,3,43,21,0.0,,1.0
2013,73339,이종욱,두산,,True,110,401,0.3067331670822942,0.369,0.439,0.808,0.132,0.344,0.355,0.0,6,52,77,123,23,6,38,3,57,30,0.0,,1.0
2014,73339,이종욱,NC,,True,124,438,0.2876712328767123,0.342,0.411,0.753,0.123,0.312,0.335,0.0,6,78,73,126,28,4,40,3,60,15,3.239,,1.0
2015,73339,이종욱,NC,,True,125,440,0.2681818181818182,0.35,0.368,0.718,0.0999999999999999,0.314,0.321,0.0,5,52,63,118,25,2,54,3,78,17,0.806,,1.0
2016,73339,이종욱,NC,,True,134,453,0.304635761589404,0.376,0.408,0.784,0.1029999999999999,0.35,0.355,0.0,5,57,73,138,24,4,54,1,73,15,0.48,,1.0
2017,73339,이종욱,NC,,False,107,318,0.3081761006289308,0.371,0.403,0.774,0.095,0.326,0.358,113.8,5,34,52,98,15,0,28,5,30,9,-0.405,1.8,1.0
2018,73339,이종욱,NC,,False,43,122,0.2295081967213114,0.252,0.311,0.563,0.0809999999999999,0.255,0.261,49.1,1,8,12,28,7,0,4,0,16,1,-0.482,-0.01,1.0
2024,50904,이종준,LG,투수,False,2,0,0.0,0.0,0.0,0.0,0.0,0.0,0.0,0.0,0,0,0,0,0,0,0,0,0,0,0.0,0.0,1.0
2010,60667,이종환,KIA,,False,47,87,0.1724137931034483,0.226,0.322,0.548,0.15,0.241,0.244,0.0,2,13,8,15,5,1,6,0,31,0,0.0,,1.0
2012,60667,이종환,KIA,,False,6,13,0.3846153846153846,0.385,0.769,1.154,0.384,0.444,0.479,0.0,1,3,2,5,2,0,0,0,3,0,0.0,,1.0
2013,60667,이종환,KIA,,False,42,123,0.2845528455284553,0.348,0.382,0.73,0.097,0.37,0.328,0.0,1,12,6,35,9,0,12,0,30,1,0.0,,1.0
2014,60667,이종환,KIA,,False,92,122,0.2868852459016393,0.353,0.41,0.763,0.123,0.375,0.334,0.0,2,23,14,35,9,0,11,2,33,0,0.31,,1.0
2015,60667,이종환,한화,,False,44,100,0.29,0.33,0.33,0.66,0.04,0.367,0.317,0.0,0,12,14,29,4,0,6,0,21,0,-0.141,,1.0
2016,60667,이종환,한화,,False,31,29,0.2758620689655172,0.333,0.31,0.643,0.0339999999999999,0.4,0.296,0.0,0,4,3,8,1,0,3,0,10,0,-0.283,,1.0
2017,60667,이종환,한화,,False,1,2,0.0,0.0,0.0,0.0,0.0,0.0,0.0,-127.6,0,0,0,0,0,0,0,0,1,0,-0.351,-0.05,1.0
2021,51560,이주찬,롯데,내야수,False,3,7,0.0,0.0,0.0,0.0,0.0,0.0,0.0,-136.0,0,0,0,0,0,0,0,0,5,0,-0.101,-0.18,1.0
2024,51560,이주찬,롯데,내야수,False,17,24,0.1666666666666666,0.2,0.333,0.533,0.166,0.214,0.339,94.5,1,2,7,4,1,0,1,0,9,0,0.206,-0.07,1.0
2024,52154,이주헌,LG,포수,False,3,6,0.6666666666666666,0.667,1.0,1.667,0.3329999999999999,1.0,0.713,345.6,0,3,0,4,2,0,0,0,2,0,0.242,0.22,1.0
2025,52154,이주헌,LG,포수,False,76,128,0.21875,0.351,0.336,0.687,0.117,0.255,0.322,102.9,4,9,22,28,3,0,18,8,30,0,-1.194,0.55,1.0
2026,52154,이주헌,LG,포수,False,52,92,0.2282608695652173,0.258,0.402,0.66,0.174,0.298,0.28,68.4,4,13,10,21,4,0,2,2,32,0,-0.435,-0.01,0.757
2021,50167,이주형,LG,외야수,False,14,16,0.125,0.222,0.125,0.347,0.0,0.222,0.221,25.0,0,0,3,2,0,0,1,1,7,2,-0.525,-0.12,1.0
2021,51302,이주형,키움,외야수,False,5,10,0.1,0.182,0.4,0.582,0.3,0.0,0.243,47.3,1,3,1,1,0,0,1,0,7,0,0.147,-0.04,1.0
2022,51302,이주형,키움,외야수,False,32,71,0.1690140845070422,0.294,0.211,0.505,0.0419999999999999,0.25,0.261,56.9,1,8,7,12,0,0,10,3,27,0,-0.673,-0.03,1.0
2023,50167,이주형,키움,외야수,False,69,215,0.3255813953488372,0.39,0.507,0.897,0.181,0.405,0.391,146.8,6,36,32,70,13,4,19,5,53,3,0.519,2.14,1.0
2024,50167,이주형,키움,외야수,True,115,473,0.266384778012685,0.352,0.402,0.754,0.136,0.33,0.351,105.3,13,60,82,126,19,3,49,14,119,6,-1.087,2.52,1.0
2025,50167,이주형,키움,외야수,True,127,446,0.2399103139013453,0.337,0.368,0.705,0.128,0.3,0.329,104.1,11,45,55,107,22,1,37,28,115,15,-1.117,2.43,1.0
2025,51302,이주형,키움,외야수,False,11,16,0.3125,0.353,0.313,0.666,0.0,0.556,0.307,89.7,0,2,2,5,0,0,1,0,7,0,-0.004,0.03,1.0
2026,50167,이주형,키움,외야수,False,24,94,0.2446808510638298,0.304,0.426,0.73,0.181,0.296,0.323,94.2,2,12,12,23,9,1,5,3,21,4,0.141,0.25,0.757
2026,51302,이주형,키움,외야수,False,5,5,0.0,0.0,0.0,0.0,0.0,0.0,0.0,-125.4,0,0,0,0,0,0,0,0,2,0,-0.067,-0.12,0.757
2012,77654,이준수,한화,,False,37,39,0.1538461538461538,0.233,0.179,0.412,0.0249999999999999,0.261,0.2,0.0,0,2,1,6,1,0,4,0,16,0,0.0,,1.0
2013,77654,이준수,한화,,False,47,65,0.2,0.264,0.246,0.51,0.0459999999999999,0.289,0.231,0.0,0,6,6,13,3,0,3,3,21,0,0.0,,1.0
2014,77654,이준수,한화,,False,3,0,0.0,1.0,0.0,0.0,0.0,0.0,0.72,0.0,0,0,0,0,0,0,1,0,0,0,0.078,,1.0
2018,77654,이준수,KT,,False,11,8,0.25,0.333,0.25,0.583,0.0,0.286,0.255,24.8,0,1,0,2,0,0,0,1,1,0,0.035,-0.07,1.0
2019,77654,이준수,KT,,False,32,36,0.1944444444444444,0.37,0.222,0.592,0.0279999999999999,0.28,0.302,75.5,0,3,3,7,1,0,9,1,11,0,-0.261,-0.09,1.0
2025,65665,이준영,KIA,투수,False,1,0,0.0,0.0,0.0,0.0,0.0,0.0,0.0,0.0,0,0,0,0,0,0,0,0,0,0,0.0,0.0,1.0
2025,55301,이준우,키움,투수,False,1,0,0.0,0.0,0.0,0.0,0.0,0.0,0.0,0.0,0,0,0,0,0,0,0,0,0,0,0.0,0.0,1.0
2015,62463,이준형,LG,,False,1,0,0.0,0.0,0.0,0.0,0.0,0.0,0.0,0.0,0,0,0,0,0,0,0,0,0,0,0.0,,1.0
2011,60693,이준호,KIA,,False,4,2,0.5,0.5,0.5,1.0,0.0,0.5,0.45,0.0,0,0,0,1,0,0,0,0,0,0,0.0,,1.0
2012,60693,이준호,KIA,,False,113,255,0.2274509803921568,0.303,0.306,0.609,0.0789999999999999,0.276,0.283,0.0,0,21,25,58,12,4,29,0,48,4,0.0,,1.0
2013,60693,이준호,KIA,,False,55,60,0.2,0.246,0.233,0.479,0.033,0.267,0.218,0.0,0,4,4,12,2,0,3,1,16,0,0.0,,1.0
2024,69108,이지강,LG,투수,False,4,0,0.0,0.0,0.0,0.0,0.0,0.0,0.0,0.0,0,0,0,0,0,0,0,0,0,0,0.0,0.0,1.0
2025,69108,이지강,LG,투수,False,6,0,0.0,0.0,0.0,0.0,0.0,0.0,0.0,0.0,0,0,0,0,0,0,0,0,0,0,0.0,0.0,1.0
2012,79456,이지영,삼성,포수,False,54,135,0.3037037037037037,0.343,0.326,0.669,0.022,0.345,0.302,0.0,0,13,10,41,3,0,4,4,16,0,0.0,,1.0
2013,79456,이지영,삼성,포수,False,113,268,0.2388059701492537,0.278,0.261,0.539,0.022,0.277,0.24,0.0,0,18,27,64,4,1,14,1,38,4,0.0,,1.0
2014,79456,이지영,삼성,포수,False,99,266,0.2781954887218045,0.315,0.372,0.687,0.0939999999999999,0.303,0.293,0.0,3,32,37,74,10,3,14,2,33,3,-1.447,,1.0
2015,79456,이지영,삼성,포수,False,124,361,0.3047091412742382,0.333,0.346,0.679,0.0409999999999999,0.327,0.3,0.0,1,55,36,110,10,1,14,4,32,1,-0.268,,1.0
2016,79456,이지영,삼성,포수,False,129,390,0.2974358974358974,0.328,0.382,0.71,0.085,0.309,0.323,0.0,7,50,36,116,12,0,12,7,32,3,0.157,,1.0
2017,79456,이지영,삼성,포수,False,105,302,0.23841059602649,0.294,0.285,0.579,0.0469999999999999,0.272,0.268,41.8,0,26,31,72,10,2,20,5,40,4,-2.98,-0.82,1.0
2018,79456,이지영,삼성,포수,False,90,178,0.3426966292134831,0.406,0.433,0.839,0.0899999999999999,0.396,0.377,105.0,2,19,31,61,10,0,15,4,27,0,-0.067,0.87,1.0
2019,79456,이지영,키움,포수,False,106,308,0.2824675324675325,0.317,0.315,0.632,0.033,0.307,0.289,70.9,1,39,40,87,5,1,15,1,28,5,-2.309,-0.03,1.0
2020,79456,이지영,키움,포수,False,101,262,0.3091603053435114,0.364,0.363,0.727,0.0539999999999999,0.345,0.328,91.6,0,36,22,81,10,2,19,4,28,1,-0.671,0.29,1.0
2021,79456,이지영,키움,포수,False,108,233,0.2746781115879828,0.328,0.305,0.633,0.0299999999999999,0.292,0.314,83.1,0,31,29,64,5,1,19,1,17,3,-1.512,0.66,1.0
2022,79456,이지영,키움,포수,True,137,420,0.2666666666666666,0.303,0.331,0.634,0.064,0.294,0.288,72.1,2,37,38,112,13,4,20,2,44,1,-3.536,0.63,1.0
2023,79456,이지영,키움,포수,False,81,217,0.2488479262672811,0.291,0.295,0.586,0.0459999999999999,0.303,0.271,61.0,0,8,23,54,8,1,12,1,39,1,-2.455,-0.05,1.0
2024,79456,이지영,SSG,포수,False,123,398,0.278894472361809,0.32,0.349,0.669,0.0699999999999999,0.294,0.311,78.6,5,50,45,111,11,1,18,7,35,8,-1.061,0.87,1.0
2025,79456,이지영,SSG,포수,False,76,197,0.2385786802030456,0.283,0.325,0.608,0.086,0.253,0.267,58.2,3,18,13,47,6,1,11,2,22,2,-2.471,-0.11,1.0
2026,79456,이지영,SSG,포수,False,43,84,0.238095238095238,0.293,0.321,0.614,0.083,0.253,0.278,61.2,1,7,11,20,4,0,7,0,9,1,-0.469,-0.05,0.757
2015,64013,이지찬,KT,,False,34,39,0.2307692307692307,0.268,0.282,0.55,0.0509999999999999,0.273,0.265,0.0,0,4,4,9,2,0,2,0,6,2,-0.718,,1.0
2015,64895,이진석,SK,,False,6,2,0.5,0.5,0.5,1.0,0.0,1.0,0.45,0.0,0,0,1,1,0,0,0,0,1,0,-0.058,,1.0
2016,64895,이진석,SK,,False,41,43,0.1860465116279069,0.222,0.256,0.478,0.07,0.333,0.214,0.0,0,2,6,8,1,1,2,0,19,0,-0.365,,1.0
2010,99810,이진영,LG,,True,104,378,0.3306878306878307,0.381,0.46,0.841,0.129,0.352,0.376,0.0,7,50,56,125,28,0,32,1,40,10,0.0,,1.0
2011,99810,이진영,LG,,False,97,323,0.2755417956656347,0.331,0.356,0.687,0.0799999999999999,0.296,0.315,0.0,2,37,43,89,18,1,26,2,29,3,0.0,,1.0
2012,99810,이진영,LG,,True,105,365,0.3068493150684931,0.381,0.389,0.77,0.082,0.335,0.351,0.0,4,55,39,112,18,0,44,1,41,4,0.0,,1.0
2013,99810,이진영,LG,,True,106,368,0.328804347826087,0.39,0.429,0.819,0.0999999999999999,0.362,0.374,0.0,3,62,41,121,26,1,37,2,42,6,0.0,,1.0
2014,99810,이진영,LG,,True,119,412,0.3252427184466019,0.384,0.425,0.809,0.0999999999999999,0.349,0.369,0.0,6,65,53,134,19,2,45,0,48,4,1.431,,1.0
2015,99810,이진영,LG,,False,103,301,0.2558139534883721,0.351,0.369,0.72,0.1129999999999999,0.285,0.323,0.0,9,39,32,77,5,1,42,3,55,2,-0.006,,1.0
2016,99810,이진영,KT,,False,115,371,0.3315363881401617,0.403,0.48,0.883,0.1479999999999999,0.351,0.391,0.0,10,72,49,123,23,1,45,3,44,2,1.598,,1.0
2016,66657,이진영,KIA,외야수,False,17,29,0.1379310344827586,0.219,0.138,0.357,0.0,0.211,0.202,0.0,0,2,4,4,0,0,3,0,10,1,-0.553,,1.0
2017,66657,이진영,KIA,외야수,False,18,5,0.4,0.625,0.4,1.025,0.0,0.5,0.502,196.8,0,0,3,2,0,0,1,2,1,0,-0.197,0.0,1.0
2017,99810,이진영,KT,,False,103,263,0.2889733840304182,0.335,0.418,0.753,0.129,0.326,0.335,75.0,2,31,28,76,26,1,17,1,34,0,-0.315,0.29,1.0
2018,99810,이진영,KT,,False,110,283,0.3180212014134275,0.37,0.417,0.787,0.0989999999999999,0.351,0.362,87.4,3,39,40,90,17,1,25,0,35,2,0.259,1.12,1.0
2019,66657,이진영,KIA,외야수,False,11,15,0.1333333333333333,0.133,0.133,0.266,0.0,0.182,0.181,-3.5,0,2,1,2,0,0,0,0,4,0,-0.157,-0.14,1.0
2020,66657,이진영,KIA,외야수,False,32,22,0.2272727272727272,0.37,0.273,0.643,0.046,0.385,0.347,105.4,0,5,4,5,1,0,5,0,9,1,-0.107,0.08,1.0
2021,66657,이진영,KIA,외야수,False,17,40,0.2,0.319,0.45,0.769,0.25,0.375,0.336,106.6,2,5,8,8,2,1,3,4,22,1,-0.081,0.21,1.0
2022,66657,이진영,한화,외야수,False,70,220,0.2,0.254,0.373,0.627,0.173,0.288,0.278,67.5,8,31,27,44,12,1,17,0,90,2,-2.163,-0.11,1.0
2023,66657,이진영,한화,외야수,False,121,358,0.2486033519553072,0.344,0.394,0.738,0.145,0.35,0.344,116.8,10,50,57,89,22,0,53,2,127,5,0.58,3.32,1.0
2024,66657,이진영,한화,외야수,False,42,93,0.2043010752688172,0.282,0.301,0.583,0.097,0.277,0.275,56.0,1,13,20,19,6,0,8,2,27,0,-0.542,-0.37,1.0
2025,66657,이진영,한화,외야수,False,115,321,0.2741433021806854,0.35,0.417,0.767,0.1429999999999999,0.347,0.356,119.9,11,43,49,88,13,0,38,2,93,1,-1.01,2.13,1.0
2026,66657,이진영,한화,외야수,False,47,85,0.2352941176470588,0.333,0.329,0.662,0.094,0.333,0.315,83.0,2,12,10,20,2,0,10,3,30,2,-0.236,0.39,0.757
2026,55417,이진용,삼성,외야수,False,1,0,0.0,0.0,0.0,0.0,0.0,0.0,0.0,0.0,0,0,0,0,0,0,0,0,0,0,0.0,0.0,0.757
2019,66504,이찬건,롯데,,False,2,2,0.0,0.0,0.0,0.0,0.0,0.0,0.0,-147.1,0,0,0,0,0,0,0,0,2,0,-0.068,-0.05,1.0
2010,60304,이창섭,넥센,,False,8,12,0.1666666666666666,0.167,0.167,0.334,0.0,0.333,0.15,0.0,0,0,1,2,0,0,0,0,6,0,0.0,,1.0
2013,60304,이창섭,NC,,False,5,5,0.0,0.0,0.0,0.0,0.0,0.0,0.0,0.0,0,0,0,0,0,0,0,0,2,0,0.0,,1.0
2014,60304,이창섭,NC,,False,1,0,0.0,0.0,0.0,0.0,0.0,0.0,0.0,0.0,0,0,1,0,0,0,0,0,0,0,0.0,,1.0
2015,60304,이창섭,NC,,False,16,5,0.0,0.375,0.0,0.375,0.0,0.0,0.27,0.0,0,0,0,0,0,0,3,0,3,0,-0.035,,1.0
2014,64706,이창열,한화,,False,22,21,0.1904761904761904,0.32,0.381,0.701,0.191,0.267,0.314,0.0,0,3,5,4,2,1,3,1,6,1,0.112,,1.0
2015,64706,이창열,한화,,False,5,2,0.5,0.5,1.0,1.5,0.5,0.5,0.62,0.0,0,1,0,1,1,0,0,0,0,0,-0.006,,1.0
2017,64706,이창열,한화,,False,3,1,0.0,0.0,0.0,0.0,0.0,0.0,0.0,-127.6,0,0,1,0,0,0,0,0,0,0,-0.063,-0.03,1.0
2019,64706,이창열,한화,,False,11,13,0.1538461538461538,0.267,0.154,0.421,0.0,0.25,0.204,9.2,0,1,3,2,0,0,1,1,5,0,0.06,-0.11,1.0
2024,51407,이창용,삼성,내야수,False,9,21,0.1904761904761904,0.19,0.238,0.428,0.0479999999999999,0.235,0.188,-3.1,0,2,1,4,1,0,0,0,4,0,-0.27,-0.25,1.0
2025,51407,이창용,삼성,내야수,False,11,15,0.2,0.294,0.467,0.761,0.267,0.333,0.325,88.3,1,2,2,3,1,0,2,0,8,1,-0.048,0.03,1.0
2026,51407,이창용,삼성,내야수,False,2,2,0.5,0.5,0.5,1.0,0.0,1.0,0.45,173.0,0,0,0,1,0,0,0,0,1,0,0.024,0.03,0.757
2015,77854,이창욱,SK,,False,1,0,0.0,0.0,0.0,0.0,0.0,0.0,0.0,0.0,0,0,0,0,0,0,0,0,0,0,0.0,,1.0
2020,65057,이창재,KT,,False,1,0,0.0,0.0,0.0,0.0,0.0,0.0,0.0,0.0,0,0,0,0,0,0,0,0,0,0,0.0,0.0,1.0
2021,65057,이창재,KT,,False,1,0,0.0,0.0,0.0,0.0,0.0,0.0,0.0,0.0,0,0,0,0,0,0,0,0,0,0,0.0,0.0,1.0
2014,64560,이창진,롯데,외야수,False,4,2,0.5,0.5,1.0,1.5,0.5,1.0,0.62,0.0,0,0,1,1,1,0,0,0,1,0,0.002,,1.0
2015,64560,이창진,KT,외야수,False,13,19,0.1578947368421052,0.2,0.211,0.411,0.0529999999999999,0.231,0.188,0.0,0,0,1,3,1,0,1,0,6,0,-0.536,,1.0
2018,64560,이창진,KIA,외야수,False,20,29,0.1724137931034483,0.2,0.207,0.407,0.035,0.192,0.217,3.1,0,0,5,5,1,0,0,1,3,0,-0.399,-0.31,1.0
2019,64560,이창진,KIA,외야수,True,133,400,0.27,0.363,0.383,0.746,0.1129999999999999,0.332,0.335,110.9,6,48,57,108,25,1,57,4,92,8,-2.072,2.49,1.0
2020,64560,이창진,KIA,외야수,False,22,88,0.3295454545454545,0.404,0.443,0.847,0.1129999999999999,0.408,0.378,126.3,0,7,19,29,8,1,10,1,17,0,-0.236,0.89,1.0
2021,64560,이창진,KIA,외야수,False,105,249,0.2088353413654618,0.308,0.285,0.593,0.0759999999999999,0.251,0.279,65.0,3,33,35,52,8,1,36,1,54,5,-1.533,-0.04,1.0
2022,64560,이창진,KIA,외야수,False,111,346,0.3005780346820809,0.374,0.402,0.776,0.101,0.346,0.354,125.5,7,48,56,104,14,0,41,2,63,3,-1.323,2.42,1.0
2023,64560,이창진,KIA,외야수,False,104,244,0.2704918032786885,0.362,0.389,0.751,0.119,0.313,0.354,122.3,4,29,35,66,11,3,34,2,44,9,-1.329,2.19,1.0
2024,64560,이창진,KIA,외야수,False,103,191,0.2617801047120419,0.401,0.33,0.731,0.068,0.31,0.341,98.5,1,18,36,50,10,0,45,2,36,4,-0.387,0.43,1.0
2025,64560,이창진,KIA,외야수,False,37,93,0.1612903225806451,0.295,0.226,0.521,0.065,0.197,0.261,54.4,1,9,11,15,3,0,16,2,22,0,-0.709,-0.51,1.0
2026,64560,이창진,KIA,외야수,False,1,2,0.0,0.0,0.0,0.0,0.0,0.0,0.0,-126.7,0,0,0,0,0,0,0,0,1,0,-0.029,-0.05,0.757
2023,68896,이채호,KT,투수,False,1,0,0.0,0.0,0.0,0.0,0.0,0.0,0.0,0.0,0,0,0,0,0,0,0,0,0,0,0.0,0.0,1.0
2012,61186,이천웅,LG,,False,6,14,0.2142857142857142,0.389,0.429,0.818,0.215,0.222,0.37,0.0,1,2,2,3,0,0,3,1,4,2,0.0,,1.0
2013,61186,이천웅,LG,,False,8,10,0.1,0.091,0.1,0.191,0.0,0.111,0.165,0.0,0,1,0,1,0,0,0,0,2,0,0.0,,1.0
2016,61186,이천웅,LG,,False,103,276,0.2934782608695652,0.376,0.402,0.778,0.109,0.338,0.347,0.0,6,41,38,81,10,1,34,3,49,6,0.73,,1.0
2017,61186,이천웅,LG,,False,75,232,0.2844827586206896,0.366,0.371,0.737,0.087,0.346,0.335,112.3,2,27,35,66,14,0,24,6,45,8,0.997,0.36,1.0
2018,61186,이천웅,LG,,False,112,359,0.3398328690807799,0.407,0.435,0.842,0.0949999999999999,0.386,0.377,131.9,2,39,61,122,22,3,39,3,48,10,0.843,2.3,1.0
2019,61186,이천웅,LG,,True,138,546,0.3076923076923077,0.378,0.374,0.752,0.066,0.359,0.345,130.4,2,48,88,168,24,3,57,5,82,21,0.383,3.99,1.0
2020,61186,이천웅,LG,,False,89,312,0.2564102564102564,0.333,0.333,0.666,0.077,0.284,0.307,93.1,3,36,44,80,11,2,35,4,44,8,-1.894,0.45,1.0
2021,61186,이천웅,LG,,False,68,181,0.1988950276243093,0.305,0.271,0.576,0.072,0.217,0.284,72.2,2,16,20,36,7,0,25,3,23,3,-1.257,0.02,1.0
2022,61186,이천웅,LG,,False,19,20,0.2,0.304,0.2,0.504,0.0,0.235,0.25,48.8,0,0,3,4,0,0,3,0,3,0,-0.027,-0.07,1.0
2023,61186,이천웅,LG,,False,4,3,1.0,1.0,1.0,2.0,0.0,1.0,0.9,528.4,0,1,0,3,0,0,0,0,0,0,0.195,0.16,1.0
2025,55511,이태경,롯데,내야수,False,2,1,0.0,0.0,0.0,0.0,0.0,0.0,0.0,-135.2,0,0,0,0,0,0,0,0,1,0,0.0,-0.02,1.0
2012,61323,이태양,넥센,,False,1,0,0.0,0.0,0.0,0.0,0.0,0.0,0.0,0.0,0,0,0,0,0,0,0,0,0,0,0.0,,1.0
2014,61323,이태양,NC,,False,1,0,0.0,0.0,0.0,0.0,0.0,0.0,0.0,0.0,0,0,0,0,0,0,0,0,0,0,0.0,,1.0
2015,61323,이태양,NC,,False,1,0,0.0,0.0,0.0,0.0,0.0,0.0,0.0,0.0,0,0,0,0,0,0,0,0,0,0,0.0,,1.0
2016,60768,이태양,한화,투수,False,1,1,0.0,0.0,0.0,0.0,0.0,0.0,0.0,0.0,0,0,0,0,0,0,0,0,1,0,-0.062,,1.0
2023,60768,이태양,한화,투수,False,1,0,0.0,0.0,0.0,0.0,0.0,0.0,0.0,0.0,0,0,0,0,0,0,0,0,0,0,0.0,0.0,1.0
2013,60102,이태원,NC,,False,70,82,0.1463414634146341,0.247,0.171,0.418,0.025,0.214,0.201,0.0,0,4,5,12,2,0,8,3,26,0,0.0,,1.0
2014,60102,이태원,NC,,False,62,66,0.1212121212121212,0.147,0.152,0.299,0.031,0.174,0.148,0.0,0,4,5,8,2,0,2,0,20,0,-0.582,,1.0
2021,68466,이태훈,삼성,,False,3,2,0.0,0.0,0.0,0.0,0.0,0.0,0.0,-135.5,0,0,0,0,0,0,0,0,1,0,-0.002,-0.05,1.0
2022,68466,이태훈,삼성,,False,10,17,0.1764705882352941,0.222,0.176,0.398,0.0,0.273,0.19,-0.3,0,0,2,3,0,0,1,0,6,0,0.098,-0.14,1.0
2023,68466,이태훈,삼성,,False,12,13,0.2307692307692307,0.286,0.308,0.594,0.0769999999999999,0.5,0.334,105.4,0,0,1,3,1,0,1,0,7,0,-0.093,0.01,1.0
2010,73342,이택근,LG,,False,91,337,0.3026706231454006,0.377,0.484,0.861,0.181,0.325,0.388,0.0,14,50,66,102,17,1,38,4,55,14,0.0,,1.0
2011,73342,이택근,LG,,False,85,317,0.2965299684542586,0.377,0.388,0.765,0.091,0.332,0.345,0.0,4,29,44,94,17,0,40,3,45,10,0.0,,1.0
2012,73342,이택근,넥센,,False,94,345,0.2753623188405797,0.335,0.409,0.744,0.1339999999999999,0.278,0.327,0.0,8,55,54,95,20,1,31,3,30,13,0.0,,1.0
2013,73342,이택근,넥센,,True,123,477,0.2872117400419287,0.345,0.413,0.758,0.126,0.307,0.335,0.0,9,66,73,137,31,1,39,7,58,29,0.0,,1.0
2014,73342,이택근,넥센,,True,122,441,0.3061224489795918,0.386,0.526,0.912,0.22,0.295,0.395,0.0,21,91,87,135,32,1,51,13,43,11,2.415,,1.0
2015,73342,이택근,넥센,,False,105,347,0.3256484149855908,0.402,0.464,0.866,0.138,0.358,0.388,0.0,10,44,61,113,16,1,44,3,53,11,1.482,,1.0
2016,73342,이택근,넥센,,True,127,398,0.3090452261306532,0.389,0.422,0.811,0.1129999999999999,0.338,0.363,0.0,8,65,64,123,19,1,53,3,56,7,1.202,,1.0
2017,73342,이택근,넥센,,False,100,241,0.2780082987551867,0.347,0.386,0.733,0.1079999999999999,0.354,0.336,78.8,3,29,27,67,15,1,25,1,58,0,-1.546,0.22,1.0
2018,73342,이택근,넥센,,False,104,308,0.3084415584415584,0.385,0.435,0.82,0.127,0.345,0.367,100.9,4,52,40,95,25,1,32,9,44,1,0.294,1.47,1.0
2020,73342,이택근,키움,,False,20,57,0.1929824561403508,0.281,0.281,0.562,0.088,0.306,0.26,49.1,0,7,5,11,5,0,7,0,21,0,-0.102,-0.24,1.0
2019,69453,이학주,삼성,,False,118,385,0.2623376623376623,0.332,0.369,0.701,0.1069999999999999,0.321,0.311,75.3,7,36,43,101,14,3,32,10,89,15,-1.58,0.96,1.0
2020,69453,이학주,삼성,,False,64,206,0.2281553398058252,0.314,0.34,0.654,0.112,0.289,0.296,51.0,4,28,30,47,11,0,26,2,58,6,-0.478,0.19,1.0
2021,69453,이학주,삼성,,False,66,155,0.2064516129032258,0.276,0.335,0.611,0.129,0.311,0.283,62.0,4,20,17,32,8,0,14,1,61,2,-0.981,-0.19,1.0
2022,69453,이학주,롯데,,False,91,232,0.2068965517241379,0.263,0.302,0.565,0.095,0.256,0.259,50.4,3,15,29,48,11,1,16,2,54,2,-2.675,-0.24,1.0
2023,69453,이학주,롯데,,False,104,110,0.209090909090909,0.287,0.309,0.596,0.1,0.263,0.287,71.6,3,13,22,23,2,0,11,1,31,4,-0.606,0.0,1.0
2024,69453,이학주,롯데,,False,43,95,0.2631578947368421,0.32,0.389,0.709,0.126,0.469,0.326,83.6,2,4,13,25,2,2,6,2,44,0,-0.867,0.37,1.0
2014,76822,이한진,SK,,False,1,0,0.0,0.0,0.0,0.0,0.0,0.0,0.0,0.0,0,0,0,0,0,0,0,0,0,0,0.0,,1.0
2015,76822,이한진,SK,,False,1,0,0.0,0.0,0.0,0.0,0.0,0.0,0.0,0.0,0,0,0,0,0,0,0,0,0,0,0.0,,1.0
2022,69416,이해승,삼성,내야수,False,46,99,0.2323232323232323,0.24,0.263,0.503,0.031,0.329,0.229,28.4,0,5,11,23,3,0,1,0,29,0,-0.542,-0.64,1.0
2023,69416,이해승,삼성,내야수,False,9,4,0.25,0.25,0.5,0.75,0.25,0.333,0.31,86.0,0,0,0,1,1,0,0,0,1,0,-0.029,0.02,1.0
2025,69416,이해승,삼성,내야수,False,8,5,0.2,0.2,0.2,0.4,0.0,0.333,0.18,-7.5,0,1,2,1,0,0,0,0,2,0,-0.147,-0.14,1.0
2026,69416,이해승,삼성,내야수,False,20,14,0.0714285714285714,0.133,0.071,0.204,0.0,0.125,0.101,-61.7,0,1,1,1,0,0,1,0,6,0,-0.161,-0.15,0.757
2011,60343,이해창,넥센,,False,14,10,0.1,0.182,0.1,0.282,0.0,0.2,0.147,0.0,0,1,0,1,0,0,1,0,5,0,0.0,,1.0
2015,60343,이해창,KT,,False,5,3,0.0,0.25,0.0,0.25,0.0,0.0,0.188,0.0,0,0,0,0,0,0,0,1,2,0,-0.071,,1.0
2016,60343,이해창,KT,,False,88,231,0.2034632034632034,0.24,0.325,0.565,0.122,0.252,0.25,0.0,6,22,16,47,10,0,9,3,65,1,-2.534,,1.0
2017,60343,이해창,KT,,False,114,254,0.2716535433070866,0.322,0.445,0.767,0.173,0.297,0.333,74.6,11,44,33,69,11,0,19,1,50,1,-0.691,0.43,1.0
2018,60343,이해창,KT,,False,83,162,0.2160493827160493,0.266,0.389,0.655,0.173,0.257,0.288,46.4,8,24,19,35,4,0,8,3,49,0,-1.261,-0.62,1.0
2019,60343,이해창,KT,,False,30,40,0.125,0.186,0.125,0.311,0.0,0.172,0.156,-32.0,0,0,0,5,0,0,2,1,11,0,-0.93,-0.49,1.0
2020,60343,이해창,한화,,False,70,119,0.2689075630252101,0.336,0.387,0.723,0.118,0.305,0.326,92.0,3,17,11,32,5,0,9,4,23,0,-0.441,-0.02,1.0
2021,60343,이해창,한화,,False,20,54,0.1666666666666666,0.193,0.222,0.415,0.0549999999999999,0.214,0.207,14.6,0,4,4,9,3,0,1,1,13,0,-0.92,-0.38,1.0
2022,60343,이해창,한화,,False,4,10,0.0,0.0,0.0,0.0,0.0,0.0,0.0,-138.7,0,0,0,0,0,0,0,0,2,0,-0.253,-0.25,1.0
2010,72606,이현곤,KIA,,False,108,260,0.2615384615384615,0.314,0.342,0.656,0.08,0.293,0.283,0.0,2,28,27,68,13,1,21,1,38,0,0.0,,1.0
2011,72606,이현곤,KIA,,False,104,222,0.2657657657657657,0.329,0.333,0.662,0.067,0.314,0.288,0.0,1,17,24,59,10,1,20,2,38,1,0.0,,1.0
2012,72606,이현곤,KIA,,False,6,5,0.2,0.333,0.2,0.533,0.0,0.25,0.27,0.0,0,0,0,1,0,0,1,0,1,0,0.0,,1.0
2013,72606,이현곤,NC,,False,91,139,0.2733812949640288,0.361,0.324,0.685,0.0509999999999999,0.304,0.324,0.0,0,9,10,38,7,0,16,3,14,2,0.0,,1.0
2014,72606,이현곤,NC,,False,7,11,0.0909090909090909,0.091,0.091,0.182,0.0,0.125,0.075,0.0,0,0,0,1,0,0,0,0,3,0,-0.158,,1.0
2017,62499,이현동,삼성,,False,16,16,0.188,0.188,0.25,0.438,0.062,0.333,0.19,-7.7,0,0,1,3,1,0,0,0,7,1,-0.248,-0.16,1.0
2019,62499,이현동,삼성,,False,1,2,0.0,0.0,0.0,0.0,0.0,0.0,0.0,-152.1,0,0,0,0,0,0,0,0,1,0,-0.072,-0.1,1.0
2015,65869,이현석,SK,,False,3,3,0.3333333333333333,0.333,1.333,1.666,1.0,0.0,0.65,0.0,1,2,1,1,0,0,0,0,1,0,-0.069,,1.0
2016,65869,이현석,SK,,False,11,11,0.1818181818181818,0.182,0.182,0.364,0.0,0.667,0.164,0.0,0,0,1,2,0,0,0,0,8,0,-0.082,,1.0
2019,65869,이현석,SK,,False,2,3,0.0,0.0,0.0,0.0,0.0,0.0,0.0,-143.8,0,0,0,0,0,0,0,0,0,0,-0.047,-0.07,1.0
2020,65869,이현석,SK,,False,58,101,0.1782178217821782,0.224,0.257,0.481,0.079,0.232,0.214,7.7,2,7,7,18,2,0,4,2,30,1,-0.778,-0.97,1.0
2021,65869,이현석,SSG,,False,39,79,0.2658227848101265,0.302,0.481,0.783,0.2149999999999999,0.354,0.319,89.4,4,19,7,21,5,0,5,0,29,0,-0.581,0.28,1.0
2022,65869,이현석,SSG,,False,9,15,0.1333333333333333,0.133,0.133,0.266,0.0,0.2,0.12,-50.7,0,1,0,2,0,0,0,0,5,0,-0.35,-0.22,1.0
2014,76329,이현승,두산,,False,1,0,0.0,0.0,0.0,0.0,0.0,0.0,0.0,0.0,0,0,0,0,0,0,0,0,0,0,0.0,,1.0
2015,76329,이현승,두산,,False,2,0,0.0,0.0,0.0,0.0,0.0,0.0,0.0,0.0,0,0,0,0,0,0,0,0,0,0,0.0,,1.0
2016,76329,이현승,두산,,False,2,0,0.0,0.0,0.0,0.0,0.0,0.0,0.0,0.0,0,0,0,0,0,0,0,0,0,0,0.0,,1.0
2018,76329,이현승,두산,,False,1,0,0.0,0.0,0.0,0.0,0.0,0.0,0.0,0.0,0,0,0,0,0,0,0,0,0,0,0.0,0.0,1.0
2016,61214,이현호,두산,,False,4,0,0.0,0.0,0.0,0.0,0.0,0.0,0.0,0.0,0,0,0,0,0,0,0,0,0,0,0.0,,1.0
2017,62951,이형범,NC,투수,False,2,0,0.0,0.0,0.0,0.0,0.0,0.0,0.0,0.0,0,0,0,0,0,0,0,0,0,0,0.0,0.0,1.0
2020,62951,이형범,두산,투수,False,1,0,0.0,0.0,0.0,0.0,0.0,0.0,0.0,0.0,0,0,0,0,0,0,0,0,0,0,0.0,0.0,1.0
2023,62951,이형범,두산,투수,False,2,0,0.0,0.0,0.0,0.0,0.0,0.0,0.0,0.0,0,0,0,0,0,0,0,0,0,0,0.0,0.0,1.0
2024,62951,이형범,KIA,투수,False,1,0,0.0,0.0,0.0,0.0,0.0,0.0,0.0,0.0,0,0,0,0,0,0,0,0,0,0,0.0,0.0,1.0
2026,62951,이형범,한화,투수,False,2,0,0.0,0.0,0.0,0.0,0.0,0.0,0.0,0.0,0,0,0,0,0,0,0,0,0,0,0.0,0.0,0.757
2016,78135,이형종,LG,외야수,False,61,124,0.282258064516129,0.366,0.371,0.737,0.089,0.327,0.33,0.0,1,14,14,35,4,2,15,2,20,1,-0.181,,1.0
2017,78135,이형종,LG,외야수,False,128,377,0.2652519893899204,0.351,0.385,0.736,0.12,0.306,0.337,121.7,9,44,57,100,18,0,40,11,73,11,-1.149,2.64,1.0
2018,78135,이형종,LG,외야수,True,118,437,0.3157894736842105,0.377,0.467,0.844,0.151,0.365,0.379,144.1,13,42,83,138,27,0,31,12,82,6,0.454,4.17,1.0
2019,78135,이형종,LG,외야수,True,120,419,0.2863961813842482,0.358,0.442,0.8,0.156,0.317,0.352,145.2,13,63,56,120,24,1,42,10,78,6,-0.475,4.18,1.0
2020,78135,이형종,LG,외야수,False,81,287,0.2961672473867596,0.368,0.547,0.915,0.251,0.322,0.39,159.4,17,50,41,85,17,2,27,7,61,1,-0.47,3.05,1.0
2021,78135,이형종,LG,외야수,False,90,239,0.2175732217573222,0.332,0.389,0.721,0.171,0.256,0.325,103.5,10,34,32,52,11,0,34,7,65,3,-3.097,1.14,1.0
2022,78135,이형종,LG,외야수,False,26,53,0.2641509433962264,0.323,0.321,0.644,0.0569999999999999,0.304,0.285,76.0,0,7,3,14,3,0,5,1,10,0,-0.013,0.16,1.0
2023,78135,이형종,키움,외야수,False,99,316,0.2151898734177215,0.326,0.32,0.646,0.105,0.274,0.3,80.2,3,37,35,68,22,1,39,14,78,0,-2.719,0.69,1.0
2024,78135,이형종,키움,외야수,False,35,102,0.2156862745098039,0.36,0.363,0.723,0.147,0.254,0.327,88.4,4,19,19,22,3,0,22,1,27,1,-0.002,0.08,1.0
2025,78135,이형종,키움,외야수,False,33,70,0.2,0.3,0.329,0.629,0.129,0.261,0.291,79.0,2,6,4,14,3,0,9,1,22,1,-0.006,0.13,1.0
2026,78135,이형종,키움,외야수,False,50,133,0.2105263157894737,0.314,0.361,0.675,0.15,0.274,0.309,85.8,5,19,19,28,5,0,17,3,44,2,-1.094,0.12,0.757
2012,98259,이혜천,두산,,False,1,0,0.0,0.0,0.0,0.0,0.0,0.0,0.0,0.0,0,0,0,0,0,0,0,0,0,0,0.0,,1.0
2014,98259,이혜천,NC,,False,1,0,0.0,0.0,0.0,0.0,0.0,0.0,0.0,0.0,0,0,0,0,0,0,0,0,0,0,0.0,,1.0
2015,98259,이혜천,NC,,False,3,0,0.0,0.0,0.0,0.0,0.0,0.0,0.0,0.0,0,0,0,0,0,0,0,0,0,0,0.0,,1.0
2025,53455,이호성,삼성,투수,False,2,0,0.0,0.0,0.0,0.0,0.0,0.0,0.0,0.0,0,0,0,0,0,0,0,0,0,0,0.0,0.0,1.0
2012,77648,이호신,KIA,,False,27,10,0.1,0.167,0.3,0.467,0.1999999999999999,0.143,0.19,0.0,0,2,3,1,0,1,1,0,4,1,0.0,,1.0
2015,77648,이호신,KIA,,False,54,50,0.14,0.254,0.16,0.414,0.0199999999999999,0.2,0.201,0.0,0,3,9,7,1,0,6,2,16,3,-0.503,,1.0
2016,77648,이호신,KIA,,False,51,39,0.1538461538461538,0.19,0.205,0.395,0.0509999999999999,0.2,0.175,0.0,0,2,1,6,2,0,2,0,10,1,-0.506,,1.0
2017,77648,이호신,KIA,,False,12,7,0.1428571428571428,0.25,0.143,0.393,0.0,0.25,0.203,3.5,0,0,3,1,0,0,1,0,3,0,-0.159,0.02,1.0
2020,68504,이호연,롯데,내야수,False,1,2,0.0,0.0,0.0,0.0,0.0,0.0,0.0,-130.2,0,0,0,0,0,0,0,0,1,0,-0.003,-0.05,1.0
2021,68504,이호연,롯데,내야수,False,7,9,0.2222222222222222,0.273,0.222,0.495,0.0,0.222,0.229,25.7,0,1,0,2,0,0,1,0,1,0,-0.592,-0.01,1.0
2022,68504,이호연,롯데,내야수,False,88,205,0.2439024390243902,0.289,0.332,0.621,0.088,0.291,0.292,71.8,2,16,20,50,10,1,11,2,38,3,-1.971,0.17,1.0
2023,68504,이호연,KT,내야수,False,85,212,0.2783018867924528,0.339,0.354,0.693,0.0759999999999999,0.331,0.316,94.6,3,17,28,59,5,1,16,4,41,4,0.068,0.59,1.0
2024,68504,이호연,KT,내야수,False,27,41,0.1463414634146341,0.167,0.171,0.338,0.025,0.207,0.15,-26.5,0,0,3,6,1,0,1,0,12,0,-0.87,-0.51,1.0
2025,68504,이호연,KT,내야수,False,32,70,0.3428571428571428,0.378,0.486,0.864,0.1429999999999999,0.418,0.385,139.2,1,8,8,24,7,0,3,1,14,0,-0.144,0.57,1.0
2026,68504,이호연,KIA,내야수,False,9,21,0.1904761904761904,0.32,0.238,0.558,0.0479999999999999,0.364,0.274,58.6,0,2,1,4,1,0,3,1,10,0,-0.442,-0.02,0.757
2010,94629,이호준,SK,,False,85,194,0.2783505154639175,0.342,0.448,0.79,0.1699999999999999,0.305,0.342,0.0,8,46,19,54,9,0,20,1,39,1,0.0,,1.0
2011,94629,이호준,SK,,True,114,368,0.2527173913043478,0.333,0.399,0.732,0.146,0.285,0.326,0.0,14,62,41,93,12,0,44,1,78,2,0.0,,1.0
2012,94629,이호준,SK,,True,127,426,0.3004694835680751,0.407,0.488,0.895,0.188,0.345,0.394,0.0,18,78,55,128,26,0,72,5,90,3,0.0,,1.0
2013,94629,이호준,NC,,True,126,442,0.2782805429864253,0.362,0.475,0.837,0.1969999999999999,0.324,0.369,0.0,20,87,46,123,25,1,60,1,109,2,0.0,,1.0
2014,94629,이호준,NC,,True,122,424,0.2712264150943396,0.371,0.481,0.852,0.2099999999999999,0.305,0.377,0.0,23,78,59,115,20,0,67,3,104,3,1.273,,1.0
2015,94629,이호준,NC,,True,131,449,0.2939866369710467,0.381,0.51,0.891,0.216,0.332,0.381,0.0,24,110,48,132,25,0,61,3,102,0,2.655,,1.0
2016,94629,이호준,NC,,True,119,399,0.2982456140350877,0.396,0.506,0.902,0.208,0.322,0.388,0.0,21,87,46,119,20,0,65,2,78,3,2.947,,1.0
2017,94629,이호준,NC,,False,77,164,0.298780487804878,0.366,0.488,0.854,0.189,0.353,0.373,117.2,7,36,13,49,10,0,18,1,41,1,0.588,0.9,1.0
2024,54598,이호준,롯데,내야수,False,12,6,0.3333333333333333,0.429,0.833,1.262,0.4999999999999999,0.4,0.503,182.6,0,3,5,2,1,1,1,0,1,0,0.073,0.14,1.0
2025,54598,이호준,롯데,내야수,False,99,132,0.2424242424242424,0.327,0.424,0.751,0.182,0.299,0.322,92.4,3,23,20,32,7,4,14,3,33,1,-0.139,0.52,1.0
2026,54598,이호준,롯데,내야수,False,44,38,0.0789473684210526,0.222,0.105,0.327,0.0259999999999999,0.115,0.18,-9.1,0,1,4,3,1,0,7,0,12,1,-0.5,-0.39,0.757
2013,63634,이홍구,KIA,,False,51,89,0.1573033707865168,0.211,0.258,0.469,0.101,0.279,0.209,0.0,2,9,6,14,1,1,5,1,44,0,0.0,,1.0
2015,63634,이홍구,KIA,,False,112,222,0.2162162162162162,0.278,0.432,0.71,0.216,0.247,0.298,0.0,12,39,25,48,10,1,12,7,64,1,-0.298,,1.0
2016,63634,이홍구,KIA,,False,106,241,0.2655601659751037,0.322,0.461,0.783,0.195,0.32,0.34,0.0,9,45,27,64,16,2,19,4,66,0,-0.978,,1.0
2017,63634,이홍구,SK,,False,53,101,0.1881188118811881,0.239,0.515,0.754,0.327,0.184,0.307,58.7,10,18,14,19,3,0,5,2,43,0,-0.58,0.03,1.0
2020,63634,이홍구,KT,,False,49,84,0.1904761904761904,0.266,0.321,0.587,0.131,0.232,0.278,52.7,3,8,5,16,2,0,6,3,26,0,-0.74,-0.38,1.0
2021,63634,이홍구,KT,,False,37,55,0.1636363636363636,0.19,0.218,0.408,0.0539999999999999,0.296,0.173,-22.4,1,5,4,9,0,0,2,0,28,0,-0.55,-0.51,1.0
2014,63440,이흥련,삼성,,False,88,132,0.2272727272727272,0.325,0.295,0.62,0.0679999999999999,0.271,0.289,0.0,1,17,21,30,4,1,14,5,24,1,0.008,,1.0
2015,63440,이흥련,삼성,,False,71,105,0.238095238095238,0.252,0.333,0.585,0.095,0.293,0.271,0.0,1,17,16,25,7,0,1,1,22,2,-0.784,,1.0
2016,63440,이흥련,삼성,,False,85,150,0.26,0.315,0.453,0.768,0.193,0.314,0.314,0.0,6,25,20,39,11,0,8,5,41,0,-0.78,,1.0
2018,63440,이흥련,두산,,False,7,7,0.0,0.0,0.0,0.0,0.0,0.0,0.131,-28.0,0,0,0,0,0,0,0,0,1,0,-0.09,-0.09,1.0
2019,63440,이흥련,두산,,False,27,42,0.3095238095238095,0.341,0.405,0.746,0.095,0.433,0.329,111.6,0,5,3,13,2,1,2,0,12,0,-0.537,0.18,1.0
2020,63440,이흥련,SK,,False,49,125,0.24,0.273,0.32,0.593,0.08,0.287,0.264,39.1,3,20,6,30,1,0,6,0,29,0,-0.619,-0.61,1.0
2021,63440,이흥련,SSG,,False,90,127,0.2362204724409448,0.326,0.331,0.657,0.095,0.29,0.305,80.6,3,14,15,30,3,0,12,5,31,0,-0.209,0.46,1.0
2022,63440,이흥련,SSG,,False,22,45,0.1333333333333333,0.25,0.178,0.428,0.0449999999999999,0.261,0.237,36.8,0,1,4,6,2,0,5,2,22,0,-0.629,-0.14,1.0
2023,63440,이흥련,SSG,,False,16,14,0.0714285714285714,0.188,0.286,0.474,0.2149999999999999,0.0,0.199,2.5,1,2,1,1,0,0,2,0,6,0,-0.233,-0.19,1.0
2010,78739,이희근,한화,,False,82,136,0.1838235294117647,0.268,0.191,0.459,0.007,0.24,0.219,0.0,0,12,14,25,1,0,10,6,33,2,0.0,,1.0
2011,78739,이희근,한화,,False,75,123,0.2357723577235772,0.277,0.301,0.578,0.065,0.292,0.253,0.0,1,10,17,29,3,1,4,3,26,1,0.0,,1.0
2014,78739,이희근,한화,,False,6,13,0.2307692307692307,0.286,0.385,0.671,0.154,0.429,0.294,0.0,0,2,2,3,0,1,0,1,6,0,-0.087,,1.0
2014,98521,임경완,SK,,False,1,0,0.0,0.0,0.0,0.0,0.0,0.0,0.0,0.0,0,0,0,0,0,0,0,0,0,0,0.0,,1.0
2013,62793,임경훈,한화,,False,7,3,0.0,0.5,0.0,0.5,0.0,0.0,0.36,0.0,0,0,1,0,0,0,3,0,2,0,0.0,,1.0
2020,65398,임규빈,키움,,False,2,0,0.0,0.0,0.0,0.0,0.0,0.0,0.0,0.0,0,0,0,0,0,0,0,0,0,0,0.0,0.0,1.0
2025,52807,임근우,SSG,외야수,False,3,5,0.0,0.0,0.0,0.0,0.0,0.0,0.0,-132.6,0,0,0,0,0,0,0,0,1,0,-0.085,-0.13,1.0
2026,52807,임근우,SSG,외야수,False,21,41,0.1951219512195122,0.195,0.293,0.488,0.0979999999999999,0.233,0.2,6.1,1,6,3,8,1,0,0,0,10,0,-0.461,-0.15,0.757
2013,62754,임기영,한화,투수,False,3,0,0.0,0.0,0.0,0.0,0.0,0.0,0.0,0.0,0,0,0,0,0,0,0,0,0,0,0.0,,1.0
2017,62754,임기영,KIA,투수,False,1,0,0.0,0.0,0.0,0.0,0.0,0.0,0.0,0.0,0,0,0,0,0,0,0,0,0,0,0.0,0.0,1.0
2018,62754,임기영,KIA,투수,False,2,0,0.0,0.0,0.0,0.0,0.0,0.0,0.0,0.0,0,0,0,0,0,0,0,0,0,0,0.0,0.0,1.0
2026,62754,임기영,삼성,투수,False,1,0,0.0,0.0,0.0,0.0,0.0,0.0,0.0,0.0,0,0,0,0,0,0,0,0,0,0,0.0,0.0,0.757
2017,60634,임기준,KIA,,False,1,0,0.0,0.0,0.0,0.0,0.0,0.0,0.0,0.0,0,0,0,0,0,0,0,0,0,0,0.0,0.0,1.0
2018,60634,임기준,KIA,,False,4,0,0.0,0.0,0.0,0.0,0.0,0.0,0.0,0.0,0,0,0,0,0,0,0,0,0,0,0.0,0.0,1.0
2019,60634,임기준,KIA,,False,1,0,0.0,0.0,0.0,0.0,0.0,0.0,0.0,0.0,0,0,0,0,0,0,0,0,0,0,0.0,0.0,1.0
2016,66493,임대한,삼성,,False,1,0,0.0,0.0,0.0,0.0,0.0,0.0,0.0,0.0,0,0,0,0,0,0,0,0,0,0,0.0,,1.0
2013,78128,임도현,LG,,False,1,2,0.0,0.0,0.0,0.0,0.0,0.0,0.0,0.0,0,0,0,0,0,0,0,0,1,0,0.0,,1.0
2015,64346,임병욱,넥센,외야수,False,40,43,0.1860465116279069,0.327,0.326,0.653,0.14,0.368,0.303,0.0,1,3,13,8,1,1,9,0,23,2,-0.3,,1.0
2016,64346,임병욱,넥센,외야수,False,104,233,0.2489270386266094,0.324,0.408,0.732,0.1589999999999999,0.35,0.33,0.0,8,24,43,58,11,1,25,1,82,17,-0.247,,1.0
2017,64346,임병욱,넥센,외야수,False,21,42,0.238095238095238,0.283,0.381,0.664,0.143,0.321,0.288,49.0,1,7,10,10,3,0,3,0,14,2,-0.338,-0.06,1.0
2018,64346,임병욱,넥센,외야수,True,134,423,0.293144208037825,0.327,0.468,0.795,0.175,0.379,0.347,88.1,13,60,76,124,29,3,22,0,119,16,-0.481,1.18,1.0
2019,64346,임병욱,키움,외야수,False,117,379,0.2427440633245382,0.305,0.314,0.619,0.071,0.342,0.289,69.9,0,41,39,92,17,5,23,11,110,10,-0.867,1.1,1.0
2020,64346,임병욱,키움,외야수,False,12,37,0.2702702702702703,0.341,0.378,0.719,0.1079999999999999,0.37,0.313,71.4,0,6,3,10,4,0,4,0,10,3,0.022,0.25,1.0
2023,64346,임병욱,키움,외야수,False,80,208,0.2596153846153846,0.293,0.409,0.702,0.1489999999999999,0.369,0.306,89.6,6,36,30,54,11,1,10,1,75,4,-1.515,0.54,1.0
2024,64346,임병욱,키움,외야수,False,42,87,0.2413793103448276,0.272,0.379,0.651,0.138,0.34,0.292,69.6,3,10,14,21,3,0,4,0,32,1,-0.46,-0.13,1.0
2025,64346,임병욱,키움,외야수,False,52,133,0.2330827067669172,0.259,0.353,0.612,0.1199999999999999,0.293,0.27,62.6,2,13,12,31,4,3,5,0,33,1,-0.906,-0.31,1.0
2026,64346,임병욱,키움,외야수,False,73,235,0.2595744680851063,0.313,0.447,0.76,0.187,0.349,0.334,103.4,10,31,33,61,14,0,13,6,81,3,-0.304,0.8,0.757
2016,66833,임석진,SK,,False,11,11,0.1818181818181818,0.25,0.182,0.432,0.0,0.4,0.21,0.0,0,0,3,2,0,0,1,0,6,0,-0.181,,1.0
2022,66833,임석진,KIA,,False,10,14,0.0714285714285714,0.235,0.286,0.521,0.2149999999999999,0.0,0.244,43.3,1,1,4,1,0,0,2,1,9,0,-0.175,-0.06,1.0
2013,72458,임세업,한화,,False,5,7,0.2857142857142857,0.286,0.286,0.572,0.0,0.333,0.225,0.0,0,1,0,2,0,0,0,0,1,0,0.0,,1.0
2010,77464,임익준,삼성,,False,64,63,0.1746031746031746,0.172,0.175,0.347,0.0,0.229,0.148,0.0,0,5,10,11,0,0,0,0,16,4,0.0,,1.0
2012,77464,임익준,한화,,False,10,5,0.0,0.0,0.0,0.0,0.0,0.0,0.0,0.0,0,0,1,0,0,0,0,0,2,1,0.0,,1.0
2013,77464,임익준,한화,,False,36,63,0.2539682539682539,0.299,0.27,0.569,0.016,0.32,0.263,0.0,0,1,6,16,1,0,4,0,13,1,0.0,,1.0
2014,77464,임익준,한화,,False,6,10,0.3,0.3,0.3,0.6,0.0,0.429,0.27,0.0,0,0,2,3,0,0,0,0,3,0,0.045,,1.0
2015,77464,임익준,한화,,False,4,2,0.0,0.0,0.0,0.0,0.0,0.0,0.0,0.0,0,1,1,0,0,0,0,0,0,0,-0.052,,1.0
2016,77464,임익준,한화,,False,3,2,0.0,0.0,0.0,0.0,0.0,0.0,0.0,0.0,0,0,0,0,0,0,0,0,1,0,-0.059,,1.0
2017,77464,임익준,한화,,False,30,36,0.25,0.372,0.278,0.65,0.028,0.321,0.287,56.1,0,2,7,9,1,0,7,0,8,1,-0.236,0.03,1.0
2010,99507,임재철,두산,,False,96,130,0.2923076923076923,0.453,0.431,0.884,0.139,0.35,0.404,0.0,3,18,27,38,5,2,31,8,28,7,0.0,,1.0
2011,99507,임재철,두산,,False,36,84,0.3214285714285714,0.431,0.488,0.919,0.1669999999999999,0.373,0.394,0.0,2,10,20,27,8,0,16,1,16,0,0.0,,1.0
2012,99507,임재철,두산,,False,66,136,0.2426470588235294,0.283,0.346,0.629,0.1029999999999999,0.282,0.278,0.0,2,14,16,33,4,2,8,0,25,4,0.0,,1.0
2013,99507,임재철,두산,,False,70,112,0.2589285714285714,0.42,0.321,0.741,0.062,0.309,0.356,0.0,0,10,19,29,5,1,27,4,18,2,0.0,,1.0
2014,99507,임재철,LG,,False,53,66,0.2424242424242424,0.306,0.258,0.564,0.016,0.32,0.251,0.0,0,3,13,16,1,0,5,1,16,0,-1.178,,1.0
2015,99507,임재철,롯데,,False,38,52,0.1538461538461538,0.267,0.25,0.517,0.096,0.2,0.234,0.0,1,3,6,8,2,0,7,1,16,2,-0.848,,1.0
2019,64803,임재현,SK,,False,6,3,0.6666666666666666,0.667,0.667,1.334,0.0,1.0,0.6,300.7,0,0,1,2,0,0,0,0,1,0,-0.01,0.08,1.0
2013,61891,임정우,LG,,False,5,0,0.0,0.0,0.0,0.0,0.0,0.0,0.0,0.0,0,0,1,0,0,0,0,0,0,0,0.0,,1.0
2016,61891,임정우,LG,,False,4,0,0.0,0.0,0.0,0.0,0.0,0.0,0.0,0.0,0,0,0,0,0,0,0,0,0,0,0.0,,1.0
2015,63959,임정호,NC,투수,False,1,0,0.0,0.0,0.0,0.0,0.0,0.0,0.0,0.0,0,0,0,0,0,0,0,0,0,0,0.0,,1.0
2016,63959,임정호,NC,투수,False,1,0,0.0,0.0,0.0,0.0,0.0,0.0,0.0,0.0,0,0,0,0,0,0,0,0,0,0,0.0,,1.0
2017,63959,임정호,NC,투수,False,2,0,0.0,0.0,0.0,0.0,0.0,0.0,0.0,0.0,0,0,0,0,0,0,0,0,0,0,0.0,0.0,1.0
2021,63959,임정호,NC,투수,False,1,0,0.0,0.0,0.0,0.0,0.0,0.0,0.0,0.0,0,0,0,0,0,0,0,0,0,0,0.0,0.0,1.0
2024,54236,임종성,두산,내야수,False,1,3,0.0,0.25,0.0,0.25,0.0,0.0,0.18,-2.6,0,0,0,0,0,0,1,0,1,0,0.015,-0.04,1.0
2025,54236,임종성,두산,내야수,False,33,83,0.2771084337349397,0.307,0.398,0.705,0.121,0.375,0.314,98.0,2,11,7,23,4,0,3,1,26,1,0.559,0.26,1.0
2026,54236,임종성,두산,내야수,False,12,18,0.1666666666666666,0.167,0.333,0.5,0.166,0.182,0.208,22.0,1,3,2,3,0,0,0,0,6,0,-0.228,-0.16,0.757
2020,50704,임종찬,한화,외야수,False,52,108,0.2314814814814814,0.297,0.306,0.603,0.0749999999999999,0.348,0.273,57.5,1,12,5,25,5,0,9,1,38,0,-0.739,0.11,1.0
2021,50704,임종찬,한화,외야수,False,42,131,0.1526717557251908,0.229,0.214,0.443,0.061,0.235,0.213,18.3,1,8,9,20,5,0,12,1,49,0,-1.451,-1.26,1.0
2022,50704,임종찬,한화,외야수,False,20,53,0.1886792452830188,0.228,0.321,0.549,0.132,0.276,0.23,22.0,2,6,2,10,1,0,3,0,23,0,-0.29,-0.22,1.0
2024,50704,임종찬,한화,외야수,False,24,57,0.1578947368421052,0.25,0.281,0.531,0.123,0.237,0.257,46.6,0,7,10,9,3,2,6,1,19,0,-0.287,-0.04,1.0
2025,50704,임종찬,한화,외야수,False,17,30,0.1666666666666666,0.286,0.3,0.586,0.1329999999999999,0.25,0.271,59.4,1,2,2,5,1,0,5,0,13,2,-0.675,-0.11,1.0
2013,63554,임종혁,롯데,내야수,False,11,6,0.0,0.143,0.0,0.143,0.0,0.0,0.103,0.0,0,0,4,0,0,0,1,0,2,2,0.0,,1.0
2014,63554,임종혁,롯데,내야수,False,21,18,0.2222222222222222,0.417,0.222,0.639,0.0,0.4,0.318,0.0,0,1,3,4,0,0,5,1,8,2,-0.302,,1.0
2014,62611,임준섭,KIA,,False,1,0,0.0,0.0,0.0,0.0,0.0,0.0,0.0,0.0,0,0,0,0,0,0,0,0,0,0,0.0,,1.0
2019,62611,임준섭,한화,,False,2,0,0.0,0.0,0.0,0.0,0.0,0.0,0.0,0.0,0,0,0,0,0,0,0,0,0,0,0.0,0.0,1.0
2021,62611,임준섭,한화,,False,1,0,0.0,0.0,0.0,0.0,0.0,0.0,0.0,0.0,0,0,0,0,0,0,0,0,0,0,0.0,0.0,1.0
2023,62611,임준섭,SSG,,False,1,0,0.0,0.0,0.0,0.0,0.0,0.0,0.0,0.0,0,0,0,0,0,0,0,0,0,0,0.0,0.0,1.0
2011,73632,임준혁,KIA,,False,1,0,0.0,0.0,0.0,0.0,0.0,0.0,0.0,0.0,0,0,0,0,0,0,0,0,0,0,0.0,,1.0
2014,73632,임준혁,KIA,,False,1,0,0.0,0.0,0.0,0.0,0.0,0.0,0.0,0.0,0,0,0,0,0,0,0,0,0,0,0.0,,1.0
2024,69113,임준형,LG,투수,False,1,0,0.0,0.0,0.0,0.0,0.0,0.0,0.0,0.0,0,0,0,0,0,0,0,0,0,0,0.0,0.0,1.0
2019,64340,임지열,키움,외야수,False,11,15,0.1333333333333333,0.235,0.2,0.435,0.067,0.25,0.201,5.6,0,3,0,2,1,0,1,1,7,0,-0.266,-0.24,1.0
2020,64340,임지열,키움,외야수,False,1,1,1.0,1.0,1.0,2.0,0.0,1.0,0.9,470.2,0,0,1,1,0,0,0,0,0,0,0.0,0.05,1.0
2021,64340,임지열,키움,외야수,False,19,25,0.12,0.267,0.12,0.387,0.0,0.2,0.242,37.2,0,0,5,3,0,0,4,1,10,0,-0.225,-0.06,1.0
2022,64340,임지열,키움,외야수,False,40,131,0.2748091603053435,0.331,0.344,0.675,0.0689999999999999,0.393,0.323,101.9,1,15,16,36,6,0,10,2,43,1,-0.641,0.77,1.0
2023,64340,임지열,키움,외야수,False,72,212,0.2594339622641509,0.352,0.368,0.72,0.1089999999999999,0.347,0.328,106.5,5,35,22,55,8,0,28,3,64,1,0.412,1.03,1.0
2024,64340,임지열,키움,외야수,False,22,49,0.1020408163265306,0.211,0.163,0.374,0.061,0.121,0.218,20.9,1,5,4,5,0,0,7,0,16,0,-0.983,-0.5,1.0
2025,64340,임지열,키움,외야수,False,102,369,0.2439024390243902,0.322,0.382,0.704,0.138,0.316,0.324,102.4,11,50,51,90,14,2,42,2,111,13,-1.286,1.7,1.0
2026,64340,임지열,키움,외야수,False,31,72,0.2083333333333333,0.305,0.292,0.597,0.0839999999999999,0.292,0.271,59.3,1,4,9,15,3,0,9,1,23,1,-0.89,-0.37,0.757
2012,61101,임찬규,LG,투수,False,2,0,0.0,0.0,0.0,0.0,0.0,0.0,0.0,0.0,0,0,0,0,0,0,0,0,0,0,0.0,,1.0
2013,61101,임찬규,LG,투수,False,3,0,0.0,0.0,0.0,0.0,0.0,0.0,0.0,0.0,0,0,0,0,0,0,0,0,0,0,0.0,,1.0
2012,78352,임창민,넥센,,False,1,0,0.0,0.0,0.0,0.0,0.0,0.0,0.0,0.0,0,0,0,0,0,0,0,0,0,0,0.0,,1.0
2013,78352,임창민,NC,,False,2,0,0.0,0.0,0.0,0.0,0.0,0.0,0.0,0.0,0,0,0,0,0,0,0,0,0,0,0.0,,1.0
2014,78352,임창민,NC,,False,2,0,0.0,0.0,0.0,0.0,0.0,0.0,0.0,0.0,0,0,0,0,0,0,0,0,0,0,0.0,,1.0
2015,78352,임창민,NC,,False,2,0,0.0,0.0,0.0,0.0,0.0,0.0,0.0,0.0,0,0,0,0,0,0,0,0,0,0,0.0,,1.0
2016,78352,임창민,NC,,False,6,0,0.0,0.0,0.0,0.0,0.0,0.0,0.0,0.0,0,0,0,0,0,0,0,0,0,0,0.0,,1.0
2017,78352,임창민,NC,,False,3,0,0.0,0.0,0.0,0.0,0.0,0.0,0.0,0.0,0,0,0,0,0,0,0,0,0,0,0.0,0.0,1.0
2018,78352,임창민,NC,,False,1,0,0.0,0.0,0.0,0.0,0.0,0.0,0.0,0.0,0,0,0,0,0,0,0,0,0,0,0.0,0.0,1.0
2021,78352,임창민,NC,,False,1,0,0.0,0.0,0.0,0.0,0.0,0.0,0.0,0.0,0,0,0,0,0,0,0,0,0,0,0.0,0.0,1.0
2022,78352,임창민,두산,,False,3,0,0.0,0.0,0.0,0.0,0.0,0.0,0.0,0.0,0,0,0,0,0,0,0,0,0,0,0.0,0.0,1.0
2023,78352,임창민,키움,,False,2,0,0.0,0.0,0.0,0.0,0.0,0.0,0.0,0.0,0,0,0,0,0,0,0,0,0,0,0.0,0.0,1.0
2014,95657,임창용,삼성,,False,1,0,0.0,0.0,0.0,0.0,0.0,0.0,0.0,0.0,0,0,0,0,0,0,0,0,0,0,0.0,,1.0
2015,95657,임창용,삼성,,False,2,0,0.0,0.0,0.0,0.0,0.0,0.0,0.0,0.0,0,0,0,0,0,0,0,0,0,0,0.0,,1.0
2016,95657,임창용,KIA,,False,2,0,0.0,0.0,0.0,0.0,0.0,0.0,0.0,0.0,0,0,0,0,0,0,0,0,0,0,0.0,,1.0
2017,95657,임창용,KIA,,False,4,0,0.0,0.0,0.0,0.0,0.0,0.0,0.0,0.0,0,0,0,0,0,0,0,0,0,0,0.0,0.0,1.0
2018,95657,임창용,KIA,,False,1,0,0.0,0.0,0.0,0.0,0.0,0.0,0.0,0.0,0,0,0,0,0,0,0,0,0,0,0.0,0.0,1.0
2014,77326,임태준,넥센,포수,False,17,12,0.0833333333333333,0.214,0.083,0.297,0.0,0.167,0.167,0.0,0,0,1,1,0,0,2,0,6,0,-0.04,,1.0
2010,77251,임태훈,두산,,False,1,0,0.0,0.0,0.0,0.0,0.0,0.0,0.0,0.0,0,0,0,0,0,0,0,0,0,0,0.0,,1.0
2010,60655,임한용,KIA,,False,2,2,0.0,0.0,0.0,0.0,0.0,0.0,0.0,0.0,0,0,0,0,0,0,0,0,0,0,0.0,,1.0
2011,60655,임한용,KIA,,False,10,20,0.15,0.19,0.15,0.34,0.0,0.214,0.207,0.0,0,0,3,3,0,0,1,0,6,1,0.0,,1.0
2020,61457,임현준,삼성,,False,1,0,0.0,0.0,0.0,0.0,0.0,0.0,0.0,0.0,0,0,0,0,0,0,0,0,0,0,0.0,0.0,1.0
2010,74823,임훈,SK,,False,76,172,0.2325581395348837,0.308,0.32,0.628,0.087,0.275,0.286,0.0,1,14,22,40,8,2,20,0,32,7,0.0,,1.0
2011,74823,임훈,SK,,False,93,229,0.2663755458515284,0.355,0.358,0.713,0.0919999999999999,0.307,0.325,0.0,0,24,34,61,9,6,33,0,33,5,0.0,,1.0
2012,74823,임훈,SK,,False,117,314,0.267515923566879,0.308,0.318,0.626,0.0499999999999999,0.324,0.28,0.0,0,26,36,84,8,4,18,1,56,3,0.0,,1.0
2013,74823,임훈,SK,,False,40,81,0.2222222222222222,0.267,0.235,0.502,0.0129999999999999,0.269,0.242,0.0,0,5,6,18,1,0,4,1,14,0,0.0,,1.0
2014,74823,임훈,SK,,False,90,277,0.3140794223826715,0.407,0.39,0.797,0.076,0.394,0.366,0.0,2,27,47,87,13,1,37,8,61,9,1.391,,1.0
2015,74823,임훈,LG,,False,88,252,0.2777777777777778,0.363,0.345,0.708,0.0669999999999999,0.33,0.331,0.0,1,24,44,70,12,1,26,9,44,3,0.086,,1.0
2016,74823,임훈,LG,,False,60,180,0.2611111111111111,0.314,0.3,0.614,0.0389999999999999,0.301,0.277,0.0,1,14,20,47,4,0,12,2,26,8,-1.317,,1.0
2017,74823,임훈,LG,,False,42,82,0.2926829268292683,0.318,0.305,0.623,0.012,0.364,0.295,84.1,0,7,8,24,1,0,2,1,16,1,-0.61,-0.28,1.0
2018,74823,임훈,LG,,False,54,83,0.2289156626506024,0.256,0.337,0.593,0.108,0.258,0.265,71.2,2,7,10,19,3,0,3,0,15,0,-0.561,-0.27,1.0
2024,50244,장규빈,두산,포수,False,3,4,0.25,0.25,0.25,0.5,0.0,0.333,0.225,26.4,0,0,1,1,0,0,0,0,1,0,-0.001,-0.02,1.0
2021,51762,장규현,한화,포수,False,7,12,0.25,0.25,0.333,0.583,0.083,0.375,0.253,47.6,0,1,0,3,1,0,0,0,4,0,-0.077,-0.04,1.0
2024,51762,장규현,한화,포수,False,9,6,0.0,0.143,0.0,0.143,0.0,0.0,0.103,-55.1,0,0,0,0,0,0,1,0,1,0,-0.025,-0.17,1.0
2025,51762,장규현,한화,포수,False,2,1,1.0,1.0,1.0,2.0,0.0,1.0,0.81,442.3,0,0,1,1,0,0,1,0,0,0,0.003,0.09,1.0
2026,51762,장규현,한화,포수,False,10,14,0.2857142857142857,0.375,0.357,0.732,0.071,0.333,0.311,47.1,0,1,2,4,1,0,2,0,2,0,-0.189,-0.05,0.757
2021,68507,장두성,롯데,외야수,False,43,36,0.2222222222222222,0.317,0.333,0.65,0.111,0.333,0.296,71.9,0,4,12,8,2,1,5,0,12,4,-0.358,-0.09,1.0
2022,68507,장두성,롯데,외야수,False,53,23,0.1739130434782608,0.321,0.174,0.495,0.0,0.333,0.257,49.9,0,0,7,4,0,0,5,0,11,4,-0.52,-0.05,1.0
2023,68507,장두성,롯데,외야수,False,25,13,0.1538461538461538,0.214,0.154,0.368,0.0,0.2,0.168,-16.0,0,1,7,2,0,0,1,0,3,2,-0.166,-0.14,1.0
2024,68507,장두성,롯데,외야수,False,71,32,0.15625,0.27,0.156,0.426,0.0,0.217,0.221,17.1,0,1,23,5,0,0,3,2,9,14,0.002,-0.24,1.0
2025,68507,장두성,롯데,외야수,False,118,248,0.2620967741935484,0.332,0.298,0.63,0.0359999999999999,0.349,0.295,73.1,0,25,51,65,3,3,24,3,64,17,-2.0,0.34,1.0
2026,68507,장두성,롯데,외야수,False,67,154,0.2662337662337662,0.309,0.305,0.614,0.0389999999999999,0.347,0.293,65.9,0,15,21,41,4,1,8,2,37,15,-0.062,0.27,0.757
2010,71347,장민석,넥센,,True,119,435,0.2827586206896552,0.343,0.372,0.715,0.089,0.335,0.326,0.0,1,47,60,123,16,10,41,1,74,41,0.0,,1.0
2011,71347,장민석,넥센,,False,84,265,0.2415094339622641,0.29,0.313,0.603,0.071,0.293,0.266,0.0,3,15,35,64,8,1,16,2,54,11,0.0,,1.0
2012,71347,장민석,넥센,,True,116,414,0.2463768115942029,0.315,0.35,0.665,0.1039999999999999,0.274,0.297,0.0,8,35,64,102,9,5,40,3,67,32,0.0,,1.0
2013,71347,장민석,넥센,,True,115,360,0.2416666666666666,0.307,0.314,0.621,0.072,0.285,0.283,0.0,2,30,54,87,16,2,35,0,63,20,0.0,,1.0
2014,71347,장민석,두산,,False,45,70,0.2,0.243,0.286,0.529,0.0859999999999999,0.259,0.246,0.0,0,8,16,14,4,1,3,1,16,5,-0.61,,1.0
2015,71347,장민석,두산,,False,53,53,0.1886792452830188,0.29,0.226,0.516,0.037,0.244,0.26,0.0,0,4,15,10,2,0,7,1,13,0,-0.103,,1.0
2016,71347,장민석,한화,,False,98,205,0.2292682926829268,0.285,0.307,0.592,0.0779999999999999,0.288,0.269,0.0,1,16,38,47,7,3,16,0,44,3,-2.192,,1.0
2017,71347,장민석,한화,,False,88,299,0.2775919732441471,0.311,0.318,0.629,0.0399999999999999,0.34,0.282,52.8,1,21,38,83,9,0,15,0,58,8,-2.444,-0.61,1.0
2016,79764,장민재,한화,,False,2,0,0.0,0.0,0.0,0.0,0.0,0.0,0.0,0.0,0,0,0,0,0,0,0,0,0,0,0.0,,1.0
2018,79764,장민재,한화,,False,1,0,0.0,0.0,0.0,0.0,0.0,0.0,0.0,0.0,0,0,0,0,0,0,0,0,0,0,0.0,0.0,1.0
2021,79764,장민재,한화,,False,1,0,0.0,0.0,0.0,0.0,0.0,0.0,0.0,0.0,0,0,0,0,0,0,0,0,0,0,0.0,0.0,1.0
2024,79764,장민재,한화,,False,1,0,0.0,0.0,0.0,0.0,0.0,0.0,0.0,0.0,0,0,0,0,0,0,0,0,0,0,0.0,0.0,1.0
2010,78548,장성우,롯데,포수,False,61,100,0.18,0.226,0.25,0.476,0.07,0.236,0.212,0.0,1,7,5,18,4,0,6,0,27,0,0.0,,1.0
2011,78548,장성우,롯데,포수,False,64,62,0.2580645161290322,0.356,0.258,0.614,0.0,0.348,0.296,0.0,0,6,6,16,0,0,10,0,17,0,0.0,,1.0
2014,78548,장성우,롯데,포수,False,43,84,0.2738095238095238,0.364,0.357,0.721,0.0829999999999999,0.333,0.338,0.0,1,9,10,23,4,0,12,1,19,0,-1.048,,1.0
2015,78548,장성우,KT,포수,True,133,433,0.2840646651270208,0.346,0.425,0.771,0.141,0.32,0.345,0.0,13,77,55,123,20,1,46,0,85,1,1.735,,1.0
2017,78548,장성우,KT,포수,False,118,294,0.2312925170068027,0.328,0.357,0.685,0.1259999999999999,0.259,0.31,60.9,8,46,28,68,11,1,43,2,59,0,-1.519,-0.24,1.0
2018,78548,장성우,KT,포수,False,127,356,0.2584269662921348,0.321,0.404,0.725,0.146,0.3,0.321,65.8,13,48,41,92,13,0,32,2,82,1,-1.973,-0.36,1.0
2019,78548,장성우,KT,포수,False,127,366,0.2622950819672131,0.325,0.339,0.664,0.077,0.319,0.304,74.5,7,41,25,96,7,0,35,2,86,0,-2.953,0.25,1.0
2020,78548,장성우,KT,포수,True,130,400,0.278,0.337,0.413,0.75,0.1349999999999999,0.298,0.329,88.6,13,79,39,111,15,0,38,1,64,0,-0.141,0.88,1.0
2021,78548,장성우,KT,포수,True,127,385,0.2311688311688311,0.337,0.374,0.711,0.143,0.246,0.322,88.4,14,63,46,89,13,0,60,3,69,1,-0.031,1.27,1.0
2022,78548,장성우,KT,포수,False,117,362,0.2596685082872928,0.353,0.439,0.792,0.179,0.284,0.348,116.3,18,55,48,94,11,0,52,2,79,1,-0.632,2.68,1.0
2023,78548,장성우,KT,포수,True,131,410,0.2878048780487804,0.351,0.422,0.773,0.134,0.318,0.339,110.5,11,65,37,118,22,0,42,2,70,1,-0.849,2.53,1.0
2024,78548,장성우,KT,포수,True,131,418,0.2679425837320574,0.355,0.45,0.805,0.182,0.29,0.351,101.5,19,81,53,112,19,0,60,1,86,5,0.695,2.39,1.0
2025,78548,장성우,KT,포수,True,129,413,0.2469733656174333,0.333,0.38,0.713,0.133,0.283,0.325,96.3,14,58,44,102,13,0,55,2,96,0,-2.276,1.49,1.0
2026,78548,장성우,KT,포수,False,60,181,0.1933701657458563,0.35,0.398,0.748,0.205,0.224,0.34,94.6,9,37,31,35,10,0,42,2,57,1,-0.721,0.72,0.757
2010,96610,장성호,한화,,False,74,237,0.2447257383966244,0.344,0.329,0.673,0.084,0.27,0.316,0.0,4,29,34,58,8,0,35,2,35,0,0.0,,1.0
2011,96610,장성호,한화,,True,116,390,0.2435897435897435,0.379,0.338,0.717,0.094,0.275,0.338,0.0,8,37,53,95,13,0,81,4,66,0,0.0,,1.0
2012,96610,장성호,한화,,True,130,429,0.2634032634032634,0.364,0.392,0.756,0.129,0.29,0.341,0.0,9,52,57,113,28,0,67,2,63,2,0.0,,1.0
2013,96610,장성호,롯데,,False,83,241,0.2655601659751037,0.363,0.365,0.728,0.0989999999999999,0.299,0.331,0.0,4,27,21,64,10,1,35,2,36,0,0.0,,1.0
2014,96610,장성호,롯데,,False,5,2,0.0,0.6,0.0,0.6,0.0,0.0,0.59,0.0,0,0,0,0,0,0,3,0,0,0,0.115,,1.0
2015,96610,장성호,KT,,False,49,94,0.3085106382978723,0.421,0.383,0.804,0.074,0.354,0.379,0.0,1,16,11,29,4,0,17,2,15,1,-0.33,,1.0
2018,63202,장승현,두산,포수,False,20,13,0.3846153846153846,0.429,0.385,0.814,0.0,0.455,0.326,90.4,0,1,2,5,0,0,1,0,2,0,-0.165,0.01,1.0
2019,63202,장승현,두산,포수,False,35,41,0.1707317073170731,0.239,0.22,0.459,0.0489999999999999,0.241,0.215,28.9,0,3,3,7,2,0,3,1,13,0,-0.335,-0.24,1.0
2020,63202,장승현,두산,포수,False,23,20,0.25,0.318,0.4,0.718,0.15,0.357,0.318,106.5,0,3,5,5,3,0,1,1,6,0,0.063,0.05,1.0
2021,63202,장승현,두산,포수,False,92,177,0.231638418079096,0.332,0.322,0.654,0.09,0.31,0.303,87.2,2,27,18,41,10,0,19,8,50,0,-0.872,0.73,1.0
2022,63202,장승현,두산,포수,False,60,96,0.2083333333333333,0.274,0.24,0.514,0.032,0.286,0.235,40.0,0,9,6,20,3,0,5,4,27,0,-0.931,-0.42,1.0
2023,63202,장승현,두산,포수,False,76,139,0.158273381294964,0.235,0.23,0.465,0.072,0.19,0.213,25.4,3,9,11,22,1,0,6,8,36,1,-1.798,-0.53,1.0
2024,63202,장승현,두산,포수,False,9,20,0.2,0.273,0.3,0.573,0.0999999999999999,0.267,0.249,44.6,0,0,1,4,2,0,2,0,5,0,-0.248,-0.12,1.0
2025,63202,장승현,두산,포수,False,4,2,0.0,0.0,0.0,0.0,0.0,0.0,0.0,-130.7,0,0,0,0,0,0,0,0,0,0,-0.067,-0.05,1.0
2026,63202,장승현,삼성,포수,False,60,28,0.1071428571428571,0.242,0.107,0.349,0.0,0.176,0.181,-8.0,0,0,1,3,0,0,4,1,11,0,-0.204,-0.23,0.757
2015,63360,장시윤,넥센,,False,17,29,0.2758620689655172,0.276,0.276,0.552,0.0,0.4,0.232,0.0,0,2,2,8,0,0,0,0,9,0,-0.312,,1.0
2016,63360,장시윤,넥센,,False,9,10,0.2,0.429,0.2,0.629,0.0,0.25,0.336,0.0,0,0,3,2,0,0,3,1,2,0,-0.151,,1.0
2018,63360,장시윤,LG,,False,8,2,0.0,0.0,0.0,0.0,0.0,0.0,0.0,-101.1,0,0,2,0,0,0,0,0,0,0,-0.033,-0.05,1.0
2012,77318,장시환,넥센,투수,False,1,0,0.0,0.0,0.0,0.0,0.0,0.0,0.0,0.0,0,0,0,0,0,0,0,0,0,0,0.0,,1.0
2015,77318,장시환,KT,투수,False,3,0,0.0,0.0,0.0,0.0,0.0,0.0,0.0,0.0,0,0,0,0,0,0,0,0,0,0,0.0,,1.0
2017,77318,장시환,롯데,투수,False,2,0,0.0,0.0,0.0,0.0,0.0,0.0,0.0,0.0,0,0,0,0,0,0,0,0,0,0,0.0,0.0,1.0
2018,77318,장시환,롯데,투수,False,1,0,0.0,0.0,0.0,0.0,0.0,0.0,0.0,0.0,0,0,0,0,0,0,0,0,0,0,0.0,0.0,1.0
2022,77318,장시환,한화,투수,False,3,0,0.0,0.0,0.0,0.0,0.0,0.0,0.0,0.0,0,0,0,0,0,0,0,0,0,0,0.0,0.0,1.0
2010,79334,장영석,넥센,,False,64,138,0.2318840579710145,0.331,0.384,0.715,0.152,0.303,0.313,0.0,5,19,16,32,6,0,12,9,45,0,0.0,,1.0
2011,79334,장영석,넥센,,False,35,78,0.1794871794871795,0.261,0.231,0.492,0.052,0.246,0.231,0.0,0,7,7,14,2,1,5,4,22,0,0.0,,1.0
2012,79334,장영석,넥센,,False,7,12,0.0,0.077,0.0,0.077,0.0,0.0,0.055,0.0,0,0,0,0,0,0,1,0,3,0,0.0,,1.0
2015,79334,장영석,넥센,,False,6,8,0.125,0.125,0.125,0.25,0.0,0.167,0.113,0.0,0,0,0,1,0,0,0,0,2,0,-0.166,,1.0
2016,79334,장영석,넥센,,False,23,26,0.1923076923076923,0.364,0.269,0.633,0.077,0.313,0.338,0.0,0,3,6,5,2,0,7,0,10,0,0.118,,1.0
2017,79334,장영석,넥센,,False,60,186,0.2688172043010752,0.358,0.538,0.896,0.269,0.306,0.392,115.2,12,38,30,50,14,0,17,9,50,0,-0.084,1.06,1.0
2018,79334,장영석,넥센,,False,93,196,0.2244897959183673,0.312,0.408,0.72,0.1839999999999999,0.289,0.321,73.6,7,25,24,44,15,0,23,2,61,1,-1.1,0.43,1.0
2019,79334,장영석,키움,,False,119,372,0.2473118279569892,0.31,0.344,0.654,0.0969999999999999,0.29,0.303,83.4,7,62,41,92,15,0,27,9,77,0,-0.95,0.43,1.0
2020,79334,장영석,KIA,,False,11,31,0.1290322580645161,0.243,0.129,0.372,0.0,0.16,0.195,5.6,0,2,1,4,0,0,4,1,7,0,-0.655,-0.45,1.0
2013,63700,장운호,한화,,False,11,20,0.3,0.333,0.45,0.783,0.15,0.429,0.34,0.0,0,4,1,6,3,0,1,0,6,0,0.0,,1.0
2014,63700,장운호,한화,,False,39,64,0.265625,0.288,0.328,0.616,0.062,0.302,0.259,0.0,1,7,7,17,1,0,1,1,10,1,-0.084,,1.0
2015,63700,장운호,한화,,False,42,114,0.2543859649122807,0.346,0.342,0.688,0.088,0.318,0.312,0.0,2,8,17,29,4,0,10,6,27,5,-0.634,,1.0
2016,63700,장운호,한화,,False,51,76,0.2368421052631578,0.293,0.289,0.582,0.0519999999999999,0.3,0.258,0.0,0,11,7,18,2,1,4,2,16,0,-0.008,,1.0
2019,63700,장운호,한화,,False,7,10,0.1,0.182,0.1,0.282,0.0,0.111,0.288,70.9,0,0,2,1,0,0,1,0,1,0,0.005,0.1,1.0
2020,63700,장운호,한화,,False,24,27,0.1481481481481481,0.207,0.296,0.503,0.148,0.176,0.253,41.0,1,4,5,4,1,0,2,0,9,0,0.035,-0.13,1.0
2021,63700,장운호,한화,,False,103,285,0.2350877192982456,0.332,0.27,0.602,0.035,0.318,0.289,73.1,0,28,36,67,10,0,36,7,77,3,-2.372,0.17,1.0
2022,63700,장운호,한화,,False,57,122,0.2377049180327868,0.34,0.287,0.627,0.0489999999999999,0.283,0.302,83.2,1,15,12,29,3,0,17,3,24,0,-0.576,-0.17,1.0
2023,63700,장운호,한화,,False,4,9,0.2222222222222222,0.364,0.222,0.586,0.0,0.286,0.295,81.4,0,1,1,2,0,0,2,0,2,0,-0.208,0.0,1.0
2010,76355,장원삼,삼성,,False,1,0,0.0,0.0,0.0,0.0,0.0,0.0,0.0,0.0,0,0,0,0,0,0,0,0,0,0,0.0,,1.0
2019,76355,장원삼,LG,,False,1,0,0.0,0.0,0.0,0.0,0.0,0.0,0.0,0.0,0,0,0,0,0,0,0,0,0,0,0.0,0.0,1.0
2014,74513,장원준,롯데,,False,1,1,0.0,0.0,0.0,0.0,0.0,0.0,0.0,0.0,0,0,0,0,0,0,0,0,1,0,-0.106,,1.0
2022,74513,장원준,두산,,False,1,0,0.0,0.0,0.0,0.0,0.0,0.0,0.0,0.0,0,0,0,0,0,0,0,0,0,0,0.0,0.0,1.0
2019,69645,장유호,KIA,투수,False,1,0,0.0,0.0,0.0,0.0,0.0,0.0,0.0,0.0,0,0,0,0,0,0,0,0,0,0,0.0,0.0,1.0
2021,51359,장재영,키움,투수,False,1,0,0.0,0.0,0.0,0.0,0.0,0.0,0.0,0.0,0,0,0,0,0,0,0,0,0,0,0.0,0.0,1.0
2024,51359,장재영,키움,투수,False,38,119,0.1680672268907563,0.288,0.294,0.582,0.1259999999999999,0.314,0.271,56.0,4,13,14,20,3,0,17,3,64,0,-0.975,0.01,1.0
2025,51359,장재영,키움,투수,False,10,14,0.1428571428571428,0.25,0.143,0.393,0.0,0.286,0.203,14.0,0,2,1,2,0,0,2,0,7,1,-0.045,-0.15,1.0
2010,60340,장종덕,넥센,,False,2,3,0.0,0.0,0.0,0.0,0.0,0.0,0.0,0.0,0,0,0,0,0,0,0,0,3,0,0.0,,1.0
2015,64115,장준원,LG,내야수,False,20,24,0.2083333333333333,0.231,0.208,0.439,0.0,0.294,0.201,0.0,0,1,2,5,0,0,1,0,8,0,-0.515,,1.0
2016,64115,장준원,LG,내야수,False,14,13,0.0769230769230769,0.2,0.077,0.277,0.0,0.1,0.156,0.0,0,0,2,1,0,0,2,0,3,0,-0.035,,1.0
2017,64115,장준원,LG,내야수,False,8,5,0.0,0.0,0.0,0.0,0.0,0.0,0.184,13.2,0,0,0,0,0,0,0,0,1,0,0.0,-0.02,1.0
2020,64115,장준원,LG,내야수,False,46,60,0.2166666666666666,0.284,0.317,0.601,0.1,0.226,0.307,96.2,1,6,10,13,3,0,6,0,7,0,-0.205,0.1,1.0
2021,64115,장준원,LG,내야수,False,5,3,0.0,0.0,0.0,0.0,0.0,0.0,0.0,-131.0,0,0,0,0,0,0,0,0,0,0,0.0,-0.13,1.0
2022,64115,장준원,KT,내야수,False,35,57,0.2456140350877192,0.283,0.439,0.722,0.193,0.297,0.31,90.1,3,10,7,14,2,0,3,0,17,1,0.007,0.34,1.0
2023,64115,장준원,KT,내야수,False,69,87,0.1724137931034483,0.277,0.253,0.53,0.081,0.226,0.243,41.3,1,10,10,15,2,1,12,1,25,3,-0.354,-0.05,1.0
2024,64115,장준원,KT,내야수,False,17,14,0.0714285714285714,0.278,0.071,0.349,0.0,0.111,0.21,12.3,0,0,1,1,0,0,4,0,5,0,-0.254,-0.13,1.0
2025,64115,장준원,KT,내야수,False,73,140,0.2071428571428571,0.248,0.25,0.498,0.043,0.248,0.226,26.7,1,11,10,29,3,0,8,0,27,0,-1.393,-0.3,1.0
2026,64115,장준원,KT,내야수,False,63,77,0.2077922077922078,0.315,0.351,0.666,0.143,0.25,0.283,62.6,3,12,6,16,2,0,11,1,22,0,-0.754,-0.02,0.757
2021,51706,장지승,한화,,False,24,61,0.180327868852459,0.271,0.246,0.517,0.066,0.27,0.237,35.8,1,5,7,11,1,0,7,1,24,2,-0.875,-0.43,1.0
2023,51706,장지승,한화,,False,3,3,0.0,0.0,0.0,0.0,0.0,0.0,0.0,-136.8,0,0,0,0,0,0,0,0,0,0,-0.021,-0.07,1.0
2020,67443,장지훈,삼성,,False,1,0,0.0,0.0,0.0,0.0,0.0,0.0,0.0,0.0,0,0,0,0,0,0,0,0,0,0,0.0,0.0,1.0
2021,51895,장지훈,SSG,투수,False,2,0,0.0,0.0,0.0,0.0,0.0,0.0,0.0,0.0,0,0,0,0,0,0,0,0,0,0,0.0,0.0,1.0
2018,66706,장진혁,한화,외야수,False,50,42,0.2142857142857142,0.313,0.357,0.67,0.143,0.29,0.321,73.3,0,2,9,9,4,1,4,2,11,1,-0.21,0.24,1.0
2019,66706,장진혁,한화,외야수,False,113,315,0.2539682539682539,0.32,0.346,0.666,0.0919999999999999,0.328,0.309,86.5,1,24,42,80,16,5,26,5,74,13,-1.967,1.4,1.0
2020,66706,장진혁,한화,외야수,False,19,32,0.15625,0.27,0.219,0.489,0.063,0.192,0.237,36.6,0,1,2,5,0,1,5,0,6,2,-0.305,0.06,1.0
2022,66706,장진혁,한화,외야수,False,41,116,0.2327586206896551,0.298,0.302,0.6,0.0689999999999999,0.281,0.292,78.8,2,17,11,27,2,0,12,0,28,2,-1.325,0.21,1.0
2023,66706,장진혁,한화,외야수,False,68,162,0.2222222222222222,0.287,0.265,0.552,0.043,0.295,0.266,60.7,0,12,24,36,5,1,15,0,41,5,-1.267,-0.33,1.0
2024,66706,장진혁,한화,외야수,False,99,289,0.2629757785467128,0.335,0.412,0.747,0.1489999999999999,0.321,0.334,93.2,9,44,56,76,16,0,29,3,72,14,-0.992,0.83,1.0
2025,66706,장진혁,KT,외야수,False,86,139,0.2086330935251798,0.275,0.331,0.606,0.122,0.278,0.263,53.3,4,19,19,29,3,1,13,0,46,1,-0.883,0.11,1.0
2026,66706,장진혁,KT,외야수,False,36,31,0.2580645161290322,0.333,0.419,0.752,0.1609999999999999,0.389,0.328,92.7,1,5,12,8,2,0,4,0,13,1,-0.381,0.02,0.757
2010,79642,장태성,KIA,,False,3,1,1.0,1.0,1.0,2.0,0.0,1.0,0.9,0.0,0,1,0,1,0,0,0,0,0,0,0.0,,1.0
2016,77927,장필준,삼성,투수,False,1,0,0.0,0.0,0.0,0.0,0.0,0.0,0.0,0.0,0,0,0,0,0,0,0,0,0,0,0.0,,1.0
2017,77927,장필준,삼성,투수,False,3,0,0.0,0.0,0.0,0.0,0.0,0.0,0.0,0.0,0,0,0,0,0,0,0,0,0,0,0.0,0.0,1.0
2018,77927,장필준,삼성,투수,False,1,0,0.0,0.0,0.0,0.0,0.0,0.0,0.0,0.0,0,0,0,0,0,0,0,0,0,0,0.0,0.0,1.0
2016,63950,장현식,NC,투수,False,1,0,0.0,0.0,0.0,0.0,0.0,0.0,0.0,0.0,0,0,0,0,0,0,0,0,0,0,0.0,,1.0
2017,63950,장현식,NC,투수,False,1,0,0.0,0.0,0.0,0.0,0.0,0.0,0.0,0.0,0,0,0,0,0,0,0,0,0,0,0.0,0.0,1.0
2020,63950,장현식,KIA,투수,False,1,0,0.0,0.0,0.0,0.0,0.0,0.0,0.0,0.0,0,0,0,0,0,0,0,0,0,0,0.0,0.0,1.0
2021,63950,장현식,KIA,투수,False,1,0,0.0,0.0,0.0,0.0,0.0,0.0,0.0,0.0,0,0,0,0,0,0,0,0,0,0,0.0,0.0,1.0
2025,63950,장현식,LG,투수,False,6,0,0.0,0.0,0.0,0.0,0.0,0.0,0.0,0.0,0,0,0,0,0,0,0,0,0,0,0.0,0.0,1.0
2026,63950,장현식,LG,투수,False,1,0,0.0,0.0,0.0,0.0,0.0,0.0,0.0,0.0,0,0,0,0,0,0,0,0,0,0,0.0,0.0,0.757
2022,68869,전경원,SSG,포수,False,1,1,0.0,0.0,0.0,0.0,0.0,0.0,0.0,-140.2,0,0,0,0,0,0,0,0,0,0,-0.005,-0.02,1.0
2010,70364,전근표,한화,,False,40,88,0.2272727272727272,0.32,0.295,0.615,0.0679999999999999,0.311,0.288,0.0,1,7,12,20,3,0,12,0,26,1,0.0,,1.0
2024,54214,전다민,두산,외야수,False,25,27,0.3333333333333333,0.471,0.407,0.878,0.0739999999999999,0.474,0.406,145.2,0,1,10,9,2,0,7,0,8,1,-0.178,0.4,1.0
2025,54214,전다민,두산,외야수,False,22,12,0.0833333333333333,0.083,0.083,0.166,0.0,0.083,0.075,-77.3,0,0,5,1,0,0,0,0,0,3,-0.273,-0.26,1.0
2026,54214,전다민,두산,외야수,False,6,1,1.0,1.0,1.0,2.0,0.0,1.0,0.9,480.2,0,1,2,1,0,0,0,0,0,1,0.005,0.07,0.757
2016,78361,전민수,KT,,False,74,213,0.3051643192488263,0.373,0.423,0.796,0.118,0.378,0.364,0.0,3,29,31,65,14,1,19,4,46,5,0.521,,1.0
2017,78361,전민수,KT,,False,55,130,0.2769230769230769,0.331,0.362,0.693,0.0849999999999999,0.333,0.31,61.6,1,8,20,36,8,0,11,0,25,2,-0.655,-0.21,1.0
2018,78361,전민수,KT,,False,21,29,0.1724137931034483,0.294,0.276,0.57,0.104,0.278,0.287,44.2,0,4,0,5,3,0,5,0,11,0,-0.409,-0.1,1.0
2019,78361,전민수,LG,,False,75,96,0.2395833333333333,0.305,0.313,0.618,0.073,0.295,0.279,84.1,0,8,8,23,7,0,9,0,18,2,-0.552,0.41,1.0
2020,78361,전민수,LG,,False,4,5,0.2,0.333,0.2,0.533,0.0,0.333,0.27,66.0,0,0,0,1,0,0,1,0,2,0,-0.127,-0.07,1.0
2021,78361,전민수,NC,,False,71,98,0.2551020408163265,0.33,0.378,0.708,0.123,0.306,0.322,86.1,3,16,12,25,3,0,11,0,23,0,0.18,0.16,1.0
2022,78361,전민수,NC,,False,20,40,0.275,0.293,0.325,0.618,0.0499999999999999,0.423,0.298,83.0,0,2,3,11,2,0,1,0,14,0,0.143,0.19,1.0
2018,68205,전민재,두산,내야수,False,12,8,0.375,0.375,0.5,0.875,0.125,0.5,0.38,127.3,0,3,2,3,1,0,0,0,2,0,-0.042,0.05,1.0
2019,68205,전민재,두산,내야수,False,2,0,0.0,0.0,0.0,0.0,0.0,0.0,0.0,0.0,0,0,0,0,0,0,0,0,0,0,0.0,0.0,1.0
2021,68205,전민재,두산,내야수,False,9,4,0.25,0.2,0.25,0.45,0.0,0.333,0.18,-2.7,0,1,1,1,0,0,0,0,2,0,0.043,-0.1,1.0
2022,68205,전민재,두산,내야수,False,35,45,0.2888888888888888,0.289,0.311,0.6,0.022,0.394,0.282,74.4,0,0,11,13,1,0,0,0,12,3,-0.455,0.11,1.0
2023,68205,전민재,두산,내야수,False,19,17,0.2352941176470588,0.235,0.353,0.588,0.118,0.286,0.238,46.0,0,1,3,4,2,0,0,0,3,0,-0.468,-0.16,1.0
2024,68205,전민재,두산,내야수,False,100,248,0.2459677419354838,0.301,0.298,0.599,0.0519999999999999,0.301,0.279,60.7,2,32,34,61,5,1,17,4,53,7,-0.819,-0.34,1.0
2025,68205,전민재,롯데,내야수,False,101,331,0.2870090634441087,0.337,0.378,0.715,0.091,0.34,0.328,97.8,5,34,39,95,15,0,22,4,63,3,-1.096,1.59,1.0
2026,68205,전민재,롯데,내야수,True,102,334,0.2754491017964072,0.323,0.398,0.721,0.123,0.331,0.332,94.3,8,52,35,92,17,0,22,3,75,9,-0.091,1.9,0.757
2010,73228,전병두,SK,,False,1,0,0.0,0.0,0.0,0.0,0.0,0.0,0.0,0.0,0,0,0,0,0,0,0,0,0,0,0.0,,1.0
2018,65586,전병우,롯데,내야수,False,27,66,0.3636363636363636,0.442,0.606,1.048,0.242,0.525,0.446,142.8,3,13,18,24,7,0,9,1,24,3,0.604,0.87,1.0
2019,65586,전병우,롯데,내야수,False,29,51,0.0980392156862745,0.148,0.118,0.266,0.0199999999999999,0.172,0.127,-53.2,0,0,2,5,1,0,3,0,22,0,-1.327,-0.79,1.0
2020,65586,전병우,키움,내야수,False,119,359,0.2367688022284122,0.31,0.357,0.667,0.12,0.304,0.299,77.8,8,48,46,85,13,3,37,2,100,7,-0.654,0.14,1.0
2021,65586,전병우,키움,내야수,False,115,214,0.1869158878504672,0.319,0.308,0.627,0.121,0.27,0.296,77.6,6,31,35,40,8,0,33,9,83,3,-0.754,0.17,1.0
2022,65586,전병우,키움,내야수,False,115,197,0.2030456852791878,0.288,0.315,0.603,0.1119999999999999,0.28,0.273,65.6,5,21,14,40,7,0,17,7,68,0,-0.638,-0.03,1.0
2023,65586,전병우,키움,내야수,False,41,62,0.1451612903225806,0.274,0.242,0.516,0.097,0.242,0.254,50.6,1,6,6,9,3,0,10,1,28,0,-1.179,-0.15,1.0
2024,65586,전병우,삼성,내야수,False,58,111,0.2252252252252252,0.313,0.405,0.718,0.18,0.303,0.315,73.6,5,14,17,25,5,0,14,1,42,0,-0.811,0.05,1.0
2025,65586,전병우,삼성,내야수,False,59,77,0.2727272727272727,0.423,0.338,0.761,0.065,0.408,0.361,120.8,1,13,11,21,2,0,19,1,27,1,0.13,0.67,1.0
2026,65586,전병우,삼성,내야수,True,89,273,0.2234432234432234,0.34,0.363,0.703,0.1399999999999999,0.293,0.326,85.4,7,40,42,61,15,1,33,17,85,2,-0.615,0.56,0.757
2019,69969,전사민,NC,투수,False,1,0,0.0,0.0,0.0,0.0,0.0,0.0,0.0,0.0,0,0,0,0,0,0,0,0,0,0,0.0,0.0,1.0
2023,69969,전사민,NC,투수,False,1,1,0.0,0.0,0.0,0.0,0.0,0.0,0.0,0.0,0,0,0,0,0,0,0,0,0,0,-0.053,0.0,1.0
2025,69969,전사민,NC,투수,False,1,0,0.0,0.0,0.0,0.0,0.0,0.0,0.0,0.0,0,0,0,0,0,0,0,0,0,0,0.0,0.0,1.0
2016,66609,전상현,KIA,투수,False,1,0,0.0,0.0,0.0,0.0,0.0,0.0,0.0,0.0,0,0,0,0,0,0,0,0,0,0,0.0,,1.0
2019,66609,전상현,KIA,투수,False,1,0,0.0,0.0,0.0,0.0,0.0,0.0,0.0,0.0,0,0,0,0,0,0,0,0,0,0,0.0,0.0,1.0
2024,66609,전상현,KIA,투수,False,1,0,0.0,0.0,0.0,0.0,0.0,0.0,0.0,0.0,0,0,0,0,0,0,0,0,0,0,0.0,0.0,1.0
2025,66609,전상현,KIA,투수,False,1,0,0.0,0.0,0.0,0.0,0.0,0.0,0.0,0.0,0,0,0,0,0,0,0,0,0,0,0.0,0.0,1.0
2025,52809,전영준,SSG,투수,False,1,0,0.0,0.0,0.0,0.0,0.0,0.0,0.0,0.0,0,0,0,0,0,0,0,0,0,0,0.0,0.0,1.0
2026,52809,전영준,SSG,투수,False,1,0,0.0,0.0,0.0,0.0,0.0,0.0,0.0,0.0,0,0,0,0,0,0,0,0,0,0,0.0,0.0,0.757
2026,69047,전용주,KT,투수,False,1,0,0.0,0.0,0.0,0.0,0.0,0.0,0.0,0.0,0,0,0,0,0,0,0,0,0,0,0.0,0.0,0.757
2013,75340,전유수,SK,,False,2,0,0.0,0.0,0.0,0.0,0.0,0.0,0.0,0.0,0,0,0,0,0,0,0,0,0,0,0.0,,1.0
2016,75340,전유수,SK,,False,3,0,0.0,0.0,0.0,0.0,0.0,0.0,0.0,0.0,0,0,0,0,0,0,0,0,0,0,0.0,,1.0
2017,75340,전유수,SK,,False,1,1,0.0,0.0,0.0,0.0,0.0,0.0,0.0,0.0,0,0,0,0,0,0,0,0,1,0,-0.003,0.0,1.0
2020,75340,전유수,KT,,False,2,0,0.0,0.0,0.0,0.0,0.0,0.0,0.0,0.0,0,0,0,0,0,0,0,0,0,0,0.0,0.0,1.0
2022,50820,전의산,SSG,내야수,False,77,241,0.2489626556016597,0.316,0.481,0.797,0.2319999999999999,0.324,0.347,108.5,13,45,36,60,15,1,24,0,84,0,-0.36,0.96,1.0
2023,50820,전의산,SSG,내야수,False,56,134,0.2014925373134328,0.294,0.336,0.63,0.135,0.253,0.285,71.1,4,21,11,27,6,0,15,3,40,0,0.106,-0.15,1.0
2024,50820,전의산,SSG,내야수,False,34,57,0.087719298245614,0.159,0.14,0.299,0.052,0.095,0.16,-20.1,1,3,3,5,0,0,5,0,15,0,-0.675,-0.92,1.0
2026,50820,전의산,SSG,내야수,False,52,179,0.2681564245810056,0.328,0.447,0.775,0.179,0.353,0.341,101.9,6,32,16,48,14,0,16,1,56,1,0.306,0.82,0.757
2010,78513,전준우,롯데,외야수,False,114,350,0.2885714285714286,0.347,0.503,0.85,0.214,0.332,0.362,0.0,19,57,56,101,14,2,26,8,89,16,0.0,,1.0
2011,78513,전준우,롯데,외야수,True,133,539,0.300556586270872,0.366,0.451,0.817,0.15,0.351,0.366,0.0,11,64,97,162,38,5,50,7,101,23,0.0,,1.0
2012,78513,전준우,롯데,외야수,True,122,459,0.2527233115468409,0.327,0.364,0.691,0.1109999999999999,0.31,0.312,0.0,7,38,63,116,22,4,45,7,103,21,0.0,,1.0
2013,78513,전준우,롯데,외야수,True,128,455,0.2747252747252747,0.367,0.38,0.747,0.1049999999999999,0.312,0.345,0.0,7,66,65,125,25,1,65,5,77,19,0.0,,1.0
2014,78513,전준우,롯데,외야수,True,113,415,0.2915662650602409,0.356,0.458,0.814,0.166,0.321,0.351,0.0,14,66,69,121,23,2,34,9,71,7,0.606,,1.0
2016,78513,전준우,롯데,외야수,False,25,99,0.2525252525252525,0.339,0.384,0.723,0.131,0.319,0.331,0.0,2,10,16,25,7,0,7,6,25,3,0.001,,1.0
2017,78513,전준우,롯데,외야수,True,110,455,0.3208791208791209,0.37,0.503,0.873,0.182,0.347,0.383,104.1,18,69,76,146,27,1,30,7,70,2,0.638,3.24,1.0
2018,78513,전준우,롯데,외야수,True,144,556,0.3417266187050359,0.4,0.592,0.992,0.2499999999999999,0.354,0.429,130.8,33,90,118,190,36,2,48,7,82,7,3.548,5.43,1.0
2019,78513,전준우,롯데,외야수,True,141,545,0.3009174311926605,0.359,0.481,0.84,0.18,0.309,0.369,118.6,22,83,85,164,30,1,46,7,71,8,-1.035,4.7,1.0
2020,78513,전준우,롯데,외야수,True,143,562,0.2793594306049822,0.347,0.482,0.829,0.2029999999999999,0.285,0.366,105.6,26,96,95,157,34,1,52,8,79,5,0.247,4.04,1.0
2021,78513,전준우,롯데,외야수,True,144,552,0.3478260869565217,0.405,0.469,0.874,0.121,0.384,0.39,137.3,7,92,88,192,46,0,53,5,71,6,2.522,5.45,1.0
2022,78513,전준우,롯데,외야수,True,120,470,0.3042553191489361,0.35,0.445,0.795,0.141,0.334,0.361,124.6,11,68,73,143,31,1,35,3,73,6,-0.504,3.02,1.0
2023,78513,전준우,롯데,외야수,True,138,493,0.3123732251521298,0.381,0.471,0.852,0.1589999999999999,0.328,0.382,136.6,17,77,80,154,21,3,52,7,65,9,0.833,4.52,1.0
2024,78513,전준우,롯데,외야수,True,109,423,0.293144208037825,0.369,0.485,0.854,0.192,0.327,0.381,120.3,17,82,57,124,26,2,49,5,84,3,-1.083,3.14,1.0
2025,78513,전준우,롯데,외야수,True,114,410,0.2926829268292683,0.369,0.42,0.789,0.127,0.332,0.362,119.8,8,70,50,120,26,1,44,9,71,2,1.61,3.21,1.0
2026,78513,전준우,롯데,외야수,False,54,184,0.2173913043478261,0.266,0.283,0.549,0.0659999999999999,0.247,0.258,43.9,2,13,12,40,6,0,13,0,30,0,-2.501,-0.75,0.757
2019,67123,전준호,LG,포수,False,8,5,0.0,0.0,0.0,0.0,0.0,0.0,0.0,-124.7,0,0,0,0,0,0,0,0,1,0,-0.057,-0.12,1.0
2023,67123,전준호,LG,포수,False,2,1,0.0,0.0,0.0,0.0,0.0,0.0,0.0,-135.4,0,1,0,0,0,0,0,0,0,0,-0.005,-0.03,1.0
2024,67123,전준호,LG,포수,False,3,1,0.0,0.0,0.0,0.0,0.0,0.0,0.0,-119.3,0,0,0,0,0,0,0,0,1,0,0.0,-0.02,1.0
2022,51009,전진영,KT,,False,4,3,0.3333333333333333,0.333,0.333,0.666,0.0,0.333,0.3,80.4,0,1,0,1,0,0,0,0,0,0,0.004,0.0,1.0
2025,55397,전태현,키움,내야수,False,77,182,0.2307692307692307,0.304,0.258,0.562,0.0269999999999999,0.336,0.265,58.7,0,10,20,42,5,0,20,0,59,4,-1.489,-0.24,1.0
2026,55397,전태현,키움,내야수,False,6,16,0.1875,0.188,0.25,0.438,0.062,0.273,0.19,3.5,0,0,1,3,1,0,0,0,5,0,-0.701,-0.21,0.757
2010,75706,전현태,한화,,False,100,156,0.2051282051282051,0.317,0.321,0.638,0.116,0.27,0.296,0.0,5,21,34,32,3,0,26,0,52,25,0.0,,1.0
2011,75706,전현태,한화,,False,78,69,0.1884057971014492,0.329,0.29,0.619,0.1019999999999999,0.268,0.293,0.0,2,11,26,13,1,0,13,2,27,7,0.0,,1.0
2012,75706,전현태,한화,,False,2,4,0.0,0.2,0.0,0.2,0.0,0.0,0.12,0.0,0,0,1,0,0,0,1,0,1,1,0.0,,1.0
2013,75706,전현태,한화,,False,21,33,0.1515151515151515,0.282,0.333,0.615,0.181,0.222,0.304,0.0,1,3,4,5,1,1,4,2,14,0,0.0,,1.0
2014,75706,전현태,한화,,False,10,10,0.1,0.1,0.1,0.2,0.0,0.143,0.09,0.0,0,0,2,1,0,0,0,0,3,0,-0.199,,1.0
2015,75706,전현태,KIA,,False,2,2,0.0,0.0,0.0,0.0,0.0,0.0,0.0,0.0,0,0,0,0,0,0,0,0,1,0,-0.081,,1.0
2017,66716,정경운,한화,,False,46,106,0.2358490566037736,0.291,0.302,0.593,0.066,0.289,0.259,38.1,1,7,8,25,2,1,9,0,24,2,-1.5510000000000002,-0.35,1.0
2018,66716,정경운,한화,,False,22,15,0.0666666666666666,0.063,0.067,0.13,0.0,0.111,0.056,-90.8,0,2,1,1,0,0,0,0,7,0,-0.428,-0.28,1.0
2013,62894,정규창,SK,,False,2,4,0.0,0.0,0.0,0.0,0.0,0.0,0.0,0.0,0,1,0,0,0,0,0,0,1,0,0.0,,1.0
2010,75808,정근우,SK,,True,128,485,0.3051546391752577,0.375,0.377,0.752,0.072,0.337,0.343,0.0,2,48,75,148,25,2,47,8,51,33,0.0,,1.0
2011,75808,정근우,SK,,False,90,326,0.3067484662576687,0.384,0.42,0.804,0.1129999999999999,0.33,0.353,0.0,6,40,60,100,19,0,38,4,37,20,0.0,,1.0
2012,75808,정근우,SK,,True,127,467,0.2655246252676659,0.339,0.362,0.701,0.0959999999999999,0.271,0.314,0.0,8,46,53,124,13,4,47,6,33,22,0.0,,1.0
2013,75808,정근우,SK,,True,112,407,0.2800982800982801,0.368,0.408,0.776,0.1279999999999999,0.299,0.339,0.0,9,35,64,114,19,3,50,7,48,28,0.0,,1.0
2014,75808,정근우,한화,,True,125,464,0.2952586206896552,0.391,0.416,0.807,0.121,0.323,0.373,0.0,6,44,91,137,28,5,66,9,56,32,1.429,,1.0
2015,75808,정근우,한화,,True,126,468,0.3162393162393162,0.403,0.466,0.869,0.15,0.347,0.383,0.0,12,66,99,148,30,2,61,8,66,21,3.085,,1.0
2016,75808,정근우,한화,,True,138,575,0.3095652173913043,0.381,0.464,0.845,0.154,0.317,0.377,0.0,18,88,121,178,31,2,60,9,58,22,3.385,,1.0
2017,75808,정근우,한화,,False,105,391,0.329923273657289,0.392,0.471,0.863,0.1409999999999999,0.352,0.383,113.7,11,46,73,129,22,0,32,10,48,6,0.509,3.05,1.0
2018,75808,정근우,한화,,False,102,375,0.304,0.377,0.461,0.838,0.157,0.318,0.373,101.1,11,57,63,114,24,1,39,7,43,6,0.874,2.42,1.0
2019,75808,정근우,한화,,False,88,277,0.2779783393501805,0.334,0.354,0.688,0.0759999999999999,0.319,0.313,86.8,3,30,37,77,10,1,20,4,43,8,-1.364,0.86,1.0
2020,75808,정근우,LG,,False,72,154,0.2402597402597402,0.322,0.286,0.608,0.0459999999999999,0.275,0.287,77.1,1,14,23,37,4,0,17,2,23,7,-0.287,-0.28,1.0
2020,64209,정기훈,한화,,False,29,31,0.1612903225806451,0.278,0.226,0.504,0.065,0.313,0.246,38.7,0,2,9,5,2,0,3,2,15,0,-0.397,-0.28,1.0
2023,53568,정대선,롯데,내야수,False,19,40,0.15,0.217,0.175,0.392,0.0249999999999999,0.176,0.224,24.5,0,6,5,6,1,0,2,2,8,0,-0.49,-0.14,1.0
2024,53568,정대선,롯데,내야수,False,3,2,0.0,0.0,0.0,0.0,0.0,0.0,0.0,-123.9,0,0,0,0,0,0,0,0,2,0,-0.023,-0.04,1.0
2026,53568,정대선,롯데,내야수,False,4,2,0.5,0.5,0.5,1.0,0.0,0.5,0.45,171.6,0,0,0,1,0,0,0,0,0,0,0.0,0.02,0.757
2013,71801,정대현,롯데,,False,2,0,0.0,0.0,0.0,0.0,0.0,0.0,0.0,0.0,0,0,0,0,0,0,0,0,0,0,0.0,,1.0
2014,71801,정대현,롯데,,False,2,0,0.0,0.0,0.0,0.0,0.0,0.0,0.0,0.0,0,0,0,0,0,0,0,0,0,0,0.0,,1.0
2015,60264,정대현,KT,,False,1,0,0.0,0.0,0.0,0.0,0.0,0.0,0.0,0.0,0,0,0,0,0,0,0,0,0,0,0.0,,1.0
2016,71801,정대현,롯데,,False,1,0,0.0,0.0,0.0,0.0,0.0,0.0,0.0,0.0,0,0,0,0,0,0,0,0,0,0,0.0,,1.0
2012,78760,정대훈,한화,,False,1,0,0.0,0.0,0.0,0.0,0.0,0.0,0.0,0.0,0,0,0,0,0,0,0,0,0,0,0.0,,1.0
2015,78760,정대훈,한화,,False,3,0,0.0,0.0,0.0,0.0,0.0,0.0,0.0,0.0,0,0,0,0,0,0,0,0,0,0,0.0,,1.0
2021,51764,정민규,한화,내야수,False,6,16,0.125,0.176,0.188,0.364,0.063,0.2,0.168,-13.4,0,0,1,2,1,0,1,0,6,0,-0.238,-0.32,1.0
2022,51764,정민규,한화,내야수,False,9,23,0.1304347826086956,0.167,0.13,0.297,0.0,0.25,0.182,-2.2,0,0,3,3,0,0,0,1,11,0,-0.19,-0.26,1.0
2026,51764,정민규,한화,내야수,False,2,2,0.0,0.0,0.0,0.0,0.0,0.0,0.0,-128.7,0,0,0,0,0,0,0,0,2,0,-0.006,-0.05,0.757
2012,77746,정민혁,한화,,False,1,0,0.0,0.0,0.0,0.0,0.0,0.0,0.0,0.0,0,0,0,0,0,0,0,0,0,0,0.0,,1.0
2012,76720,정범모,한화,,False,72,170,0.1764705882352941,0.238,0.288,0.526,0.1119999999999999,0.239,0.242,0.0,3,13,17,30,10,0,13,1,55,7,0.0,,1.0
2013,76720,정범모,한화,,False,88,178,0.247191011235955,0.313,0.331,0.644,0.084,0.321,0.283,0.0,1,17,14,44,12,0,15,2,43,2,0.0,,1.0
2014,76720,정범모,한화,,False,85,186,0.2526881720430107,0.314,0.403,0.717,0.15,0.285,0.307,0.0,6,23,18,47,10,0,17,1,39,1,-0.192,,1.0
2015,76720,정범모,한화,,False,51,96,0.1354166666666666,0.215,0.156,0.371,0.0209999999999999,0.176,0.188,0.0,0,10,3,13,2,0,9,1,23,1,-1.418,,1.0
2016,76720,정범모,한화,,False,5,4,0.0,0.0,0.0,0.0,0.0,0.0,0.0,0.0,0,0,0,0,0,0,0,0,3,0,-0.002,,1.0
2017,76720,정범모,한화,,False,22,43,0.2558139534883721,0.333,0.372,0.705,0.1159999999999999,0.37,0.305,66.9,1,3,5,11,2,0,5,0,15,0,-0.095,0.01,1.0
2018,76720,정범모,NC,,False,103,190,0.1789473684210526,0.25,0.289,0.539,0.1099999999999999,0.236,0.236,32.7,4,18,20,34,9,0,15,4,62,1,-1.918,-1.5,1.0
2019,76720,정범모,NC,,False,25,40,0.225,0.279,0.4,0.679,0.175,0.304,0.282,67.3,2,4,4,9,1,0,3,0,15,1,0.61,-0.06,1.0
2021,76720,정범모,NC,,False,19,19,0.2105263157894736,0.318,0.421,0.739,0.21,0.214,0.392,138.9,1,5,2,4,1,0,2,1,4,0,-0.159,0.23,1.0
2022,76720,정범모,NC,,False,5,7,0.1428571428571428,0.143,0.143,0.286,0.0,0.167,0.26,54.6,0,1,0,1,0,0,0,0,1,0,-0.024,-0.02,1.0
2011,61304,정범수,넥센,,False,4,7,0.0,0.125,0.0,0.125,0.0,0.0,0.09,0.0,0,0,0,0,0,0,1,0,2,0,0.0,,1.0
2011,61104,정병곤,LG,,False,11,20,0.2,0.2,0.3,0.5,0.0999999999999999,0.308,0.213,0.0,0,2,1,4,0,1,0,0,7,0,0.0,,1.0
2013,61104,정병곤,삼성,,False,54,61,0.2131147540983606,0.258,0.23,0.488,0.017,0.277,0.211,0.0,0,5,12,13,1,0,3,1,15,0,0.0,,1.0
2017,61104,정병곤,삼성,,False,74,74,0.2162162162162162,0.275,0.297,0.572,0.0809999999999999,0.275,0.311,68.6,2,7,16,16,0,0,4,2,21,1,-0.573,0.34,1.0
2018,61104,정병곤,삼성,,False,6,15,0.0666666666666666,0.063,0.067,0.13,0.0,0.091,0.056,-90.7,0,2,1,1,0,0,0,0,5,0,-0.31,-0.3,1.0
2019,61104,정병곤,두산,,False,20,27,0.1851851851851851,0.29,0.222,0.512,0.037,0.217,0.251,54.9,0,4,6,5,1,0,2,2,4,0,-0.395,-0.08,1.0
2019,68518,정보근,롯데,포수,False,15,32,0.125,0.2,0.125,0.325,0.0,0.182,0.165,-24.4,0,1,3,4,0,0,2,1,10,0,-0.522,-0.3,1.0
2020,68518,정보근,롯데,포수,False,85,133,0.150375939849624,0.219,0.165,0.384,0.015,0.196,0.186,-8.0,0,5,9,20,2,0,11,1,32,0,-1.938,-1.48,1.0
2021,68518,정보근,롯데,포수,False,11,18,0.2777777777777778,0.35,0.278,0.628,0.0,0.313,0.297,73.5,0,0,0,5,0,0,2,0,2,0,-0.329,-0.01,1.0
2022,68518,정보근,롯데,포수,False,95,199,0.1909547738693467,0.25,0.216,0.466,0.0249999999999999,0.257,0.21,14.6,1,15,8,38,2,0,14,2,55,1,-2.178,-1.15,1.0
2023,68518,정보근,롯데,포수,False,55,81,0.3333333333333333,0.433,0.469,0.902,0.1359999999999999,0.382,0.394,148.6,1,13,11,27,6,1,14,1,13,1,0.219,1.21,1.0
2024,68518,정보근,롯데,포수,False,89,133,0.225563909774436,0.243,0.286,0.529,0.0599999999999999,0.28,0.235,25.9,2,7,9,30,0,1,3,0,31,0,-1.974,-0.64,1.0
2025,68518,정보근,롯데,포수,False,93,129,0.1860465116279069,0.291,0.256,0.547,0.07,0.258,0.249,38.0,1,15,4,24,4,1,18,1,39,0,-0.381,-0.4,1.0
2026,68518,정보근,롯데,포수,False,8,5,0.2,0.2,0.2,0.4,0.0,0.5,0.18,-9.0,0,0,0,1,0,0,0,0,3,0,-0.236,-0.02,0.757
2010,73513,정보명,롯데,,False,30,76,0.2894736842105263,0.353,0.382,0.735,0.093,0.355,0.325,0.0,0,9,6,22,5,1,8,0,15,0,0.0,,1.0
2011,73513,정보명,롯데,,False,10,16,0.125,0.222,0.25,0.472,0.125,0.2,0.219,0.0,0,3,2,2,2,0,1,1,6,0,0.0,,1.0
2012,73513,정보명,롯데,,False,18,31,0.1612903225806451,0.235,0.161,0.396,0.0,0.227,0.196,0.0,0,2,2,5,0,0,3,0,9,0,0.0,,1.0
2013,73513,정보명,롯데,,False,12,19,0.1578947368421052,0.304,0.211,0.515,0.0529999999999999,0.176,0.257,0.0,0,0,1,3,1,0,4,0,2,0,0.0,,1.0
2011,61658,정상교,KIA,,False,7,4,0.25,0.25,0.25,0.5,0.0,0.25,0.225,0.0,0,0,0,1,0,0,0,0,0,0,0.0,,1.0
2012,61658,정상교,KIA,,False,5,1,0.0,0.0,0.0,0.0,0.0,0.0,0.0,0.0,0,0,0,0,0,0,0,0,0,0,0.0,,1.0
2010,71842,정상호,SK,,False,35,62,0.3225806451612903,0.364,0.677,1.041,0.354,0.378,0.447,0.0,6,14,14,20,4,0,2,2,19,0,0.0,,1.0
2011,71842,정상호,SK,,False,112,366,0.2595628415300546,0.314,0.402,0.716,0.142,0.322,0.321,0.0,11,50,40,95,19,0,22,8,96,0,0.0,,1.0
2012,71842,정상호,SK,,False,78,176,0.2159090909090909,0.288,0.352,0.64,0.1359999999999999,0.298,0.271,0.0,4,24,13,38,12,0,15,4,61,0,0.0,,1.0
2013,71842,정상호,SK,,False,82,201,0.2885572139303483,0.36,0.433,0.793,0.144,0.344,0.345,0.0,6,26,26,58,11,0,20,4,47,1,0.0,,1.0
2014,71842,정상호,SK,,False,100,235,0.2382978723404255,0.305,0.417,0.722,0.179,0.294,0.31,0.0,9,39,36,56,13,1,18,5,67,0,-0.243,,1.0
2015,71842,정상호,SK,,False,113,279,0.2544802867383512,0.342,0.43,0.772,0.176,0.316,0.333,0.0,12,49,34,71,11,1,22,15,80,1,-0.083,,1.0
2016,71842,정상호,LG,,False,77,132,0.1818181818181818,0.29,0.242,0.532,0.06,0.245,0.249,0.0,1,10,12,24,5,0,17,4,39,0,-1.108,,1.0
2017,71842,정상호,LG,,False,79,137,0.2627737226277372,0.308,0.35,0.658,0.0869999999999999,0.324,0.3,96.3,3,17,16,36,3,0,4,5,32,0,-0.797,0.28,1.0
2018,71842,정상호,LG,,False,70,112,0.2232142857142857,0.304,0.286,0.59,0.0629999999999999,0.316,0.276,72.9,1,9,11,25,4,0,8,5,35,0,-1.522,-0.41,1.0
2019,71842,정상호,LG,,False,22,24,0.0833333333333333,0.083,0.125,0.208,0.0419999999999999,0.154,0.089,-56.8,0,2,1,2,1,0,0,0,11,0,-0.223,-0.45,1.0
2020,71842,정상호,두산,,False,42,86,0.1627906976744186,0.18,0.233,0.413,0.07,0.241,0.185,15.1,0,8,3,14,6,0,2,0,29,0,-1.388,-1.03,1.0
2021,71842,정상호,SSG,,False,3,3,0.0,0.0,0.0,0.0,0.0,0.0,0.0,-133.9,0,0,0,0,0,0,0,0,2,0,-0.021,-0.13,1.0
2016,65058,정성곤,KT,,False,1,1,0.0,0.0,0.0,0.0,0.0,0.0,0.0,0.0,0,0,0,0,0,0,0,0,1,0,0.0,,1.0
2019,65058,정성곤,KT,,False,2,0,0.0,0.0,0.0,0.0,0.0,0.0,0.0,0.0,0,0,0,0,0,0,0,0,0,0,0.0,0.0,1.0
2019,68556,정성종,롯데,투수,False,2,1,0.0,0.0,0.0,0.0,0.0,0.0,0.0,0.0,0,0,0,0,0,0,0,0,0,0,-0.073,0.0,1.0
2010,99606,정성훈,LG,,True,111,365,0.2630136986301369,0.342,0.356,0.698,0.0929999999999999,0.302,0.32,0.0,4,38,52,96,20,1,41,4,58,3,0.0,,1.0
2011,99606,정성훈,LG,,True,127,422,0.2914691943127962,0.366,0.41,0.776,0.119,0.323,0.348,0.0,10,57,61,123,18,1,49,5,69,9,0.0,,1.0
2012,99606,정성훈,LG,,True,107,365,0.3095890410958904,0.411,0.499,0.91,0.189,0.341,0.4,0.0,12,53,50,113,27,3,65,1,62,3,0.0,,1.0
2013,99606,정성훈,LG,,True,121,407,0.312039312039312,0.405,0.437,0.842,0.125,0.343,0.382,0.0,9,62,64,127,22,1,59,7,58,13,0.0,,1.0
2014,99606,정성훈,LG,,True,112,383,0.3289817232375979,0.424,0.501,0.925,0.172,0.355,0.413,0.0,13,59,71,126,25,1,59,7,56,10,1.996,,1.0
2015,99606,정성훈,LG,,False,117,363,0.2837465564738292,0.392,0.408,0.8,0.124,0.321,0.357,0.0,9,45,47,103,16,1,54,13,65,9,0.675,,1.0
2016,99606,정성훈,LG,,False,126,370,0.3216216216216216,0.38,0.435,0.815,0.1129999999999999,0.365,0.367,0.0,6,64,58,119,22,1,33,5,59,8,0.885,,1.0
2017,99606,정성훈,LG,,False,115,276,0.3115942028985507,0.4,0.428,0.828,0.1159999999999999,0.359,0.371,139.9,6,30,32,86,14,0,36,6,49,4,-0.991,1.92,1.0
2018,99606,정성훈,KIA,,False,88,183,0.2950819672131147,0.366,0.421,0.787,0.126,0.382,0.358,101.4,4,28,22,54,11,0,16,5,49,0,-0.983,0.61,1.0
2017,66960,정수민,NC,,False,1,0,0.0,0.0,0.0,0.0,0.0,0.0,0.0,0.0,0,0,0,0,0,0,0,0,0,0,0.0,0.0,1.0
2018,66960,정수민,NC,,False,1,0,0.0,0.0,0.0,0.0,0.0,0.0,0.0,0.0,0,0,0,0,0,0,0,0,0,0,0.0,0.0,1.0
2021,66960,정수민,SSG,,False,1,0,0.0,0.0,0.0,0.0,0.0,0.0,0.0,0.0,0,0,0,0,0,0,0,0,0,0,0.0,0.0,1.0
2010,79231,정수빈,두산,외야수,False,76,143,0.3216783216783216,0.361,0.483,0.844,0.1609999999999999,0.378,0.373,0.0,1,19,35,46,8,6,10,0,25,13,0.0,,1.0
2011,79231,정수빈,두산,외야수,True,128,414,0.2850241545893719,0.361,0.372,0.733,0.087,0.345,0.332,0.0,1,38,66,118,17,8,40,11,77,31,0.0,,1.0
2012,79231,정수빈,두산,외야수,False,101,315,0.2349206349206349,0.281,0.314,0.595,0.079,0.273,0.264,0.0,0,32,46,74,11,7,18,3,46,24,0.0,,1.0
2013,79231,정수빈,두산,외야수,False,125,228,0.2763157894736842,0.337,0.382,0.719,0.1059999999999999,0.307,0.332,0.0,2,29,57,63,2,8,16,6,29,23,0.0,,1.0
2014,79231,정수빈,두산,외야수,True,128,431,0.3062645011600928,0.379,0.422,0.801,0.1159999999999999,0.351,0.345,0.0,6,49,79,132,18,7,41,11,68,32,0.628,,1.0
2015,79231,정수빈,두산,외야수,True,128,491,0.2953156822810591,0.361,0.391,0.752,0.096,0.336,0.333,0.0,2,59,79,145,27,7,43,11,70,15,-0.263,,1.0
2016,79231,정수빈,두산,외야수,False,114,269,0.241635687732342,0.319,0.305,0.624,0.063,0.286,0.3,0.0,2,20,49,65,7,2,25,6,48,12,-1.172,,1.0
2018,79231,정수빈,두산,외야수,False,26,98,0.3673469387755102,0.429,0.469,0.898,0.1019999999999999,0.4,0.397,138.7,2,23,20,36,2,1,11,1,13,5,0.67,0.91,1.0
2019,79231,정수빈,두산,외야수,True,123,441,0.2653061224489796,0.354,0.331,0.685,0.066,0.303,0.327,110.8,0,41,75,117,19,5,57,6,60,26,-1.467,2.35,1.0
2020,79231,정수빈,두산,외야수,True,141,490,0.2979591836734694,0.368,0.396,0.764,0.098,0.325,0.351,122.4,5,59,84,146,17,8,55,2,56,15,-0.856,3.52,1.0
2021,79231,정수빈,두산,외야수,False,104,313,0.2587859424920127,0.326,0.374,0.7,0.1149999999999999,0.298,0.323,100.3,3,37,50,81,19,4,29,3,50,12,-1.012,1.53,1.0
2022,79231,정수빈,두산,외야수,True,127,405,0.2592592592592592,0.323,0.331,0.654,0.072,0.291,0.31,95.8,3,41,58,105,12,4,39,1,56,15,-1.783,1.58,1.0
2023,79231,정수빈,두산,외야수,True,137,498,0.28714859437751,0.375,0.371,0.746,0.084,0.324,0.342,117.6,2,33,75,143,14,11,64,7,63,39,-0.771,4.63,1.0
2024,79231,정수빈,두산,외야수,True,136,510,0.284313725490196,0.376,0.361,0.737,0.077,0.319,0.345,104.5,4,47,95,145,21,3,71,9,72,52,-1.335,3.38,1.0
2025,79231,정수빈,두산,외야수,True,132,462,0.2575757575757575,0.355,0.348,0.703,0.0899999999999999,0.28,0.327,102.8,6,38,89,119,16,4,61,11,57,26,-2.96,2.35,1.0
2026,79231,정수빈,두산,외야수,True,105,345,0.2608695652173913,0.344,0.362,0.706,0.1009999999999999,0.299,0.319,91.1,6,35,50,90,9,4,41,4,60,16,-0.975,1.34,0.757
2010,97350,정수성,넥센,,False,8,21,0.238095238095238,0.273,0.238,0.511,0.0,0.385,0.218,0.0,0,0,3,5,0,0,1,0,8,1,0.0,,1.0
2012,97350,정수성,넥센,,False,87,203,0.2167487684729064,0.328,0.31,0.638,0.093,0.263,0.311,0.0,2,9,37,44,7,3,29,5,42,19,0.0,,1.0
2013,97350,정수성,넥센,,False,37,18,0.1111111111111111,0.158,0.167,0.325,0.056,0.182,0.143,0.0,0,0,8,2,1,0,1,0,7,3,0.0,,1.0
2016,62056,정영일,SK,,False,2,0,0.0,0.0,0.0,0.0,0.0,0.0,0.0,0.0,0,0,0,0,0,0,0,0,0,0,0.0,,1.0
2020,62056,정영일,SK,,False,1,0,0.0,0.0,0.0,0.0,0.0,0.0,0.0,0.0,0,0,0,0,0,0,0,0,0,0,0.0,0.0,1.0
2016,79617,정용운,KIA,,False,1,0,0.0,0.0,0.0,0.0,0.0,0.0,0.0,0.0,0,0,0,0,0,0,0,0,0,0,0.0,,1.0
2010,74857,정우람,SK,,False,1,0,0.0,0.0,0.0,0.0,0.0,0.0,0.0,0.0,0,0,0,0,0,0,0,0,0,0,0.0,,1.0
2012,74857,정우람,SK,,False,2,1,0.0,0.0,0.0,0.0,0.0,0.0,0.0,0.0,0,0,0,0,0,0,0,0,0,0,0.0,,1.0
2015,74857,정우람,SK,,False,5,0,0.0,0.0,0.0,0.0,0.0,0.0,0.0,0.0,0,0,0,0,0,0,0,0,0,0,0.0,,1.0
2016,74857,정우람,한화,,False,2,0,0.0,0.0,0.0,0.0,0.0,0.0,0.0,0.0,0,0,0,0,0,0,0,0,0,0,0.0,,1.0
2017,74857,정우람,한화,,False,1,0,0.0,0.0,0.0,0.0,0.0,0.0,0.0,0.0,0,0,0,0,0,0,0,0,0,0,0.0,0.0,1.0
2019,74857,정우람,한화,,False,4,0,0.0,0.0,0.0,0.0,0.0,0.0,0.0,0.0,0,0,0,0,0,0,0,0,0,0,0.0,0.0,1.0
2020,74857,정우람,한화,,False,1,0,0.0,0.0,0.0,0.0,0.0,0.0,0.0,0.0,0,0,0,0,0,0,0,0,0,0,0.0,0.0,1.0
2021,74857,정우람,한화,,False,4,0,0.0,0.0,0.0,0.0,0.0,0.0,0.0,0.0,0,0,0,0,0,0,0,0,0,0,0.0,0.0,1.0
2023,74857,정우람,한화,,False,1,0,0.0,0.0,0.0,0.0,0.0,0.0,0.0,0.0,0,0,0,0,0,0,0,0,0,0,0.0,0.0,1.0
2019,69159,정우영,LG,투수,False,1,0,0.0,0.0,0.0,0.0,0.0,0.0,0.0,0.0,0,0,0,0,0,0,0,0,0,0,0.0,0.0,1.0
2020,69159,정우영,LG,투수,False,2,0,0.0,0.0,0.0,0.0,0.0,0.0,0.0,0.0,0,0,0,0,0,0,0,0,0,0,0.0,0.0,1.0
2022,69159,정우영,LG,투수,False,1,0,0.0,0.0,0.0,0.0,0.0,0.0,0.0,0.0,0,0,0,0,0,0,0,0,0,0,0.0,0.0,1.0
2024,69159,정우영,LG,투수,False,1,1,0.0,0.0,0.0,0.0,0.0,0.0,0.0,0.0,0,0,0,0,0,0,0,0,1,0,-0.009,0.0,1.0
2025,55743,정우주,한화,투수,False,3,0,0.0,0.0,0.0,0.0,0.0,0.0,0.0,0.0,0,0,0,0,0,0,0,0,0,0,0.0,0.0,1.0
2010,70240,정원석,한화,,True,118,353,0.3002832861189802,0.388,0.433,0.821,0.133,0.352,0.369,0.0,7,42,39,106,20,3,40,16,73,14,0.0,,1.0
2011,70240,정원석,한화,,False,82,248,0.25,0.35,0.343,0.693,0.093,0.312,0.325,0.0,4,26,23,62,11,0,32,6,58,3,0.0,,1.0
2012,70240,정원석,한화,,False,7,2,0.0,0.6,0.0,0.6,0.0,0.0,0.432,0.0,0,0,1,0,0,0,3,0,2,0,0.0,,1.0
2018,68743,정은원,한화,내야수,False,98,201,0.2487562189054726,0.324,0.363,0.687,0.1139999999999999,0.311,0.326,74.2,4,20,33,50,5,3,22,1,50,5,-1.11,0.52,1.0
2019,68743,정은원,한화,내야수,True,142,564,0.2624113475177305,0.317,0.374,0.691,0.1119999999999999,0.304,0.314,88.9,8,57,83,148,27,6,48,0,101,14,-2.307,2.48,1.0
2020,68743,정은원,한화,내야수,False,79,254,0.2480314960629921,0.362,0.335,0.697,0.087,0.284,0.322,90.5,3,29,28,63,9,2,41,5,41,1,-0.667,1.12,1.0
2021,68743,정은원,한화,내야수,True,139,495,0.2828282828282828,0.407,0.384,0.791,0.101,0.346,0.369,129.3,6,39,85,140,22,5,105,1,105,19,-0.298,4.53,1.0
2022,68743,정은원,한화,내야수,True,140,508,0.2736220472440945,0.377,0.368,0.745,0.0939999999999999,0.332,0.346,119.8,8,49,67,139,20,2,85,1,109,10,-2.422,3.54,1.0
2023,68743,정은원,한화,내야수,True,122,388,0.2216494845360824,0.333,0.268,0.601,0.046,0.268,0.291,77.5,2,30,50,86,12,0,62,3,73,6,-2.009,0.86,1.0
2024,68743,정은원,한화,내야수,False,27,64,0.171875,0.312,0.297,0.609,0.125,0.213,0.282,61.0,1,6,10,11,3,1,13,0,16,2,-0.281,-0.12,1.0
2026,68743,정은원,한화,내야수,False,12,15,0.1333333333333333,0.188,0.2,0.388,0.067,0.222,0.179,-8.6,0,0,0,2,1,0,1,0,6,0,-0.277,-0.15,0.757
2011,75151,정의윤,LG,,False,93,242,0.256198347107438,0.312,0.293,0.605,0.0369999999999999,0.291,0.274,0.0,0,23,13,62,9,0,17,4,32,3,0.0,,1.0
2012,75151,정의윤,LG,,False,81,233,0.2832618025751073,0.324,0.395,0.719,0.112,0.318,0.325,0.0,2,27,19,66,18,1,13,3,34,2,0.0,,1.0
2013,75151,정의윤,LG,,True,116,367,0.2724795640326976,0.332,0.381,0.713,0.1089999999999999,0.297,0.322,0.0,5,47,42,100,15,5,26,8,45,5,0.0,,1.0
2014,75151,정의윤,LG,,False,97,261,0.264367816091954,0.328,0.398,0.726,0.134,0.286,0.321,0.0,7,38,29,69,14,0,21,5,40,5,-0.391,,1.0
2015,75151,정의윤,SK,,False,91,259,0.3204633204633205,0.397,0.537,0.934,0.217,0.342,0.409,0.0,14,51,38,83,14,0,26,9,46,5,1.631,,1.0
2016,75151,정의윤,SK,,True,144,576,0.3107638888888889,0.347,0.51,0.857,0.199,0.318,0.376,0.0,27,100,68,179,32,1,25,10,76,2,2.486,,1.0
2017,75151,정의윤,SK,,False,112,349,0.3209169054441261,0.367,0.496,0.863,0.175,0.35,0.383,119.6,15,45,44,112,16,0,19,9,61,0,-0.246,2.2,1.0
2018,75151,정의윤,SK,,False,73,217,0.271889400921659,0.335,0.465,0.8,0.193,0.27,0.357,95.7,11,38,27,59,9,0,19,2,29,1,-0.246,0.77,1.0
2019,75151,정의윤,SK,,False,110,380,0.281578947368421,0.342,0.447,0.789,0.165,0.304,0.352,113.0,13,59,44,107,24,0,30,6,60,0,-0.696,2.16,1.0
2020,75151,정의윤,SK,,False,76,187,0.2406417112299465,0.286,0.294,0.58,0.0529999999999999,0.291,0.274,48.3,1,20,13,45,5,1,12,1,38,0,-1.5779999999999998,-0.41,1.0
2021,75151,정의윤,SSG,,False,62,165,0.2303030303030303,0.275,0.37,0.645,0.1399999999999999,0.252,0.284,61.4,7,24,21,38,2,0,11,0,37,0,-1.12,-0.08,1.0
2015,79440,정인욱,삼성,,False,1,0,0.0,0.0,0.0,0.0,0.0,0.0,0.0,0.0,0,0,0,0,0,0,0,0,0,0,0.0,,1.0
2018,79440,정인욱,삼성,,False,1,0,0.0,0.0,0.0,0.0,0.0,0.0,0.0,0.0,0,0,0,0,0,0,0,0,0,0,0.0,0.0,1.0
2010,73166,정재복,LG,,False,1,0,0.0,0.0,0.0,0.0,0.0,0.0,0.0,0.0,0,0,0,0,0,0,0,0,0,0,0.0,,1.0
2010,74748,정재원,한화,,False,2,0,0.0,0.0,0.0,0.0,0.0,0.0,0.0,0.0,0,0,0,0,0,0,0,0,0,0,0.0,,1.0
2010,73241,정재훈,두산,,False,4,0,0.0,0.0,0.0,0.0,0.0,0.0,0.0,0.0,0,0,0,0,0,0,0,0,0,0,0.0,,1.0
2013,73241,정재훈,두산,,False,2,0,0.0,0.0,0.0,0.0,0.0,0.0,0.0,0.0,0,0,0,0,0,0,0,0,0,0,0.0,,1.0
2010,79150,정주현,LG,,False,8,9,0.2222222222222222,0.273,0.222,0.495,0.0,0.333,0.229,0.0,0,2,0,2,0,0,1,0,4,1,0.0,,1.0
2011,79150,정주현,LG,,False,15,18,0.1666666666666666,0.286,0.167,0.453,0.0,0.214,0.231,0.0,0,2,6,3,0,0,3,0,4,2,0.0,,1.0
2012,79150,정주현,LG,,False,18,23,0.1739130434782608,0.24,0.174,0.414,0.0,0.286,0.202,0.0,0,1,5,4,0,0,2,0,9,4,0.0,,1.0
2013,79150,정주현,LG,,False,61,83,0.216867469879518,0.34,0.313,0.653,0.096,0.277,0.301,0.0,0,15,21,18,4,2,16,0,19,10,0.0,,1.0
2016,79150,정주현,LG,,False,99,225,0.2222222222222222,0.306,0.298,0.604,0.0759999999999999,0.306,0.29,0.0,1,22,30,50,12,1,28,0,66,5,-0.324,,1.0
2017,79150,정주현,LG,,False,15,8,0.0,0.0,0.0,0.0,0.0,0.0,0.0,-105.4,0,0,2,0,0,0,0,0,4,1,-0.018,-0.27,1.0
2018,79150,정주현,LG,,False,115,303,0.2607260726072607,0.324,0.38,0.704,0.119,0.317,0.322,103.9,6,31,48,79,14,2,27,2,68,18,0.597,0.64,1.0
2019,79150,정주현,LG,,False,129,376,0.2313829787234042,0.291,0.309,0.6,0.0779999999999999,0.299,0.279,83.8,2,27,53,87,19,2,31,1,91,15,-2.347,0.4,1.0
2020,79150,정주현,LG,,False,134,328,0.2469512195121951,0.312,0.338,0.65,0.091,0.293,0.301,89.0,4,30,50,81,10,4,29,3,63,8,-1.378,0.8,1.0
2021,79150,정주현,LG,,False,73,181,0.2375690607734806,0.327,0.337,0.664,0.099,0.274,0.295,80.4,3,10,26,43,7,1,24,0,32,3,-0.669,0.23,1.0
2023,79150,정주현,LG,,False,89,88,0.2727272727272727,0.337,0.33,0.667,0.0569999999999999,0.319,0.322,104.4,1,12,17,24,2,0,9,0,16,1,-0.29,-0.08,1.0
2016,65096,정주후,KT,,False,12,3,0.0,0.0,0.0,0.0,0.0,0.0,0.0,0.0,0,0,4,0,0,0,0,0,1,0,0.223,,1.0
2017,65096,정주후,KT,,False,7,2,0.0,0.0,0.0,0.0,0.0,0.0,0.0,-134.8,0,0,1,0,0,0,0,0,0,1,0.022,-0.02,1.0
2020,65096,정주후,KT,,False,10,1,0.0,0.5,0.0,0.5,0.0,0.0,0.36,111.7,0,0,3,0,0,0,1,0,0,0,-0.072,-0.07,1.0
2023,53058,정준영,KT,외야수,False,34,48,0.2916666666666667,0.333,0.333,0.666,0.041,0.378,0.281,67.5,0,6,6,14,2,0,3,0,11,0,-0.564,0.2,1.0
2024,53058,정준영,KT,외야수,False,43,62,0.2258064516129032,0.324,0.258,0.582,0.032,0.304,0.28,56.7,0,3,9,14,2,0,8,1,16,0,-0.806,-0.36,1.0
2026,53058,정준영,KT,외야수,False,1,0,0.0,0.0,0.0,0.0,0.0,0.0,0.0,0.0,0,0,0,0,0,0,0,0,0,0,0.0,0.0,0.757
2024,54812,정준재,SSG,내야수,False,88,215,0.3069767441860465,0.371,0.405,0.776,0.098,0.394,0.355,109.7,1,23,40,66,8,5,19,3,49,16,-0.553,1.55,1.0
2025,54812,정준재,SSG,내야수,False,132,371,0.2452830188679245,0.34,0.288,0.628,0.0429999999999999,0.326,0.298,82.7,0,25,58,91,10,3,51,3,93,37,-2.665,1.78,1.0
2026,54812,정준재,SSG,내야수,True,106,381,0.2729658792650918,0.353,0.346,0.699,0.0729999999999999,0.32,0.323,93.9,1,34,59,104,11,7,45,5,63,16,0.758,2.25,0.757
2019,63558,정준혁,롯데,,False,6,11,0.2727272727272727,0.273,0.273,0.546,0.0,0.6,0.245,35.5,0,1,1,3,0,0,0,0,6,0,-0.056,-0.04,1.0
2013,62941,정진,NC,,False,1,0,0.0,0.0,0.0,0.0,0.0,0.0,0.0,0.0,0,0,0,0,0,0,0,0,0,0,0.0,,1.0
2011,61869,정진기,SK,,False,6,1,0.0,0.667,0.0,0.667,0.0,0.0,0.49,0.0,0,0,0,0,0,0,1,1,1,0,0.0,,1.0
2012,61869,정진기,SK,,False,14,8,0.125,0.3,0.125,0.425,0.0,0.2,0.234,0.0,0,0,1,1,0,0,2,0,3,0,0.0,,1.0
2013,61869,정진기,SK,,False,4,8,0.125,0.125,0.125,0.25,0.0,0.167,0.113,0.0,0,0,2,1,0,0,0,0,2,0,0.0,,1.0
2017,61869,정진기,SK,,False,90,197,0.233502538071066,0.281,0.437,0.718,0.2029999999999999,0.267,0.31,69.1,11,35,37,46,5,1,9,4,55,4,0.48,-0.3,1.0
2018,61869,정진기,SK,,False,96,201,0.2437810945273631,0.273,0.338,0.611,0.094,0.301,0.279,54.4,3,17,33,49,8,1,6,2,45,11,-0.125,-0.65,1.0
2019,61869,정진기,SK,,False,13,16,0.188,0.235,0.188,0.423,0.0,0.214,0.255,45.1,0,2,1,3,0,0,1,0,2,0,-0.173,-0.04,1.0
2020,61869,정진기,SK,,False,50,126,0.238095238095238,0.279,0.333,0.612,0.095,0.304,0.28,50.8,2,15,14,30,2,2,7,1,34,7,-0.691,-0.45,1.0
2021,61869,정진기,NC,,False,88,193,0.2227979274611398,0.265,0.358,0.623,0.1349999999999999,0.25,0.275,57.0,6,21,27,43,8,0,10,1,39,6,-0.788,-0.08,1.0
2022,61869,정진기,NC,,False,39,53,0.1886792452830188,0.271,0.283,0.554,0.0939999999999999,0.273,0.255,49.1,1,4,4,10,2,0,6,0,19,1,-0.919,-0.18,1.0
2016,65293,정진철,두산,,False,2,1,0.0,0.0,0.0,0.0,0.0,0.0,0.0,0.0,0,0,0,0,0,0,0,0,0,0,0.0,,1.0
2011,61208,정진호,두산,,False,47,35,0.1142857142857142,0.162,0.143,0.305,0.0289999999999999,0.138,0.145,0.0,0,3,7,4,1,0,2,0,6,4,0.0,,1.0
2012,61208,정진호,두산,,False,46,75,0.2266666666666666,0.289,0.253,0.542,0.0259999999999999,0.27,0.251,0.0,0,5,14,17,2,0,6,1,13,8,0.0,,1.0
2015,61208,정진호,두산,,False,77,154,0.2337662337662337,0.302,0.383,0.685,0.149,0.254,0.303,0.0,4,18,37,36,5,3,14,1,24,6,-0.133,,1.0
2016,61208,정진호,두산,,False,31,24,0.375,0.531,0.458,0.989,0.083,0.391,0.456,0.0,0,3,9,9,0,1,6,2,1,0,0.299,,1.0
2017,61208,정진호,두산,,False,97,198,0.2828282828282828,0.345,0.434,0.779,0.151,0.313,0.338,104.0,5,31,43,56,11,2,19,1,32,1,0.479,0.5,1.0
2018,61208,정진호,두산,,False,111,269,0.3011152416356877,0.348,0.375,0.723,0.074,0.353,0.318,88.3,2,37,53,81,12,1,19,1,44,8,-1.407,0.66,1.0
2019,61208,정진호,두산,,False,66,96,0.2083333333333333,0.29,0.24,0.53,0.032,0.268,0.245,52.0,1,3,13,20,0,0,11,0,24,5,-1.364,-0.09,1.0
2020,61208,정진호,한화,,False,113,282,0.2765957446808511,0.348,0.355,0.703,0.0779999999999999,0.328,0.325,91.5,2,19,30,78,14,1,29,3,50,9,-1.915,1.28,1.0
2021,61208,정진호,한화,,False,47,145,0.2275862068965517,0.301,0.29,0.591,0.0619999999999999,0.264,0.268,55.0,0,15,9,33,9,0,15,1,22,4,-1.025,-0.15,1.0
2014,78148,정찬헌,LG,,False,2,0,0.0,0.0,0.0,0.0,0.0,0.0,0.0,0.0,0,0,0,0,0,0,0,0,0,0,0.0,,1.0
2017,78148,정찬헌,LG,,False,1,1,1.0,1.0,1.0,2.0,0.0,1.0,0.9,0.0,0,2,1,1,0,0,0,0,0,0,0.063,0.0,1.0
2019,78148,정찬헌,LG,,False,1,0,0.0,0.0,0.0,0.0,0.0,0.0,0.0,0.0,0,0,0,0,0,0,0,0,0,0,0.0,0.0,1.0
2022,68242,정철원,두산,투수,False,2,0,0.0,0.0,0.0,0.0,0.0,0.0,0.0,0.0,0,0,0,0,0,0,0,0,0,0,0.0,0.0,1.0
2023,68242,정철원,두산,투수,False,3,0,0.0,0.0,0.0,0.0,0.0,0.0,0.0,0.0,0,0,0,0,0,0,0,0,0,0,0.0,0.0,1.0
2024,68242,정철원,두산,투수,False,2,0,0.0,0.0,0.0,0.0,0.0,0.0,0.0,0.0,0,0,0,0,0,0,0,0,0,0,0.0,0.0,1.0
2025,68242,정철원,롯데,투수,False,2,0,0.0,0.0,0.0,0.0,0.0,0.0,0.0,0.0,0,0,0,0,0,0,0,0,0,0,0.0,0.0,1.0
2021,50662,정해영,KIA,투수,False,3,0,0.0,0.0,0.0,0.0,0.0,0.0,0.0,0.0,0,0,0,0,0,0,0,0,0,0,0.0,0.0,1.0
2023,50662,정해영,KIA,투수,False,2,0,0.0,0.0,0.0,0.0,0.0,0.0,0.0,0.0,0,0,0,0,0,0,0,0,0,0,0.0,0.0,1.0
2024,50662,정해영,KIA,투수,False,2,0,0.0,0.0,0.0,0.0,0.0,0.0,0.0,0.0,0,0,0,0,0,0,0,0,0,0,0.0,0.0,1.0
2025,50662,정해영,KIA,투수,False,1,0,0.0,0.0,0.0,0.0,0.0,0.0,0.0,0.0,0,0,0,0,0,0,0,0,0,0,0.0,0.0,1.0
2025,53659,정해원,KIA,외야수,False,24,40,0.075,0.196,0.075,0.271,0.0,0.115,0.173,-8.4,0,0,5,3,0,0,5,1,14,0,-0.723,-0.55,1.0
2013,63450,정현,삼성,,False,8,21,0.1904761904761904,0.19,0.381,0.571,0.191,0.2,0.227,0.0,1,2,3,4,1,0,0,0,5,0,0.0,,1.0
2014,63450,정현,삼성,,False,5,3,0.0,0.0,0.0,0.0,0.0,0.0,0.0,0.0,0,0,0,0,0,0,0,0,2,0,-0.027,,1.0
2017,63450,정현,KT,,False,124,350,0.3,0.369,0.426,0.795,0.126,0.356,0.36,93.6,6,42,45,105,20,3,18,22,69,4,-1.377,2.02,1.0
2018,63450,정현,KT,,False,65,117,0.2649572649572649,0.317,0.376,0.693,0.1109999999999999,0.333,0.294,48.3,2,9,16,31,7,0,9,0,28,3,-1.541,-0.46,1.0
2019,63450,정현,SK,,False,27,38,0.0789473684210526,0.2,0.079,0.279,0.0,0.136,0.176,-14.1,0,2,3,3,0,0,6,0,17,1,-0.297,-0.25,1.0
2020,63450,정현,SK,,False,89,112,0.1517857142857142,0.24,0.241,0.481,0.089,0.197,0.22,12.9,2,4,14,17,4,0,11,2,34,0,-0.885,-0.82,1.0
2021,63450,정현,NC,,False,68,117,0.2222222222222222,0.355,0.282,0.637,0.0599999999999999,0.28,0.296,75.6,0,7,14,26,5,1,17,7,24,0,-1.016,0.03,1.0
2010,78745,정현석,한화,,False,114,202,0.2623762376237624,0.321,0.371,0.692,0.1089999999999999,0.287,0.317,0.0,4,24,20,53,10,0,15,3,28,3,0.0,,1.0
2013,78745,정현석,한화,,True,121,356,0.2865168539325842,0.365,0.368,0.733,0.081,0.34,0.333,0.0,4,27,47,102,15,1,37,7,64,4,0.0,,1.0
2014,78745,정현석,한화,,False,53,102,0.2254901960784313,0.319,0.343,0.662,0.118,0.256,0.305,0.0,3,6,15,23,3,0,11,3,21,0,-1.359,,1.0
2015,78745,정현석,한화,,False,43,116,0.3103448275862069,0.389,0.388,0.777,0.078,0.385,0.36,0.0,1,12,20,36,6,0,13,2,24,0,-0.026,,1.0
2016,78745,정현석,한화,,False,3,8,0.0,0.0,0.0,0.0,0.0,0.0,0.0,0.0,0,0,0,0,0,0,0,0,2,0,-0.189,,1.0
2017,78745,정현석,한화,,False,9,12,0.0,0.0,0.0,0.0,0.0,0.0,0.0,-127.6,0,0,0,0,0,0,0,0,4,0,-0.406,-0.34,1.0
2025,54537,정현수,롯데,투수,False,3,0,0.0,0.0,0.0,0.0,0.0,0.0,0.0,0.0,0,0,0,0,0,0,0,0,0,0,0.0,0.0,1.0
2024,54815,정현승,SSG,외야수,False,23,29,0.2413793103448276,0.29,0.345,0.635,0.1039999999999999,0.273,0.284,58.1,1,4,1,7,0,0,2,0,6,1,-0.098,-0.08,1.0
2025,54815,정현승,SSG,외야수,False,3,2,0.5,0.5,1.0,1.5,0.5,0.5,0.62,325.3,0,0,0,1,1,0,0,0,0,0,0.048,0.06,1.0
2010,96462,정현욱,삼성,,False,4,0,0.0,0.0,0.0,0.0,0.0,0.0,0.0,0.0,0,0,0,0,0,0,0,0,0,0,0.0,,1.0
2012,96462,정현욱,삼성,,False,1,0,0.0,0.0,0.0,0.0,0.0,0.0,0.0,0.0,0,0,0,0,0,0,0,0,0,0,0.0,,1.0
2013,96462,정현욱,LG,,False,3,0,0.0,0.0,0.0,0.0,0.0,0.0,0.0,0.0,0,0,0,0,0,0,0,0,0,0,0.0,,1.0
2016,96462,정현욱,LG,,False,1,0,0.0,0.0,0.0,0.0,0.0,0.0,0.0,0.0,0,0,0,0,0,0,0,0,0,0,0.0,,1.0
2025,55926,정현창,KIA,내야수,False,16,19,0.2631578947368421,0.333,0.263,0.596,0.0,0.357,0.283,70.2,0,0,4,5,0,0,2,0,5,0,-0.208,0.01,1.0
2026,55926,정현창,KIA,내야수,False,92,61,0.1475409836065574,0.221,0.197,0.418,0.049,0.25,0.226,26.6,0,6,11,9,1,1,3,3,26,0,-0.986,-0.36,0.757
2010,79459,정형식,삼성,,False,7,2,0.0,0.333,0.0,0.333,0.0,0.0,0.24,0.0,0,0,3,0,0,0,1,0,2,0,0.0,,1.0
2011,79459,정형식,삼성,,False,52,74,0.2297297297297297,0.337,0.311,0.648,0.0809999999999999,0.276,0.296,0.0,1,5,9,17,3,0,12,0,15,4,0.0,,1.0
2012,79459,정형식,삼성,,False,118,274,0.2372262773722627,0.323,0.343,0.666,0.106,0.271,0.296,0.0,4,19,44,65,11,3,30,6,48,22,0.0,,1.0
2013,79459,정형식,삼성,,False,120,278,0.2733812949640288,0.37,0.414,0.784,0.1409999999999999,0.335,0.341,0.0,3,43,49,76,20,5,31,12,58,7,0.0,,1.0
2014,79459,정형식,삼성,,False,52,106,0.1698113207547169,0.258,0.217,0.475,0.0469999999999999,0.207,0.233,0.0,1,6,9,18,2,0,12,1,24,4,-1.346,,1.0
2010,60523,정훈,롯데,,False,29,45,0.1555555555555555,0.208,0.244,0.452,0.088,0.231,0.198,0.0,1,2,6,7,1,0,1,2,18,0,0.0,,1.0
2011,60523,정훈,롯데,,False,26,33,0.303030303030303,0.385,0.576,0.961,0.2729999999999999,0.318,0.386,0.0,3,8,6,10,0,0,3,2,9,0,0.0,,1.0
2012,60523,정훈,롯데,,False,78,125,0.2,0.217,0.296,0.513,0.0959999999999999,0.28,0.21,0.0,2,12,12,25,4,1,3,0,42,1,0.0,,1.0
2013,60523,정훈,롯데,,True,113,341,0.2580645161290322,0.328,0.364,0.692,0.1059999999999999,0.289,0.311,0.0,5,37,50,88,15,3,30,8,54,7,0.0,,1.0
2014,60523,정훈,롯데,,True,124,477,0.2935010482180293,0.386,0.398,0.784,0.104,0.369,0.359,0.0,3,58,89,140,27,7,62,11,105,8,1.034,,1.0
2015,60523,정훈,롯데,,True,135,486,0.3004115226337449,0.382,0.42,0.802,0.12,0.362,0.357,0.0,9,62,85,146,27,2,52,14,102,16,-1.338,,1.0
2016,60523,정훈,롯데,,False,121,370,0.2621621621621621,0.362,0.338,0.7,0.076,0.322,0.323,0.0,2,46,48,97,18,2,43,16,75,7,0.858,,1.0
2017,60523,정훈,롯데,,False,68,109,0.2477064220183486,0.376,0.385,0.761,0.137,0.321,0.339,81.1,1,6,16,27,8,2,18,5,28,3,-0.975,0.3,1.0
2018,60523,정훈,롯데,,False,91,174,0.3045977011494253,0.361,0.494,0.855,0.189,0.351,0.366,92.6,7,26,33,53,10,1,16,1,39,4,-0.413,0.92,1.0
2019,60523,정훈,롯데,,False,88,190,0.2263157894736842,0.324,0.289,0.613,0.0629999999999999,0.289,0.291,64.7,2,17,26,43,4,1,23,5,47,4,-1.009,0.1,1.0
2020,60523,정훈,롯데,,True,111,410,0.2951219512195122,0.382,0.427,0.809,0.132,0.346,0.367,108.4,11,58,72,121,19,1,56,4,85,11,0.367,3.48,1.0
2021,60523,정훈,롯데,,True,135,486,0.2921810699588477,0.38,0.438,0.818,0.146,0.332,0.366,113.0,14,79,70,142,27,1,68,3,89,8,-1.166,3.41,1.0
2022,60523,정훈,롯데,,False,91,294,0.2448979591836734,0.317,0.303,0.62,0.0579999999999999,0.299,0.283,68.2,3,32,39,72,8,0,32,2,66,4,-1.439,0.11,1.0
2023,60523,정훈,롯데,,False,80,201,0.2786069651741293,0.358,0.438,0.796,0.1589999999999999,0.316,0.342,108.6,6,31,40,56,14,0,26,0,39,2,0.019,0.96,1.0
2024,60523,정훈,롯데,,False,109,285,0.2666666666666666,0.343,0.432,0.775,0.1649999999999999,0.309,0.344,95.9,9,47,31,76,20,0,35,0,63,1,0.272,1.07,1.0
2025,60523,정훈,롯데,,False,77,185,0.2162162162162162,0.268,0.308,0.576,0.092,0.266,0.263,48.7,2,11,14,40,11,0,10,3,40,0,-1.754,-0.61,1.0
2010,75762,정희상,한화,,False,29,64,0.265625,0.356,0.328,0.684,0.062,0.405,0.312,0.0,0,6,7,17,2,1,9,0,22,3,0.0,,1.0
2024,54295,제러드,두산,외야수,False,38,144,0.3263888888888889,0.42,0.66,1.08,0.334,0.37,0.451,182.5,10,39,29,47,16,1,21,3,35,4,1.023,2.58,1.0
2010,70755,조규수,두산,,False,1,0,0.0,0.0,0.0,0.0,0.0,0.0,0.0,0.0,0,0,0,0,0,0,0,0,0,0,0.0,,1.0
2022,68089,조대현,KT,포수,False,6,4,0.0,0.0,0.0,0.0,0.0,0.0,0.0,-140.8,0,0,0,0,0,0,0,0,3,0,-0.114,-0.1,1.0
2024,68089,조대현,KT,포수,False,26,36,0.3055555555555556,0.35,0.361,0.711,0.0549999999999999,0.44,0.283,58.5,0,3,2,11,2,0,3,0,12,0,-0.347,0.17,1.0
2025,68089,조대현,KT,포수,False,64,75,0.1866666666666666,0.274,0.24,0.514,0.0529999999999999,0.264,0.238,35.1,0,11,7,14,4,0,7,2,22,0,-0.498,-0.59,1.0
2026,68089,조대현,KT,포수,False,28,30,0.2333333333333333,0.324,0.367,0.691,0.1339999999999999,0.261,0.302,75.2,1,2,4,7,1,0,4,0,6,0,-0.38,0.12,0.757
2025,54768,조동욱,한화,투수,False,2,0,0.0,0.0,0.0,0.0,0.0,0.0,0.0,0.0,0,0,0,0,0,0,0,0,0,0,0.0,0.0,1.0
2026,54768,조동욱,한화,투수,False,1,0,0.0,0.0,0.0,0.0,0.0,0.0,0.0,0.0,0,0,0,0,0,0,0,0,0,0,0.0,0.0,0.757
2010,72466,조동찬,삼성,,False,95,332,0.2921686746987952,0.359,0.446,0.805,0.154,0.353,0.351,0.0,9,51,61,97,20,2,28,7,75,33,0.0,,1.0
2011,72466,조동찬,삼성,,False,85,208,0.2163461538461538,0.284,0.308,0.592,0.092,0.256,0.273,0.0,4,25,27,45,7,0,19,2,47,18,0.0,,1.0
2012,72466,조동찬,삼성,,False,94,270,0.2851851851851852,0.363,0.422,0.785,0.137,0.359,0.35,0.0,6,39,40,77,15,2,28,6,68,12,0.0,,1.0
2013,72466,조동찬,삼성,,False,74,221,0.2398190045248869,0.327,0.403,0.73,0.163,0.286,0.318,0.0,7,25,36,53,15,0,25,4,54,7,0.0,,1.0
2014,72466,조동찬,삼성,,False,31,74,0.2702702702702703,0.36,0.365,0.725,0.0949999999999999,0.358,0.326,0.0,1,6,8,20,4,0,10,1,21,5,-0.297,,1.0
2016,72466,조동찬,삼성,,False,90,247,0.2753036437246963,0.348,0.449,0.797,0.174,0.33,0.354,0.0,10,36,32,68,11,1,26,3,64,0,0.873,,1.0
2017,72466,조동찬,삼성,,False,122,353,0.2889518413597733,0.344,0.439,0.783,0.15,0.335,0.34,86.6,10,46,35,102,23,0,22,10,72,3,-1.278,1.59,1.0
2018,72466,조동찬,삼성,,False,28,54,0.2222222222222222,0.276,0.296,0.572,0.0739999999999999,0.282,0.255,31.0,1,2,5,12,1,0,4,0,14,0,-0.698,-0.2,1.0
2010,71848,조동화,SK,,False,115,250,0.244,0.332,0.316,0.648,0.072,0.301,0.31,0.0,3,27,38,61,7,1,27,7,56,15,0.0,,1.0
2011,71848,조동화,SK,,False,114,296,0.2364864864864864,0.302,0.28,0.582,0.044,0.286,0.27,0.0,0,16,42,70,9,2,27,1,51,10,0.0,,1.0
2012,71848,조동화,SK,,False,24,62,0.2419354838709677,0.314,0.274,0.588,0.032,0.319,0.25,0.0,0,3,6,15,2,0,7,0,16,3,0.0,,1.0
2013,71848,조동화,SK,,True,105,332,0.2560240963855422,0.357,0.307,0.664,0.0509999999999999,0.328,0.305,0.0,0,19,52,85,11,3,46,8,76,24,0.0,,1.0
2014,71848,조동화,SK,,True,125,443,0.2618510158013544,0.33,0.325,0.655,0.063,0.306,0.293,0.0,2,52,74,116,12,5,43,4,72,37,-0.583,,1.0
2015,71848,조동화,SK,,False,119,245,0.2612244897959184,0.351,0.318,0.669,0.0569999999999999,0.318,0.295,0.0,2,15,38,64,6,1,30,5,50,18,-1.36,,1.0
2016,71848,조동화,SK,,False,76,143,0.2377622377622377,0.323,0.273,0.596,0.035,0.266,0.284,0.0,0,16,24,34,5,0,15,4,17,6,-0.325,,1.0
2015,65067,조무근,KT,,False,1,0,0.0,0.0,0.0,0.0,0.0,0.0,0.0,0.0,0,0,0,0,0,0,0,0,0,0,0.0,,1.0
2017,65067,조무근,KT,,False,1,0,0.0,0.0,0.0,0.0,0.0,0.0,0.0,0.0,0,0,0,0,0,0,0,0,0,0,0.0,0.0,1.0
2022,52405,조민성,삼성,내야수,False,12,13,0.3076923076923077,0.438,0.538,0.976,0.23,0.6,0.428,168.1,1,3,3,4,0,0,2,1,7,1,-0.083,0.17,1.0
2023,52405,조민성,삼성,내야수,False,15,29,0.2068965517241379,0.207,0.276,0.483,0.069,0.261,0.21,13.5,0,5,1,6,2,0,0,0,6,0,-0.415,-0.21,1.0
2026,55534,조민영,롯데,외야수,False,1,3,0.0,0.0,0.0,0.0,0.0,0.0,0.307,77.7,0,0,0,0,0,0,0,0,1,0,-0.022,0.0,0.757
2020,67045,조병욱,KT,,False,1,0,0.0,0.0,0.0,0.0,0.0,0.0,0.0,0.0,0,0,0,0,0,0,0,0,0,0,0.0,0.0,1.0
2024,51897,조병현,SSG,투수,False,3,0,0.0,0.0,0.0,0.0,0.0,0.0,0.0,0.0,0,0,0,0,0,0,0,0,0,0,0.0,0.0,1.0
2025,51897,조병현,SSG,투수,False,2,0,0.0,0.0,0.0,0.0,0.0,0.0,0.0,0.0,0,0,0,0,0,0,0,0,0,0,0.0,0.0,1.0
2026,51897,조병현,SSG,투수,False,2,0,0.0,0.0,0.0,0.0,0.0,0.0,0.0,0.0,0,0,0,0,0,0,0,0,0,0,0.0,0.0,0.757
2018,63342,조상우,넥센,투수,False,1,0,0.0,0.0,0.0,0.0,0.0,0.0,0.0,0.0,0,0,0,0,0,0,0,0,0,0,0.0,0.0,1.0
2020,63342,조상우,키움,투수,False,6,0,0.0,0.0,0.0,0.0,0.0,0.0,0.0,0.0,0,0,0,0,0,0,0,0,0,0,0.0,0.0,1.0
2021,63342,조상우,키움,투수,False,4,0,0.0,0.0,0.0,0.0,0.0,0.0,0.0,0.0,0,0,0,0,0,0,0,0,0,0,0.0,0.0,1.0
2025,63342,조상우,KIA,투수,False,2,0,0.0,0.0,0.0,0.0,0.0,0.0,0.0,0.0,0,0,0,0,0,0,0,0,0,0,0.0,0.0,1.0
2016,64802,조성모,SK,,False,3,2,0.5,0.5,0.5,1.0,0.0,1.0,0.45,0.0,0,0,1,1,0,0,0,0,1,0,0.0,,1.0
2013,60891,조성우,SK,,False,54,98,0.2040816326530612,0.275,0.327,0.602,0.123,0.222,0.265,0.0,4,11,17,20,0,0,10,0,23,6,0.0,,1.0
2014,60891,조성우,SK,,False,3,2,0.0,0.0,0.0,0.0,0.0,0.0,0.0,0.0,0,0,1,0,0,0,0,0,0,0,-0.011,,1.0
2020,63348,조성운,키움,,False,4,0,0.0,0.0,0.0,0.0,0.0,0.0,0.0,0.0,0,0,0,0,0,0,0,0,0,0,0.0,0.0,1.0
2010,99543,조성환,롯데,,True,111,414,0.3357487922705314,0.39,0.469,0.859,0.1329999999999999,0.373,0.383,0.0,8,52,83,139,31,0,35,4,58,8,0.0,,1.0
2011,99543,조성환,롯데,,True,117,407,0.2432432432432432,0.31,0.334,0.644,0.091,0.294,0.298,0.0,6,36,45,99,19,0,37,3,87,9,0.0,,1.0
2012,99543,조성환,롯데,,False,103,345,0.2782608695652174,0.332,0.345,0.677,0.0669999999999999,0.325,0.303,0.0,3,33,40,96,14,0,28,1,58,5,0.0,,1.0
2013,99543,조성환,롯데,,False,74,167,0.2395209580838323,0.312,0.293,0.605,0.0529999999999999,0.267,0.287,0.0,1,12,15,40,6,0,17,2,23,3,0.0,,1.0
2014,99543,조성환,롯데,,False,6,7,0.0,0.125,0.0,0.125,0.0,0.0,0.09,0.0,0,0,1,0,0,0,1,0,2,0,-0.391,,1.0
2022,52516,조세진,롯데,외야수,False,39,86,0.1860465116279069,0.195,0.221,0.416,0.035,0.262,0.215,17.4,0,6,6,16,3,0,1,0,25,0,-0.786,-0.59,1.0
2025,52516,조세진,롯데,외야수,False,12,7,0.1428571428571428,0.333,0.143,0.476,0.0,0.333,0.26,49.9,0,0,1,1,0,0,2,0,4,0,-0.133,-0.02,1.0
2026,52516,조세진,롯데,외야수,False,8,24,0.1666666666666666,0.231,0.375,0.606,0.208,0.2,0.26,45.4,1,4,1,4,0,1,2,0,8,0,-0.08,-0.03,0.757
2019,69150,조셉,LG,,False,55,197,0.2741116751269035,0.332,0.426,0.758,0.1519999999999999,0.313,0.341,141.7,9,36,17,54,3,0,14,4,46,0,-0.602,1.7,1.0
2016,66209,조수행,두산,외야수,False,66,29,0.2758620689655172,0.276,0.276,0.552,0.0,0.348,0.248,0.0,0,3,16,8,0,0,0,0,6,2,0.098,,1.0
2017,66209,조수행,두산,외야수,False,80,47,0.2765957446808511,0.346,0.319,0.665,0.0419999999999999,0.371,0.308,81.6,0,2,17,13,2,0,4,1,12,3,-0.476,0.3,1.0
2018,66209,조수행,두산,외야수,False,119,183,0.2786885245901639,0.311,0.372,0.683,0.0929999999999999,0.333,0.307,79.7,1,17,35,51,6,4,9,0,33,9,-0.472,0.38,1.0
2020,66209,조수행,두산,외야수,False,44,38,0.2631578947368421,0.3,0.263,0.563,0.0,0.313,0.261,62.2,0,4,12,10,0,0,2,0,6,3,-0.075,-0.23,1.0
2021,66209,조수행,두산,외야수,False,115,84,0.2857142857142857,0.417,0.369,0.786,0.083,0.404,0.372,135.4,1,8,34,24,2,1,16,3,26,21,-0.402,0.98,1.0
2022,66209,조수행,두산,외야수,False,117,119,0.2352941176470588,0.295,0.311,0.606,0.076,0.303,0.277,72.7,1,9,36,28,4,1,10,1,31,22,-1.091,0.2,1.0
2023,66209,조수행,두산,외야수,False,126,219,0.2191780821917808,0.298,0.251,0.549,0.032,0.26,0.274,68.3,1,17,41,48,2,1,23,2,38,26,-1.231,0.04,1.0
2024,66209,조수행,두산,외야수,False,130,328,0.2652439024390244,0.334,0.293,0.627,0.0279999999999999,0.312,0.294,70.0,0,30,60,87,5,2,33,3,53,64,-0.526,0.48,1.0
2025,66209,조수행,두산,외야수,False,108,119,0.2436974789915966,0.323,0.277,0.6,0.033,0.322,0.281,70.9,0,9,30,29,4,0,14,0,29,30,-0.25,0.27,1.0
2026,66209,조수행,두산,외야수,False,84,101,0.3267326732673267,0.398,0.396,0.794,0.069,0.384,0.352,112.6,0,14,18,33,3,2,11,1,15,11,0.413,0.67,0.757
2014,64154,조쉬벨,LG,,False,63,240,0.2666666666666666,0.345,0.433,0.778,0.1659999999999999,0.303,0.345,0.0,10,39,33,64,8,1,30,1,56,3,0.359,,1.0
2010,79235,조승수,두산,,False,2,0,0.0,0.0,0.0,0.0,0.0,0.0,0.0,0.0,0,0,0,0,0,0,0,0,0,0,0.0,,1.0
2020,69360,조영건,키움,투수,False,3,0,0.0,0.0,0.0,0.0,0.0,0.0,0.0,0.0,0,0,0,0,0,0,0,0,0,0,0.0,0.0,1.0
2021,69360,조영건,키움,투수,False,1,0,0.0,0.0,0.0,0.0,0.0,0.0,0.0,0.0,0,0,0,0,0,0,0,0,0,0,0.0,0.0,1.0
2026,69360,조영건,키움,투수,False,1,0,0.0,0.0,0.0,0.0,0.0,0.0,0.0,0.0,0,0,0,0,0,0,0,0,0,0,0.0,0.0,0.757
2010,75441,조영훈,삼성,,False,67,138,0.2753623188405797,0.346,0.464,0.81,0.189,0.327,0.357,0.0,6,17,22,38,6,1,15,1,36,6,0.0,,1.0
2011,75441,조영훈,삼성,,False,98,245,0.2448979591836734,0.329,0.363,0.692,0.118,0.325,0.312,0.0,6,34,33,60,11,0,27,5,76,7,0.0,,1.0
2012,75441,조영훈,KIA,,False,89,230,0.2,0.272,0.317,0.589,0.1169999999999999,0.245,0.267,0.0,6,36,30,46,7,1,23,1,64,1,0.0,,1.0
2013,75441,조영훈,NC,,True,120,380,0.281578947368421,0.35,0.413,0.763,0.131,0.316,0.339,0.0,6,39,38,107,26,3,39,2,56,4,0.0,,1.0
2014,75441,조영훈,NC,,False,92,111,0.2612612612612612,0.325,0.459,0.784,0.198,0.288,0.336,0.0,6,22,15,29,4,0,10,1,26,1,-0.523,,1.0
2015,75441,조영훈,NC,,False,103,124,0.282258064516129,0.372,0.54,0.912,0.258,0.329,0.392,0.0,8,35,20,35,8,0,19,0,36,3,0.414,,1.0
2016,75441,조영훈,NC,,False,109,179,0.3351955307262569,0.408,0.497,0.905,0.1619999999999999,0.41,0.409,0.0,5,35,29,60,14,0,21,3,43,3,0.263,,1.0
2017,75441,조영훈,NC,,False,16,40,0.15,0.244,0.275,0.519,0.125,0.179,0.253,44.7,1,3,1,6,2,0,5,0,11,0,-0.565,-0.21,1.0
2021,51809,조요한,SSG,투수,False,1,0,0.0,0.0,0.0,0.0,0.0,0.0,0.0,0.0,0,0,0,0,0,0,0,0,0,0,0.0,0.0,1.0
2022,51809,조요한,SSG,투수,False,1,0,0.0,0.0,0.0,0.0,0.0,0.0,0.0,0.0,0,0,0,0,0,0,0,0,0,0,0.0,0.0,1.0
2017,64868,조용호,SK,,False,69,191,0.2722513089005235,0.365,0.319,0.684,0.0469999999999999,0.342,0.316,82.1,0,10,34,52,7,1,25,3,39,11,-1.259,0.82,1.0
2018,64868,조용호,SK,,False,16,13,0.0769230769230769,0.077,0.077,0.154,0.0,0.125,0.064,-79.9,0,0,4,1,0,0,0,0,5,0,-0.22,-0.35,1.0
2019,64868,조용호,KT,,False,87,188,0.2925531914893617,0.364,0.356,0.72,0.063,0.344,0.338,101.2,0,19,15,55,6,3,21,0,28,3,-0.446,0.88,1.0
2020,64868,조용호,KT,,True,132,409,0.295843520782396,0.392,0.333,0.725,0.037,0.369,0.35,100.2,0,32,73,121,15,0,64,2,83,12,0.0,2.65,1.0
2021,64868,조용호,KT,,True,138,428,0.2359813084112149,0.349,0.273,0.622,0.037,0.29,0.3,75.4,0,48,71,101,14,1,74,3,85,12,-1.371,0.65,1.0
2022,64868,조용호,KT,,True,131,474,0.3080168776371308,0.374,0.382,0.756,0.074,0.358,0.347,113.2,3,44,52,146,18,4,49,3,74,5,0.249,3.25,1.0
2023,64868,조용호,KT,,False,63,161,0.2484472049689441,0.342,0.261,0.603,0.013,0.294,0.289,74.0,0,7,20,40,2,0,23,0,25,4,-1.204,0.35,1.0
2024,64868,조용호,KT,,False,60,149,0.2483221476510067,0.309,0.282,0.591,0.0339999999999999,0.298,0.274,53.0,0,13,17,37,5,0,13,0,25,5,-0.863,-0.55,1.0
2018,66992,조원빈,NC,,False,2,1,0.0,0.0,0.0,0.0,0.0,0.0,0.0,-112.9,0,0,0,0,0,0,0,0,0,0,0.0,-0.03,1.0
2012,62147,조윤준,LG,,False,23,46,0.1956521739130435,0.196,0.217,0.413,0.0209999999999999,0.265,0.199,0.0,0,4,2,9,1,0,0,0,12,0,0.0,,1.0
2013,62147,조윤준,LG,,False,19,30,0.2,0.226,0.267,0.493,0.067,0.286,0.213,0.0,0,5,3,6,0,1,0,1,9,0,0.0,,1.0
2014,62147,조윤준,LG,,False,5,7,0.1428571428571428,0.25,0.143,0.393,0.0,0.167,0.18,0.0,0,0,1,1,0,0,1,0,1,0,-0.078,,1.0
2015,62147,조윤준,LG,,False,7,8,0.0,0.0,0.0,0.0,0.0,0.0,0.0,0.0,0,0,0,0,0,0,0,0,4,0,-0.103,,1.0
2016,62147,조윤준,LG,,False,2,1,1.0,1.0,1.0,2.0,0.0,1.0,0.9,0.0,0,0,1,1,0,0,0,0,0,0,0.014,,1.0
2017,62147,조윤준,LG,,False,25,38,0.2368421052631578,0.268,0.237,0.505,0.0,0.273,0.243,50.5,0,8,3,9,0,0,2,0,6,0,-0.394,-0.16,1.0
2020,64768,조이현,SK,투수,False,1,0,0.0,0.0,0.0,0.0,0.0,0.0,0.0,0.0,0,0,0,0,0,0,0,0,0,0,0.0,0.0,1.0
2010,98144,조인성,LG,,True,133,457,0.3172866520787746,0.374,0.558,0.932,0.241,0.333,0.394,0.0,28,107,69,145,24,1,41,3,83,2,0.0,,1.0
2011,98144,조인성,LG,,True,117,390,0.2666666666666666,0.345,0.428,0.773,0.1609999999999999,0.291,0.349,0.0,15,59,46,104,14,2,44,3,70,2,0.0,,1.0
2012,98144,조인성,SK,,False,104,284,0.2711267605633803,0.313,0.412,0.725,0.1409999999999999,0.313,0.318,0.0,9,40,32,77,13,0,16,2,60,0,0.0,,1.0
2013,98144,조인성,SK,,False,88,207,0.2125603864734299,0.244,0.362,0.606,0.149,0.272,0.276,0.0,7,29,16,44,10,0,7,2,65,0,0.0,,1.0
2014,98144,조인성,한화,,False,75,164,0.2256097560975609,0.29,0.396,0.686,0.17,0.25,0.305,0.0,7,34,16,37,7,0,14,2,40,0,0.589,,1.0
2015,98144,조인성,한화,,False,106,276,0.2318840579710145,0.288,0.391,0.679,0.159,0.299,0.296,0.0,11,44,33,64,11,0,16,6,89,0,-0.38,,1.0
2016,98144,조인성,한화,,False,76,137,0.1678832116788321,0.186,0.248,0.434,0.0799999999999999,0.208,0.183,0.0,3,7,10,23,2,0,2,1,38,0,-1.7970000000000002,,1.0
2017,98144,조인성,한화,,False,16,29,0.1379310344827586,0.138,0.138,0.276,0.0,0.2,0.124,-48.7,0,0,1,4,0,0,0,0,9,0,-0.419,-0.5,1.0
2010,72313,조재호,넥센,,False,46,33,0.1212121212121212,0.194,0.121,0.315,0.0,0.167,0.161,0.0,0,4,6,4,0,0,2,1,9,0,0.0,,1.0
2011,72313,조재호,SK,,False,1,4,0.75,0.8,0.75,1.55,0.0,1.0,0.684,0.0,0,0,1,3,0,0,1,0,1,0,0.0,,1.0
2012,72313,조재호,SK,,False,4,3,0.3333333333333333,0.333,0.667,1.0,0.334,0.5,0.413,0.0,0,2,2,1,1,0,0,0,1,0,0.0,,1.0
2013,63792,조정원,한화,,False,43,47,0.1914893617021276,0.309,0.191,0.5,0.0,0.273,0.243,0.0,0,2,5,9,0,0,8,0,14,4,0.0,,1.0
2014,63792,조정원,한화,,False,20,56,0.125,0.123,0.179,0.302,0.0539999999999999,0.149,0.126,0.0,0,6,2,7,1,1,0,0,10,0,-0.653,,1.0
2015,63792,조정원,한화,,False,2,1,0.0,0.0,0.0,0.0,0.0,0.0,0.0,0.0,0,0,0,0,0,0,0,0,0,0,-0.007,,1.0
2018,75537,조정훈,롯데,,False,1,0,0.0,0.0,0.0,0.0,0.0,0.0,0.0,0.0,0,0,0,0,0,0,0,0,0,0,0.0,0.0,1.0
2010,71835,조중근,넥센,,False,21,29,0.2068965517241379,0.258,0.207,0.465,0.0,0.261,0.204,0.0,0,3,2,6,0,0,2,0,6,0,0.0,,1.0
2011,71835,조중근,넥센,,False,36,98,0.3265306122448979,0.405,0.51,0.915,0.183,0.397,0.379,0.0,3,16,14,32,5,2,12,1,22,2,0.0,,1.0
2012,71835,조중근,넥센,,False,45,95,0.1368421052631579,0.222,0.168,0.39,0.031,0.185,0.185,0.0,1,5,3,13,0,0,10,1,31,1,0.0,,1.0
2013,71835,조중근,넥센,,False,10,10,0.3,0.3,0.3,0.6,0.0,0.3,0.27,0.0,0,2,0,3,0,0,0,0,0,0,0.0,,1.0
2015,71835,조중근,KT,,False,25,36,0.2222222222222222,0.282,0.306,0.588,0.0839999999999999,0.241,0.279,0.0,1,2,4,8,0,0,3,0,6,0,-0.661,,1.0
2013,63730,조지훈,한화,,False,2,0,0.0,0.0,0.0,0.0,0.0,0.0,0.0,0.0,0,0,0,0,0,0,0,0,0,0,0.0,,1.0
2010,73657,조태수,KIA,,False,4,0,0.0,0.0,0.0,0.0,0.0,0.0,0.0,0.0,0,0,0,0,0,0,0,0,0,0,0.0,,1.0
2011,74358,조평호,넥센,,False,5,5,0.0,0.0,0.0,0.0,0.0,0.0,0.0,0.0,0,0,0,0,0,0,0,0,3,0,0.0,,1.0
2013,74358,조평호,NC,,False,26,79,0.2658227848101265,0.318,0.418,0.736,0.1519999999999999,0.358,0.324,0.0,2,7,12,21,6,0,6,0,24,1,0.0,,1.0
2014,74358,조평호,NC,,False,2,2,0.0,0.0,0.0,0.0,0.0,0.0,0.0,0.0,0,0,0,0,0,0,0,0,0,0,-0.05,,1.0
2015,74358,조평호,NC,,False,22,22,0.3636363636363636,0.364,0.591,0.955,0.2269999999999999,0.467,0.406,0.0,1,3,4,8,2,0,0,0,6,0,-0.074,,1.0
2016,74358,조평호,NC,,False,3,6,0.1666666666666666,0.286,0.167,0.453,0.0,0.2,0.231,0.0,0,0,1,1,0,0,1,0,1,0,-0.296,,1.0
2017,74358,조평호,NC,,False,29,44,0.2272727272727272,0.333,0.364,0.697,0.1369999999999999,0.3,0.31,81.7,1,4,4,10,3,0,6,1,13,0,-0.475,-0.07,1.0
2020,69705,조한민,한화,,False,25,50,0.22,0.25,0.3,0.55,0.0799999999999999,0.393,0.245,39.3,0,2,7,11,4,0,0,2,22,0,-0.311,-0.35,1.0
2021,69705,조한민,한화,,False,52,127,0.1968503937007874,0.278,0.394,0.672,0.197,0.299,0.289,72.0,5,18,15,25,6,2,13,2,57,3,-1.42,-0.11,1.0
2016,65827,조한욱,SK,,False,1,0,0.0,0.0,0.0,0.0,0.0,0.0,0.0,0.0,0,0,0,0,0,0,0,0,0,0,0.0,,1.0
2013,75268,조현근,삼성,,False,2,0,0.0,0.0,0.0,0.0,0.0,0.0,0.0,0.0,0,0,0,0,0,0,0,0,0,0,0.0,,1.0
2014,75268,조현근,삼성,,False,1,0,0.0,0.0,0.0,0.0,0.0,0.0,0.0,0.0,0,0,0,0,0,0,0,0,0,0,0.0,,1.0
2021,64047,조현우,KT,,False,3,0,0.0,0.0,0.0,0.0,0.0,0.0,0.0,0.0,0,0,0,0,0,0,0,0,0,0,0.0,0.0,1.0
2023,51701,조현진,NC,내야수,False,10,5,0.2,0.2,0.2,0.4,0.0,0.25,0.18,-4.2,0,0,0,1,0,0,0,0,1,0,-0.209,-0.02,1.0
2022,51865,조형우,SSG,포수,False,9,12,0.1666666666666666,0.231,0.25,0.481,0.0829999999999999,0.222,0.22,25.0,0,1,2,2,1,0,1,0,3,0,-0.106,-0.07,1.0
2023,51865,조형우,SSG,포수,False,62,119,0.1848739495798319,0.24,0.286,0.526,0.1009999999999999,0.215,0.236,36.8,2,12,9,22,4,1,8,1,25,0,-1.004,-0.31,1.0
2024,51865,조형우,SSG,포수,False,19,33,0.2424242424242424,0.342,0.242,0.584,0.0,0.296,0.287,64.1,0,4,4,8,0,0,1,4,6,0,0.03,-0.01,1.0
2025,51865,조형우,SSG,포수,False,102,269,0.2379182156133829,0.294,0.312,0.606,0.074,0.296,0.286,69.5,4,29,23,64,8,0,19,3,64,0,-1.831,0.57,1.0
2026,51865,조형우,SSG,포수,False,82,257,0.2490272373540855,0.306,0.393,0.699,0.144,0.279,0.304,77.7,7,32,37,64,16,0,20,3,50,0,-0.911,0.53,0.757
2013,63593,조홍석,롯데,,False,30,64,0.25,0.368,0.375,0.743,0.125,0.4,0.351,0.0,0,4,5,16,6,1,8,4,24,2,0.0,,1.0
2014,63593,조홍석,롯데,,False,2,4,0.0,0.0,0.0,0.0,0.0,0.0,0.0,0.0,0,0,0,0,0,0,0,0,2,0,-0.12,,1.0
2015,63593,조홍석,롯데,,False,3,1,0.0,0.0,0.0,0.0,0.0,0.0,0.0,0.0,0,0,0,0,0,0,0,0,0,0,-0.006,,1.0
2018,63593,조홍석,롯데,,False,39,62,0.2258064516129032,0.314,0.242,0.556,0.0159999999999999,0.286,0.277,45.2,0,1,14,14,1,0,6,2,13,0,-0.105,-0.03,1.0
2019,63593,조홍석,롯데,,False,42,60,0.1166666666666666,0.169,0.183,0.352,0.0659999999999999,0.149,0.162,-26.7,0,5,8,7,2,1,4,0,14,1,-0.705,-0.4,1.0
2017,65060,주권,KT,투수,False,2,0,0.0,0.0,0.0,0.0,0.0,0.0,0.0,0.0,0,0,0,0,0,0,0,0,0,0,0.0,0.0,1.0
2019,65060,주권,KT,투수,False,1,0,0.0,0.0,0.0,0.0,0.0,0.0,0.0,0.0,0,0,0,0,0,0,0,0,0,0,0.0,0.0,1.0
2020,65060,주권,KT,투수,False,2,0,0.0,0.0,0.0,0.0,0.0,0.0,0.0,0.0,0,0,0,0,0,0,0,0,0,0,0.0,0.0,1.0
2022,65060,주권,KT,투수,False,1,0,0.0,0.0,0.0,0.0,0.0,0.0,0.0,0.0,0,0,0,0,0,0,0,0,0,0,0.0,0.0,1.0
2024,65060,주권,KT,투수,False,2,0,0.0,0.0,0.0,0.0,0.0,0.0,0.0,0.0,0,0,0,0,0,0,0,0,0,0,0.0,0.0,1.0
2025,65060,주권,KT,투수,False,2,0,0.0,0.0,0.0,0.0,0.0,0.0,0.0,0.0,0,0,0,0,0,0,0,0,0,0,0.0,0.0,1.0
2026,65060,주권,KT,투수,False,3,0,0.0,0.0,0.0,0.0,0.0,0.0,0.0,0.0,0,0,0,0,0,0,0,0,0,0,0.0,0.0,0.757
2023,69332,주성원,키움,외야수,False,25,69,0.217391304347826,0.225,0.275,0.5,0.058,0.288,0.216,19.8,0,2,7,15,2,1,1,0,18,0,-0.663,-0.31,1.0
2024,69332,주성원,키움,외야수,False,27,55,0.2,0.279,0.273,0.552,0.073,0.278,0.267,51.9,1,5,7,11,1,0,6,0,18,0,-0.288,-0.2,1.0
2025,69332,주성원,키움,외야수,False,58,156,0.25,0.322,0.308,0.63,0.0579999999999999,0.342,0.301,85.0,1,12,21,39,6,0,13,4,45,4,-1.356,0.47,1.0
2026,69332,주성원,키움,외야수,False,11,16,0.125,0.3,0.125,0.425,0.0,0.2,0.282,65.3,0,0,2,2,0,0,3,1,6,0,-0.408,-0.04,0.757
2024,52330,주승우,키움,투수,False,5,0,0.0,0.0,0.0,0.0,0.0,0.0,0.0,0.0,0,0,0,0,0,0,0,0,0,0,0.0,0.0,1.0
2025,52330,주승우,키움,투수,False,2,0,0.0,0.0,0.0,0.0,0.0,0.0,0.0,0.0,0,0,0,0,0,0,0,0,0,0,0.0,0.0,1.0
2015,65707,주현상,한화,투수,False,103,214,0.2102803738317757,0.288,0.243,0.531,0.033,0.265,0.249,0.0,0,12,18,45,7,0,21,3,46,2,-1.518,,1.0
2016,65707,주현상,한화,투수,False,15,8,0.25,0.25,0.25,0.5,0.0,0.286,0.225,0.0,0,0,0,2,0,0,0,0,1,0,-0.104,,1.0
2022,65707,주현상,한화,투수,False,2,0,0.0,0.0,0.0,0.0,0.0,0.0,0.0,0.0,0,0,0,0,0,0,0,0,0,0,0.0,0.0,1.0
2024,65707,주현상,한화,투수,False,2,0,0.0,0.0,0.0,0.0,0.0,0.0,0.0,0.0,0,0,0,0,0,0,0,0,0,0,0.0,0.0,1.0
2016,66354,주효상,넥센,포수,False,12,18,0.2222222222222222,0.263,0.278,0.541,0.056,0.444,0.245,0.0,0,3,3,4,1,0,1,0,9,0,0.011,,1.0
2017,66354,주효상,넥센,포수,False,64,118,0.1949152542372881,0.264,0.263,0.527,0.068,0.333,0.258,31.5,1,9,10,23,5,0,9,2,51,0,-0.829,-0.43,1.0
2018,66354,주효상,넥센,포수,False,80,110,0.2181818181818181,0.295,0.273,0.568,0.055,0.315,0.257,35.1,1,12,9,24,3,0,10,2,36,1,-0.274,-0.64,1.0
2019,66354,주효상,키움,포수,False,18,29,0.2068965517241379,0.233,0.345,0.578,0.1379999999999999,0.273,0.249,34.4,0,5,3,6,2,1,1,0,7,0,-0.052,-0.19,1.0
2020,66354,주효상,키움,포수,False,63,84,0.1904761904761904,0.296,0.238,0.534,0.0479999999999999,0.271,0.249,42.6,0,7,6,16,4,0,13,0,26,0,-0.144,-0.57,1.0
2023,66354,주효상,KIA,포수,False,19,32,0.063,0.118,0.063,0.181,0.0,0.091,0.116,-52.2,0,1,2,2,0,0,2,0,10,0,-0.541,-0.4,1.0
2025,66354,주효상,KIA,포수,False,8,15,0.3333333333333333,0.412,0.467,0.879,0.134,0.455,0.389,145.2,0,1,1,5,2,0,2,0,4,0,0.557,0.14,1.0
2026,66354,주효상,KIA,포수,False,12,19,0.2105263157894737,0.25,0.211,0.461,0.0,0.286,0.216,19.7,0,1,2,4,0,0,1,0,5,0,-0.098,-0.1,0.757
2022,51060,지명성,KT,투수,False,1,0,0.0,0.0,0.0,0.0,0.0,0.0,0.0,0.0,0,0,0,0,0,0,0,0,0,0,0.0,0.0,1.0
2011,73306,지석훈,넥센,,False,52,109,0.2201834862385321,0.301,0.349,0.65,0.1289999999999999,0.278,0.286,0.0,2,8,9,24,6,1,12,1,29,1,0.0,,1.0
2012,73306,지석훈,넥센,,False,61,104,0.173076923076923,0.271,0.26,0.531,0.087,0.215,0.263,0.0,1,11,11,18,4,1,10,4,24,1,0.0,,1.0
2013,73306,지석훈,NC,,False,105,309,0.2200647249190938,0.302,0.33,0.632,0.11,0.285,0.291,0.0,3,35,25,68,21,2,31,7,82,2,0.0,,1.0
2014,73306,지석훈,NC,,False,114,212,0.2735849056603773,0.34,0.462,0.802,0.188,0.323,0.348,0.0,6,34,26,58,14,4,16,6,46,1,0.795,,1.0
2015,73306,지석훈,NC,,True,137,415,0.2674698795180723,0.328,0.383,0.711,0.1159999999999999,0.311,0.317,0.0,11,46,53,111,15,0,23,16,85,4,0.079,,1.0
2016,73306,지석훈,NC,,False,141,351,0.2193732193732193,0.278,0.336,0.614,0.117,0.265,0.279,0.0,9,54,34,77,14,0,22,9,91,0,-1.237,,1.0
2017,73306,지석훈,NC,,False,121,268,0.2388059701492537,0.318,0.366,0.684,0.127,0.294,0.32,88.2,6,24,29,64,16,0,22,10,67,1,-1.966,0.56,1.0
2018,73306,지석훈,NC,,False,67,94,0.1808510638297872,0.238,0.234,0.472,0.053,0.211,0.226,27.6,1,8,9,17,2,0,8,0,20,1,-0.302,-0.71,1.0
2019,73306,지석훈,NC,,False,76,149,0.2281879194630872,0.299,0.329,0.628,0.101,0.286,0.289,72.4,2,15,15,34,9,0,10,6,37,0,-0.073,-0.06,1.0
2020,73306,지석훈,NC,,False,87,121,0.2066115702479339,0.3,0.298,0.598,0.091,0.27,0.278,56.1,1,12,22,25,8,0,15,2,33,1,-1.075,-0.13,1.0
2021,73306,지석훈,NC,,False,28,34,0.1470588235294117,0.302,0.176,0.478,0.0289999999999999,0.217,0.269,55.6,0,2,6,5,1,0,6,2,12,0,-0.048,-0.03,1.0
2015,64717,지시완,한화,,False,9,12,0.25,0.25,0.333,0.583,0.083,0.429,0.33,0.0,0,0,1,3,1,0,0,0,5,0,-0.062,,1.0
2016,64717,지시완,한화,,False,1,0,0.0,0.0,0.0,0.0,0.0,0.0,0.0,0.0,0,0,0,0,0,0,0,0,0,0,0.0,,1.0
2018,64717,지시완,한화,,False,99,207,0.2753623188405797,0.32,0.411,0.731,0.1359999999999999,0.342,0.326,72.1,7,29,22,57,7,0,12,2,55,1,1.85,0.04,1.0
2019,64717,지시완,한화,,False,58,104,0.25,0.284,0.365,0.649,0.1149999999999999,0.296,0.303,79.8,2,11,7,26,6,0,5,0,21,0,-1.297,0.13,1.0
2020,64717,지시완,롯데,,False,3,8,0.25,0.455,0.25,0.705,0.0,0.5,0.444,162.6,0,2,0,2,0,0,3,0,4,0,0.133,0.14,1.0
2021,64717,지시완,롯데,,False,73,166,0.2409638554216867,0.319,0.422,0.741,0.181,0.314,0.327,92.6,7,26,23,40,9,0,14,5,54,0,-0.328,0.93,1.0
2022,64717,지시완,롯데,,False,75,174,0.2126436781609195,0.299,0.305,0.604,0.092,0.291,0.277,61.3,3,17,16,37,7,0,20,2,55,0,-0.924,0.05,1.0
2023,64717,지시완,롯데,,False,6,8,0.125,0.125,0.125,0.25,0.0,0.333,0.09,-73.5,0,0,0,1,0,0,0,0,5,0,-0.196,-0.12,1.0
2012,62302,지재옥,넥센,,False,29,50,0.12,0.29,0.2,0.49,0.08,0.128,0.235,0.0,1,3,3,6,1,0,10,2,10,1,0.0,,1.0
2013,62302,지재옥,넥센,,False,18,10,0.0,0.167,0.0,0.167,0.0,0.0,0.12,0.0,0,0,1,0,0,0,2,0,5,0,0.0,,1.0
2016,62302,지재옥,넥센,,False,7,13,0.2307692307692307,0.412,0.462,0.874,0.231,0.4,0.392,0.0,1,1,2,3,0,0,3,1,7,0,-0.201,,1.0
2010,97202,진갑용,삼성,,False,100,259,0.2625482625482625,0.375,0.409,0.784,0.1459999999999999,0.301,0.345,0.0,10,28,36,68,8,0,45,2,57,0,0.0,,1.0
2011,97202,진갑용,삼성,,False,112,286,0.2727272727272727,0.357,0.402,0.759,0.129,0.304,0.334,0.0,10,42,26,78,7,0,35,3,53,1,0.0,,1.0
2012,97202,진갑용,삼성,,False,114,313,0.3067092651757188,0.354,0.419,0.773,0.1119999999999999,0.342,0.339,0.0,6,57,27,96,15,1,17,7,46,0,0.0,,1.0
2013,97202,진갑용,삼성,,False,101,181,0.2707182320441988,0.33,0.42,0.75,0.1489999999999999,0.289,0.323,0.0,6,36,22,49,9,0,12,5,28,0,0.0,,1.0
2014,97202,진갑용,삼성,,False,11,17,0.4117647058823529,0.412,0.412,0.824,0.0,0.438,0.371,0.0,0,4,2,7,0,0,0,0,1,0,-0.074,,1.0
2015,97202,진갑용,삼성,,False,39,68,0.3235294117647059,0.356,0.485,0.841,0.1609999999999999,0.333,0.376,0.0,3,10,8,22,2,0,4,0,9,0,-0.159,,1.0
2018,79545,진명호,롯데,,False,1,0,0.0,0.0,0.0,0.0,0.0,0.0,0.0,0.0,0,0,0,0,0,0,0,0,0,0,0.0,0.0,1.0
2020,79545,진명호,롯데,,False,1,0,0.0,0.0,0.0,0.0,0.0,0.0,0.0,0.0,0,0,0,0,0,0,0,0,0,0,0.0,0.0,1.0
2015,78257,진야곱,두산,,False,2,0,0.0,0.0,0.0,0.0,0.0,0.0,0.0,0.0,0,0,0,0,0,0,0,0,0,0,0.0,,1.0
2016,78257,진야곱,두산,,False,1,0,0.0,0.0,0.0,0.0,0.0,0.0,0.0,0.0,0,0,0,0,0,0,0,0,0,0,0.0,,1.0
2024,54148,진우영,LG,투수,False,1,0,0.0,0.0,0.0,0.0,0.0,0.0,0.0,0.0,0,0,0,0,0,0,0,0,0,0,0.0,0.0,1.0
2012,76650,진해수,KIA,,False,3,0,0.0,0.0,0.0,0.0,0.0,0.0,0.0,0.0,0,0,0,0,0,0,0,0,0,0,0.0,,1.0
2013,76650,진해수,SK,,False,1,0,0.0,0.0,0.0,0.0,0.0,0.0,0.0,0.0,0,0,0,0,0,0,0,0,0,0,0.0,,1.0
2015,76650,진해수,LG,,False,1,0,0.0,0.0,0.0,0.0,0.0,0.0,0.0,0.0,0,0,0,0,0,0,0,0,0,0,0.0,,1.0
2016,76650,진해수,LG,,False,1,0,0.0,0.0,0.0,0.0,0.0,0.0,0.0,0.0,0,0,0,0,0,0,0,0,0,0,0.0,,1.0
2017,76650,진해수,LG,,False,1,0,0.0,0.0,0.0,0.0,0.0,0.0,0.0,0.0,0,0,0,0,0,0,0,0,0,0,0.0,0.0,1.0
2020,76650,진해수,LG,,False,1,0,0.0,0.0,0.0,0.0,0.0,0.0,0.0,0.0,0,0,0,0,0,0,0,0,0,0,0.0,0.0,1.0
2021,76650,진해수,LG,,False,2,0,0.0,0.0,0.0,0.0,0.0,0.0,0.0,0.0,0,0,0,0,0,0,0,0,0,0,0.0,0.0,1.0
2022,76650,진해수,LG,,False,1,0,0.0,0.0,0.0,0.0,0.0,0.0,0.0,0.0,0,0,0,0,0,0,0,0,0,0,0.0,0.0,1.0
2025,55435,차승준,삼성,내야수,False,1,1,0.0,0.0,0.0,0.0,0.0,0.0,0.0,-135.6,0,0,0,0,0,0,0,0,0,0,-0.011,-0.03,1.0
2026,55435,차승준,삼성,내야수,False,1,1,0.0,0.0,0.0,0.0,0.0,0.0,0.0,-130.0,0,0,0,0,0,0,0,0,1,0,-0.145,-0.03,0.757
2017,76455,차우찬,LG,,False,1,0,0.0,0.0,0.0,0.0,0.0,0.0,0.0,0.0,0,0,0,0,0,0,0,0,0,0,0.0,0.0,1.0
2010,73602,차일목,KIA,,False,91,198,0.2575757575757575,0.39,0.419,0.809,0.1609999999999999,0.312,0.361,0.0,7,35,30,51,11,0,39,6,53,1,0.0,,1.0
2011,73602,차일목,KIA,,False,111,304,0.2401315789473684,0.353,0.336,0.689,0.096,0.267,0.318,0.0,7,37,31,73,8,0,49,5,52,3,0.0,,1.0
2012,73602,차일목,KIA,,False,88,207,0.2560386473429952,0.353,0.28,0.633,0.024,0.303,0.3,0.0,0,15,25,53,5,0,29,3,34,2,0.0,,1.0
2013,73602,차일목,KIA,,False,98,215,0.2558139534883721,0.357,0.307,0.664,0.0509999999999999,0.302,0.313,0.0,0,25,23,55,9,1,33,3,37,0,0.0,,1.0
2014,73602,차일목,KIA,,False,94,185,0.1891891891891892,0.286,0.254,0.54,0.065,0.21,0.247,0.0,2,18,17,35,6,0,24,2,28,0,-2.153,,1.0
2015,73602,차일목,KIA,,False,11,23,0.1739130434782608,0.24,0.174,0.414,0.0,0.211,0.202,0.0,0,2,0,4,0,0,2,0,4,0,-0.892,,1.0
2016,73602,차일목,한화,,False,117,276,0.2282608695652173,0.307,0.29,0.597,0.0619999999999999,0.27,0.273,0.0,3,38,30,63,8,0,30,4,57,0,-1.874,,1.0
2017,73602,차일목,한화,,False,52,92,0.2065217391304347,0.324,0.272,0.596,0.065,0.257,0.275,48.3,1,7,7,19,3,0,13,3,21,1,-1.284,-0.13,1.0
2012,75307,차화준,넥센,,False,8,4,0.25,0.25,0.25,0.5,0.0,0.333,0.225,0.0,0,0,1,1,0,0,0,0,1,0,0.0,,1.0
2013,75307,차화준,NC,,False,58,106,0.2264150943396226,0.306,0.311,0.617,0.0849999999999999,0.295,0.282,0.0,1,7,18,24,6,0,12,1,29,4,0.0,,1.0
2015,64085,채기영,한화,,False,3,2,0.0,0.0,0.0,0.0,0.0,0.0,0.0,0.0,0,0,0,0,0,0,0,0,1,0,-0.046,,1.0
2015,71845,채병용,SK,,False,1,0,0.0,0.0,0.0,0.0,0.0,0.0,0.0,0.0,0,0,0,0,0,0,0,0,0,0,0.0,,1.0
2016,71845,채병용,SK,,False,2,0,0.0,0.0,0.0,0.0,0.0,0.0,0.0,0.0,0,0,0,0,0,0,0,0,0,0,0.0,,1.0
2010,72742,채상병,삼성,,False,17,31,0.3548387096774194,0.382,0.516,0.898,0.161,0.4,0.385,0.0,1,5,5,11,2,0,1,1,6,0,0.0,,1.0
2011,72742,채상병,삼성,,False,63,109,0.1926605504587156,0.244,0.303,0.547,0.1099999999999999,0.205,0.233,0.0,3,9,11,21,1,1,7,1,20,1,0.0,,1.0
2012,72742,채상병,삼성,,False,10,7,0.0,0.0,0.0,0.0,0.0,0.0,0.0,0.0,0,0,0,0,0,0,0,0,1,0,0.0,,1.0
2017,66302,채상현,넥센,,False,5,10,0.3,0.364,0.3,0.664,0.0,0.429,0.245,-17.9,0,0,0,3,0,0,1,0,3,1,-0.264,-0.13,1.0
2021,65241,채원후,LG,,False,4,0,0.0,0.0,0.0,0.0,0.0,0.0,0.0,0.0,0,0,0,0,0,0,0,0,0,0,0.0,0.0,1.0
2022,65241,채원후,LG,,False,1,0,0.0,0.0,0.0,0.0,0.0,0.0,0.0,0.0,0,0,0,0,0,0,0,0,0,0,0.0,0.0,1.0
2023,65241,채원후,NC,,False,1,0,0.0,0.0,0.0,0.0,0.0,0.0,0.0,0.0,0,0,0,0,0,0,0,0,0,0,0.0,0.0,1.0
2014,79192,채은성,LG,외야수,False,62,159,0.2767295597484276,0.385,0.377,0.762,0.0999999999999999,0.339,0.358,0.0,1,15,18,44,11,1,21,10,36,5,0.037,,1.0
2015,79192,채은성,LG,외야수,False,90,173,0.2485549132947976,0.318,0.405,0.723,0.156,0.293,0.324,0.0,4,20,25,43,11,2,14,5,39,3,-0.704,,1.0
2016,79192,채은성,LG,외야수,True,128,403,0.3126550868486352,0.365,0.444,0.809,0.131,0.358,0.355,0.0,9,81,64,126,20,3,31,7,75,7,2.43,,1.0
2017,79192,채은성,LG,외야수,False,114,333,0.2672672672672673,0.323,0.339,0.662,0.072,0.327,0.299,87.7,2,35,28,89,12,3,17,11,66,5,-2.806,-0.23,1.0
2018,79192,채은성,LG,외야수,True,139,529,0.330812854442344,0.379,0.548,0.927,0.217,0.364,0.399,161.2,25,119,78,175,36,2,35,9,97,3,2.205,6.52,1.0
2019,79192,채은성,LG,외야수,True,128,470,0.3148936170212766,0.358,0.434,0.792,0.119,0.341,0.36,148.7,12,72,59,148,18,1,24,12,67,2,-1.595,4.32,1.0
2020,79192,채은성,LG,외야수,True,109,416,0.2932692307692308,0.351,0.452,0.803,0.159,0.316,0.359,133.6,15,88,59,122,17,2,32,9,69,0,-0.807,3.21,1.0
2021,79192,채은성,LG,외야수,True,110,387,0.276485788113695,0.359,0.452,0.811,0.176,0.305,0.362,129.5,16,82,59,107,20,0,38,16,80,4,0.684,3.1,1.0
2022,79192,채은성,LG,외야수,True,126,467,0.2955032119914347,0.354,0.437,0.791,0.141,0.333,0.348,122.7,12,83,48,138,26,2,27,21,88,6,-2.005,2.86,1.0
2023,79192,채은성,한화,외야수,True,137,521,0.2629558541266795,0.351,0.428,0.779,0.1649999999999999,0.286,0.357,119.5,23,84,71,137,17,0,52,20,102,0,0.197,3.35,1.0
2024,79192,채은성,한화,외야수,True,124,436,0.2706422018348624,0.351,0.463,0.814,0.192,0.29,0.363,110.8,20,83,61,118,24,0,49,8,83,1,0.758,2.31,1.0
2025,79192,채은성,한화,외야수,True,132,480,0.288,0.347,0.467,0.814,0.179,0.326,0.355,114.0,19,88,54,138,27,1,31,13,96,1,0.275,2.42,1.0
2026,79192,채은성,한화,외야수,False,40,147,0.272108843537415,0.335,0.408,0.743,0.1359999999999999,0.315,0.34,99.9,5,18,17,40,5,0,11,4,33,1,-0.233,0.62,0.757
2010,70833,채종범,KIA,,False,29,77,0.2337662337662337,0.294,0.39,0.684,0.156,0.25,0.299,0.0,3,13,6,18,3,0,6,1,15,0,0.0,,1.0
2010,77463,채태인,삼성,,False,102,356,0.2921348314606741,0.353,0.447,0.8,0.155,0.359,0.355,0.0,14,54,48,104,13,0,33,2,94,0,0.0,,1.0
2011,77463,채태인,삼성,,False,53,182,0.2197802197802197,0.339,0.352,0.691,0.1319999999999999,0.292,0.32,0.0,5,28,25,40,7,1,33,1,59,1,0.0,,1.0
2012,77463,채태인,삼성,,False,54,135,0.2074074074074074,0.321,0.281,0.602,0.074,0.27,0.285,0.0,1,9,15,28,7,0,21,2,35,1,0.0,,1.0
2013,77463,채태인,삼성,,False,94,299,0.3812709030100334,0.459,0.542,1.001,0.161,0.472,0.444,0.0,11,53,52,114,15,0,38,5,70,4,0.0,,1.0
2014,77463,채태인,삼성,,True,124,492,0.3170731707317073,0.368,0.484,0.852,0.1669999999999999,0.361,0.372,0.0,14,99,69,156,38,1,41,2,91,1,3.312,,1.0
2015,77463,채태인,삼성,,False,104,333,0.3483483483483483,0.408,0.477,0.885,0.129,0.456,0.387,0.0,8,49,35,116,19,0,33,3,92,0,0.823,,1.0
2016,77463,채태인,넥센,,False,124,370,0.2864864864864865,0.345,0.397,0.742,0.111,0.354,0.343,0.0,7,72,29,106,14,3,36,2,92,0,1.748,,1.0
2017,77463,채태인,넥센,,False,109,342,0.3216374269005848,0.388,0.5,0.888,0.178,0.41,0.387,109.8,12,62,46,110,23,1,34,5,94,0,-0.135,1.94,1.0
2018,77463,채태인,롯데,,False,130,376,0.2925531914893617,0.356,0.46,0.816,0.167,0.368,0.355,84.9,15,75,44,110,18,0,34,5,107,0,0.05,1.74,1.0
2019,77463,채태인,롯데,,False,59,167,0.2514970059880239,0.302,0.407,0.709,0.1559999999999999,0.311,0.312,75.4,5,29,11,42,11,0,11,2,45,0,-0.845,0.65,1.0
2020,77463,채태인,SK,,False,71,160,0.28125,0.392,0.444,0.836,0.1629999999999999,0.317,0.369,101.6,7,24,11,45,5,0,29,0,33,0,-0.772,0.91,1.0
2019,69804,채현우,SK,외야수,False,9,1,0.0,0.0,0.0,0.0,0.0,0.0,0.0,-143.8,0,0,2,0,0,0,0,0,1,3,0.029,-0.02,1.0
2020,69804,채현우,SK,외야수,False,16,23,0.1304347826086956,0.167,0.174,0.341,0.0439999999999999,0.2,0.157,-25.7,0,0,2,3,1,0,1,0,8,3,-0.156,-0.08,1.0
2023,69804,채현우,SSG,외야수,False,1,0,0.0,0.0,0.0,0.0,0.0,0.0,0.0,0.0,0,0,1,0,0,0,0,0,0,0,0.0,0.0,1.0
2024,69804,채현우,SSG,외야수,False,1,0,0.0,0.0,0.0,0.0,0.0,0.0,0.0,0.0,0,0,0,0,0,0,0,0,0,0,0.0,0.0,1.0
2025,69804,채현우,SSG,외야수,False,41,48,0.1875,0.231,0.313,0.544,0.125,0.229,0.237,37.2,1,9,8,9,1,1,3,0,13,2,0.086,-0.29,1.0
2026,69804,채현우,SSG,외야수,False,61,51,0.2549019607843137,0.259,0.373,0.632,0.118,0.343,0.259,47.8,1,7,14,13,3,0,1,0,17,5,0.572,-0.26,0.757
2020,50054,천성호,KT,내야수,False,66,69,0.2028985507246377,0.286,0.246,0.532,0.0429999999999999,0.259,0.252,37.5,0,1,9,14,3,0,7,1,15,1,-0.934,-0.4,1.0
2021,50054,천성호,KT,내야수,False,41,42,0.2857142857142857,0.362,0.31,0.672,0.024,0.364,0.315,85.4,0,4,13,12,1,0,3,2,9,1,0.247,0.0,1.0
2024,50054,천성호,KT,내야수,False,75,234,0.2948717948717949,0.346,0.368,0.714,0.073,0.356,0.341,96.3,1,17,41,69,8,3,18,1,43,7,-0.488,1.3,1.0
2025,50054,천성호,LG,내야수,False,83,173,0.2369942196531791,0.323,0.329,0.652,0.092,0.28,0.298,80.8,1,17,24,41,9,2,17,5,29,3,-0.413,0.29,1.0
2026,50054,천성호,LG,내야수,False,80,208,0.2788461538461538,0.336,0.385,0.721,0.1059999999999999,0.327,0.33,96.2,2,27,36,58,14,1,14,4,35,5,-0.734,0.37,0.757
2022,67905,천재환,NC,외야수,False,29,35,0.1428571428571428,0.167,0.257,0.424,0.114,0.174,0.184,-4.5,1,1,4,5,1,0,0,1,11,1,-0.867,-0.17,1.0
2023,67905,천재환,NC,외야수,False,78,163,0.2392638036809816,0.288,0.331,0.619,0.092,0.311,0.279,67.0,2,17,12,39,7,1,8,4,44,2,-1.377,0.24,1.0
2024,67905,천재환,NC,외야수,False,89,215,0.2837209302325581,0.335,0.405,0.74,0.121,0.352,0.335,92.9,5,33,31,61,9,1,13,4,52,8,-0.673,0.63,1.0
2025,67905,천재환,NC,외야수,False,129,261,0.2375478927203065,0.292,0.368,0.66,0.13,0.277,0.29,73.4,6,31,47,62,10,3,17,5,58,15,-1.437,0.41,1.0
2026,67905,천재환,NC,외야수,False,69,163,0.2944785276073619,0.354,0.429,0.783,0.135,0.355,0.347,107.4,4,20,34,48,8,1,12,4,37,4,0.225,0.46,0.757
2025,52208,천현재,두산,외야수,False,3,3,0.0,0.0,0.0,0.0,0.0,0.0,0.0,-130.7,0,0,0,0,0,0,0,0,0,0,-0.399,-0.07,1.0
2017,67394,초이스,넥센,,False,46,176,0.3068181818181818,0.388,0.653,1.041,0.346,0.333,0.434,141.7,17,42,37,54,8,1,17,7,49,0,1.29,2.23,1.0
2018,67394,초이스,넥센,,False,96,349,0.2578796561604584,0.335,0.458,0.793,0.2,0.283,0.365,99.1,17,61,55,90,19,0,33,10,79,2,-0.061,1.8,1.0
2019,69802,최경모,SK,,False,17,16,0.063,0.063,0.125,0.188,0.062,0.071,0.078,-82.3,0,1,2,1,1,0,0,0,2,0,-0.064,-0.34,1.0
2022,69802,최경모,SSG,,False,98,73,0.3013698630136986,0.311,0.329,0.64,0.028,0.4,0.283,71.0,0,4,16,22,2,0,1,0,18,2,-0.64,0.0,1.0
2023,69802,최경모,SSG,,False,28,20,0.15,0.15,0.15,0.3,0.0,0.2,0.135,-36.9,0,1,6,3,0,0,0,0,5,2,-0.087,-0.39,1.0
2024,69802,최경모,SSG,,False,50,35,0.1714285714285714,0.326,0.171,0.497,0.0,0.214,0.242,34.4,0,0,12,6,0,0,8,0,7,6,-0.645,-0.43,1.0
2010,73824,최경철,SK,,False,1,2,0.0,0.0,0.0,0.0,0.0,0.0,0.0,0.0,0,0,0,0,0,0,0,0,2,0,0.0,,1.0
2011,73824,최경철,SK,,False,20,28,0.1428571428571428,0.219,0.25,0.469,0.107,0.19,0.205,0.0,0,4,2,4,3,0,3,0,8,0,0.0,,1.0
2012,73824,최경철,넥센,,False,81,130,0.2230769230769231,0.263,0.262,0.525,0.039,0.296,0.235,0.0,0,7,9,29,3,1,6,1,32,1,0.0,,1.0
2013,73824,최경철,LG,,False,38,53,0.2452830188679245,0.317,0.321,0.638,0.076,0.351,0.282,0.0,0,5,6,13,2,1,4,2,17,0,0.0,,1.0
2014,73824,최경철,LG,,False,117,290,0.2137931034482758,0.28,0.293,0.573,0.0789999999999999,0.264,0.252,0.0,4,39,36,62,11,0,22,5,67,4,-2.145,,1.0
2015,73824,최경철,LG,,False,109,183,0.2076502732240437,0.291,0.306,0.597,0.098,0.278,0.263,0.0,3,19,23,38,7,1,14,8,55,3,-0.618,,1.0
2016,73824,최경철,LG,,False,29,45,0.1555555555555555,0.24,0.2,0.44,0.044,0.241,0.222,0.0,0,2,3,7,2,0,4,1,16,0,-0.569,,1.0
2017,73824,최경철,삼성,,False,25,32,0.313,0.41,0.563,0.973,0.2499999999999999,0.381,0.415,132.6,2,7,5,10,2,0,3,3,10,0,0.186,0.45,1.0
2013,62966,최금강,NC,,False,1,0,0.0,0.0,0.0,0.0,0.0,0.0,0.0,0.0,0,0,0,0,0,0,0,0,0,0,0.0,,1.0
2014,62966,최금강,NC,,False,1,0,0.0,0.0,0.0,0.0,0.0,0.0,0.0,0.0,0,0,0,0,0,0,0,0,0,0,0.0,,1.0
2015,62966,최금강,NC,,False,1,0,0.0,0.0,0.0,0.0,0.0,0.0,0.0,0.0,0,0,0,0,0,0,0,0,0,0,0.0,,1.0
2016,62966,최금강,NC,,False,1,0,0.0,0.0,0.0,0.0,0.0,0.0,0.0,0.0,0,0,0,0,0,0,0,0,0,0,0.0,,1.0
2017,62966,최금강,NC,,False,1,0,0.0,0.0,0.0,0.0,0.0,0.0,0.0,0.0,0,0,0,0,0,0,0,0,0,0,0.0,0.0,1.0
2021,62966,최금강,NC,,False,1,0,0.0,0.0,0.0,0.0,0.0,0.0,0.0,0.0,0,0,0,0,0,0,0,0,0,0,0.0,0.0,1.0
2012,74543,최대성,롯데,,False,1,0,0.0,0.0,0.0,0.0,0.0,0.0,0.0,0.0,0,0,0,0,0,0,0,0,0,0,0.0,,1.0
2014,74543,최대성,롯데,,False,1,0,0.0,0.0,0.0,0.0,0.0,0.0,0.0,0.0,0,0,0,0,0,0,0,0,0,0,0.0,,1.0
2010,94132,최동수,SK,,False,56,108,0.2037037037037037,0.264,0.306,0.57,0.102,0.202,0.259,0.0,3,13,13,22,2,0,8,2,14,0,0.0,,1.0
2011,94132,최동수,SK,,False,80,181,0.3038674033149171,0.345,0.381,0.726,0.077,0.329,0.33,0.0,2,30,16,55,8,0,11,2,21,0,0.0,,1.0
2012,94132,최동수,LG,,False,94,252,0.2777777777777778,0.346,0.321,0.667,0.0429999999999999,0.304,0.314,0.0,1,37,20,70,8,0,26,3,29,0,0.0,,1.0
2013,94132,최동수,LG,,False,2,2,0.0,0.0,0.0,0.0,0.0,0.0,0.0,0.0,0,0,0,0,0,0,0,0,1,0,0.0,,1.0
2015,79140,최동환,LG,투수,False,1,0,0.0,0.0,0.0,0.0,0.0,0.0,0.0,0.0,0,0,0,0,0,0,0,0,0,0,0.0,,1.0
2016,79140,최동환,LG,투수,False,1,0,0.0,0.0,0.0,0.0,0.0,0.0,0.0,0.0,0,0,0,0,0,0,0,0,0,0,0.0,,1.0
2017,79140,최동환,LG,투수,False,4,0,0.0,0.0,0.0,0.0,0.0,0.0,0.0,0.0,0,0,0,0,0,0,0,0,0,0,0.0,0.0,1.0
2019,79140,최동환,LG,투수,False,2,0,0.0,0.0,0.0,0.0,0.0,0.0,0.0,0.0,0,0,0,0,0,0,0,0,0,0,0.0,0.0,1.0
2020,79140,최동환,LG,투수,False,3,0,0.0,0.0,0.0,0.0,0.0,0.0,0.0,0.0,0,0,0,0,0,0,0,0,0,0,0.0,0.0,1.0
2022,79140,최동환,LG,투수,False,4,0,0.0,0.0,0.0,0.0,0.0,0.0,0.0,0.0,0,0,0,0,0,0,0,0,0,0,0.0,0.0,1.0
2023,79140,최동환,LG,투수,False,3,0,0.0,0.0,0.0,0.0,0.0,0.0,0.0,0.0,0,0,0,0,0,0,0,0,0,0,0.0,0.0,1.0
2024,79140,최동환,LG,투수,False,1,0,0.0,0.0,0.0,0.0,0.0,0.0,0.0,0.0,0,0,0,0,0,0,0,0,0,0,0.0,0.0,1.0
2025,79140,최동환,KT,투수,False,1,0,0.0,0.0,0.0,0.0,0.0,0.0,0.0,0.0,0,0,0,0,0,0,0,0,0,0,0.0,0.0,1.0
2024,54112,최명경,LG,외야수,False,1,3,0.3333333333333333,0.333,0.333,0.666,0.0,0.5,0.3,73.7,0,0,0,1,0,0,0,0,1,0,0.003,0.0,1.0
2015,65447,최민구,삼성,,False,6,0,0.0,0.0,0.0,0.0,0.0,0.0,0.0,0.0,0,1,1,0,0,0,0,0,0,0,0.302,,1.0
2019,63895,최민재,SK,,False,1,2,0.0,0.0,0.0,0.0,0.0,0.0,0.0,-143.8,0,0,0,0,0,0,0,0,0,0,-0.072,-0.05,1.0
2021,63895,최민재,롯데,,False,21,25,0.08,0.148,0.12,0.268,0.0399999999999999,0.118,0.133,-43.1,0,2,2,2,1,0,2,0,8,2,-0.489,-0.36,1.0
2022,68856,최민준,SSG,투수,False,1,0,0.0,0.0,0.0,0.0,0.0,0.0,0.0,0.0,0,0,0,0,0,0,0,0,0,0,0.0,0.0,1.0
2023,68856,최민준,SSG,투수,False,1,0,0.0,0.0,0.0,0.0,0.0,0.0,0.0,0.0,0,0,0,0,0,0,0,0,0,0,0.0,0.0,1.0
2025,68856,최민준,SSG,투수,False,1,0,0.0,0.0,0.0,0.0,0.0,0.0,0.0,0.0,0,0,0,0,0,0,0,0,0,0,0.0,0.0,1.0
2017,65157,최민창,LG,,False,13,29,0.2758620689655172,0.333,0.276,0.609,0.0,0.348,0.312,94.3,0,2,1,8,0,0,3,0,7,0,-0.038,-0.07,1.0
2021,65157,최민창,LG,,False,3,2,0.0,0.0,0.0,0.0,0.0,0.0,0.0,-131.0,0,0,0,0,0,0,0,0,0,0,0.0,-0.05,1.0
2022,65157,최민창,LG,,False,4,5,0.2,0.2,0.2,0.4,0.0,0.25,0.18,-3.7,0,0,1,1,0,0,0,0,1,0,-0.156,-0.05,1.0
2024,65157,최민창,SSG,,False,7,3,0.0,0.0,0.0,0.0,0.0,0.0,0.0,-121.5,0,0,2,0,0,0,0,0,1,0,-0.117,-0.08,1.0
2015,60658,최병연,KIA,,False,19,6,0.1666666666666666,0.286,0.167,0.453,0.0,0.25,0.236,0.0,0,0,2,1,0,0,0,1,2,0,0.049,,1.0
2016,60658,최병연,KIA,,False,12,8,0.0,0.111,0.0,0.111,0.0,0.0,0.08,0.0,0,0,1,0,0,0,1,0,2,0,-0.217,,1.0
2017,60658,최병연,KIA,,False,3,2,0.0,0.0,0.0,0.0,0.0,0.0,0.0,-126.9,0,0,1,0,0,0,0,0,1,0,-0.002,-0.15,1.0
2014,64259,최병욱,두산,,False,1,0,0.0,0.0,0.0,0.0,0.0,0.0,0.0,0.0,0,0,0,0,0,0,0,0,0,0,0.0,,1.0
2021,68909,최보성,NC,,False,10,12,0.25,0.308,0.25,0.558,0.0,0.429,0.246,39.7,0,1,0,3,0,0,0,1,5,0,0.456,-0.18,1.0
2023,68909,최보성,NC,,False,12,19,0.2631578947368421,0.333,0.263,0.596,0.0,0.294,0.283,71.9,0,0,2,5,0,0,2,0,2,0,-0.026,-0.02,1.0
2022,68805,최상민,SSG,,False,27,14,0.0714285714285714,0.235,0.071,0.306,0.0,0.1,0.272,62.7,0,1,3,1,0,0,3,0,4,3,0.231,-0.02,1.0
2023,68805,최상민,SSG,,False,51,34,0.2352941176470588,0.308,0.235,0.543,0.0,0.286,0.268,61.7,0,3,5,8,0,0,4,0,7,2,-0.525,-0.12,1.0
2024,68805,최상민,SSG,,False,43,12,0.1666666666666666,0.231,0.333,0.564,0.166,0.286,0.319,86.8,0,1,9,2,2,0,0,1,5,2,0.109,0.29,1.0
2025,68805,최상민,SSG,,False,23,7,0.1428571428571428,0.333,0.143,0.476,0.0,0.5,0.263,56.1,0,1,5,1,0,0,1,1,5,1,-0.103,-0.06,1.0
2015,64493,최선호,삼성,,False,33,42,0.1666666666666666,0.167,0.19,0.357,0.0229999999999999,0.241,0.151,0.0,0,1,8,7,1,0,0,0,13,2,-0.689,,1.0
2016,64493,최선호,삼성,,False,60,26,0.1153846153846153,0.148,0.154,0.302,0.0389999999999999,0.2,0.139,0.0,0,3,11,3,1,0,1,0,11,1,-0.403,,1.0
2019,64493,최선호,삼성,,False,17,6,0.1666666666666666,0.375,0.167,0.542,0.0,0.167,0.293,65.2,0,0,1,1,0,0,2,0,0,1,0.012,0.03,1.0
2014,64718,최설우,한화,,False,1,0,0.0,0.0,0.0,0.0,0.0,0.0,0.0,0.0,0,0,0,0,0,0,0,0,0,0,0.0,,1.0
2019,64718,최설우,롯데,,False,1,0,0.0,0.0,0.0,0.0,0.0,0.0,0.0,0.0,0,0,0,0,0,0,0,0,0,0,0.0,0.0,1.0
2023,64718,최설우,롯데,,False,1,0,0.0,0.0,0.0,0.0,0.0,0.0,0.0,0.0,0,0,0,0,0,0,0,0,0,0,0.0,0.0,1.0
2025,51007,최성민,KT,외야수,False,32,19,0.1052631578947368,0.15,0.105,0.255,0.0,0.143,0.164,-17.5,0,2,3,2,0,0,1,0,5,1,-0.467,-0.15,1.0
2017,66920,최성영,NC,투수,False,2,0,0.0,0.0,0.0,0.0,0.0,0.0,0.0,0.0,0,0,0,0,0,0,0,0,0,0,0.0,0.0,1.0
2019,66920,최성영,NC,투수,False,1,0,0.0,0.0,0.0,0.0,0.0,0.0,0.0,0.0,0,0,0,0,0,0,0,0,0,0,0.0,0.0,1.0
2020,62146,최성훈,LG,,False,3,0,0.0,0.0,0.0,0.0,0.0,0.0,0.0,0.0,0,0,0,0,0,0,0,0,0,0,0.0,0.0,1.0
2021,62146,최성훈,LG,,False,5,0,0.0,0.0,0.0,0.0,0.0,0.0,0.0,0.0,0,0,0,0,0,0,0,0,0,0,0.0,0.0,1.0
2022,62146,최성훈,LG,,False,2,0,0.0,0.0,0.0,0.0,0.0,0.0,0.0,0.0,0,0,0,0,0,0,0,0,0,0,0.0,0.0,1.0
2019,65905,최승민,NC,,False,24,9,0.4444444444444444,0.5,0.556,1.056,0.112,0.571,0.466,208.8,0,1,5,4,1,0,1,0,2,6,0.179,0.18,1.0
2021,65905,최승민,NC,,False,48,31,0.2258064516129032,0.25,0.258,0.508,0.032,0.292,0.298,75.7,0,1,8,7,1,0,1,0,7,4,-0.307,-0.08,1.0
2022,65905,최승민,NC,,False,44,34,0.3235294117647059,0.324,0.324,0.648,0.0,0.407,0.291,78.8,0,3,19,11,0,0,0,0,7,6,-0.508,-0.04,1.0
2023,65905,최승민,LG,,False,38,14,0.0714285714285714,0.133,0.071,0.204,0.0,0.1,0.169,-10.5,0,1,10,1,0,0,1,0,4,8,-0.182,-0.18,1.0
2024,65905,최승민,LG,,False,57,13,0.0769230769230769,0.2,0.077,0.277,0.0,0.1,0.146,-25.2,0,1,20,1,0,0,2,0,3,11,-0.431,-0.15,1.0
2025,65905,최승민,LG,,False,19,5,0.0,0.167,0.0,0.167,0.0,0.0,0.12,-45.4,0,0,6,0,0,0,1,0,2,1,0.02,-0.23,1.0
2023,51264,최승용,두산,투수,False,2,0,0.0,0.0,0.0,0.0,0.0,0.0,0.0,0.0,0,0,0,0,0,0,0,0,0,0,0.0,0.0,1.0
2024,51264,최승용,두산,투수,False,1,0,0.0,0.0,0.0,0.0,0.0,0.0,0.0,0.0,0,0,0,0,0,0,0,0,0,0,0.0,0.0,1.0
2013,76158,최승준,LG,,False,2,5,0.0,0.0,0.0,0.0,0.0,0.0,0.0,0.0,0,0,0,0,0,0,0,0,4,0,0.0,,1.0
2014,76158,최승준,LG,,False,20,38,0.2631578947368421,0.3,0.5,0.8,0.237,0.32,0.339,0.0,2,11,4,10,3,0,2,0,11,0,-0.004,,1.0
2015,76158,최승준,LG,,False,8,26,0.0769230769230769,0.194,0.077,0.271,0.0,0.1,0.151,0.0,0,1,0,2,0,0,4,0,7,0,-0.526,,1.0
2016,76158,최승준,SK,,False,76,199,0.2663316582914573,0.364,0.578,0.942,0.3119999999999999,0.296,0.404,0.0,19,42,31,53,5,0,28,3,66,0,0.573,,1.0
2017,76158,최승준,SK,,False,31,90,0.2333333333333333,0.296,0.478,0.774,0.2449999999999999,0.3,0.33,80.4,6,16,11,21,4,0,7,1,34,0,-0.318,0.17,1.0
2018,76158,최승준,SK,,False,27,72,0.25,0.316,0.458,0.774,0.208,0.326,0.335,83.6,4,11,5,18,3,0,6,1,25,0,-0.034,0.07,1.0
2019,76158,최승준,SK,,False,10,22,0.2272727272727272,0.292,0.227,0.519,0.0,0.417,0.248,39.4,0,0,2,5,0,0,2,0,10,0,-0.213,-0.08,1.0
2020,76158,최승준,한화,,False,2,3,0.3333333333333333,0.5,0.333,0.833,0.0,1.0,0.413,152.4,0,1,1,1,0,0,0,1,2,0,0.061,0.06,1.0
2010,70122,최승환,두산,,False,42,44,0.25,0.292,0.295,0.587,0.0449999999999999,0.297,0.279,0.0,0,5,5,11,2,0,3,0,8,0,0.0,,1.0
2011,70122,최승환,두산,,False,17,33,0.1212121212121212,0.194,0.212,0.406,0.091,0.115,0.185,0.0,1,5,1,4,0,0,2,1,6,0,0.0,,1.0
2012,70122,최승환,한화,,False,24,46,0.2826086956521739,0.377,0.37,0.747,0.087,0.353,0.343,0.0,1,6,3,13,1,0,5,2,11,0,0.0,,1.0
2013,70122,최승환,한화,,False,10,14,0.0714285714285714,0.188,0.071,0.259,0.0,0.1,0.146,0.0,0,0,0,1,0,0,2,0,4,0,0.0,,1.0
2012,61197,최영진,LG,,False,43,79,0.240506329113924,0.282,0.291,0.573,0.0499999999999999,0.275,0.254,0.0,0,7,9,19,4,0,3,2,11,0,0.0,,1.0
2013,61197,최영진,LG,,False,6,8,0.125,0.125,0.125,0.25,0.0,0.333,0.113,0.0,0,0,0,1,0,0,0,0,5,0,0.0,,1.0
2014,61197,최영진,두산,,False,4,7,0.1428571428571428,0.143,0.143,0.286,0.0,0.167,0.129,0.0,0,1,1,1,0,0,0,0,1,0,-0.132,,1.0
2015,61197,최영진,두산,,False,1,1,0.0,0.0,0.0,0.0,0.0,0.0,0.0,0.0,0,0,0,0,0,0,0,0,0,0,-0.011,,1.0
2017,61197,최영진,삼성,,False,14,20,0.2,0.238,0.55,0.788,0.35,0.2,0.388,116.8,1,4,4,4,0,2,1,0,4,1,-0.037,0.12,1.0
2018,61197,최영진,삼성,,False,61,126,0.2936507936507936,0.341,0.444,0.785,0.15,0.351,0.343,83.3,4,18,13,37,7,0,10,0,30,2,-0.68,0.2,1.0
2019,61197,최영진,삼성,,False,96,251,0.250996015936255,0.296,0.378,0.674,0.127,0.291,0.292,55.8,5,20,29,63,15,1,14,2,47,4,-1.9,0.16,1.0
2020,61197,최영진,삼성,,False,58,101,0.297029702970297,0.385,0.356,0.741,0.059,0.341,0.346,89.2,1,11,15,30,3,0,13,2,16,2,-1.032,0.37,1.0
2021,61197,최영진,삼성,,False,44,57,0.2807017543859649,0.349,0.421,0.77,0.1399999999999999,0.341,0.341,104.6,1,6,9,16,1,2,5,1,12,1,-0.304,0.36,1.0
2022,61197,최영진,삼성,,False,43,80,0.188,0.278,0.313,0.591,0.125,0.224,0.266,52.9,2,10,5,15,4,0,8,2,20,2,-0.215,-0.19,1.0
2015,97336,최영필,KIA,,False,3,0,0.0,0.0,0.0,0.0,0.0,0.0,0.0,0.0,0,0,0,0,0,0,0,0,0,0,0.0,,1.0
2016,97336,최영필,KIA,,False,1,0,0.0,0.0,0.0,0.0,0.0,0.0,0.0,0.0,0,0,0,0,0,0,0,0,0,0,0.0,,1.0
2017,97336,최영필,KIA,,False,1,0,0.0,0.0,0.0,0.0,0.0,0.0,0.0,0.0,0,0,0,0,0,0,0,0,0,0,0.0,0.0,1.0
2010,78666,최용규,KIA,,False,22,25,0.16,0.214,0.2,0.414,0.04,0.222,0.187,0.0,0,1,4,4,1,0,1,1,8,0,0.0,,1.0
2015,78666,최용규,KIA,,False,69,182,0.2252747252747252,0.281,0.313,0.594,0.088,0.281,0.282,0.0,2,18,23,41,4,3,14,1,43,10,-1.231,,1.0
2016,64213,최용제,두산,,False,4,9,0.2222222222222222,0.3,0.222,0.522,0.0,0.286,0.229,0.0,0,1,0,2,0,0,1,0,2,0,-0.104,,1.0
2020,64213,최용제,두산,,False,28,44,0.2954545454545454,0.354,0.341,0.695,0.046,0.361,0.33,107.1,0,9,9,13,0,1,4,0,8,0,0.212,0.02,1.0
2021,64213,최용제,두산,,False,79,104,0.2788461538461538,0.356,0.308,0.664,0.0289999999999999,0.345,0.307,88.1,0,15,7,29,3,0,11,2,21,0,0.231,0.19,1.0
2022,64213,최용제,두산,,False,1,0,0.0,1.0,0.0,0.0,0.0,0.0,0.75,422.5,0,0,0,0,0,0,0,1,0,0,0.033,0.04,1.0
2012,62741,최우석,한화,,False,1,1,0.0,0.0,0.0,0.0,0.0,0.0,0.0,0.0,0,0,0,0,0,0,0,0,0,0,0.0,,1.0
2024,52103,최원영,LG,외야수,False,57,37,0.2702702702702703,0.341,0.405,0.746,0.135,0.31,0.357,114.1,1,5,18,10,2,0,1,3,7,6,-0.273,-0.04,1.0
2025,52103,최원영,LG,외야수,False,119,103,0.2815533980582524,0.33,0.33,0.66,0.048,0.345,0.293,78.8,0,2,37,29,5,0,4,4,20,8,-1.341,-0.18,1.0
2026,52103,최원영,LG,외야수,False,34,17,0.1176470588235294,0.118,0.176,0.294,0.0579999999999999,0.154,0.119,-45.1,0,1,7,2,1,0,0,0,4,4,-0.153,-0.34,0.757
2017,77466,최원제,삼성,,False,11,18,0.2222222222222222,0.222,0.389,0.611,0.167,0.333,0.257,33.9,0,3,3,4,3,0,0,0,6,0,0.023,-0.09,1.0
2018,77466,최원제,삼성,,False,8,11,0.2727272727272727,0.385,0.273,0.658,0.0,0.5,0.321,74.1,0,0,1,3,0,0,1,1,5,0,-0.075,0.01,1.0
2016,66606,최원준,KIA,외야수,False,14,24,0.4583333333333333,0.458,0.625,1.083,0.1669999999999999,0.5,0.452,0.0,1,4,5,11,1,0,0,0,3,1,0.476,,1.0
2017,66606,최원준,KIA,외야수,False,72,156,0.3076923076923077,0.351,0.462,0.813,0.154,0.331,0.346,95.1,3,27,27,48,15,0,10,2,20,3,0.105,0.64,1.0
2018,66606,최원준,KIA,외야수,False,101,302,0.271523178807947,0.324,0.364,0.688,0.0919999999999999,0.324,0.316,77.5,4,32,46,82,14,1,20,4,58,10,-0.151,0.26,1.0
2019,66606,최원준,KIA,외야수,False,90,232,0.1982758620689655,0.261,0.284,0.545,0.0859999999999999,0.249,0.253,49.7,1,18,33,46,11,3,16,4,51,8,-2.435,-0.9,1.0
2020,66606,최원준,KIA,외야수,False,123,359,0.3259052924791086,0.387,0.421,0.808,0.0949999999999999,0.352,0.37,120.9,2,35,72,117,16,6,33,6,35,14,0.873,2.92,1.0
2021,66606,최원준,KIA,외야수,True,143,589,0.2954159592529711,0.37,0.372,0.742,0.077,0.327,0.346,112.5,4,44,82,174,21,6,61,11,68,40,-1.121,3.73,1.0
2023,66606,최원준,KIA,외야수,False,67,239,0.2552301255230125,0.341,0.331,0.672,0.076,0.302,0.328,104.6,1,23,37,61,11,2,31,0,39,13,-0.368,0.72,1.0
2024,66606,최원준,KIA,외야수,True,136,438,0.2922374429223744,0.371,0.42,0.791,0.128,0.323,0.353,106.5,9,56,75,128,23,3,50,8,66,21,0.166,2.52,1.0
2025,66606,최원준,NC,외야수,True,126,413,0.2421307506053269,0.289,0.332,0.621,0.09,0.276,0.286,71.7,6,44,62,100,13,3,23,6,71,26,-2.142,1.17,1.0
2025,67263,최원준,두산,투수,False,1,0,0.0,0.0,0.0,0.0,0.0,0.0,0.0,0.0,0,0,0,0,0,0,0,0,0,0,0.0,0.0,1.0
2026,66606,최원준,KT,외야수,True,99,407,0.3513513513513513,0.427,0.489,0.916,0.138,0.399,0.41,147.5,8,57,86,143,26,3,50,6,64,20,3.413,4.78,0.757
2026,56793,최유빈,한화,내야수,False,4,0,0.0,0.0,0.0,0.0,0.0,0.0,0.0,0.0,0,0,1,0,0,0,0,0,0,0,0.0,0.0,0.757
2010,60805,최윤석,SK,,False,47,76,0.0921052631578947,0.186,0.118,0.304,0.0259999999999999,0.121,0.175,0.0,0,2,13,7,2,0,8,1,19,7,0.0,,1.0
2011,60805,최윤석,SK,,False,82,156,0.2435897435897435,0.395,0.301,0.696,0.0569999999999999,0.316,0.327,0.0,1,9,21,38,4,1,32,7,38,4,0.0,,1.0
2012,60805,최윤석,SK,,False,109,170,0.2294117647058823,0.359,0.253,0.612,0.0239999999999999,0.284,0.307,0.0,1,15,17,39,1,0,33,2,36,6,0.0,,1.0
2013,60805,최윤석,SK,,False,45,67,0.1940298507462686,0.341,0.254,0.595,0.06,0.289,0.281,0.0,0,4,10,13,4,0,13,2,22,0,0.0,,1.0
2016,60805,최윤석,한화,,False,11,16,0.125,0.176,0.125,0.301,0.0,0.167,0.148,0.0,0,0,2,2,0,0,1,0,4,0,-0.211,,1.0
2017,60805,최윤석,한화,,False,21,32,0.21875,0.219,0.219,0.438,0.0,0.269,0.191,-6.3,0,2,3,7,0,0,0,0,6,0,0.177,-0.31,1.0
2018,60805,최윤석,한화,,False,2,0,0.0,1.0,0.0,0.0,0.0,0.0,0.72,319.4,0,0,1,0,0,0,2,0,0,0,0.032,0.07,1.0
2019,60805,최윤석,한화,,False,7,12,0.25,0.4,0.25,0.65,0.0,0.375,0.324,98.0,0,1,3,3,0,0,3,0,4,0,-0.075,-0.03,1.0
2026,55894,최윤석,SSG,내야수,False,6,10,0.2,0.333,0.3,0.633,0.0999999999999999,0.25,0.301,79.4,0,0,1,2,1,0,1,1,2,0,-0.045,-0.03,0.757
2020,50707,최인호,한화,외야수,False,47,127,0.2362204724409448,0.261,0.236,0.497,0.0,0.316,0.234,33.8,0,8,8,30,0,0,4,1,34,0,-1.328,-0.15,1.0
2021,50707,최인호,한화,외야수,False,49,136,0.2058823529411764,0.329,0.338,0.667,0.132,0.264,0.312,87.9,4,23,17,28,6,0,24,2,43,2,-1.105,0.26,1.0
2023,50707,최인호,한화,외야수,False,41,131,0.2977099236641221,0.363,0.427,0.79,0.129,0.343,0.345,120.0,2,11,23,39,5,3,10,4,22,1,-0.248,0.65,1.0
2024,50707,최인호,한화,외야수,False,82,210,0.2857142857142857,0.367,0.395,0.762,0.109,0.324,0.359,110.5,2,22,37,60,13,2,25,3,31,3,0.091,1.45,1.0
2025,50707,최인호,한화,외야수,False,78,139,0.2589928057553957,0.342,0.367,0.709,0.1079999999999999,0.312,0.33,101.3,2,19,7,36,9,0,13,5,29,1,-0.242,0.68,1.0
2026,50707,최인호,한화,외야수,False,42,69,0.2898550724637681,0.354,0.391,0.745,0.101,0.317,0.343,101.9,1,7,7,20,4,0,7,1,10,0,-0.843,0.25,0.757
2026,56338,최재영,키움,내야수,False,25,28,0.1071428571428571,0.161,0.143,0.304,0.0359999999999999,0.176,0.174,-7.5,0,4,7,3,1,0,2,0,12,0,-0.246,-0.44,0.757
2013,63913,최재원,NC,,False,52,45,0.1333333333333333,0.291,0.178,0.469,0.0449999999999999,0.222,0.254,0.0,0,3,4,6,2,0,10,0,18,2,0.0,,1.0
2014,63913,최재원,NC,,False,2,1,0.0,0.5,0.0,0.5,0.0,0.0,0.36,0.0,0,0,1,0,0,0,1,0,1,0,0.082,,1.0
2015,63913,최재원,NC,,False,114,85,0.2470588235294117,0.366,0.412,0.778,0.1649999999999999,0.352,0.365,0.0,2,13,31,21,8,0,10,6,29,14,-0.764,,1.0
2016,63913,최재원,삼성,,False,28,81,0.3333333333333333,0.456,0.519,0.975,0.186,0.371,0.419,0.0,4,16,20,27,3,0,17,3,17,3,0.881,,1.0
2017,63913,최재원,LG,,False,69,142,0.2323943661971831,0.282,0.296,0.578,0.0639999999999999,0.291,0.256,62.1,1,12,20,33,4,1,8,3,34,3,-1.138,-0.62,1.0
2020,63913,최재원,LG,,False,6,6,0.0,0.0,0.0,0.0,0.0,0.0,0.0,-111.5,0,0,0,0,0,0,0,0,4,0,-0.085,-0.15,1.0
2012,78288,최재훈,두산,포수,False,69,91,0.2087912087912088,0.27,0.286,0.556,0.0769999999999999,0.243,0.244,0.0,1,8,9,19,4,0,4,4,17,0,0.0,,1.0
2013,78288,최재훈,두산,포수,False,60,89,0.2696629213483146,0.365,0.393,0.758,0.123,0.319,0.331,0.0,2,8,12,24,5,0,6,8,19,0,0.0,,1.0
2014,78288,최재훈,두산,포수,False,48,112,0.2410714285714285,0.287,0.313,0.6,0.072,0.286,0.27,0.0,1,10,9,27,3,1,5,3,22,0,-1.179,,1.0
2015,78288,최재훈,두산,포수,False,71,99,0.1515151515151515,0.234,0.182,0.416,0.03,0.185,0.207,0.0,0,7,6,15,3,0,3,8,19,0,-1.5699999999999998,,1.0
2016,78288,최재훈,두산,포수,False,22,18,0.1666666666666666,0.273,0.222,0.495,0.0549999999999999,0.176,0.238,0.0,0,4,1,3,1,0,2,1,2,0,-0.184,,1.0
2017,78288,최재훈,한화,포수,False,104,269,0.2565055762081784,0.34,0.305,0.645,0.0479999999999999,0.293,0.301,65.7,1,16,22,69,10,0,26,8,36,0,-1.602,0.36,1.0
2018,78288,최재훈,한화,포수,False,128,298,0.261744966442953,0.337,0.329,0.666,0.067,0.324,0.312,66.5,1,27,36,78,17,0,20,15,61,8,-1.669,0.16,1.0
2019,78288,최재훈,한화,포수,True,135,373,0.289544235924933,0.398,0.362,0.76,0.072,0.335,0.355,119.8,3,31,47,108,18,0,56,14,61,3,-1.834,2.37,1.0
2020,78288,최재훈,한화,포수,False,126,339,0.3008849557522124,0.383,0.383,0.766,0.082,0.339,0.355,112.3,3,36,46,102,19,0,29,16,44,0,-0.932,1.95,1.0
2021,78288,최재훈,한화,포수,True,116,375,0.2746666666666666,0.405,0.387,0.792,0.1119999999999999,0.317,0.366,124.9,7,44,52,103,21,0,72,12,68,3,0.162,3.87,1.0
2022,78288,최재훈,한화,포수,False,114,364,0.2225274725274725,0.339,0.302,0.641,0.0789999999999999,0.257,0.302,86.8,5,30,38,81,14,0,44,21,65,1,-2.381,1.66,1.0
2023,78288,최재훈,한화,포수,False,125,327,0.2477064220183486,0.392,0.294,0.686,0.0459999999999999,0.286,0.329,105.0,1,33,23,81,12,0,56,23,48,1,-1.113,2.46,1.0
2024,78288,최재훈,한화,포수,False,116,280,0.2571428571428571,0.371,0.336,0.707,0.079,0.304,0.324,87.3,4,37,34,72,10,0,33,21,58,0,-0.735,1.24,1.0
2025,78288,최재훈,한화,포수,False,121,269,0.2862453531598513,0.414,0.353,0.767,0.067,0.336,0.362,123.8,1,35,28,77,15,0,46,17,48,1,0.181,2.81,1.0
2026,78288,최재훈,한화,포수,False,44,93,0.1720430107526881,0.288,0.172,0.46,0.0,0.213,0.264,48.5,0,13,11,16,0,0,9,7,20,0,-0.486,-0.12,0.757
2010,75847,최정,SK,내야수,True,123,400,0.3,0.396,0.533,0.929,0.233,0.316,0.396,0.0,20,80,84,120,31,1,49,20,72,12,0.0,,1.0
2011,75847,최정,SK,내야수,True,113,403,0.3101736972704714,0.402,0.526,0.928,0.216,0.331,0.394,0.0,20,75,64,125,25,1,46,20,72,15,0.0,,1.0
2012,75847,최정,SK,내야수,True,130,474,0.2995780590717299,0.385,0.538,0.923,0.238,0.326,0.393,0.0,26,84,85,142,33,1,49,21,98,20,0.0,,1.0
2013,75847,최정,SK,내야수,True,120,434,0.315668202764977,0.429,0.551,0.98,0.235,0.365,0.427,0.0,28,83,75,137,18,0,64,24,109,24,0.0,,1.0
2014,75847,최정,SK,내야수,False,82,308,0.3051948051948052,0.397,0.506,0.903,0.201,0.351,0.405,0.0,14,76,65,94,20,0,37,12,69,7,3.66,,1.0
2015,75847,최정,SK,내야수,False,81,275,0.2945454545454545,0.401,0.542,0.943,0.247,0.35,0.402,0.0,17,58,43,81,17,0,46,5,78,5,0.829,,1.0
2016,75847,최정,SK,내야수,True,141,500,0.288,0.403,0.58,0.983,0.292,0.306,0.426,0.0,40,106,106,144,24,1,77,23,126,1,3.184,,1.0
2017,75847,최정,SK,내야수,True,130,430,0.3162790697674418,0.427,0.684,1.111,0.368,0.316,0.454,147.3,46,113,89,136,18,1,70,19,107,1,3.449,5.2,1.0
2018,75847,최정,SK,내야수,True,115,406,0.2438423645320197,0.368,0.547,0.915,0.303,0.262,0.393,114.4,35,74,95,99,16,1,58,23,129,9,1.665,2.54,1.0
2019,75847,최정,SK,내야수,True,141,503,0.2922465208747515,0.399,0.519,0.918,0.227,0.303,0.401,140.6,29,99,86,147,27,0,69,26,92,3,2.686,4.82,1.0
2020,75847,최정,SK,내야수,True,133,452,0.2699115044247787,0.392,0.538,0.93,0.268,0.272,0.404,125.7,33,96,90,122,22,0,75,20,98,8,2.977,4.0,1.0
2021,75847,최정,SSG,내야수,True,134,436,0.2775229357798165,0.41,0.562,0.972,0.284,0.277,0.424,159.0,35,100,92,121,17,1,84,22,102,8,3.391,5.72,1.0
2022,75847,최정,SSG,내야수,True,121,414,0.2657004830917874,0.386,0.505,0.891,0.239,0.282,0.396,146.6,26,87,80,110,21,0,66,19,96,12,2.462,4.23,1.0
2023,75847,최정,SSG,내야수,True,128,471,0.2972399150743099,0.388,0.548,0.936,0.251,0.307,0.4,147.1,29,87,94,140,31,0,59,15,87,7,1.126,4.77,1.0
2024,75847,최정,SSG,내야수,True,129,468,0.2905982905982906,0.384,0.594,0.978,0.303,0.306,0.413,137.7,37,107,93,136,27,2,55,20,114,5,2.691,4.47,1.0
2025,75847,최정,SSG,내야수,False,95,340,0.2441176470588235,0.36,0.482,0.842,0.238,0.265,0.363,112.9,23,63,54,83,12,0,51,12,94,1,0.805,1.9,1.0
2026,75847,최정,SSG,내야수,False,71,255,0.3058823529411765,0.397,0.616,1.013,0.31,0.33,0.423,144.4,20,57,45,78,17,1,37,6,66,3,1.259,2.91,0.757
2012,62893,최정민,SK,,False,2,1,0.0,0.0,0.0,0.0,0.0,0.0,0.0,0.0,0,0,2,0,0,0,0,0,0,0,0.0,,1.0
2015,62893,최정민,SK,,False,8,13,0.3076923076923077,0.357,0.308,0.665,0.0,0.4,0.288,0.0,0,2,1,4,0,0,1,0,3,0,0.045,,1.0
2016,62893,최정민,SK,,False,88,155,0.3290322580645161,0.386,0.368,0.754,0.0389999999999999,0.472,0.359,0.0,0,11,29,51,4,1,8,7,48,8,-0.038,,1.0
2017,62893,최정민,KIA,,False,8,9,0.3333333333333333,0.333,0.444,0.777,0.1109999999999999,0.6,0.338,90.1,0,1,1,3,1,0,0,0,4,0,-0.146,0.04,1.0
2018,62893,최정민,KIA,,False,57,83,0.253012048192771,0.319,0.349,0.668,0.0959999999999999,0.311,0.299,67.4,2,6,17,21,2,0,7,1,20,1,-0.449,-0.31,1.0
2019,62893,최정민,KIA,,False,4,5,0.0,0.0,0.0,0.0,0.0,0.0,0.0,-136.9,0,0,0,0,0,0,0,0,2,0,-0.189,-0.12,1.0
2020,62893,최정민,KIA,,False,24,9,0.1111111111111111,0.273,0.111,0.384,0.0,0.125,0.213,17.1,0,2,12,1,0,0,2,0,1,1,-0.287,-0.13,1.0
2021,62893,최정민,KIA,,False,39,15,0.3333333333333333,0.474,0.333,0.807,0.0,0.625,0.39,142.9,0,1,5,5,0,0,3,1,7,2,-0.259,0.07,1.0
2016,65464,최정용,SK,내야수,False,48,54,0.2962962962962963,0.333,0.352,0.685,0.0559999999999999,0.421,0.303,0.0,0,2,10,16,1,1,3,0,16,0,-0.308,,1.0
2017,65464,최정용,SK,내야수,False,5,6,0.3333333333333333,0.429,0.333,0.762,0.0,0.333,0.315,80.2,0,0,1,2,0,0,1,0,0,0,-0.406,-0.04,1.0
2019,65464,최정용,KIA,내야수,False,8,21,0.2857142857142857,0.286,0.286,0.572,0.0,0.545,0.257,52.0,0,1,4,6,0,0,0,0,10,0,-0.133,-0.09,1.0
2020,65464,최정용,KIA,내야수,False,38,56,0.1964285714285714,0.224,0.268,0.492,0.072,0.25,0.231,29.6,1,5,5,11,1,0,2,0,15,0,-0.255,-0.26,1.0
2021,65464,최정용,KIA,내야수,False,53,52,0.1923076923076923,0.306,0.212,0.518,0.0199999999999999,0.27,0.243,39.2,0,2,7,10,1,0,9,0,16,2,-0.892,-0.2,1.0
2022,65464,최정용,KIA,내야수,False,30,22,0.0909090909090909,0.091,0.091,0.182,0.0,0.125,0.078,-80.7,0,0,5,2,0,0,0,0,6,0,-0.425,-0.45,1.0
2023,65464,최정용,KIA,내야수,False,56,36,0.1666666666666666,0.211,0.194,0.405,0.0269999999999999,0.222,0.22,24.8,0,1,17,6,1,0,2,0,9,4,-0.427,-0.07,1.0
2024,65464,최정용,KIA,내야수,False,6,11,0.1818181818181818,0.25,0.182,0.432,0.0,0.286,0.21,14.3,0,1,0,2,0,0,1,0,4,0,-0.124,-0.12,1.0
2025,65464,최정용,KIA,내야수,False,4,6,0.1666666666666666,0.167,0.167,0.334,0.0,0.25,0.15,-24.8,0,0,0,1,0,0,0,0,2,0,-0.163,-0.05,1.0
2020,69992,최정원,NC,내야수,False,49,40,0.275,0.383,0.4,0.783,0.125,0.407,0.346,104.8,0,2,18,11,3,1,7,0,13,4,0.023,0.19,1.0
2021,69992,최정원,NC,내야수,False,72,212,0.2830188679245283,0.35,0.321,0.671,0.038,0.349,0.309,84.2,0,8,40,60,4,2,18,4,40,10,-1.233,0.22,1.0
2023,69992,최정원,NC,내야수,False,39,50,0.26,0.315,0.4,0.715,0.14,0.351,0.32,96.2,0,5,12,13,3,2,1,3,13,4,0.03,0.23,1.0
2024,69992,최정원,NC,내야수,False,65,131,0.2824427480916031,0.377,0.344,0.721,0.062,0.367,0.331,91.7,1,14,33,37,5,0,17,4,34,7,-0.791,0.37,1.0
2025,69992,최정원,NC,내야수,False,91,120,0.275,0.417,0.3,0.717,0.0249999999999999,0.333,0.352,119.4,0,11,40,33,3,0,18,12,22,30,0.414,1.64,1.0
2026,69992,최정원,NC,내야수,False,81,135,0.2740740740740741,0.351,0.304,0.655,0.0299999999999999,0.352,0.311,84.4,0,7,31,37,4,0,11,5,30,24,-0.894,0.48,0.757
2021,51574,최종은,롯데,,False,1,1,0.0,0.0,0.0,0.0,0.0,0.0,0.0,-136.0,0,0,0,0,0,0,0,0,1,0,0.0,-0.02,1.0
2026,56215,최주형,두산,투수,False,1,0,0.0,0.0,0.0,0.0,0.0,0.0,0.0,0.0,0,0,0,0,0,0,0,0,0,0,0.0,0.0,0.757
2012,76267,최주환,두산,내야수,False,81,210,0.2714285714285714,0.336,0.371,0.707,0.0999999999999999,0.296,0.313,0.0,2,22,29,57,11,2,18,3,23,4,0.0,,1.0
2013,76267,최주환,두산,내야수,False,47,91,0.2967032967032967,0.35,0.44,0.79,0.143,0.309,0.341,0.0,2,10,12,27,5,1,8,0,9,1,0.0,,1.0
2014,76267,최주환,두산,내야수,False,82,189,0.2804232804232804,0.333,0.418,0.751,0.1379999999999999,0.302,0.341,0.0,4,31,38,53,14,0,14,2,25,1,0.423,,1.0
2015,76267,최주환,두산,내야수,False,100,238,0.2815126050420168,0.356,0.429,0.785,0.147,0.31,0.343,0.0,5,32,34,67,16,2,25,3,34,0,0.376,,1.0
2016,76267,최주환,두산,내야수,False,85,160,0.28125,0.339,0.388,0.727,0.1069999999999999,0.301,0.316,0.0,2,22,21,45,11,0,12,4,19,0,-0.412,,1.0
2017,76267,최주환,두산,내야수,True,129,399,0.3007518796992481,0.37,0.424,0.794,0.123,0.333,0.351,109.9,7,57,65,120,16,6,38,9,58,3,-0.122,1.92,1.0
2018,76267,최주환,두산,내야수,True,138,519,0.3333333333333333,0.397,0.582,0.979,0.2489999999999999,0.355,0.423,162.2,26,108,87,173,39,6,51,10,89,1,2.592,6.58,1.0
2019,76267,최주환,두산,내야수,False,87,285,0.2771929824561403,0.332,0.365,0.697,0.0879999999999999,0.292,0.315,106.0,4,47,27,79,13,0,28,1,35,0,-1.372,1.45,1.0
2020,76267,최주환,두산,내야수,True,140,509,0.3064833005893909,0.366,0.473,0.839,0.1669999999999999,0.32,0.369,139.4,16,88,63,156,29,4,47,7,66,2,0.227,4.41,1.0
2021,76267,최주환,SSG,내야수,True,116,406,0.2561576354679803,0.353,0.429,0.782,0.173,0.281,0.351,107.8,18,67,50,104,16,0,53,9,84,2,-1.719,2.09,1.0
2022,76267,최주환,SSG,내야수,False,97,298,0.2114093959731543,0.288,0.362,0.65,0.151,0.229,0.286,68.2,9,41,36,63,14,2,29,4,55,0,-0.998,-0.02,1.0
2023,76267,최주환,SSG,내야수,True,134,426,0.2347417840375587,0.31,0.432,0.742,0.197,0.254,0.322,92.5,20,63,48,100,24,0,44,4,94,0,0.087,1.88,1.0
2024,76267,최주환,키움,내야수,True,130,482,0.2572614107883817,0.325,0.39,0.715,0.133,0.288,0.318,83.7,13,84,49,124,23,1,47,6,92,0,-1.16,0.77,1.0
2025,76267,최주환,키움,내야수,True,120,459,0.2745098039215686,0.33,0.425,0.755,0.1499999999999999,0.295,0.332,106.0,12,74,45,126,31,1,36,5,66,0,-0.099,1.95,1.0
2026,76267,최주환,키움,내야수,False,89,248,0.2338709677419354,0.331,0.319,0.65,0.0849999999999999,0.263,0.299,75.9,3,30,23,58,10,1,36,1,38,0,-0.188,0.09,0.757
2010,71552,최준석,두산,,True,127,424,0.320754716981132,0.397,0.542,0.939,0.221,0.355,0.408,0.0,22,82,63,136,26,1,50,5,83,0,0.0,,1.0
2011,71552,최준석,두산,,True,124,421,0.2707838479809976,0.354,0.439,0.793,0.1679999999999999,0.322,0.348,0.0,15,75,49,114,26,0,56,1,104,0,0.0,,1.0
2012,71552,최준석,두산,,False,89,248,0.25,0.322,0.343,0.665,0.093,0.286,0.309,0.0,6,30,15,62,3,1,25,2,47,1,0.0,,1.0
2013,71552,최준석,두산,,False,100,222,0.2702702702702703,0.376,0.401,0.777,0.131,0.312,0.363,0.0,7,36,22,60,8,0,39,0,47,0,0.0,,1.0
2014,71552,최준석,롯데,,True,121,371,0.2857142857142857,0.411,0.507,0.918,0.221,0.312,0.41,0.0,23,90,54,106,13,0,81,2,88,1,3.917,,1.0
2015,71552,최준석,롯데,,True,144,507,0.3057199211045365,0.428,0.529,0.957,0.223,0.362,0.42,0.0,31,109,78,155,18,1,108,1,134,0,3.486,,1.0
2016,71552,최준석,롯데,,False,116,325,0.2615384615384615,0.384,0.468,0.852,0.206,0.317,0.382,0.0,19,70,49,85,10,0,64,3,102,0,1.183,,1.0
2017,71552,최준석,롯데,,True,125,409,0.2909535452322738,0.364,0.43,0.794,0.139,0.338,0.359,92.4,14,82,43,119,15,0,49,1,89,0,0.782,1.69,1.0
2018,71552,최준석,NC,,False,93,153,0.2549019607843137,0.352,0.353,0.705,0.0979999999999999,0.318,0.332,93.2,4,24,7,39,3,0,24,0,41,0,-0.451,0.3,1.0
2026,50556,최준용,롯데,투수,False,4,0,0.0,0.0,0.0,0.0,0.0,0.0,0.0,0.0,0,0,0,0,0,0,0,0,0,0,0.0,0.0,0.757
2019,68868,최준우,SK,외야수,False,15,33,0.2121212121212121,0.278,0.273,0.551,0.061,0.233,0.254,47.8,0,0,3,7,2,0,3,0,3,0,-0.294,-0.01,1.0
2020,68868,최준우,SK,외야수,False,66,182,0.2362637362637362,0.307,0.308,0.615,0.072,0.263,0.288,57.1,3,14,23,43,4,0,19,0,28,1,-1.039,-0.23,1.0
2022,68868,최준우,SSG,외야수,False,10,12,0.25,0.375,0.25,0.625,0.0,0.3,0.304,86.2,0,1,0,3,0,0,3,0,3,0,-0.114,0.03,1.0
2023,68868,최준우,SSG,외야수,False,38,60,0.2666666666666666,0.348,0.283,0.631,0.0159999999999999,0.314,0.324,103.0,0,6,5,16,1,0,8,0,10,0,-0.508,0.37,1.0
2024,68868,최준우,SSG,외야수,False,18,25,0.24,0.441,0.32,0.761,0.08,0.353,0.369,117.7,0,5,2,6,2,0,9,0,8,0,-0.179,0.14,1.0
2025,68868,최준우,SSG,외야수,False,78,152,0.1907894736842105,0.328,0.25,0.578,0.059,0.245,0.291,73.9,3,22,17,29,0,0,30,3,47,2,-0.475,-0.01,1.0
2026,68868,최준우,SSG,외야수,False,26,42,0.238095238095238,0.373,0.357,0.73,0.119,0.29,0.338,100.6,1,2,10,10,2,0,8,1,10,0,-0.231,0.12,0.757
2024,52206,최지강,두산,투수,False,2,0,0.0,0.0,0.0,0.0,0.0,0.0,0.0,0.0,0,0,0,0,0,0,0,0,0,0,0.0,0.0,1.0
2026,52206,최지강,두산,투수,False,1,0,0.0,0.0,0.0,0.0,0.0,0.0,0.0,0.0,0,0,0,0,0,0,0,0,0,0,0.0,0.0,0.757
2019,67421,최지광,삼성,투수,False,1,0,0.0,0.0,0.0,0.0,0.0,0.0,0.0,0.0,0,0,0,0,0,0,0,0,0,0,0.0,0.0,1.0
2024,67421,최지광,삼성,투수,False,1,0,0.0,0.0,0.0,0.0,0.0,0.0,0.0,0.0,0,0,0,0,0,0,0,0,0,0,0.0,0.0,1.0
2024,52639,최지민,KIA,투수,False,2,0,0.0,0.0,0.0,0.0,0.0,0.0,0.0,0.0,0,0,0,0,0,0,0,0,0,0,0.0,0.0,1.0
2020,50854,최지훈,SK,외야수,True,127,466,0.2575107296137339,0.318,0.326,0.644,0.068,0.307,0.299,69.1,1,27,66,120,19,5,38,5,80,18,-3.729,1.05,1.0
2021,50854,최지훈,SSG,외야수,True,136,461,0.2624728850325379,0.342,0.362,0.704,0.0999999999999999,0.297,0.318,92.9,5,45,75,121,19,6,51,8,71,26,-1.312,2.32,1.0
2022,50854,최지훈,SSG,외야수,True,144,569,0.3040421792618629,0.362,0.427,0.789,0.123,0.335,0.349,119.9,10,61,93,173,32,4,47,7,77,31,-0.365,5.48,1.0
2023,50854,최지훈,SSG,외야수,True,117,462,0.2683982683982684,0.315,0.357,0.672,0.0889999999999999,0.297,0.31,94.4,2,30,65,124,19,8,29,3,50,21,-2.678,2.22,1.0
2024,50854,최지훈,SSG,외야수,True,125,483,0.2753623188405797,0.345,0.418,0.763,0.1429999999999999,0.303,0.34,97.6,11,49,89,133,22,7,50,2,71,32,-0.713,2.57,1.0
2025,50854,최지훈,SSG,외야수,True,140,517,0.2843326885880077,0.342,0.371,0.713,0.087,0.327,0.326,98.5,7,45,66,147,16,4,43,5,87,28,-1.635,2.34,1.0
2026,50854,최지훈,SSG,외야수,True,107,399,0.2456140350877193,0.305,0.409,0.714,0.1629999999999999,0.264,0.318,87.8,11,43,57,98,18,7,32,4,62,16,-0.599,1.55,0.757
2010,74729,최진행,한화,,True,129,464,0.2607758620689655,0.339,0.515,0.854,0.254,0.294,0.368,0.0,32,92,66,121,22,0,47,9,131,5,0.0,,1.0
2011,74729,최진행,한화,,True,127,434,0.2764976958525346,0.38,0.438,0.818,0.1619999999999999,0.325,0.366,0.0,19,85,63,120,11,1,61,13,107,3,0.0,,1.0
2012,74729,최진행,한화,,True,120,395,0.2481012658227848,0.361,0.443,0.804,0.195,0.297,0.358,0.0,17,55,59,98,26,0,66,6,109,6,0.0,,1.0
2013,74729,최진행,한화,,True,106,367,0.2997275204359673,0.387,0.439,0.826,0.139,0.372,0.37,0.0,8,53,39,110,27,0,50,3,86,0,0.0,,1.0
2014,74729,최진행,한화,,False,99,299,0.2608695652173913,0.317,0.435,0.752,0.174,0.313,0.335,0.0,12,45,32,78,16,0,23,3,79,1,0.613,,1.0
2015,74729,최진행,한화,,False,109,333,0.2912912912912913,0.41,0.505,0.915,0.214,0.364,0.406,0.0,18,64,55,97,17,0,65,4,101,0,1.76,,1.0
2016,74729,최진행,한화,,False,28,70,0.3285714285714285,0.434,0.4,0.834,0.071,0.415,0.375,0.0,1,9,4,23,2,0,11,2,16,0,0.335,,1.0
2017,74729,최진행,한화,,False,89,258,0.3062015503875969,0.375,0.539,0.914,0.233,0.391,0.404,130.2,13,50,29,79,21,0,19,10,77,0,0.969,2.1,1.0
2018,74729,최진행,한화,,False,57,136,0.213235294117647,0.305,0.39,0.695,0.177,0.289,0.326,71.1,7,13,14,29,3,0,15,3,53,0,-0.793,-0.07,1.0
2019,74729,최진행,한화,,False,45,117,0.2307692307692307,0.295,0.436,0.731,0.205,0.25,0.336,102.3,6,19,10,27,6,0,9,2,28,0,-0.334,0.51,1.0
2020,74729,최진행,한화,,False,84,214,0.2336448598130841,0.304,0.369,0.673,0.1349999999999999,0.28,0.303,75.4,8,30,23,50,5,0,18,5,59,0,-1.277,0.0,1.0
2017,66451,최충연,삼성,투수,False,1,0,0.0,0.0,0.0,0.0,0.0,0.0,0.0,0.0,0,0,0,0,0,0,0,0,0,0,0.0,0.0,1.0
2017,62884,최항,SK,,False,37,106,0.320754716981132,0.351,0.425,0.776,0.1039999999999999,0.423,0.334,94.2,1,16,14,34,8,0,3,3,29,0,-0.421,0.35,1.0
2018,62884,최항,SK,,False,98,222,0.2927927927927928,0.384,0.45,0.834,0.157,0.367,0.372,110.2,7,35,38,65,12,1,25,8,57,2,-0.647,1.14,1.0
2019,62884,최항,SK,,False,52,127,0.2283464566929134,0.322,0.268,0.59,0.04,0.279,0.278,63.9,0,14,12,29,5,0,16,2,24,2,-1.5510000000000002,0.12,1.0
2020,62884,최항,SK,,False,47,132,0.2651515151515151,0.368,0.333,0.701,0.068,0.317,0.323,77.4,2,15,21,35,3,0,21,1,27,1,-0.32,0.55,1.0
2021,62884,최항,SSG,,False,34,69,0.2753623188405797,0.346,0.333,0.679,0.0579999999999999,0.352,0.302,75.4,0,7,5,19,2,1,6,2,16,1,-0.417,0.02,1.0
2022,62884,최항,SSG,,False,15,20,0.1,0.208,0.1,0.308,0.0,0.143,0.205,12.3,0,1,0,2,0,0,2,1,7,0,-0.245,-0.15,1.0
2023,62884,최항,SSG,,False,21,28,0.2857142857142857,0.382,0.429,0.811,0.143,0.438,0.348,117.6,1,6,3,8,1,0,5,0,12,0,-0.031,0.05,1.0
2024,62884,최항,롯데,,False,72,132,0.25,0.308,0.288,0.596,0.0379999999999999,0.33,0.275,50.5,0,12,17,33,3,1,10,1,32,0,-1.339,-0.2,1.0
2025,62884,최항,롯데,,False,8,6,0.1666666666666666,0.286,0.167,0.453,0.0,0.5,0.231,29.2,0,1,1,1,0,0,1,0,4,0,-0.056,-0.09,1.0
2026,62884,최항,롯데,,False,4,11,0.1818181818181818,0.308,0.182,0.49,0.0,0.286,0.252,39.6,0,0,1,2,0,0,1,1,4,0,-0.051,-0.07,0.757
2013,90687,최향남,KIA,,False,1,0,0.0,0.0,0.0,0.0,0.0,0.0,0.0,0.0,0,0,0,0,0,0,0,0,0,0,0.0,,1.0
2025,54803,최현석,SSG,투수,False,1,0,0.0,0.0,0.0,0.0,0.0,0.0,0.0,0.0,0,0,0,0,0,0,0,0,0,0,0.0,0.0,1.0
2010,72443,최형우,삼성,외야수,True,121,420,0.2785714285714286,0.389,0.524,0.913,0.245,0.3,0.392,0.0,24,97,71,117,29,1,71,8,91,4,0.0,,1.0
2011,72443,최형우,삼성,외야수,True,133,480,0.3395833333333333,0.427,0.617,1.044,0.2769999999999999,0.358,0.439,0.0,30,118,80,163,37,3,76,5,88,4,0.0,,1.0
2012,72443,최형우,삼성,외야수,True,125,461,0.2711496746203904,0.348,0.425,0.773,0.1539999999999999,0.291,0.341,0.0,14,77,51,125,27,1,55,5,76,2,0.0,,1.0
2013,72443,최형우,삼성,외야수,True,128,511,0.3052837573385518,0.366,0.53,0.896,0.225,0.318,0.389,0.0,29,98,80,156,28,0,47,7,91,2,0.0,,1.0
2014,72443,최형우,삼성,외야수,True,113,430,0.3558139534883721,0.426,0.649,1.075,0.293,0.356,0.457,0.0,31,100,92,153,33,0,50,7,62,4,3.459,,1.0
2015,72443,최형우,삼성,외야수,True,144,547,0.3180987202925046,0.402,0.563,0.965,0.2449999999999999,0.335,0.413,0.0,33,123,94,174,33,1,73,9,101,2,2.5709999999999997,,1.0
2016,72443,최형우,삼성,외야수,True,138,519,0.3757225433526011,0.464,0.651,1.115,0.275,0.398,0.471,0.0,31,144,99,195,46,2,83,9,83,2,5.07,,1.0
2017,72443,최형우,KIA,외야수,True,142,514,0.3424124513618677,0.45,0.576,1.026,0.2339999999999999,0.362,0.443,151.6,26,120,98,176,36,3,96,11,82,0,3.732,6.95,1.0
2018,72443,최형우,KIA,외야수,True,143,528,0.3390151515151515,0.414,0.549,0.963,0.21,0.363,0.42,137.2,25,103,92,179,34,1,66,7,87,3,4.105,5.43,1.0
2019,72443,최형우,KIA,외야수,True,136,456,0.300438596491228,0.413,0.485,0.898,0.185,0.325,0.392,147.9,17,86,65,137,31,1,85,7,77,0,1.711,4.9,1.0
2020,72443,최형우,KIA,외야수,True,140,522,0.3544061302681992,0.433,0.59,1.023,0.236,0.396,0.441,164.8,28,115,93,185,37,1,70,5,101,0,5.322,7.06,1.0
2021,72443,최형우,KIA,외야수,True,104,373,0.2332439678284182,0.354,0.375,0.729,0.142,0.253,0.337,95.1,12,55,52,87,15,1,67,4,67,0,0.019,1.18,1.0
2022,72443,최형우,KIA,외야수,True,132,454,0.2643171806167401,0.366,0.421,0.787,0.1569999999999999,0.303,0.358,123.0,14,71,55,120,27,1,73,1,92,1,-0.439,3.24,1.0
2023,72443,최형우,KIA,외야수,True,121,431,0.3016241299303944,0.4,0.487,0.887,0.185,0.337,0.395,153.4,17,81,64,130,27,1,65,8,83,0,2.256,4.78,1.0
2024,72443,최형우,KIA,외야수,True,116,425,0.28,0.361,0.499,0.86,0.2189999999999999,0.301,0.379,119.7,22,109,67,119,23,2,52,5,86,1,2.801,2.7,1.0
2025,72443,최형우,KIA,외야수,True,133,469,0.3070362473347548,0.399,0.529,0.928,0.222,0.341,0.399,146.1,24,86,74,144,30,1,67,8,98,1,1.716,4.87,1.0
2026,72443,최형우,삼성,외야수,True,100,357,0.3165266106442577,0.415,0.476,0.891,0.1589999999999999,0.355,0.392,125.4,13,75,47,113,18,0,60,4,68,1,1.357,2.97,0.757
2010,75608,최훈락,KIA,,False,19,40,0.275,0.348,0.425,0.773,0.1499999999999999,0.375,0.334,0.0,2,6,4,11,0,0,2,3,15,2,0.0,,1.0
2011,75608,최훈락,KIA,,False,35,49,0.2244897959183673,0.296,0.306,0.602,0.0819999999999999,0.297,0.293,0.0,0,2,9,11,4,0,3,2,12,0,0.0,,1.0
2012,75608,최훈락,KIA,,False,25,28,0.25,0.371,0.286,0.657,0.0359999999999999,0.389,0.371,0.0,0,1,5,7,1,0,0,6,11,0,0.0,,1.0
2013,75608,최훈락,KIA,,False,16,18,0.1111111111111111,0.158,0.111,0.269,0.0,0.154,0.134,0.0,0,1,1,2,0,0,0,1,5,1,0.0,,1.0
2010,77623,최희섭,KIA,,True,126,444,0.286036036036036,0.398,0.482,0.88,0.196,0.334,0.384,0.0,21,84,78,127,22,1,81,4,109,4,0.0,,1.0
2011,77623,최희섭,KIA,,False,70,242,0.2809917355371901,0.379,0.459,0.838,0.178,0.341,0.373,0.0,9,37,36,68,14,1,39,0,61,1,0.0,,1.0
2012,77623,최희섭,KIA,,False,80,246,0.2520325203252032,0.379,0.407,0.786,0.1549999999999999,0.291,0.357,0.0,7,42,31,62,17,0,50,2,53,1,0.0,,1.0
2013,77623,최희섭,KIA,,False,78,252,0.2579365079365079,0.38,0.464,0.844,0.206,0.316,0.37,0.0,11,42,29,65,17,1,44,7,72,1,0.0,,1.0
2015,77623,최희섭,KIA,,False,42,125,0.256,0.369,0.424,0.793,0.1679999999999999,0.302,0.36,0.0,6,20,18,32,3,0,22,1,34,0,-0.596,,1.0
2010,72139,추승우,한화,,False,111,260,0.2346153846153846,0.322,0.319,0.641,0.084,0.296,0.292,0.0,2,23,39,61,8,4,29,6,62,10,0.0,,1.0
2011,72139,추승우,한화,,False,19,44,0.2045454545454545,0.255,0.205,0.46,0.0,0.281,0.21,0.0,0,1,5,9,0,0,2,1,12,0,0.0,,1.0
2012,72139,추승우,한화,,False,18,52,0.173076923076923,0.271,0.308,0.579,0.135,0.22,0.279,0.0,0,8,4,9,5,1,6,1,11,3,0.0,,1.0
2013,72139,추승우,한화,,False,72,158,0.3037974683544304,0.383,0.367,0.75,0.063,0.343,0.349,0.0,1,17,19,48,7,0,17,4,21,12,0.0,,1.0
2014,72139,추승우,한화,,False,9,6,0.1666666666666666,0.5,0.167,0.667,0.0,0.25,0.378,0.0,0,0,3,1,0,0,4,0,2,0,0.257,,1.0
2021,51817,추신수,SSG,,True,137,461,0.2646420824295011,0.409,0.451,0.86,0.186,0.315,0.393,138.7,21,69,84,122,19,2,103,12,123,25,2.955,4.49,1.0
2022,51817,추신수,SSG,,True,112,409,0.2591687041564792,0.382,0.43,0.812,0.1709999999999999,0.303,0.374,134.9,16,58,77,106,20,1,71,13,100,15,0.439,3.74,1.0
2023,51817,추신수,SSG,,True,112,382,0.253926701570681,0.379,0.398,0.777,0.144,0.29,0.358,124.1,12,41,65,97,17,1,65,13,79,6,-0.53,2.81,1.0
2024,51817,추신수,SSG,,False,78,253,0.2806324110671936,0.373,0.403,0.776,0.122,0.355,0.354,106.4,5,37,40,71,14,1,37,4,68,5,-0.409,1.29,1.0
2019,68362,추재현,키움,외야수,False,1,1,0.0,0.0,0.0,0.0,0.0,0.0,0.0,-139.5,0,0,0,0,0,0,0,0,0,0,0.0,-0.02,1.0
2020,68362,추재현,롯데,외야수,False,13,24,0.125,0.25,0.125,0.375,0.0,0.188,0.199,1.3,0,0,3,3,0,0,4,0,8,0,-0.332,-0.24,1.0
2021,68362,추재현,롯데,외야수,False,95,262,0.2519083969465648,0.336,0.366,0.702,0.1139999999999999,0.305,0.319,87.3,5,26,37,66,15,0,26,7,57,4,-1.103,0.92,1.0
2022,68362,추재현,롯데,외야수,False,33,58,0.2241379310344827,0.318,0.293,0.611,0.0689999999999999,0.317,0.286,69.4,0,5,10,13,4,0,7,1,17,1,-0.775,-0.1,1.0
2024,68362,추재현,롯데,외야수,False,2,0,0.0,0.0,0.0,0.0,0.0,0.0,0.0,0.0,0,0,1,0,0,0,0,0,0,1,0.013,0.0,1.0
2025,68362,추재현,두산,외야수,False,34,81,0.2222222222222222,0.259,0.321,0.58,0.099,0.27,0.262,58.4,1,7,7,18,3,1,3,1,17,0,-1.413,-0.25,1.0
2026,68362,추재현,키움,외야수,False,47,155,0.2967741935483871,0.374,0.394,0.768,0.097,0.35,0.346,110.6,3,11,18,46,6,0,16,3,29,0,-0.627,0.69,0.757
2024,54444,카디네스,삼성,,False,7,24,0.3333333333333333,0.36,0.667,1.027,0.334,0.375,0.465,164.7,2,5,2,8,2,0,1,0,6,0,0.545,0.25,1.0
2025,54444,카디네스,키움,,False,86,320,0.253125,0.33,0.372,0.702,0.119,0.297,0.323,98.3,7,42,33,81,15,1,32,6,67,1,-1.649,1.14,1.0
2026,56251,카메론,두산,외야수,False,75,279,0.2867383512544803,0.36,0.473,0.833,0.186,0.324,0.368,128.3,9,43,39,80,19,3,30,3,53,9,0.267,1.74,0.757
2026,56626,카스트로,KIA,외야수,False,61,242,0.3471074380165289,0.378,0.579,0.957,0.2319999999999999,0.379,0.412,149.6,12,48,42,84,20,0,13,1,43,0,0.904,2.63,0.757
2014,64203,칸투,두산,,True,111,376,0.3085106382978723,0.375,0.524,0.899,0.215,0.356,0.391,0.0,18,72,56,116,25,1,34,7,85,1,1.689,,1.0
2025,55208,케이브,두산,,True,136,538,0.2992565055762082,0.351,0.463,0.814,0.164,0.35,0.36,130.1,16,87,72,161,28,6,43,4,116,17,-0.313,4.43,1.0
2026,56760,쿠싱,한화,투수,False,3,0,0.0,0.0,0.0,0.0,0.0,0.0,0.0,0.0,0,0,0,0,0,0,0,0,0,0,0.0,0.0,0.757
2021,51309,크레익,키움,,False,61,222,0.2477477477477477,0.32,0.383,0.703,0.135,0.282,0.322,93.7,6,30,25,55,12,0,20,4,43,0,-0.936,0.86,1.0
2022,52827,크론,SSG,내야수,False,67,243,0.2222222222222222,0.255,0.42,0.675,0.1979999999999999,0.256,0.296,77.3,11,35,21,54,13,1,9,3,68,0,-1.284,0.42,1.0
2010,78725,클락,넥센,,False,92,347,0.2651296829971181,0.343,0.427,0.77,0.1619999999999999,0.297,0.342,0.0,12,50,58,92,16,2,43,1,72,12,0.0,,1.0
2015,62451,탈보트,한화,,False,1,0,0.0,0.0,0.0,0.0,0.0,0.0,0.0,0.0,0,0,0,0,0,0,0,0,0,0,0.0,,1.0
2019,69652,터커,KIA,,False,95,357,0.3109243697478991,0.381,0.479,0.86,0.1679999999999999,0.334,0.379,143.4,9,50,50,111,33,0,38,3,44,0,-0.451,3.48,1.0
2020,69652,터커,KIA,,True,142,542,0.3062730627306273,0.398,0.557,0.955,0.251,0.3,0.408,144.6,32,113,100,166,40,0,76,9,67,0,0.828,6.21,1.0
2021,69652,터커,KIA,,True,127,468,0.2371794871794871,0.334,0.35,0.684,0.1129999999999999,0.258,0.316,90.4,9,59,42,111,24,1,61,8,66,0,-1.273,0.82,1.0
2022,52712,터크먼,한화,외야수,True,144,575,0.288695652173913,0.366,0.43,0.796,0.141,0.334,0.358,124.3,12,43,88,166,37,4,64,7,104,19,-1.102,5.0,1.0
2014,64914,테임즈,NC,,True,125,443,0.3431151241534989,0.422,0.688,1.11,0.3449999999999999,0.367,0.467,0.0,37,121,95,152,30,6,58,7,99,11,6.103,,1.0
2015,64914,테임즈,NC,,True,142,472,0.3813559322033898,0.497,0.79,1.287,0.409,0.39,0.525,0.0,47,140,130,180,42,5,103,13,91,40,5.822,,1.0
2016,64914,테임즈,NC,,True,123,436,0.3211009174311927,0.427,0.679,1.106,0.358,0.333,0.462,0.0,40,121,118,140,30,3,74,12,103,13,5.255,,1.0
2018,68244,파레디스,두산,,False,21,65,0.1384615384615384,0.197,0.246,0.443,0.1079999999999999,0.167,0.205,13.4,1,4,7,9,2,1,4,1,17,1,-0.787,-0.55,1.0
2020,50469,팔카,삼성,,False,51,196,0.2091836734693877,0.272,0.367,0.639,0.158,0.248,0.288,43.9,8,23,17,41,7,0,18,0,58,2,-1.405,-0.41,1.0
2018,67645,팻딘,KIA,,False,2,0,0.0,0.0,0.0,0.0,0.0,0.0,0.0,0.0,0,0,0,0,0,0,0,0,0,0,0.0,0.0,1.0
2019,69165,페게로,LG,내야수,False,52,199,0.2864321608040201,0.332,0.472,0.804,0.186,0.375,0.36,157.8,9,44,24,57,10,0,12,2,63,2,1.086,1.86,1.0
2024,54730,페라자,한화,외야수,True,122,455,0.2747252747252747,0.364,0.486,0.85,0.2109999999999999,0.332,0.38,117.9,24,70,75,125,24,0,63,2,129,7,1.383,2.95,1.0
2026,54730,페라자,한화,외야수,True,104,379,0.2902374670184696,0.406,0.517,0.923,0.227,0.328,0.403,139.3,20,64,79,110,24,1,74,3,90,10,2.618,4.5,0.757
2021,51714,페레즈,한화,내야수,False,59,224,0.2678571428571428,0.321,0.411,0.732,0.1429999999999999,0.316,0.329,100.9,5,33,26,60,15,1,17,4,52,4,-0.913,0.32,1.0
2019,69209,페르난데스,두산,,True,144,572,0.3444055944055944,0.409,0.483,0.892,0.139,0.358,0.396,165.8,15,88,87,197,34,0,61,6,54,1,1.809,6.43,1.0
2020,69209,페르난데스,두산,,True,144,586,0.3395904436860068,0.404,0.497,0.901,0.1569999999999999,0.333,0.402,165.7,21,105,104,199,29,0,58,13,42,0,2.892,7.04,1.0
2021,69209,페르난데스,두산,,True,141,540,0.3148148148148148,0.391,0.443,0.834,0.128,0.313,0.38,141.4,15,81,73,170,24,0,65,6,35,0,-0.814,4.7,1.0
2022,69209,페르난데스,두산,,True,139,508,0.3090551181102362,0.353,0.4,0.753,0.091,0.327,0.341,121.4,6,77,52,157,28,0,35,2,45,0,-1.383,3.06,1.0
2015,65762,폭스,한화,,False,38,108,0.2777777777777778,0.339,0.509,0.848,0.2309999999999999,0.303,0.366,0.0,7,25,16,30,4,0,8,3,27,0,-0.57,,1.0
2022,52366,푸이그,키움,,True,126,473,0.2769556025369979,0.367,0.474,0.841,0.1969999999999999,0.309,0.38,146.1,21,73,65,131,30,0,58,12,100,6,-0.313,5.11,1.0
2025,52366,푸이그,키움,,False,40,156,0.2115384615384615,0.285,0.34,0.625,0.128,0.241,0.302,88.3,6,20,17,33,2,0,12,4,38,0,-0.255,0.21,1.0
2021,51324,프레이타스,키움,,False,43,139,0.2589928057553957,0.297,0.374,0.671,0.1149999999999999,0.312,0.295,74.9,2,14,13,36,10,0,7,1,29,0,-0.981,0.06,1.0
2012,62230,프록터,두산,,False,6,0,0.0,0.0,0.0,0.0,0.0,0.0,0.0,0.0,0,0,0,0,0,0,0,0,0,0,0.0,,1.0
2025,55734,플로리얼,한화,,False,65,258,0.2713178294573643,0.333,0.45,0.783,0.179,0.332,0.34,105.6,8,29,36,70,18,2,24,1,65,13,-0.316,1.81,1.0
2021,51463,피렐라,삼성,,True,140,553,0.2857142857142857,0.359,0.495,0.854,0.209,0.295,0.385,129.4,29,97,102,158,25,2,57,8,89,9,1.949,4.47,1.0
2022,51463,피렐라,삼성,,True,141,561,0.3422459893048128,0.411,0.565,0.976,0.2229999999999999,0.361,0.428,159.7,28,109,102,192,33,4,55,12,81,15,2.409,6.89,1.0
2023,51463,피렐라,삼성,,True,139,557,0.2854578096947935,0.339,0.425,0.764,0.14,0.302,0.356,113.3,16,80,66,159,28,1,42,4,69,6,-1.881,3.32,1.0
2014,64746,피에,한화,,True,119,445,0.3258426966292135,0.373,0.524,0.897,0.198,0.337,0.385,0.0,17,92,61,145,33,2,41,0,60,9,4.088,,1.0
2022,52526,피터스,롯데,외야수,False,85,316,0.2278481012658227,0.299,0.402,0.701,0.174,0.257,0.326,98.7,13,48,32,72,16,0,26,8,77,7,0.041,1.33,1.0
2014,64699,필,KIA,,False,92,362,0.3093922651933701,0.352,0.541,0.893,0.232,0.332,0.389,0.0,19,66,64,112,27,0,22,3,65,10,1.513,,1.0
2015,64699,필,KIA,,True,143,536,0.3246268656716418,0.372,0.517,0.889,0.192,0.339,0.383,0.0,22,101,81,174,35,1,43,3,74,14,4.666,,1.0
2016,64699,필,KIA,,True,132,499,0.312625250501002,0.357,0.511,0.868,0.198,0.327,0.38,0.0,20,86,71,156,37,1,33,5,70,10,2.973,,1.0
2017,64350,하영민,넥센,투수,False,1,0,0.0,0.0,0.0,0.0,0.0,0.0,0.0,0.0,0,0,0,0,0,0,0,0,0,0,0.0,0.0,1.0
2022,64350,하영민,키움,투수,False,3,0,0.0,0.0,0.0,0.0,0.0,0.0,0.0,0.0,0,0,0,0,0,0,0,0,0,0,0.0,0.0,1.0
2023,64350,하영민,키움,투수,False,3,0,0.0,0.0,0.0,0.0,0.0,0.0,0.0,0.0,0,0,0,0,0,0,0,0,0,0,0.0,0.0,1.0
2020,69813,하재훈,SK,외야수,False,1,0,0.0,0.0,0.0,0.0,0.0,0.0,0.0,0.0,0,0,0,0,0,0,0,0,0,0,0.0,0.0,1.0
2021,69813,하재훈,SSG,외야수,False,2,0,0.0,0.0,0.0,0.0,0.0,0.0,0.0,0.0,0,0,0,0,0,0,0,0,0,0,0.0,0.0,1.0
2022,69813,하재훈,SSG,외야수,False,60,107,0.2149532710280373,0.246,0.458,0.704,0.243,0.27,0.309,85.9,6,13,18,23,6,1,4,1,40,1,-0.69,0.51,1.0
2023,69813,하재훈,SSG,외야수,False,77,201,0.3034825870646766,0.374,0.468,0.842,0.165,0.378,0.364,127.6,7,35,35,61,10,1,19,5,53,11,-0.19,2.04,1.0
2024,69813,하재훈,SSG,외야수,False,107,290,0.2482758620689655,0.292,0.417,0.709,0.1689999999999999,0.318,0.309,75.8,10,36,40,72,19,0,18,2,90,15,-1.275,0.32,1.0
2025,69813,하재훈,SSG,외야수,False,18,56,0.1428571428571428,0.197,0.304,0.501,0.161,0.152,0.247,37.7,3,8,6,8,0,0,4,0,21,1,-0.452,-0.44,1.0
2012,62700,하주석,한화,내야수,False,70,127,0.1732283464566929,0.228,0.205,0.433,0.032,0.276,0.196,0.0,1,4,10,22,1,0,9,0,50,7,0.0,,1.0
2013,62700,하주석,한화,내야수,False,5,11,0.0909090909090909,0.091,0.091,0.182,0.0,0.143,0.082,0.0,0,0,0,1,0,0,0,0,4,0,0.0,,1.0
2015,62700,하주석,한화,내야수,False,4,10,0.3,0.364,0.3,0.664,0.0,0.5,0.311,0.0,0,1,3,3,0,0,1,0,4,0,-0.055,,1.0
2016,62700,하주석,한화,내야수,False,115,405,0.2790123456790123,0.323,0.41,0.733,0.1309999999999999,0.367,0.333,0.0,10,57,58,113,21,1,18,9,115,5,0.241,,1.0
2017,62700,하주석,한화,내야수,True,111,432,0.2847222222222222,0.328,0.44,0.768,0.155,0.33,0.333,85.7,11,52,69,123,18,8,23,5,83,7,-0.509,1.69,1.0
2018,62700,하주석,한화,내야수,True,141,484,0.2541322314049586,0.3,0.364,0.664,0.1099999999999999,0.33,0.307,61.9,9,52,67,123,20,3,28,4,130,14,-3.15,-0.5,1.0
2019,62700,하주석,한화,내야수,False,5,19,0.2631578947368421,0.263,0.368,0.631,0.1049999999999999,0.333,0.259,48.4,0,2,3,5,2,0,0,0,4,0,-0.542,-0.12,1.0
2020,62700,하주석,한화,내야수,False,72,262,0.2862595419847328,0.323,0.351,0.674,0.065,0.372,0.309,82.8,2,32,22,75,11,0,13,2,66,4,-1.553,0.49,1.0
2021,62700,하주석,한화,내야수,True,138,525,0.2723809523809524,0.346,0.392,0.738,0.12,0.347,0.333,103.1,10,68,84,143,27,3,51,10,135,23,-1.998,2.59,1.0
2022,62700,하주석,한화,내야수,True,125,445,0.2584269662921348,0.309,0.342,0.651,0.084,0.347,0.302,85.8,5,58,50,115,18,2,31,3,126,20,-1.956,1.01,1.0
2023,62700,하주석,한화,내야수,False,25,35,0.1142857142857142,0.184,0.143,0.327,0.0289999999999999,0.16,0.161,-17.6,0,2,4,4,1,0,2,1,10,0,-0.493,-0.41,1.0
2024,62700,하주석,한화,내야수,False,64,137,0.291970802919708,0.349,0.394,0.743,0.102,0.379,0.328,90.2,1,11,16,40,9,1,10,2,33,1,-0.992,0.28,1.0
2025,62700,하주석,한화,내야수,False,95,276,0.2971014492753623,0.337,0.391,0.728,0.094,0.377,0.321,94.4,4,28,34,82,14,0,12,5,66,2,-2.338,1.51,1.0
2026,62700,하주석,KIA,내야수,False,39,116,0.2844827586206896,0.344,0.353,0.697,0.069,0.381,0.323,89.2,1,13,11,33,5,0,8,3,32,0,-0.568,0.4,0.757
2018,68639,하준영,KIA,투수,False,1,0,0.0,0.0,0.0,0.0,0.0,0.0,0.0,0.0,0,0,0,0,0,0,0,0,0,0,0.0,0.0,1.0
2022,68639,하준영,NC,투수,False,1,0,0.0,0.0,0.0,0.0,0.0,0.0,0.0,0.0,0,0,0,0,0,0,0,0,0,0,0.0,0.0,1.0
2014,78517,하준호,롯데,,False,31,73,0.2328767123287671,0.356,0.342,0.698,0.109,0.372,0.332,0.0,1,11,18,17,5,0,8,6,29,1,0.316,,1.0
2015,78517,하준호,KT,,False,80,248,0.2580645161290322,0.332,0.371,0.703,0.1129999999999999,0.341,0.326,0.0,6,26,33,64,10,0,21,7,73,10,0.11,,1.0
2016,78517,하준호,KT,,False,94,187,0.2192513368983957,0.31,0.294,0.604,0.0749999999999999,0.311,0.28,0.0,3,15,26,41,5,0,20,5,63,12,-0.795,,1.0
2017,78517,하준호,KT,,False,101,196,0.2244897959183673,0.311,0.337,0.648,0.113,0.299,0.293,51.1,3,18,31,44,11,1,21,4,57,9,-1.105,-0.49,1.0
2018,78517,하준호,KT,,False,15,22,0.1363636363636363,0.136,0.318,0.454,0.182,0.286,0.157,-33.8,1,2,2,3,1,0,0,0,14,0,-0.263,-0.07,1.0
2019,78517,하준호,KT,,False,1,0,0.0,0.0,0.0,0.0,0.0,0.0,0.0,0.0,0,0,0,0,0,0,0,0,0,0,0.0,0.0,1.0
2021,78517,하준호,KT,,False,2,0,0.0,0.0,0.0,0.0,0.0,0.0,0.0,0.0,0,0,0,0,0,0,0,0,0,0,0.0,0.0,1.0
2023,78517,하준호,KT,,False,1,0,0.0,0.0,0.0,0.0,0.0,0.0,0.0,0.0,0,0,0,0,0,0,0,0,0,0,0.0,0.0,1.0
2010,79804,하지호,SK,,False,9,7,0.0,0.0,0.0,0.0,0.0,0.0,0.0,0.0,0,0,0,0,0,0,0,0,2,0,0.0,,1.0
2024,52710,한경빈,한화,내야수,False,1,1,0.0,0.0,0.0,0.0,0.0,0.0,0.0,-121.3,0,0,0,0,0,0,0,0,1,0,-0.019,-0.01,1.0
2011,76610,한기주,KIA,,False,1,0,0.0,0.0,0.0,0.0,0.0,0.0,0.0,0.0,0,0,0,0,0,0,0,0,0,0,0.0,,1.0
2012,76610,한기주,KIA,,False,1,0,0.0,0.0,0.0,0.0,0.0,0.0,0.0,0.0,0,0,0,0,0,0,0,0,0,0,0.0,,1.0
2015,76610,한기주,KIA,,False,1,0,0.0,0.0,0.0,0.0,0.0,0.0,0.0,0.0,0,0,0,0,0,0,0,0,0,0,0.0,,1.0
2016,76610,한기주,KIA,,False,1,0,0.0,0.0,0.0,0.0,0.0,0.0,0.0,0.0,0,0,0,0,0,0,0,0,0,0,0.0,,1.0
2015,65104,한나한,LG,,False,32,107,0.3271028037383177,0.4,0.523,0.923,0.196,0.413,0.409,0.0,4,22,17,35,9,0,12,3,31,0,0.876,,1.0
2018,68525,한동희,롯데,내야수,False,87,211,0.2322274881516587,0.279,0.36,0.639,0.1279999999999999,0.3,0.289,49.0,4,25,24,49,13,1,12,2,58,0,-2.074,-1.09,1.0
2019,68525,한동희,롯데,내야수,False,59,187,0.2032085561497326,0.271,0.283,0.554,0.0799999999999999,0.277,0.262,44.3,2,9,12,38,9,0,18,0,57,1,-2.315,-0.71,1.0
2020,68525,한동희,롯데,내야수,True,135,461,0.2776572668112798,0.361,0.436,0.797,0.1579999999999999,0.317,0.351,96.8,17,67,62,128,22,0,57,5,97,0,-1.014,1.47,1.0
2021,68525,한동희,롯데,내야수,True,129,424,0.2665094339622642,0.364,0.443,0.807,0.176,0.304,0.362,116.2,17,69,54,113,24,0,61,6,95,0,-0.457,2.58,1.0
2022,68525,한동희,롯데,내야수,True,129,456,0.3070175438596491,0.359,0.458,0.817,0.151,0.33,0.361,123.4,14,65,43,140,27,0,33,6,64,0,-1.021,2.68,1.0
2023,68525,한동희,롯데,내야수,False,108,319,0.2225705329153605,0.279,0.304,0.583,0.0809999999999999,0.253,0.272,59.8,5,32,30,71,11,0,26,1,58,1,-3.723,-0.84,1.0
2024,68525,한동희,롯데,내야수,False,14,35,0.2571428571428571,0.278,0.314,0.592,0.0569999999999999,0.346,0.251,21.4,0,3,1,9,2,0,1,0,9,0,-0.463,-0.33,1.0
2026,68525,한동희,롯데,내야수,False,70,261,0.2988505747126437,0.363,0.513,0.876,0.214,0.315,0.383,126.0,14,44,38,78,14,0,22,6,47,1,-0.466,1.85,0.757
2024,68092,한두솔,SSG,투수,False,1,0,0.0,0.0,0.0,0.0,0.0,0.0,0.0,0.0,0,0,0,0,0,0,0,0,0,0,0.0,0.0,1.0
2025,68092,한두솔,SSG,투수,False,1,0,0.0,0.0,0.0,0.0,0.0,0.0,0.0,0.0,0,0,0,0,0,0,0,0,0,0,0.0,0.0,1.0
2011,73703,한상훈,한화,,True,131,398,0.2688442211055276,0.352,0.337,0.689,0.068,0.314,0.311,0.0,3,39,49,107,12,3,46,6,66,16,0.0,,1.0
2012,73703,한상훈,한화,,False,112,272,0.2242647058823529,0.352,0.305,0.657,0.0809999999999999,0.274,0.299,0.0,3,29,41,61,11,1,49,5,58,7,0.0,,1.0
2013,73703,한상훈,한화,,False,101,260,0.2615384615384615,0.383,0.342,0.725,0.08,0.305,0.337,0.0,0,25,45,68,13,4,47,6,40,5,0.0,,1.0
2014,73703,한상훈,한화,,False,77,175,0.2857142857142857,0.372,0.36,0.732,0.074,0.366,0.338,0.0,1,21,23,50,8,1,24,0,40,3,-0.054,,1.0
2015,73703,한상훈,한화,,False,35,61,0.2295081967213114,0.329,0.295,0.624,0.0649999999999999,0.326,0.285,0.0,0,8,7,14,4,0,8,1,18,0,-0.31,,1.0
2020,64101,한석현,LG,외야수,False,9,2,0.0,0.333,0.0,0.333,0.0,0.0,0.24,47.1,0,0,3,0,0,0,1,0,1,1,-0.004,0.0,1.0
2021,64101,한석현,LG,외야수,False,16,21,0.2857142857142857,0.385,0.476,0.861,0.19,0.4,0.371,132.0,0,1,5,6,2,1,3,1,7,2,-0.259,0.14,1.0
2022,64101,한석현,LG,외야수,False,6,9,0.2222222222222222,0.222,0.222,0.444,0.0,0.333,0.18,-3.7,0,0,1,2,0,0,0,0,3,0,-0.221,-0.14,1.0
2023,64101,한석현,NC,외야수,False,27,60,0.2,0.25,0.217,0.467,0.0169999999999999,0.3,0.226,29.7,0,2,5,12,1,0,4,0,20,2,-0.751,-0.48,1.0
2024,64101,한석현,NC,외야수,False,40,73,0.2465753424657534,0.276,0.329,0.605,0.082,0.353,0.281,58.5,0,3,10,18,4,1,2,1,22,2,-0.366,0.47,1.0
2025,64101,한석현,NC,외야수,False,61,113,0.1946902654867256,0.306,0.319,0.625,0.124,0.224,0.293,75.3,3,21,18,22,5,0,12,7,27,1,-0.813,0.49,1.0
2026,64101,한석현,NC,외야수,False,59,126,0.2698412698412699,0.316,0.341,0.657,0.071,0.33,0.286,66.6,2,17,15,34,3,0,7,2,28,2,-1.168,-0.28,0.757
2012,61693,한성구,KIA,,False,17,30,0.3666666666666666,0.406,0.5,0.906,0.133,0.478,0.385,0.0,0,4,1,11,4,0,2,0,7,0,0.0,,1.0
2026,52628,한승연,KIA,외야수,False,19,29,0.2413793103448276,0.389,0.379,0.768,0.138,0.353,0.355,113.4,1,2,8,7,1,0,5,2,11,0,-0.266,0.24,0.757
2013,63722,한승택,한화,포수,False,24,33,0.0303030303030303,0.135,0.03,0.165,0.0,0.048,0.124,0.0,0,2,2,1,0,0,3,1,12,0,0.0,,1.0
2016,63722,한승택,KIA,포수,False,27,28,0.1785714285714285,0.207,0.179,0.386,0.0,0.25,0.205,0.0,0,5,1,5,0,0,1,0,8,0,-0.27,,1.0
2017,63722,한승택,KIA,포수,False,96,83,0.2289156626506024,0.289,0.277,0.566,0.048,0.328,0.268,45.9,0,7,7,19,2,1,6,1,25,0,0.097,-0.1,1.0
2018,63722,한승택,KIA,포수,False,61,89,0.247191011235955,0.316,0.416,0.732,0.1689999999999999,0.306,0.321,81.4,3,15,10,22,6,0,7,2,24,0,-0.857,0.2,1.0
2019,63722,한승택,KIA,포수,False,105,251,0.2231075697211155,0.299,0.303,0.602,0.0799999999999999,0.315,0.271,61.0,3,27,22,56,9,1,27,1,82,1,-1.171,-0.64,1.0
2020,63722,한승택,KIA,포수,False,83,226,0.2256637168141592,0.308,0.372,0.68,0.146,0.264,0.301,76.1,9,29,22,51,6,0,21,6,58,0,-1.08,-0.01,1.0
2021,63722,한승택,KIA,포수,False,82,203,0.2167487684729064,0.321,0.296,0.617,0.0789999999999999,0.295,0.286,70.1,3,16,17,44,7,0,28,3,61,0,-1.545,0.48,1.0
2022,63722,한승택,KIA,포수,False,66,102,0.1764705882352941,0.261,0.225,0.486,0.049,0.236,0.224,28.1,1,12,11,18,2,0,9,3,30,0,-0.962,-0.29,1.0
2023,63722,한승택,KIA,포수,False,49,85,0.1294117647058823,0.245,0.153,0.398,0.0239999999999999,0.208,0.21,17.4,0,3,6,11,2,0,11,2,32,0,-1.809,-0.49,1.0
2024,63722,한승택,KIA,포수,False,20,11,0.2727272727272727,0.467,0.273,0.74,0.0,0.3,0.372,118.6,0,2,2,3,0,0,4,0,1,0,0.185,0.07,1.0
2025,63722,한승택,KIA,포수,False,15,21,0.238095238095238,0.304,0.286,0.59,0.0479999999999999,0.357,0.314,92.3,0,0,3,5,1,0,1,1,7,0,-0.143,0.09,1.0
2026,63722,한승택,KT,포수,False,88,212,0.2311320754716981,0.304,0.283,0.587,0.0519999999999999,0.308,0.275,56.5,1,26,29,49,8,0,22,2,59,0,-0.834,0.14,0.757
2013,61666,한승혁,KIA,투수,False,1,0,0.0,0.0,0.0,0.0,0.0,0.0,0.0,0.0,0,0,0,0,0,0,0,0,0,0,0.0,,1.0
2014,61666,한승혁,KIA,투수,False,1,0,0.0,0.0,0.0,0.0,0.0,0.0,0.0,0.0,0,0,0,0,0,0,0,0,0,0,0.0,,1.0
2015,61666,한승혁,KIA,투수,False,6,0,0.0,0.0,0.0,0.0,0.0,0.0,0.0,0.0,0,0,0,0,0,0,0,0,0,0,0.0,,1.0
2016,61666,한승혁,KIA,투수,False,2,0,0.0,0.0,0.0,0.0,0.0,0.0,0.0,0.0,0,0,0,0,0,0,0,0,0,0,0.0,,1.0
2017,61666,한승혁,KIA,투수,False,6,0,0.0,0.0,0.0,0.0,0.0,0.0,0.0,0.0,0,0,0,0,0,0,0,0,0,0,0.0,0.0,1.0
2018,61666,한승혁,KIA,투수,False,1,0,0.0,0.0,0.0,0.0,0.0,0.0,0.0,0.0,0,0,0,0,0,0,0,0,0,0,0.0,0.0,1.0
2025,61666,한승혁,한화,투수,False,1,0,0.0,0.0,0.0,0.0,0.0,0.0,0.0,0.0,0,0,0,0,0,0,0,0,0,0,0.0,0.0,1.0
2025,55506,한승현,롯데,외야수,False,19,17,0.0588235294117647,0.105,0.059,0.164,0.0,0.083,0.085,-74.6,0,1,1,1,0,0,1,0,6,1,-0.283,-0.09,1.0
2012,62895,한유섬,SK,외야수,False,7,7,0.2857142857142857,0.286,0.286,0.572,0.0,0.4,0.257,0.0,0,0,1,2,0,0,0,0,2,0,0.0,,1.0
2013,62895,한유섬,SK,외야수,False,99,285,0.2631578947368421,0.343,0.477,0.82,0.2139999999999999,0.318,0.357,0.0,14,52,36,75,15,2,20,16,82,2,0.0,,1.0
2014,62895,한유섬,SK,외야수,False,67,143,0.2517482517482518,0.323,0.427,0.75,0.175,0.371,0.323,0.0,3,24,17,36,10,3,11,5,53,0,1.048,,1.0
2016,62895,한유섬,SK,외야수,False,6,18,0.2777777777777778,0.35,0.278,0.628,0.0,0.385,0.299,0.0,0,0,3,5,0,0,1,1,5,1,-0.147,,1.0
2017,62895,한유섬,SK,외야수,False,103,350,0.2942857142857142,0.396,0.614,1.01,0.32,0.302,0.433,144.0,29,73,64,103,21,2,46,15,79,2,2.273,3.74,1.0
2018,62895,한유섬,SK,외야수,True,136,486,0.2839506172839506,0.367,0.601,0.968,0.317,0.295,0.411,125.9,41,115,97,138,31,0,52,16,124,4,2.252,4.72,1.0
2019,62895,한유섬,SK,외야수,True,125,427,0.2646370023419204,0.375,0.396,0.771,0.131,0.321,0.353,110.6,12,52,52,113,20,0,55,20,100,0,-0.392,3.9,1.0
2020,62895,한유섬,SK,외야수,False,62,193,0.2487046632124352,0.364,0.508,0.872,0.259,0.252,0.382,108.1,15,31,35,48,5,0,30,6,49,2,0.109,1.33,1.0
2021,62895,한유섬,SSG,외야수,True,135,442,0.2782805429864253,0.373,0.534,0.907,0.256,0.287,0.395,137.3,31,95,71,123,18,1,60,10,96,1,0.826,4.34,1.0
2022,62895,한유섬,SSG,외야수,True,135,458,0.2641921397379912,0.372,0.478,0.85,0.2139999999999999,0.328,0.374,129.8,21,100,62,121,33,1,66,16,137,1,1.92,3.86,1.0
2023,62895,한유섬,SSG,외야수,False,109,333,0.2732732732732733,0.355,0.393,0.748,0.12,0.333,0.337,109.7,7,55,29,91,15,2,34,12,81,2,0.496,1.86,1.0
2024,62895,한유섬,SSG,외야수,True,132,464,0.2349137931034483,0.314,0.453,0.767,0.218,0.282,0.334,87.1,24,87,64,109,29,0,46,9,142,0,0.613,0.04,1.0
2025,62895,한유섬,SSG,외야수,True,128,455,0.2725274725274725,0.347,0.424,0.771,0.1509999999999999,0.339,0.34,105.5,15,71,50,124,24,0,46,7,120,1,-0.491,2.05,1.0
2026,62895,한유섬,SSG,외야수,False,50,133,0.2030075187969925,0.323,0.263,0.586,0.06,0.258,0.288,63.9,2,11,11,27,2,0,22,2,35,1,-1.62,-0.04,0.757
2010,78762,한윤섭,한화,,False,30,24,0.1666666666666666,0.259,0.292,0.551,0.1249999999999999,0.2,0.241,0.0,0,2,3,4,1,1,3,0,4,2,0.0,,1.0
2012,78762,한윤섭,한화,,False,23,17,0.1176470588235294,0.2,0.118,0.318,0.0,0.125,0.211,0.0,0,1,7,2,0,0,0,2,2,2,0.0,,1.0
2022,51994,한재승,NC,투수,False,1,0,0.0,0.0,0.0,0.0,0.0,0.0,0.0,0.0,0,0,0,0,0,0,0,0,0,0,0.0,0.0,1.0
2023,51994,한재승,NC,투수,False,1,0,0.0,0.0,0.0,0.0,0.0,0.0,0.0,0.0,0,0,0,0,0,0,0,0,0,0,0.0,0.0,1.0
2024,51994,한재승,NC,투수,False,1,0,0.0,0.0,0.0,0.0,0.0,0.0,0.0,0.0,0,0,0,0,0,0,0,0,0,0,0.0,0.0,1.0
2025,51994,한재승,KIA,투수,False,2,0,0.0,0.0,0.0,0.0,0.0,0.0,0.0,0.0,0,0,0,0,0,0,0,0,0,0,0.0,0.0,1.0
2024,50903,한재환,NC,내야수,False,7,9,0.2222222222222222,0.222,0.333,0.555,0.111,0.333,0.238,30.5,0,1,1,2,1,0,0,0,3,0,-0.072,-0.06,1.0
2025,50903,한재환,NC,내야수,False,16,27,0.1851851851851851,0.29,0.185,0.475,0.0,0.385,0.24,39.5,0,4,2,5,0,0,2,2,14,0,-0.546,-0.12,1.0
2026,50903,한재환,NC,내야수,False,8,13,0.1538461538461538,0.313,0.385,0.698,0.231,0.111,0.315,82.5,1,1,3,2,0,0,2,1,3,0,-0.121,0.03,0.757
2019,68646,한준수,KIA,포수,False,7,20,0.3,0.3,0.4,0.7,0.1,0.333,0.396,155.3,0,2,2,6,2,0,0,0,2,0,-0.08,0.19,1.0
2023,68646,한준수,KIA,포수,False,48,86,0.2558139534883721,0.312,0.372,0.684,0.1159999999999999,0.345,0.301,84.7,2,12,9,22,4,0,7,0,26,0,-0.616,0.36,1.0
2024,68646,한준수,KIA,포수,False,115,287,0.3066202090592334,0.351,0.456,0.807,0.149,0.34,0.352,103.9,7,41,39,88,22,0,21,2,48,0,-0.56,1.5699999999999998,1.0
2025,68646,한준수,KIA,포수,False,103,244,0.2254098360655737,0.304,0.369,0.673,0.144,0.25,0.301,81.4,7,26,33,55,12,1,26,3,48,0,-1.233,0.62,1.0
2026,68646,한준수,KIA,포수,False,90,257,0.2801556420233462,0.397,0.436,0.833,0.1559999999999999,0.316,0.366,117.4,7,32,31,72,19,0,44,8,47,0,-0.385,1.95,0.757
2026,55767,한지윤,한화,포수,False,9,18,0.2222222222222222,0.3,0.444,0.744,0.222,0.3,0.322,88.5,1,8,3,4,1,0,2,0,7,0,-0.242,0.04,0.757
2022,52568,한태양,롯데,내야수,False,38,61,0.1475409836065573,0.235,0.164,0.399,0.016,0.243,0.239,36.2,0,3,14,9,1,0,5,2,24,1,-0.414,-0.21,1.0
2025,52568,한태양,롯데,내야수,False,108,230,0.2739130434782609,0.367,0.378,0.745,0.1039999999999999,0.384,0.338,103.9,2,22,42,63,14,2,32,2,69,3,-0.823,1.37,1.0
2026,52568,한태양,롯데,내야수,False,55,140,0.2642857142857143,0.352,0.357,0.709,0.0929999999999999,0.34,0.327,89.0,1,7,29,37,8,1,18,1,33,9,-1.268,0.6,0.757
2013,62363,한현희,넥센,투수,False,1,0,0.0,0.0,0.0,0.0,0.0,0.0,0.0,0.0,0,0,0,0,0,0,0,0,0,0,0.0,,1.0
2015,62363,한현희,넥센,투수,False,2,0,0.0,0.0,0.0,0.0,0.0,0.0,0.0,0.0,0,0,0,0,0,0,0,0,0,0,0.0,,1.0
2017,62363,한현희,넥센,투수,False,1,0,0.0,0.0,0.0,0.0,0.0,0.0,0.0,0.0,0,0,0,0,0,0,0,0,0,0,0.0,0.0,1.0
2012,79138,한희,LG,,False,1,0,0.0,0.0,0.0,0.0,0.0,0.0,0.0,0.0,0,0,0,0,0,0,0,0,0,0,0.0,,1.0
2015,63248,함덕주,두산,투수,False,2,0,0.0,0.0,0.0,0.0,0.0,0.0,0.0,0.0,0,0,0,0,0,0,0,0,0,0,0.0,,1.0
2016,63248,함덕주,두산,투수,False,1,0,0.0,0.0,0.0,0.0,0.0,0.0,0.0,0.0,0,0,0,0,0,0,0,0,0,0,0.0,,1.0
2018,63248,함덕주,두산,투수,False,3,0,0.0,0.0,0.0,0.0,0.0,0.0,0.0,0.0,0,0,0,0,0,0,0,0,0,0,0.0,0.0,1.0
2019,63248,함덕주,두산,투수,False,1,0,0.0,0.0,0.0,0.0,0.0,0.0,0.0,0.0,0,0,0,0,0,0,0,0,0,0,0.0,0.0,1.0
2020,63248,함덕주,두산,투수,False,2,0,0.0,0.0,0.0,0.0,0.0,0.0,0.0,0.0,0,0,0,0,0,0,0,0,0,0,0.0,0.0,1.0
2022,63248,함덕주,LG,투수,False,1,0,0.0,0.0,0.0,0.0,0.0,0.0,0.0,0.0,0,0,0,0,0,0,0,0,0,0,0.0,0.0,1.0
2024,63248,함덕주,LG,투수,False,1,0,0.0,0.0,0.0,0.0,0.0,0.0,0.0,0.0,0,0,0,0,0,0,0,0,0,0,0.0,0.0,1.0
2025,63248,함덕주,LG,투수,False,3,0,0.0,0.0,0.0,0.0,0.0,0.0,0.0,0.0,0,0,0,0,0,0,0,0,0,0,0.0,0.0,1.0
2025,55440,함수호,삼성,외야수,False,6,14,0.2142857142857142,0.214,0.214,0.428,0.0,0.375,0.193,1.7,0,1,1,3,0,0,0,0,6,0,-0.171,-0.13,1.0
2026,55440,함수호,삼성,외야수,False,11,16,0.0625,0.167,0.063,0.23,0.0,0.091,0.13,-42.3,0,2,0,1,0,0,2,0,5,0,-0.309,-0.28,0.757
2024,50108,함창건,LG,외야수,False,15,14,0.1428571428571428,0.25,0.143,0.393,0.0,0.182,0.191,3.3,0,0,3,2,0,0,2,0,3,0,-0.492,-0.18,1.0
2025,50108,함창건,LG,외야수,False,15,32,0.1875,0.25,0.25,0.5,0.062,0.25,0.229,32.9,0,2,2,6,2,0,3,0,9,0,-0.928,-0.21,1.0
2019,69605,해즐베이커,KIA,외야수,False,11,41,0.1463414634146341,0.239,0.341,0.58,0.195,0.19,0.257,54.4,2,5,5,6,2,0,4,1,18,1,0.087,-0.03,1.0
2017,62892,허건엽,SK,,False,1,0,0.0,0.0,0.0,0.0,0.0,0.0,0.0,0.0,0,0,0,0,0,0,0,0,0,0,0.0,0.0,1.0
2012,79240,허경민,두산,내야수,False,92,154,0.2662337662337662,0.317,0.318,0.635,0.0519999999999999,0.297,0.296,0.0,0,14,28,41,8,0,7,5,17,9,0.0,,1.0
2013,79240,허경민,두산,내야수,False,75,228,0.2982456140350877,0.387,0.36,0.747,0.062,0.307,0.347,0.0,1,25,35,68,9,1,27,9,14,14,0.0,,1.0
2014,79240,허경민,두산,내야수,False,105,198,0.2474747474747475,0.335,0.298,0.633,0.0509999999999999,0.274,0.304,0.0,0,10,33,49,8,1,21,6,21,6,-0.678,,1.0
2015,79240,허경민,두산,내야수,True,117,404,0.3168316831683168,0.373,0.384,0.757,0.067,0.349,0.342,0.0,1,41,64,128,20,2,31,7,42,8,-0.202,,1.0
2016,79240,허경민,두산,내야수,True,144,538,0.2862453531598513,0.36,0.385,0.745,0.099,0.309,0.343,0.0,7,81,96,154,24,4,49,14,58,6,0.206,,1.0
2017,79240,허경민,두산,내야수,False,130,369,0.2574525745257452,0.327,0.347,0.674,0.0899999999999999,0.288,0.301,79.3,3,40,50,95,22,1,29,10,48,8,-2.058,-0.06,1.0
2018,79240,허경민,두산,내야수,True,133,516,0.3236434108527132,0.376,0.459,0.835,0.135,0.34,0.369,122.5,10,79,85,167,30,5,32,16,52,20,0.671,3.31,1.0
2019,79240,허경민,두산,내야수,True,133,475,0.2884210526315789,0.35,0.371,0.721,0.083,0.298,0.329,112.8,4,60,71,137,25,1,34,17,36,11,-1.974,1.88,1.0
2020,79240,허경민,두산,내야수,True,117,437,0.3318077803203661,0.382,0.442,0.824,0.1099999999999999,0.337,0.364,134.6,7,58,70,145,25,1,35,5,28,14,0.571,2.96,1.0
2021,79240,허경민,두산,내야수,True,136,468,0.2777777777777778,0.338,0.365,0.703,0.0869999999999999,0.29,0.326,102.9,5,59,61,130,24,1,36,8,35,5,-2.028,1.56,1.0
2022,79240,허경민,두산,내야수,True,121,432,0.2893518518518518,0.36,0.398,0.758,0.109,0.299,0.347,123.3,8,60,59,125,23,0,36,16,40,10,-0.035,2.82,1.0
2023,79240,허경민,두산,내야수,True,130,429,0.2680652680652681,0.328,0.375,0.703,0.1069999999999999,0.269,0.311,95.9,7,48,44,115,23,1,35,6,26,9,-1.688,1.38,1.0
2024,79240,허경민,두산,내야수,True,115,417,0.3093525179856115,0.384,0.427,0.811,0.118,0.312,0.375,126.8,7,61,69,129,28,0,36,18,25,5,0.858,3.3,1.0
2025,79240,허경민,KT,내야수,True,114,420,0.2833333333333333,0.362,0.355,0.717,0.072,0.299,0.337,104.1,4,44,47,119,18,0,39,15,35,4,-0.857,1.78,1.0
2026,79240,허경민,KT,내야수,False,71,227,0.3392070484581498,0.417,0.436,0.853,0.0969999999999999,0.368,0.392,133.5,3,31,42,77,13,0,20,11,24,1,0.211,2.0,0.757
2020,69706,허관회,한화,포수,False,1,2,0.5,0.5,0.5,1.0,0.0,1.0,0.45,181.4,0,0,0,1,0,0,0,0,1,0,-0.062,0.02,1.0
2021,69706,허관회,한화,포수,False,28,63,0.1904761904761904,0.329,0.19,0.519,0.0,0.279,0.265,56.1,0,2,4,12,0,0,13,1,22,0,-0.82,-0.21,1.0
2022,69706,허관회,한화,포수,False,15,23,0.217391304347826,0.25,0.304,0.554,0.087,0.313,0.273,64.6,0,1,3,5,2,0,1,0,7,1,0.037,-0.01,1.0
2023,69706,허관회,한화,포수,False,10,7,0.0,0.0,0.0,0.0,0.0,0.0,0.0,-136.8,0,0,1,0,0,0,0,0,2,0,-0.103,-0.23,1.0
2011,77243,허도환,넥센,,False,79,166,0.2228915662650602,0.275,0.271,0.546,0.048,0.294,0.247,0.0,0,15,13,37,6,1,11,2,43,2,0.0,,1.0
2012,77243,허도환,넥센,,False,94,210,0.1952380952380952,0.272,0.262,0.534,0.067,0.272,0.244,0.0,1,14,11,41,11,0,15,7,62,0,0.0,,1.0
2013,77243,허도환,넥센,,False,116,260,0.2153846153846154,0.327,0.281,0.608,0.066,0.318,0.274,0.0,1,19,29,56,12,1,29,14,86,0,0.0,,1.0
2014,77243,허도환,넥센,,False,93,182,0.2197802197802197,0.322,0.297,0.619,0.0769999999999999,0.295,0.278,0.0,2,12,18,40,8,0,20,8,52,0,-1.244,,1.0
2015,77243,허도환,한화,,False,61,91,0.1758241758241758,0.272,0.286,0.558,0.1099999999999999,0.246,0.251,0.0,1,6,8,16,7,0,7,5,29,0,-0.975,,1.0
2016,77243,허도환,한화,,False,48,78,0.2179487179487179,0.315,0.321,0.636,0.103,0.298,0.29,0.0,0,12,9,17,8,0,6,5,21,0,-0.125,,1.0
2017,77243,허도환,한화,,False,30,40,0.225,0.326,0.375,0.701,0.15,0.276,0.297,62.8,1,4,4,9,3,0,4,2,10,0,-0.179,0.12,1.0
2018,77243,허도환,SK,,False,23,22,0.2727272727272727,0.333,0.409,0.742,0.1359999999999999,0.385,0.33,79.5,1,1,4,6,0,0,1,1,8,0,0.033,0.04,1.0
2019,77243,허도환,SK,,False,56,79,0.1265822784810126,0.202,0.203,0.405,0.076,0.145,0.192,-2.0,1,6,3,10,3,0,5,3,18,0,-0.701,-0.91,1.0
2020,77243,허도환,KT,,False,52,53,0.2641509433962264,0.361,0.283,0.644,0.0189999999999999,0.368,0.303,70.6,0,5,2,14,1,0,6,2,15,0,0.422,-0.17,1.0
2021,77243,허도환,KT,,False,62,105,0.2761904761904762,0.339,0.39,0.729,0.1139999999999999,0.36,0.315,85.7,2,21,8,29,6,0,8,2,28,0,-0.472,0.42,1.0
2022,77243,허도환,LG,,False,64,85,0.2470588235294117,0.281,0.341,0.622,0.094,0.345,0.267,64.6,1,6,7,21,5,0,2,2,26,0,-0.608,0.04,1.0
2023,77243,허도환,LG,,False,47,64,0.140625,0.243,0.281,0.524,0.14,0.163,0.221,31.9,2,10,8,9,3,0,3,6,20,0,-0.035,-0.25,1.0
2024,77243,허도환,LG,,False,59,80,0.138,0.3,0.163,0.463,0.0249999999999999,0.2,0.234,31.6,0,11,10,11,2,0,9,10,26,0,-0.16,-0.74,1.0
2010,78458,허승민,삼성,,False,14,3,0.0,0.0,0.0,0.0,0.0,0.0,0.0,0.0,0,0,1,0,0,0,0,0,1,2,0.0,,1.0
2011,72324,허웅,SK,,False,27,50,0.22,0.25,0.26,0.51,0.04,0.275,0.227,0.0,0,3,4,11,2,0,2,0,10,1,0.0,,1.0
2014,72324,허웅,SK,,False,5,6,0.3333333333333333,0.286,0.333,0.619,0.0,0.5,0.257,0.0,0,1,1,2,0,0,0,0,3,0,0.018,,1.0
2015,72324,허웅,SK,,False,18,17,0.2941176470588235,0.368,0.353,0.721,0.059,0.357,0.331,0.0,0,3,2,5,1,0,2,0,3,0,-0.081,,1.0
2010,79746,허유강,한화,,False,1,0,0.0,0.0,0.0,0.0,0.0,0.0,0.0,0.0,0,0,0,0,0,0,0,0,0,0,0.0,,1.0
2026,56904,허윤,NC,내야수,False,16,4,0.25,0.4,0.25,0.65,0.0,0.5,0.324,93.6,0,1,4,1,0,0,1,0,2,4,0.036,0.08,0.757
2022,52764,허인서,한화,포수,False,8,18,0.1666666666666666,0.211,0.167,0.378,0.0,0.3,0.18,-3.5,0,0,1,3,0,0,1,0,8,0,-0.245,-0.21,1.0
2025,52764,허인서,한화,포수,False,20,29,0.1724137931034482,0.2,0.207,0.407,0.035,0.294,0.217,20.5,0,2,2,5,1,0,0,1,12,0,-0.505,-0.09,1.0
2026,52764,허인서,한화,포수,True,93,286,0.2937062937062937,0.363,0.507,0.87,0.213,0.391,0.381,125.1,16,57,48,84,13,0,26,6,98,0,0.414,2.81,0.757
2011,61566,허일,롯데,,False,2,4,0.0,0.0,0.0,0.0,0.0,0.0,0.0,0.0,0,0,0,0,0,0,0,0,3,0,0.0,,1.0
2018,61566,허일,롯데,,False,9,14,0.3571428571428571,0.4,0.357,0.757,0.0,0.417,0.348,90.2,0,0,1,5,0,0,1,0,2,0,-0.256,0.05,1.0
2019,61566,허일,롯데,,False,71,149,0.2550335570469799,0.315,0.302,0.617,0.0469999999999999,0.308,0.295,70.5,1,17,14,38,4,0,12,1,28,2,-0.295,0.09,1.0
2020,61566,허일,롯데,,False,60,84,0.1785714285714285,0.258,0.262,0.52,0.083,0.259,0.236,23.1,1,6,5,15,4,0,8,1,29,0,-0.762,-0.55,1.0
2015,65399,허정협,넥센,,False,4,6,0.3333333333333333,0.333,0.333,0.666,0.0,0.667,0.3,0.0,0,0,1,2,0,0,0,0,3,0,-0.025,,1.0
2016,65399,허정협,넥센,,False,13,17,0.1764705882352941,0.3,0.176,0.476,0.0,0.3,0.243,0.0,0,1,0,3,0,0,3,0,7,0,-0.121,,1.0
2017,65399,허정협,넥센,,False,83,228,0.2368421052631578,0.34,0.395,0.735,0.158,0.306,0.331,75.6,9,39,35,54,9,0,24,12,73,1,-0.504,0.2,1.0
2018,65399,허정협,넥센,,False,25,24,0.25,0.25,0.333,0.583,0.083,0.353,0.253,30.6,0,2,4,6,2,0,0,0,7,0,-0.306,-0.14,1.0
2019,65399,허정협,키움,,False,37,68,0.2352941176470588,0.312,0.25,0.562,0.015,0.32,0.267,56.6,0,8,3,16,1,0,7,1,19,0,-0.518,-0.14,1.0
2020,65399,허정협,키움,,False,111,314,0.267515923566879,0.353,0.401,0.754,0.133,0.319,0.34,107.3,10,43,45,84,12,0,40,2,73,0,0.626,1.76,1.0
2021,65399,허정협,키움,,False,29,45,0.1555555555555555,0.269,0.156,0.425,0.0,0.2,0.271,58.0,0,2,5,7,0,0,7,0,10,0,0.021,-0.12,1.0
2010,75344,허준,넥센,,False,73,49,0.1632653061224489,0.241,0.184,0.425,0.0209999999999999,0.235,0.196,0.0,0,1,5,8,1,0,4,1,15,0,0.0,,1.0
2011,75344,허준,넥센,,False,55,89,0.1910112359550561,0.265,0.247,0.512,0.0559999999999999,0.254,0.231,0.0,1,11,5,17,2,0,7,2,25,0,0.0,,1.0
2013,75344,허준,NC,,False,14,16,0.125,0.118,0.313,0.431,0.188,0.091,0.168,0.0,1,4,1,2,0,0,0,0,5,0,0.0,,1.0
2014,75344,허준,NC,,False,28,29,0.1724137931034483,0.294,0.276,0.57,0.104,0.263,0.253,0.0,0,1,2,5,3,0,5,0,10,0,-0.43,,1.0
2010,74556,허준혁,롯데,,False,3,0,0.0,0.0,0.0,0.0,0.0,0.0,0.0,0.0,0,0,0,0,0,0,0,0,0,0,0.0,,1.0
2022,52119,허준혁,LG,투수,False,1,0,0.0,0.0,0.0,0.0,0.0,0.0,0.0,0.0,0,0,0,0,0,0,0,0,0,0,0.0,0.0,1.0
2015,65659,험버,KIA,,False,1,0,0.0,0.0,0.0,0.0,0.0,0.0,0.0,0.0,0,0,0,0,0,0,0,0,0,0,0.0,,1.0
2016,66643,헥터,KIA,투수,False,3,0,0.0,0.0,0.0,0.0,0.0,0.0,0.0,0.0,0,0,0,0,0,0,0,0,0,0,0.0,,1.0
2018,66643,헥터,KIA,투수,False,1,1,0.0,0.0,0.0,0.0,0.0,0.0,0.0,0.0,0,0,0,0,0,0,0,0,1,0,-0.021,0.0,1.0
2024,68260,현도훈,롯데,투수,False,2,0,0.0,0.0,0.0,0.0,0.0,0.0,0.0,0.0,0,0,0,0,0,0,0,0,0,0,0.0,0.0,1.0
2026,68260,현도훈,롯데,투수,False,1,0,0.0,0.0,0.0,0.0,0.0,0.0,0.0,0.0,0,0,0,0,0,0,0,0,0,0,0.0,0.0,0.757
2020,50840,현원회,SK,내야수,False,1,0,0.0,0.0,0.0,0.0,0.0,0.0,0.0,0.0,0,0,0,0,0,0,0,0,0,0,0.0,0.0,1.0
2024,50840,현원회,SSG,내야수,False,1,1,0.0,0.0,0.0,0.0,0.0,0.0,0.0,-121.5,0,0,0,0,0,0,0,0,1,0,0.0,-0.03,1.0
2025,50840,현원회,SSG,내야수,False,21,59,0.3050847457627119,0.339,0.373,0.712,0.068,0.405,0.333,105.3,1,6,6,18,1,0,3,0,16,0,-0.408,0.28,1.0
2010,72427,현재윤,삼성,,False,53,78,0.1923076923076923,0.292,0.244,0.536,0.0519999999999999,0.222,0.253,0.0,1,7,4,15,1,0,10,1,14,1,0.0,,1.0
2011,72427,현재윤,삼성,,False,38,61,0.2131147540983606,0.273,0.23,0.503,0.017,0.241,0.237,0.0,0,5,7,13,1,0,3,2,7,0,0.0,,1.0
2013,72427,현재윤,LG,,False,53,100,0.26,0.345,0.34,0.685,0.08,0.294,0.29,0.0,1,8,10,26,5,0,10,3,14,1,0.0,,1.0
2014,72427,현재윤,LG,,False,14,15,0.5333333333333333,0.563,0.667,1.23,0.134,0.667,0.538,0.0,0,2,3,8,2,0,1,0,3,0,0.561,,1.0
2018,68730,호잉,한화,,True,142,529,0.3062381852551984,0.369,0.573,0.942,0.2669999999999999,0.321,0.394,104.8,30,110,85,162,47,2,51,5,93,23,3.072,4.01,1.0
2019,68730,호잉,한화,,True,124,476,0.2836134453781512,0.34,0.46,0.8,0.176,0.314,0.35,108.3,18,73,74,135,26,2,38,5,90,22,-0.121,3.74,1.0
2020,68730,호잉,한화,,False,34,124,0.1935483870967742,0.254,0.323,0.577,0.129,0.233,0.264,48.9,4,14,12,24,4,0,9,1,34,5,-0.769,-0.19,1.0
2021,68730,호잉,KT,,False,68,259,0.2393822393822393,0.313,0.417,0.73,0.178,0.254,0.321,88.1,11,52,32,62,11,1,26,4,52,5,-0.68,0.93,1.0
2015,61643,홍건희,KIA,투수,False,1,0,0.0,0.0,0.0,0.0,0.0,0.0,0.0,0.0,0,0,0,0,0,0,0,0,0,0,0.0,,1.0
2016,61643,홍건희,KIA,투수,False,4,0,0.0,0.0,0.0,0.0,0.0,0.0,0.0,0.0,0,0,0,0,0,0,0,0,0,0,0.0,,1.0
2017,61643,홍건희,KIA,투수,False,2,0,0.0,0.0,0.0,0.0,0.0,0.0,0.0,0.0,0,0,0,0,0,0,0,0,0,0,0.0,0.0,1.0
2018,61643,홍건희,KIA,투수,False,1,0,0.0,0.0,0.0,0.0,0.0,0.0,0.0,0.0,0,0,0,0,0,0,0,0,0,0,0.0,0.0,1.0
2020,61643,홍건희,두산,투수,False,1,0,0.0,0.0,0.0,0.0,0.0,0.0,0.0,0.0,0,0,0,0,0,0,0,0,0,0,0.0,0.0,1.0
2021,61643,홍건희,두산,투수,False,1,0,0.0,0.0,0.0,0.0,0.0,0.0,0.0,0.0,0,0,0,0,0,0,0,0,0,0,0.0,0.0,1.0
2022,61643,홍건희,두산,투수,False,7,0,0.0,0.0,0.0,0.0,0.0,0.0,0.0,0.0,0,0,0,0,0,0,0,0,0,0,0.0,0.0,1.0
2023,61643,홍건희,두산,투수,False,4,0,0.0,0.0,0.0,0.0,0.0,0.0,0.0,0.0,0,0,0,0,0,0,0,0,0,0,0.0,0.0,1.0
2024,61643,홍건희,두산,투수,False,5,0,0.0,0.0,0.0,0.0,0.0,0.0,0.0,0.0,0,0,0,0,0,0,0,0,0,0,0.0,0.0,1.0
2025,55897,홍대인,SSG,내야수,False,14,5,0.2,0.2,0.2,0.4,0.0,0.333,0.18,-2.9,0,0,3,1,0,0,0,0,2,1,0.069,-0.13,1.0
2026,55897,홍대인,SSG,내야수,False,62,54,0.2222222222222222,0.323,0.333,0.656,0.111,0.3,0.295,76.1,0,5,14,12,6,0,8,0,14,6,-0.245,0.05,0.757
2011,76854,홍명찬,SK,,False,8,11,0.1818181818181818,0.308,0.273,0.581,0.091,0.286,0.275,0.0,0,0,2,2,1,0,2,0,4,0,0.0,,1.0
2012,76854,홍명찬,SK,,False,5,5,0.4,0.4,0.4,0.8,0.0,0.5,0.36,0.0,0,1,0,2,0,0,0,0,1,0,0.0,,1.0
2013,76854,홍명찬,SK,,False,5,7,0.2857142857142857,0.286,0.286,0.572,0.0,0.4,0.257,0.0,0,0,1,2,0,0,0,0,2,0,0.0,,1.0
2014,76854,홍명찬,SK,,False,10,16,0.063,0.063,0.063,0.126,0.0,0.077,0.114,0.0,0,1,0,1,0,0,0,0,3,0,-0.491,,1.0
2015,76854,홍명찬,SK,,False,5,3,0.3333333333333333,0.333,0.333,0.666,0.0,1.0,0.3,0.0,0,0,0,1,0,0,0,0,2,0,-0.088,,1.0
2025,55267,홍민규,두산,투수,False,2,0,0.0,0.0,0.0,0.0,0.0,0.0,0.0,0.0,0,0,0,0,0,0,0,0,0,0,0.0,0.0,1.0
2026,55267,홍민규,KIA,투수,False,2,0,0.0,0.0,0.0,0.0,0.0,0.0,0.0,0.0,0,0,0,0,0,0,0,0,0,0,0.0,0.0,0.757
2010,78247,홍상삼,두산,,False,3,0,0.0,0.0,0.0,0.0,0.0,0.0,0.0,0.0,0,0,0,0,0,0,0,0,0,0,0.0,,1.0
2012,78247,홍상삼,두산,,False,2,0,0.0,0.0,0.0,0.0,0.0,0.0,0.0,0.0,0,0,0,0,0,0,0,0,0,0,0.0,,1.0
2013,78247,홍상삼,두산,,False,1,0,0.0,0.0,0.0,0.0,0.0,0.0,0.0,0.0,0,0,0,0,0,0,0,0,0,0,0.0,,1.0
2014,61366,홍성갑,넥센,,False,2,2,0.5,0.5,0.5,1.0,0.0,1.0,0.45,0.0,0,1,0,1,0,0,0,0,1,0,0.002,,1.0
2015,61366,홍성갑,넥센,,False,7,9,0.3333333333333333,0.4,0.333,0.733,0.0,0.6,0.342,0.0,0,2,0,3,0,0,1,0,4,0,-0.05,,1.0
2016,61366,홍성갑,넥센,,False,44,62,0.2258064516129032,0.294,0.258,0.552,0.032,0.318,0.261,0.0,0,7,4,14,0,1,1,5,18,1,-0.342,,1.0
2017,61366,홍성갑,넥센,,False,7,7,0.1428571428571428,0.25,0.143,0.393,0.0,0.5,0.203,-2.3,0,0,0,1,0,0,1,0,5,0,-0.218,-0.08,1.0
2018,61366,홍성갑,넥센,,False,6,8,0.0,0.0,0.0,0.0,0.0,0.0,0.0,-121.9,0,0,1,0,0,0,0,0,3,0,-0.371,-0.22,1.0
2015,65042,홍성무,KT,,False,3,0,0.0,0.0,0.0,0.0,0.0,0.0,0.0,0.0,0,1,0,0,0,0,0,0,0,0,-0.039,,1.0
2016,65042,홍성무,KT,,False,1,0,0.0,0.0,0.0,0.0,0.0,0.0,0.0,0.0,0,0,0,0,0,0,0,0,0,0,0.0,,1.0
2017,65042,홍성무,KT,,False,1,0,0.0,0.0,0.0,0.0,0.0,0.0,0.0,0.0,0,0,0,0,0,0,0,0,0,0,0.0,0.0,1.0
2019,65042,홍성무,NC,,False,2,0,0.0,0.0,0.0,0.0,0.0,0.0,0.0,0.0,0,0,0,0,0,0,0,0,0,0,0.0,0.0,1.0
2020,65042,홍성무,NC,,False,1,0,0.0,0.0,0.0,0.0,0.0,0.0,0.0,0.0,0,0,0,0,0,0,0,0,0,0,0.0,0.0,1.0
2015,62655,홍성민,롯데,,False,2,0,0.0,0.0,0.0,0.0,0.0,0.0,0.0,0.0,0,0,0,0,0,0,0,0,0,0,0.0,,1.0
2016,62655,홍성민,롯데,,False,1,0,0.0,0.0,0.0,0.0,0.0,0.0,0.0,0.0,0,0,0,0,0,0,0,0,0,0,0.0,,1.0
2021,62655,홍성민,NC,,False,2,0,0.0,0.0,0.0,0.0,0.0,0.0,0.0,0.0,0,0,0,0,0,0,0,0,0,0,0.0,0.0,1.0
2014,75149,홍성용,NC,,False,2,0,0.0,0.0,0.0,0.0,0.0,0.0,0.0,0.0,0,0,0,0,0,0,0,0,0,0,0.0,,1.0
2015,75149,홍성용,KT,,False,1,0,0.0,0.0,0.0,0.0,0.0,0.0,0.0,0.0,0,0,0,0,0,0,0,0,0,0,0.0,,1.0
2016,75149,홍성용,KT,,False,1,0,0.0,0.0,0.0,0.0,0.0,0.0,0.0,0.0,0,0,0,0,0,0,0,0,0,0,0.0,,1.0
2017,75149,홍성용,KT,,False,2,0,0.0,0.0,0.0,0.0,0.0,0.0,0.0,0.0,0,0,0,0,0,0,0,0,0,0,0.0,0.0,1.0
2018,75149,홍성용,KT,,False,1,0,0.0,0.0,0.0,0.0,0.0,0.0,0.0,0.0,0,0,0,0,0,0,0,0,0,0,0.0,0.0,1.0
2022,66233,홍성호,두산,외야수,False,12,18,0.1666666666666666,0.211,0.167,0.378,0.0,0.273,0.18,-2.2,0,0,3,3,0,0,1,0,7,0,-0.233,-0.18,1.0
2023,66233,홍성호,두산,외야수,False,21,48,0.2916666666666667,0.333,0.375,0.708,0.083,0.412,0.317,102.6,0,5,6,14,4,0,2,1,14,0,-0.184,0.03,1.0
2024,66233,홍성호,두산,외야수,False,15,14,0.2857142857142857,0.333,0.429,0.762,0.143,0.571,0.333,100.6,0,1,0,4,2,0,1,0,7,1,-0.207,0.08,1.0
2025,66233,홍성호,두산,외야수,False,9,26,0.3461538461538461,0.37,0.615,0.985,0.269,0.438,0.405,150.1,2,3,3,9,1,0,1,0,8,0,0.218,0.2,1.0
2026,66233,홍성호,두산,외야수,False,6,15,0.1333333333333333,0.133,0.133,0.266,0.0,0.25,0.12,-44.4,0,0,1,2,0,0,0,0,7,0,-0.183,-0.23,0.757
2010,99222,홍성흔,롯데,,True,111,431,0.3503480278422274,0.427,0.601,1.028,0.251,0.346,0.437,0.0,26,116,88,151,28,1,54,7,49,2,0.0,,1.0
2011,99222,홍성흔,롯데,,True,132,474,0.3059071729957806,0.376,0.403,0.779,0.097,0.354,0.354,0.0,6,67,70,145,24,2,53,3,80,2,0.0,,1.0
2012,99222,홍성흔,롯데,,True,113,390,0.2923076923076923,0.369,0.459,0.828,0.167,0.336,0.366,0.0,15,74,48,114,20,0,47,2,83,4,0.0,,1.0
2013,99222,홍성흔,두산,,True,127,469,0.2985074626865671,0.379,0.439,0.818,0.14,0.343,0.367,0.0,15,72,61,140,21,0,57,6,93,5,0.0,,1.0
2014,99222,홍성흔,두산,,True,124,447,0.3154362416107382,0.405,0.497,0.902,0.182,0.347,0.394,0.0,20,82,63,141,19,1,64,4,79,5,0.915,,1.0
2015,99222,홍성흔,두산,,False,93,301,0.2624584717607973,0.362,0.372,0.734,0.1099999999999999,0.306,0.343,0.0,7,46,39,79,12,0,42,5,59,8,0.367,,1.0
2016,99222,홍성흔,두산,,False,17,40,0.25,0.333,0.3,0.633,0.0499999999999999,0.323,0.295,0.0,0,5,4,10,2,0,5,0,9,0,-0.215,,1.0
2010,70626,홍세완,KIA,,False,10,25,0.2,0.259,0.24,0.499,0.0399999999999999,0.263,0.233,0.0,0,1,0,5,1,0,2,0,6,0,0.0,,1.0
2010,60605,홍재호,KIA,,False,24,27,0.1111111111111111,0.172,0.222,0.394,0.111,0.158,0.203,0.0,0,4,3,3,3,0,2,0,8,0,0.0,,1.0
2011,60605,홍재호,KIA,,False,31,47,0.2127659574468085,0.288,0.298,0.586,0.0849999999999999,0.273,0.265,0.0,1,3,6,10,1,0,4,1,13,1,0.0,,1.0
2012,60605,홍재호,KIA,,False,55,92,0.1847826086956521,0.272,0.25,0.522,0.065,0.232,0.24,0.0,1,6,13,17,3,0,11,0,22,1,0.0,,1.0
2013,60605,홍재호,KIA,,False,85,124,0.1935483870967742,0.275,0.258,0.533,0.064,0.21,0.245,0.0,2,12,15,24,2,0,13,1,17,1,0.0,,1.0
2016,60605,홍재호,KIA,,False,22,13,0.0769230769230769,0.188,0.077,0.265,0.0,0.091,0.146,0.0,0,1,4,1,0,0,2,0,3,0,-0.063,,1.0
2017,60605,홍재호,KIA,,False,2,0,0.0,0.0,0.0,0.0,0.0,0.0,0.0,0.0,0,0,0,0,0,0,0,0,0,0,0.0,0.0,1.0
2018,60605,홍재호,KIA,,False,56,76,0.2631578947368421,0.333,0.382,0.715,0.119,0.302,0.309,73.3,1,9,16,20,6,0,8,0,12,0,-0.686,-0.11,1.0
2019,60605,홍재호,KIA,,False,10,19,0.2105263157894736,0.25,0.211,0.461,0.0,0.286,0.216,21.9,0,0,2,4,0,0,1,0,5,0,-0.168,-0.13,1.0
2020,65496,홍정우,삼성,,False,1,0,0.0,0.0,0.0,0.0,0.0,0.0,0.0,0.0,0,0,0,0,0,0,0,0,0,0,0.0,0.0,1.0
2022,65496,홍정우,삼성,,False,2,0,0.0,0.0,0.0,0.0,0.0,0.0,0.0,0.0,0,0,0,0,0,0,0,0,0,0,0.0,0.0,1.0
2020,50600,홍종표,KIA,내야수,False,40,80,0.25,0.282,0.288,0.57,0.0379999999999999,0.294,0.27,54.4,0,7,7,20,3,0,4,0,13,0,-1.198,-0.05,1.0
2023,50600,홍종표,KIA,내야수,False,40,7,0.0,0.364,0.0,0.364,0.0,0.0,0.243,41.5,0,0,10,0,0,0,3,1,1,0,0.083,0.02,1.0
2024,50600,홍종표,KIA,내야수,False,100,105,0.2952380952380952,0.339,0.39,0.729,0.095,0.419,0.332,94.6,0,11,27,31,4,3,6,1,31,5,-0.745,0.49,1.0
2025,50600,홍종표,NC,내야수,False,62,73,0.1643835616438356,0.235,0.164,0.399,0.0,0.235,0.23,32.0,0,3,16,12,0,0,7,0,23,1,-1.191,-0.41,1.0
2026,50600,홍종표,NC,내야수,False,2,0,0.0,0.0,0.0,0.0,0.0,0.0,0.0,0.0,0,0,1,0,0,0,0,0,0,0,0.0,0.0,0.757
2016,66108,홍창기,LG,외야수,False,3,4,0.0,0.2,0.0,0.2,0.0,0.0,0.15,0.0,0,0,0,0,0,0,0,1,0,0,-0.074,,1.0
2018,66108,홍창기,LG,외야수,False,12,18,0.1666666666666666,0.4,0.278,0.678,0.111,0.3,0.337,110.5,0,0,1,3,2,0,7,0,8,0,-0.12,0.19,1.0
2019,66108,홍창기,LG,외야수,False,23,24,0.25,0.308,0.333,0.641,0.083,0.5,0.29,93.2,0,0,3,6,2,0,1,1,12,3,-0.079,0.22,1.0
2020,66108,홍창기,LG,외야수,True,135,408,0.2794117647058823,0.411,0.417,0.828,0.1379999999999999,0.342,0.379,140.4,5,39,87,114,29,6,83,10,87,11,1.341,4.3,1.0
2021,66108,홍창기,LG,외야수,True,144,524,0.3282442748091603,0.456,0.408,0.864,0.0799999999999999,0.393,0.401,151.6,4,52,103,172,26,2,109,16,95,23,2.469,6.59,1.0
2022,66108,홍창기,LG,외야수,True,118,437,0.2860411899313501,0.39,0.355,0.745,0.069,0.339,0.354,126.3,1,51,76,125,19,4,59,19,75,13,-0.218,3.74,1.0
2023,66108,홍창기,LG,외야수,True,141,524,0.3320610687022901,0.444,0.412,0.856,0.0799999999999999,0.388,0.398,157.3,1,65,109,174,35,2,88,22,83,23,2.763,6.01,1.0
2024,66108,홍창기,LG,외야수,True,139,524,0.3358778625954198,0.447,0.41,0.857,0.0739999999999999,0.398,0.399,136.8,5,73,96,176,18,3,96,12,93,10,1.81,4.79,1.0
2025,66108,홍창기,LG,외야수,False,51,174,0.2873563218390804,0.399,0.328,0.727,0.041,0.358,0.343,115.0,1,16,32,50,4,0,29,6,40,3,-0.232,1.23,1.0
2026,66108,홍창기,LG,외야수,True,98,340,0.2470588235294117,0.377,0.294,0.671,0.0469999999999999,0.336,0.326,95.0,0,27,57,84,12,2,59,14,93,3,-1.287,1.22,0.757
2017,67005,홍현빈,KT,외야수,False,8,6,0.0,0.0,0.0,0.0,0.0,0.0,0.0,-134.8,0,0,1,0,0,0,0,0,4,1,-0.106,-0.14,1.0
2018,67005,홍현빈,KT,외야수,False,14,13,0.2307692307692307,0.333,0.231,0.564,0.0,0.375,0.276,37.8,0,1,2,3,0,0,2,0,5,1,-0.056,-0.04,1.0
2020,67005,홍현빈,KT,외야수,False,40,18,0.0,0.217,0.0,0.217,0.0,0.0,0.125,-64.1,0,1,5,0,0,0,5,0,5,0,-0.179,-0.47,1.0
2021,67005,홍현빈,KT,외야수,False,43,11,0.1818181818181818,0.182,0.182,0.364,0.0,0.667,0.227,23.8,0,0,8,2,0,0,0,0,8,0,0.002,0.0,1.0
2022,67005,홍현빈,KT,외야수,False,61,76,0.2368421052631578,0.326,0.263,0.589,0.026,0.36,0.262,52.8,0,1,8,18,2,0,10,0,26,4,-1.006,0.18,1.0
2023,67005,홍현빈,KT,외야수,False,44,73,0.2328767123287671,0.349,0.26,0.609,0.0269999999999999,0.327,0.295,78.1,0,1,15,17,2,0,13,0,21,2,-0.824,0.28,1.0
2024,67005,홍현빈,KT,외야수,False,28,18,0.2222222222222222,0.333,0.333,0.666,0.111,0.364,0.334,92.5,0,2,5,4,0,1,3,0,7,0,0.395,-0.01,1.0
2025,67005,홍현빈,삼성,외야수,False,32,32,0.125,0.222,0.188,0.41,0.063,0.167,0.189,-0.6,0,0,8,4,2,0,3,1,8,0,-0.605,-0.37,1.0
2026,67005,홍현빈,삼성,외야수,False,9,8,0.125,0.125,0.125,0.25,0.0,0.2,0.113,-54.2,0,1,1,1,0,0,0,0,3,0,0.103,-0.14,0.757
2020,50802,화이트,SK,,False,9,22,0.1363636363636363,0.367,0.318,0.685,0.182,0.1,0.33,82.7,1,4,3,3,1,0,6,2,1,0,-0.019,0.06,1.0
2017,66207,황경태,두산,,False,2,0,0.0,0.0,0.0,0.0,0.0,0.0,0.0,0.0,0,0,0,0,0,0,0,0,0,0,0.0,0.0,1.0
2018,66207,황경태,두산,,False,27,13,0.2307692307692307,0.231,0.385,0.616,0.154,0.3,0.331,98.7,0,0,9,3,2,0,0,0,3,0,-0.227,-0.07,1.0
2021,66207,황경태,두산,,False,1,1,0.0,0.0,0.0,0.0,0.0,0.0,0.0,-130.3,0,0,0,0,0,0,0,0,1,0,0.0,-0.08,1.0
2015,65610,황대인,KIA,내야수,False,22,44,0.2727272727272727,0.273,0.455,0.728,0.182,0.417,0.309,0.0,2,7,3,12,2,0,0,0,18,0,-0.834,,1.0
2016,65610,황대인,KIA,내야수,False,4,7,0.4285714285714285,0.429,1.143,1.572,0.714,0.667,0.633,0.0,1,3,1,3,2,0,0,0,3,0,0.089,,1.0
2019,65610,황대인,KIA,내야수,False,12,25,0.2,0.286,0.28,0.566,0.08,0.294,0.264,58.2,0,0,0,5,2,0,1,2,8,0,-0.371,0.04,1.0
2020,65610,황대인,KIA,내야수,False,63,116,0.2758620689655172,0.384,0.414,0.798,0.1379999999999999,0.333,0.359,113.8,4,16,14,32,4,0,21,0,29,0,-0.265,0.98,1.0
2021,65610,황대인,KIA,내야수,False,86,282,0.2375886524822695,0.283,0.418,0.701,0.18,0.255,0.303,83.0,13,45,30,67,10,1,18,2,62,0,-0.611,0.47,1.0
2022,65610,황대인,KIA,내야수,True,129,476,0.2563025210084033,0.315,0.401,0.716,0.145,0.288,0.315,94.1,14,91,40,122,27,0,36,7,92,0,-2.62,1.38,1.0
2023,65610,황대인,KIA,내야수,False,60,174,0.2126436781609195,0.296,0.322,0.618,0.109,0.262,0.276,61.1,5,26,19,37,4,0,18,4,50,0,-0.142,-0.21,1.0
2024,65610,황대인,KIA,내야수,False,3,7,0.2857142857142857,0.286,0.429,0.715,0.143,0.333,0.306,75.1,0,3,1,2,1,0,0,0,1,0,-0.007,0.01,1.0
2025,65610,황대인,KIA,내야수,False,18,53,0.1886792452830188,0.228,0.302,0.53,0.1129999999999999,0.231,0.264,56.6,1,8,3,10,3,0,3,0,14,0,-0.523,-0.16,1.0
2026,65610,황대인,KIA,내야수,False,3,4,0.0,0.0,0.0,0.0,0.0,0.0,0.0,-126.7,0,0,0,0,0,0,0,0,1,0,-0.082,-0.1,0.757
2015,72261,황덕균,KT,,False,1,0,0.0,0.0,0.0,0.0,0.0,0.0,0.0,0.0,0,0,0,0,0,0,0,0,0,0,0.0,,1.0
2010,76562,황동채,롯데,,False,44,31,0.0967741935483871,0.152,0.129,0.281,0.032,0.15,0.137,0.0,0,0,6,3,1,0,1,1,11,3,0.0,,1.0
2011,76562,황동채,롯데,,False,57,62,0.2258064516129032,0.342,0.306,0.648,0.0799999999999999,0.28,0.301,0.0,0,5,16,14,3,1,10,1,12,3,0.0,,1.0
2012,76562,황동채,롯데,,False,73,58,0.1724137931034483,0.25,0.172,0.422,0.0,0.244,0.216,0.0,0,6,11,10,0,0,5,1,17,1,0.0,,1.0
2013,76562,황동채,롯데,,False,34,43,0.2325581395348837,0.34,0.233,0.573,0.0,0.417,0.276,0.0,0,1,8,10,0,0,6,1,19,1,0.0,,1.0
2014,76562,황동채,롯데,,False,12,5,0.2,0.2,0.2,0.4,0.0,0.25,0.18,0.0,0,0,0,1,0,0,0,0,1,0,-0.048,,1.0
2015,76562,황동채,롯데,,False,2,2,0.0,0.0,0.0,0.0,0.0,0.0,0.0,0.0,0,0,1,0,0,0,0,0,1,0,-0.066,,1.0
2023,52641,황동하,KIA,투수,False,1,0,0.0,0.0,0.0,0.0,0.0,0.0,0.0,0.0,0,0,0,0,0,0,0,0,0,0,0.0,0.0,1.0
2024,52641,황동하,KIA,투수,False,1,0,0.0,0.0,0.0,0.0,0.0,0.0,0.0,0.0,0,0,0,0,0,0,0,0,0,0,0.0,0.0,1.0
2025,52641,황동하,KIA,투수,False,3,0,0.0,0.0,0.0,0.0,0.0,0.0,0.0,0.0,0,0,0,0,0,0,0,0,0,0,0.0,0.0,1.0
2014,63077,황목치승,LG,,False,37,46,0.3043478260869565,0.319,0.348,0.667,0.0439999999999999,0.378,0.274,0.0,0,3,11,14,0,1,1,0,9,2,-0.279,,1.0
2015,63077,황목치승,LG,,False,24,71,0.2676056338028169,0.284,0.338,0.622,0.07,0.306,0.273,0.0,0,8,13,19,3,1,2,0,10,2,-0.591,,1.0
2016,63077,황목치승,LG,,False,48,39,0.1794871794871795,0.179,0.256,0.435,0.077,0.233,0.188,0.0,0,4,7,7,3,0,0,0,9,2,-0.473,,1.0
2017,63077,황목치승,LG,,False,45,29,0.2068965517241379,0.25,0.207,0.457,0.0,0.25,0.202,24.1,0,3,14,6,0,0,1,1,6,2,-0.255,-0.32,1.0
2016,66469,황선도,삼성,,False,1,3,0.3333333333333333,0.5,0.333,0.833,0.0,0.5,0.405,0.0,0,0,0,1,0,0,1,0,1,0,-0.059,,1.0
2010,76404,황선일,LG,,False,4,5,0.2,0.2,0.4,0.6,0.2,0.333,0.248,0.0,0,1,0,1,1,0,0,0,2,0,0.0,,1.0
2011,76404,황선일,LG,,False,7,9,0.2222222222222222,0.3,0.222,0.522,0.0,0.25,0.255,0.0,0,1,0,2,0,0,0,1,1,0,0.0,,1.0
2012,76404,황선일,LG,,False,3,8,0.125,0.125,0.125,0.25,0.0,0.125,0.113,0.0,0,1,0,1,0,0,0,0,0,0,0.0,,1.0
2015,76404,황선일,한화,,False,13,23,0.1739130434782608,0.24,0.261,0.501,0.087,0.235,0.23,0.0,0,2,1,4,2,0,1,1,6,1,-0.634,,1.0
2022,50500,황성빈,롯데,외야수,False,102,320,0.29375,0.341,0.366,0.707,0.072,0.35,0.334,106.1,1,16,62,94,12,4,22,2,55,10,-1.573,0.92,1.0
2023,50500,황성빈,롯데,외야수,False,74,170,0.2117647058823529,0.268,0.265,0.533,0.053,0.252,0.244,39.2,0,8,22,36,5,2,12,1,27,9,-1.464,-0.69,1.0
2024,50500,황성빈,롯데,외야수,False,125,366,0.319672131147541,0.375,0.437,0.812,0.1169999999999999,0.368,0.361,104.5,4,26,94,117,15,8,31,2,56,51,-0.231,2.5,1.0
2025,50500,황성빈,롯데,외야수,False,79,246,0.2560975609756097,0.315,0.317,0.632,0.061,0.308,0.291,70.4,1,22,43,63,4,4,18,4,46,25,-1.127,0.62,1.0
2026,50500,황성빈,롯데,외야수,True,85,320,0.290625,0.334,0.375,0.709,0.084,0.343,0.328,87.5,0,25,50,93,9,9,19,3,51,36,-1.428,0.85,0.757
2015,63698,황수현,KIA,,False,2,2,0.0,0.0,0.0,0.0,0.0,0.0,0.0,0.0,0,0,0,0,0,0,0,0,1,0,-0.023,,1.0
2024,54795,황영묵,한화,내야수,False,123,349,0.3008595988538682,0.365,0.372,0.737,0.071,0.351,0.344,100.7,3,35,52,105,8,4,31,5,56,4,-1.641,1.62,1.0
2025,54795,황영묵,한화,내야수,False,117,260,0.2730769230769231,0.329,0.358,0.687,0.0849999999999999,0.314,0.318,92.8,1,22,40,71,17,1,20,2,37,1,-0.37,0.95,1.0
2026,54795,황영묵,한화,내야수,False,54,89,0.2359550561797752,0.352,0.315,0.667,0.079,0.3,0.304,76.2,0,16,12,21,5,1,14,2,19,2,0.17,0.01,0.757
2015,62908,황윤호,NC,,False,10,5,0.0,0.167,0.0,0.167,0.0,0.0,0.273,0.0,0,0,2,0,0,0,1,0,1,0,-0.026,,1.0
2016,62908,황윤호,NC,,False,33,12,0.0833333333333333,0.083,0.083,0.166,0.0,0.143,0.075,0.0,0,2,7,1,0,0,0,0,5,1,-0.46,,1.0
2017,62908,황윤호,NC,,False,36,15,0.1333333333333333,0.235,0.267,0.502,0.134,0.182,0.231,48.7,0,0,8,2,0,1,1,1,4,0,-0.275,-0.06,1.0
2018,62908,황윤호,KIA,,False,82,57,0.1578947368421052,0.2,0.175,0.375,0.0169999999999999,0.176,0.202,7.5,0,4,11,9,1,0,0,3,6,2,-0.148,-0.5,1.0
2019,62908,황윤호,KIA,,False,57,123,0.3008130081300813,0.326,0.398,0.724,0.097,0.324,0.336,111.0,1,9,9,37,5,2,5,0,12,2,-0.579,0.42,1.0
2020,62908,황윤호,KIA,,False,25,70,0.2428571428571428,0.274,0.286,0.56,0.0429999999999999,0.283,0.266,51.8,0,5,5,17,3,0,3,0,10,2,-1.229,-0.27,1.0
2021,62908,황윤호,KIA,,False,6,17,0.1764705882352941,0.263,0.176,0.439,0.0,0.214,0.219,22.2,0,0,2,3,0,0,1,1,3,0,-0.098,-0.23,1.0
2018,65618,황인준,KIA,,False,3,3,0.0,0.0,0.0,0.0,0.0,0.0,0.0,0.0,0,0,0,0,0,0,0,0,2,0,-0.004,0.0,1.0
2010,79758,황재규,한화,,False,3,0,0.0,0.0,0.0,0.0,0.0,0.0,0.0,0.0,0,0,0,0,0,0,0,0,0,0,0.0,,1.0
2010,76313,황재균,롯데,,False,94,306,0.2254901960784313,0.303,0.35,0.653,0.1249999999999999,0.273,0.294,0.0,6,40,41,69,14,3,32,4,73,18,0.0,,1.0
2011,76313,황재균,롯데,,True,117,398,0.2889447236180904,0.36,0.445,0.805,0.156,0.326,0.357,0.0,12,68,62,115,18,4,40,9,78,12,0.0,,1.0
2012,76313,황재균,롯데,,True,133,448,0.2723214285714285,0.335,0.346,0.681,0.0739999999999999,0.323,0.301,0.0,4,51,42,122,19,1,38,5,81,26,0.0,,1.0
2013,76313,황재균,롯데,,True,128,489,0.2740286298568507,0.35,0.389,0.739,0.1149999999999999,0.311,0.339,0.0,7,56,70,134,29,3,49,10,78,22,0.0,,1.0
2014,76313,황재균,롯데,,True,128,486,0.3209876543209876,0.388,0.475,0.863,0.1539999999999999,0.367,0.387,0.0,12,76,66,156,33,3,53,3,86,17,0.616,,1.0
2015,76313,황재균,롯데,,True,144,534,0.2902621722846442,0.35,0.521,0.871,0.231,0.329,0.376,0.0,26,97,95,155,41,2,48,4,122,11,-0.139,,1.0
2016,76313,황재균,롯데,,True,127,498,0.3353413654618474,0.394,0.57,0.964,0.2349999999999999,0.339,0.414,0.0,27,113,97,167,26,5,49,4,66,25,3.67,,1.0
2018,76313,황재균,KT,,True,142,530,0.2962264150943396,0.358,0.526,0.884,0.23,0.34,0.381,101.2,25,88,76,157,41,3,49,4,120,14,1.039,2.72,1.0
2019,76313,황재균,KT,,True,124,448,0.2834821428571428,0.357,0.467,0.824,0.184,0.296,0.362,119.3,20,67,78,127,16,3,52,2,71,10,1.417,2.89,1.0
2020,76313,황재균,KT,,True,134,541,0.3123844731977819,0.37,0.512,0.882,0.2,0.347,0.386,126.2,21,97,108,169,35,5,47,5,98,11,2.51,4.07,1.0
2021,76313,황재균,KT,,True,117,453,0.2913907284768212,0.358,0.402,0.76,0.111,0.344,0.346,107.3,10,56,74,132,16,2,46,3,92,11,-1.301,1.97,1.0
2022,76313,황재균,KT,,True,141,519,0.2620423892100192,0.335,0.38,0.715,0.118,0.306,0.325,95.8,10,64,59,136,25,3,53,5,99,6,-1.678,1.64,1.0
2023,76313,황재균,KT,,True,109,407,0.2948402948402948,0.366,0.413,0.779,0.118,0.337,0.35,118.3,6,49,62,120,26,2,45,1,64,3,0.795,2.34,1.0
2024,76313,황재균,KT,,True,137,493,0.2596348884381338,0.309,0.383,0.692,0.123,0.297,0.306,73.5,13,58,60,128,22,0,34,2,95,4,-1.877,-0.5,1.0
2025,76313,황재균,KT,,False,112,385,0.2753246753246753,0.336,0.379,0.715,0.1039999999999999,0.334,0.331,99.9,7,48,50,106,19,0,34,2,84,3,0.065,1.42,1.0
2012,62646,황정립,KIA,,False,18,47,0.1489361702127659,0.298,0.213,0.511,0.064,0.194,0.255,0.0,1,5,4,7,0,0,10,0,15,0,0.0,,1.0
2013,62646,황정립,KIA,,False,21,45,0.2444444444444444,0.404,0.356,0.76,0.1119999999999999,0.323,0.373,0.0,1,8,8,11,2,0,10,2,13,0,0.0,,1.0
2012,78566,황진수,롯데,,False,28,18,0.1111111111111111,0.158,0.167,0.325,0.056,0.222,0.143,0.0,0,0,2,2,1,0,1,0,9,2,0.0,,1.0
2013,78566,황진수,롯데,,False,2,0,0.0,0.0,0.0,0.0,0.0,0.0,0.0,0.0,0,0,0,0,0,0,0,0,0,0,0.0,,1.0
2014,78566,황진수,롯데,,False,5,5,0.0,0.0,0.0,0.0,0.0,0.0,0.0,0.0,0,0,0,0,0,0,0,0,1,0,-0.008,,1.0
2015,78566,황진수,롯데,,False,2,2,0.0,0.0,0.0,0.0,0.0,0.0,0.0,0.0,0,0,0,0,0,0,0,0,0,0,-0.079,,1.0
2016,78566,황진수,롯데,,False,11,10,0.0,0.0,0.0,0.0,0.0,0.0,0.0,0.0,0,0,2,0,0,0,0,0,5,0,-0.323,,1.0
2017,78566,황진수,롯데,,False,60,117,0.2905982905982906,0.359,0.402,0.761,0.111,0.418,0.348,88.2,1,16,18,34,6,2,10,3,38,4,-0.799,0.49,1.0
2018,78566,황진수,롯데,,False,18,24,0.1666666666666666,0.231,0.333,0.564,0.166,0.167,0.247,21.1,1,1,6,4,1,0,2,0,5,1,-0.235,-0.29,1.0
2019,78566,황진수,롯데,,False,6,3,0.0,0.25,0.0,0.25,0.0,0.0,0.18,-14.2,0,0,1,0,0,0,1,0,2,0,0.025,-0.02,1.0
2023,53375,후라도,키움,투수,False,1,0,0.0,0.0,0.0,0.0,0.0,0.0,0.0,0.0,0,0,0,0,0,0,0,0,0,0,0.0,0.0,1.0
2014,64553,히메네스,롯데,,False,80,260,0.3153846153846154,0.409,0.535,0.944,0.22,0.358,0.422,0.0,14,61,42,82,15,0,41,1,57,0,1.651,,1.0
2015,65103,히메네스,LG,,False,70,279,0.3118279569892473,0.344,0.505,0.849,0.193,0.339,0.371,0.0,11,46,37,87,17,2,12,4,48,8,0.305,,1.0
2016,65103,히메네스,LG,,True,135,523,0.3078393881453155,0.363,0.526,0.889,0.218,0.31,0.395,0.0,26,102,101,161,36,0,39,10,67,18,2.805,,1.0
2017,65103,히메네스,LG,,False,51,181,0.2762430939226519,0.333,0.436,0.769,0.1599999999999999,0.276,0.341,128.6,7,30,29,50,6,1,13,3,19,3,-0.118,0.77,1.0
2026,56305,히우라,키움,내야수,False,45,173,0.2543352601156069,0.347,0.41,0.757,0.1559999999999999,0.349,0.346,111.5,7,27,24,44,4,1,21,4,61,1,-0.724,0.72,0.757
2021,51725,힐리,한화,내야수,False,67,249,0.2570281124497992,0.306,0.394,0.7,0.137,0.308,0.314,90.2,7,37,27,64,11,1,16,2,58,2,-1.622,0.45,1.0
2026,56034,힐리어드,KT,내야수,True,103,403,0.3027295285359801,0.373,0.581,0.954,0.2779999999999999,0.368,0.409,147.1,30,96,80,122,16,3,46,2,128,7,2.063,4.62,0.757
