collect_year,player_id,player_name,team,position,is_qualified,innings,games,era,whip,win,lose,save,hold,qs,so,bb,hbp,hit,hr,r,er,k9,bb9,k_bb,pa_k_rate,pa_bb_rate,wpa,war,ip_per_game,pitcher_role,season_completion
2020,50640,가뇽,KIA,,True,159.667,28,4.34029,1.42,11,8,0,0,13,141,64,9,162,7,86,77,7.95,3.61,2.2,20.1,9.1,1.595,2.97,5.702,SP,1.0
2010,92501,가득염,SK,,False,16.333,21,4.40816,1.47,0,0,0,1,0,12,10,0,14,1,9,8,6.61,5.51,1.2,16.9,14.1,0.0,,0.778,RP,1.0
2025,55460,가라비토,삼성,투수,False,78.333,15,2.6425531914893616,1.19,4,4,0,0,4,84,37,6,56,6,31,23,9.65,4.25,2.27,25.7,11.3,1.139,1.85,5.222,SP,1.0
2021,51833,가빌리오,SSG,,False,81.333,15,5.86475,1.45,6,4,0,0,5,70,30,6,88,7,54,53,7.75,3.32,2.33,19.9,8.5,0.263,0.67,5.422,SP,1.0
2025,55532,감보아,롯데,,False,108.0,19,3.583333333333333,1.35,7,8,0,0,11,117,49,4,97,6,54,43,9.75,4.08,2.39,24.6,10.3,1.644,2.07,5.684,SP,1.0
2023,53006,강건,KT,투수,False,6.667,4,1.35,1.05,0,0,1,0,0,8,3,0,4,0,1,1,10.8,4.05,2.67,28.6,10.7,-0.078,0.19,1.667,RP,1.0
2024,53006,강건,KT,투수,False,4.0,4,11.25,3.0,0,1,0,0,0,3,4,1,8,1,5,5,6.75,9.0,0.75,12.5,16.7,-0.331,-0.13,1.0,RP,1.0
2025,53006,강건,KT,투수,False,3.667,2,24.545454545454547,3.82,0,1,0,0,0,1,7,1,7,1,10,10,2.45,17.18,0.14,3.8,26.9,-0.227,-0.28,1.834,RP,1.0
2026,56769,강건우,한화,투수,False,13.333,10,8.1,2.78,0,0,0,0,0,11,12,1,25,2,13,12,7.43,8.1,0.92,13.9,15.2,-0.289,-0.21,1.333,RP,0.757
2021,61700,강경학,KIA,,False,0.667,1,54.0,7.5,0,0,0,0,0,0,2,1,3,0,4,4,0.0,27.0,0.0,0.0,25.0,0.0,0.0,0.667,RP,1.0
2013,61295,강동연,두산,,False,2.0,1,0.0,0.5,0,0,0,0,0,1,0,0,1,0,1,0,4.5,0.0,99.99,14.3,0.0,0.0,,2.0,RP,1.0
2014,61295,강동연,두산,,False,1.0,1,27.0,5.0,0,0,0,0,0,3,0,0,5,1,3,3,27.0,0.0,99.99,37.5,0.0,-0.007,-0.01,1.0,RP,1.0
2016,61295,강동연,두산,,False,7.667,11,8.21739,1.96,0,0,0,0,0,6,6,0,9,2,8,7,7.04,7.04,1.0,16.7,16.7,-0.052,-0.19,0.697,RP,1.0
2018,61295,강동연,두산,,False,11.667,8,5.4,1.29,1,0,0,0,0,5,5,0,10,2,8,7,3.86,3.86,1.0,10.2,10.2,0.037,-0.15,1.458,RP,1.0
2019,61295,강동연,두산,,False,5.0,5,5.4,1.6,0,0,0,0,0,3,0,0,8,2,3,3,5.4,0.0,99.99,13.6,0.0,-0.145,-0.13,1.0,RP,1.0
2020,61295,강동연,NC,,False,24.0,22,6.0,1.58,1,2,0,1,0,17,11,1,27,3,17,16,6.38,4.13,1.55,16.0,10.4,-0.501,-0.02,1.091,RP,1.0
2021,61295,강동연,NC,,False,23.0,12,7.82609,1.7,3,2,0,1,0,14,14,0,25,4,21,20,5.48,5.48,1.0,12.8,12.8,-0.917,-0.4,1.917,RP,1.0
2022,61295,강동연,NC,,False,8.667,6,10.3846,2.19,0,0,0,0,0,3,3,1,16,2,10,10,3.12,3.12,1.0,6.8,6.8,-0.029,-0.25,1.444,RP,1.0
2017,67591,강동호,롯데,,False,41.333,27,4.79032,1.43,2,1,0,0,0,26,16,1,43,8,24,22,5.66,3.48,1.63,14.6,9.0,0.534,0.2,1.531,RP,1.0
2020,67591,강동호,롯데,,False,11.0,7,7.36364,1.73,1,0,0,0,0,8,6,0,13,3,9,9,6.55,4.91,1.33,15.7,11.8,0.135,-0.18,1.571,RP,1.0
2021,67591,강동호,롯데,,False,1.333,1,6.75,1.5,0,0,0,0,0,1,1,1,1,0,1,1,6.75,6.75,1.0,14.3,14.3,0.003,-0.01,1.333,RP,1.0
2019,68050,강백호,KT,내야수,False,1.0,1,0.0,1.0,0,0,0,0,0,0,1,0,0,0,0,0,0.0,9.0,0.0,0.0,25.0,0.05,0.0,1.0,RP,1.0
2025,68050,강백호,KT,내야수,False,1.0,1,18.0,4.0,0,0,0,0,0,1,1,0,3,1,2,2,9.0,9.0,1.0,14.3,14.3,0.054,0.0,1.0,RP,1.0
2013,78552,강승현,롯데,,False,2.0,2,9.0,2.0,0,1,0,0,0,2,1,0,3,0,3,2,9.0,4.5,2.0,20.0,10.0,0.0,,1.0,RP,1.0
2014,78552,강승현,롯데,,False,5.667,3,25.4118,3.53,0,0,0,0,0,3,2,0,18,2,19,16,4.76,3.18,1.5,8.1,5.4,-0.335,-0.05,1.889,RP,1.0
2016,78552,강승현,롯데,,False,8.333,6,9.72,2.28,0,0,0,0,0,7,5,0,14,2,9,9,7.56,5.4,1.4,16.3,11.6,-0.001,-0.13,1.389,RP,1.0
2017,78552,강승현,한화,,False,38.333,31,5.86957,1.49,0,1,0,1,0,40,15,0,42,4,26,25,9.39,3.52,2.67,24.0,9.0,-0.297,0.19,1.237,RP,1.0
2018,78552,강승현,한화,,False,1.667,2,5.4,1.8,0,0,0,0,0,2,0,0,3,1,1,1,10.8,0.0,99.99,25.0,0.0,0.004,-0.01,0.834,RP,1.0
2010,70615,강영식,롯데,,False,52.667,63,4.44304,1.41,3,3,2,7,0,58,24,1,50,6,28,26,9.91,4.1,2.42,25.2,10.4,0.0,,0.836,RP,1.0
2011,70615,강영식,롯데,,False,41.0,64,3.5122,1.39,2,1,1,16,0,39,22,2,35,5,16,16,8.56,4.83,1.77,22.0,12.4,0.0,,0.641,SU,1.0
2012,70615,강영식,롯데,,False,41.667,55,3.888,1.44,2,0,0,10,0,49,19,0,41,2,19,18,10.58,4.1,2.58,26.9,10.4,0.0,,0.758,RP,1.0
2013,70615,강영식,롯데,,False,39.667,55,3.85714,1.29,1,3,1,9,0,40,19,2,32,1,17,17,9.08,4.31,2.11,23.8,11.3,0.0,,0.721,RP,1.0
2014,70615,강영식,롯데,,False,47.0,52,4.78723,1.49,2,5,0,14,0,42,24,2,46,4,25,25,8.04,4.6,1.75,20.7,11.8,0.06,0.67,0.904,SU,1.0
2015,70615,강영식,롯데,,False,38.667,50,4.18966,1.29,2,1,2,6,0,46,10,0,40,6,21,18,10.71,2.33,4.6,28.9,6.3,-0.055,0.57,0.773,RP,1.0
2016,70615,강영식,롯데,,False,11.667,24,5.4,1.89,0,2,0,5,0,11,9,0,13,2,8,7,8.49,6.9399999999999995,1.22,20.0,16.4,-0.197,-0.05,0.486,RP,1.0
2017,70615,강영식,롯데,,False,2.333,4,3.85714,2.14,0,1,0,0,0,2,1,0,4,0,2,1,7.71,3.86,2.0,15.4,7.7,-0.241,0.01,0.583,RP,1.0
2010,79358,강윤구,넥센,투수,False,15.0,5,7.2,1.87,1,1,0,0,0,11,13,1,15,2,13,12,6.6,7.8,0.85,15.5,18.3,0.0,,3.0,SP,1.0
2011,79358,강윤구,넥센,투수,False,21.0,6,2.14286,1.24,3,1,0,0,0,11,11,0,15,0,5,5,4.71,4.71,1.0,13.1,13.1,0.0,,3.5,SP,1.0
2012,79358,강윤구,넥센,투수,False,125.667,27,4.08223,1.3,4,7,0,0,6,127,74,7,89,14,58,57,9.1,5.3,1.72,24.0,14.0,0.0,,4.654,SP,1.0
2013,79358,강윤구,넥센,투수,True,130.0,41,4.36154,1.44,6,6,0,7,4,131,75,8,112,6,69,63,9.07,5.19,1.75,23.1,13.2,0.0,,3.171,SP,1.0
2014,79358,강윤구,넥센,투수,False,42.0,24,7.71429,2.19,1,1,0,1,0,36,32,1,60,17,43,36,7.71,6.86,1.13,16.7,14.9,-1.939,-1.06,1.75,RP,1.0
2016,79358,강윤구,넥센,투수,False,1.0,1,18.0,2.0,0,0,0,0,0,0,1,0,1,1,2,2,0.0,9.0,0.0,0.0,20.0,-0.107,-0.09,1.0,RP,1.0
2017,79358,강윤구,NC,투수,False,54.667,36,4.44512,1.48,2,1,0,0,0,51,24,2,57,14,30,27,8.4,3.95,2.13,20.8,9.8,-0.262,-0.11,1.519,RP,1.0
2018,79358,강윤구,NC,투수,False,54.667,69,6.09146,1.46,7,5,1,17,0,65,26,1,54,10,41,37,10.7,4.28,2.5,26.7,10.7,0.585,-0.5,0.792,RP,1.0
2019,79358,강윤구,NC,투수,False,56.333,67,4.47337,1.4,3,3,0,15,0,49,24,4,55,4,29,28,7.83,3.83,2.04,20.2,9.9,1.091,0.21,0.841,RP,1.0
2020,79358,강윤구,NC,투수,False,21.0,30,6.85714,2.0,1,1,0,3,0,15,11,0,31,3,16,16,6.43,4.71,1.36,14.6,10.7,-0.349,-0.1,0.7,RP,1.0
2021,79358,강윤구,롯데,투수,False,16.0,22,8.4375,2.19,0,1,0,3,0,15,14,1,21,3,15,15,8.44,7.88,1.07,19.0,17.7,-0.789,-0.36,0.727,RP,1.0
2022,79358,강윤구,롯데,투수,False,21.333,29,5.48438,1.45,0,0,0,0,0,27,6,1,25,0,17,13,11.39,2.53,4.5,27.8,6.2,-0.003,0.03,0.736,RP,1.0
2019,67604,강이준,KIA,투수,False,9.0,3,11.0,2.56,0,2,0,0,0,3,9,2,14,1,11,11,3.0,9.0,0.33,5.7,17.0,-0.56,-0.33,3.0,SP,1.0
2015,64907,강장산,NC,,False,25.667,20,5.61039,1.64,0,0,0,0,0,9,15,3,27,3,17,16,3.16,5.26,0.6,7.4,12.4,-0.115,-0.21,1.283,RP,1.0
2016,64907,강장산,NC,,False,2.333,3,11.5714,2.57,0,1,0,0,0,1,3,0,3,2,3,3,3.86,11.57,0.33,8.3,25.0,-0.394,-0.16,0.778,RP,1.0
2017,64907,강장산,KT,,False,26.333,17,5.46835,1.59,0,0,0,0,0,16,15,4,27,3,17,16,5.47,5.13,1.07,13.2,12.4,-0.131,0.08,1.549,RP,1.0
2020,50705,강재민,한화,투수,False,49.0,50,2.57143,1.2,1,2,1,14,0,57,18,0,41,3,16,14,10.47,3.31,3.17,28.1,8.9,2.462,1.63,0.98,SU,1.0
2021,50705,강재민,한화,투수,False,63.333,58,2.13158,1.22,2,1,5,13,0,55,26,5,51,2,16,15,7.82,3.69,2.12,20.4,9.7,2.275,2.31,1.092,RP,1.0
2022,50705,강재민,한화,투수,False,51.333,56,4.20779,1.42,4,8,7,7,0,39,29,4,44,7,26,24,6.84,5.08,1.34,16.8,12.5,-0.545,0.14,0.917,RP,1.0
2023,50705,강재민,한화,투수,False,43.333,43,6.43846,1.25,1,3,0,12,0,42,19,8,35,5,31,31,8.72,3.95,2.21,22.2,10.1,-0.48,-0.56,1.008,SU,1.0
2025,50705,강재민,한화,투수,False,4.0,4,9.0,2.0,0,0,0,0,0,5,2,1,6,1,4,4,11.25,4.5,2.5,25.0,10.0,-0.031,-0.09,1.0,RP,1.0
2026,50705,강재민,한화,투수,False,14.667,16,5.5227272727272725,1.84,0,0,0,0,0,15,11,5,16,1,9,9,9.2,6.75,1.36,20.5,15.1,-0.42,0.03,0.917,RP,0.757
2019,69158,강정현,LG,,False,10.667,7,5.0625,1.41,0,0,0,0,0,8,6,2,9,3,6,6,6.75,5.06,1.33,16.7,12.5,0.13,-0.08,1.524,RP,1.0
2018,79130,강지광,SK,,False,3.0,4,21.0,4.0,0,0,0,0,0,3,4,0,8,1,7,7,9.0,12.0,0.75,14.3,19.0,0.014,-0.23,0.75,RP,1.0
2019,79130,강지광,SK,,False,27.333,25,3.95122,1.28,2,4,0,6,0,15,11,0,24,0,14,12,4.9399999999999995,3.62,1.36,13.0,9.6,1.043,0.29,1.093,RP,1.0
2020,79130,강지광,SK,,False,3.667,6,4.90909,2.18,0,0,0,0,0,4,1,0,7,1,3,2,9.82,2.45,4.0,20.0,5.0,-0.106,-0.01,0.611,RP,1.0
2021,79130,강지광,SSG,,False,1.0,1,36.0,7.0,0,0,0,0,0,1,4,0,3,0,4,4,9.0,36.0,0.25,10.0,40.0,-0.002,-0.1,1.0,RP,1.0
2010,72627,강철민,LG,,False,11.667,3,5.4,1.37,0,1,0,0,0,10,8,1,8,2,7,7,7.71,6.17,1.25,20.4,16.3,0.0,,3.889,SP,1.0
2021,50905,강태경,NC,투수,False,12.667,3,5.68421,1.82,0,1,0,0,1,10,10,2,13,2,8,8,7.11,7.11,1.0,16.4,16.4,-0.201,0.01,4.222,SP,1.0
2021,65514,강태율,롯데,,False,0.333,1,0.0,6.0,0,0,0,0,0,0,0,0,2,0,0,0,0.0,0.0,99.99,0.0,0.0,0.0,0.0,0.333,RP,1.0
2022,51143,강효종,LG,투수,False,5.0,1,3.6,1.8,1,0,0,0,0,4,4,0,5,0,2,2,7.2,7.2,1.0,18.2,18.2,0.099,0.09,5.0,SP,1.0
2023,51143,강효종,LG,투수,False,21.667,7,6.23077,1.71,1,2,0,0,0,14,12,2,25,1,18,15,5.82,4.98,1.17,13.6,11.7,-0.023,-0.2,3.095,SP,1.0
2024,51143,강효종,LG,투수,False,1.333,1,20.25,3.75,0,0,0,0,0,2,3,0,2,1,3,3,13.5,20.25,0.67,22.2,33.3,-0.235,-0.14,1.333,RP,1.0
2010,70121,경헌호,LG,,False,5.0,5,0.0,1.0,0,0,0,0,0,4,0,0,5,0,0,0,7.2,0.0,99.99,20.0,0.0,0.0,,1.0,RP,1.0
2011,70121,경헌호,LG,,False,7.0,4,2.57143,0.57,0,0,0,0,0,1,0,1,4,0,3,2,1.29,0.0,99.99,3.8,0.0,0.0,,1.75,RP,1.0
2011,61855,고든,SK,,False,75.667,14,3.80617,1.16,6,4,0,0,7,70,20,4,68,3,34,32,8.33,2.38,3.5,22.2,6.3,0.0,,5.405,SP,1.0
2012,61855,고든,삼성,,False,128.0,25,3.9375,1.42,11,3,0,0,11,80,38,2,144,10,61,56,5.63,2.67,2.11,14.5,6.9,0.0,,5.12,SP,1.0
2016,66201,고봉재,두산,,False,23.333,25,6.17143,1.46,3,0,0,0,0,18,2,3,32,1,17,16,6.9399999999999995,0.77,9.0,17.8,2.0,-0.038,0.02,0.933,RP,1.0
2017,66201,고봉재,두산,,False,1.0,1,0.0,3.0,0,0,0,0,0,0,1,0,2,0,0,0,0.0,9.0,0.0,0.0,20.0,0.0,0.02,1.0,RP,1.0
2021,66201,고봉재,두산,,False,1.333,1,27.0,3.75,0,0,0,0,0,0,0,0,5,1,4,4,0.0,0.0,99.99,0.0,0.0,0.0,-0.15,1.333,RP,1.0
2023,66201,고봉재,두산,,False,11.333,10,6.35294,1.6800000000000002,0,0,0,0,0,7,7,1,12,0,8,8,5.5600000000000005,5.5600000000000005,1.0,13.2,13.2,-0.204,-0.07,1.133,RP,1.0
2018,63628,고영창,KIA,,False,0.0,2,0.0,0.0,0,0,0,0,0,0,1,1,4,0,6,6,0.0,0.0,0.0,0.0,16.7,-0.224,0.0,0.0,RP,1.0
2019,63628,고영창,KIA,,False,54.0,55,3.5,1.43,1,3,1,10,0,22,14,8,63,2,22,21,3.67,2.33,1.5699999999999998,9.1,5.8,0.017,0.51,0.982,RP,1.0
2020,63628,고영창,KIA,,False,58.0,48,6.82759,1.81,1,1,1,2,0,23,17,5,88,3,46,44,3.57,2.64,1.35,8.4,6.2,-0.49,-0.24,1.208,RP,1.0
2021,63628,고영창,KIA,,False,23.333,24,5.78571,1.71,0,2,0,6,0,6,10,2,30,0,19,15,2.31,3.86,0.6,5.6,9.3,-0.094,-0.26,0.972,SU,1.0
2022,63628,고영창,KIA,,False,24.0,27,1.88,1.42,0,1,0,0,0,9,10,3,24,2,5,5,3.38,3.75,0.9,8.7,9.6,-0.298,0.41,0.889,RP,1.0
2015,64001,고영표,KT,투수,False,57.0,46,5.68421,1.53,3,4,0,0,0,57,19,16,68,2,41,36,9.0,3.0,3.0,21.4,7.1,-1.111,0.58,1.239,RP,1.0
2016,64001,고영표,KT,투수,False,56.333,53,5.59172,1.49,2,4,0,5,0,62,19,10,65,6,38,35,9.91,3.04,3.26,23.8,7.3,-1.063,0.44,1.063,RP,1.0
2017,64001,고영표,KT,투수,False,141.667,25,5.08235,1.31,8,12,0,1,10,125,16,18,170,13,84,80,7.94,1.02,7.81,20.4,2.6,0.854,3.27,5.667,SP,1.0
2018,64001,고영표,KT,투수,False,142.0,25,5.1338,1.41,6,9,0,0,8,134,25,14,175,17,91,81,8.49,1.58,5.36,21.6,4.0,0.453,3.05,5.68,SP,1.0
2021,64001,고영표,KT,투수,True,166.667,26,2.916,1.04,11,6,0,1,21,130,27,14,147,9,59,54,7.02,1.46,4.8100000000000005,19.6,4.1,4.123,5.41,6.41,SP,1.0
2022,64001,고영표,KT,투수,True,182.333,28,3.25777,1.17,13,8,0,0,21,156,23,16,191,7,69,66,7.7,1.14,6.78,20.6,3.0,4.296,5.16,6.512,SP,1.0
2023,64001,고영표,KT,투수,True,174.667,28,2.78244,1.15,12,7,0,0,21,114,19,9,181,7,57,54,5.87,0.98,6.0,16.1,2.7,5.264,5.5600000000000005,6.238,SP,1.0
2024,64001,고영표,KT,투수,False,100.0,18,4.95,1.55,6,8,0,0,9,79,14,11,141,6,61,55,7.11,1.26,5.64,17.3,3.1,0.673,1.71,5.556,SP,1.0
2025,64001,고영표,KT,투수,True,161.0,29,3.2981366459627326,1.24,11,8,0,0,20,154,30,15,170,10,70,59,8.61,1.6800000000000002,5.13,22.5,4.4,2.961,3.96,5.552,SP,1.0
2026,64001,고영표,KT,투수,True,116.667,20,3.7028571428571433,1.15,9,6,0,0,11,127,15,7,119,11,49,48,9.8,1.16,8.47,26.2,3.1,1.9,3.27,5.833,SP,0.757
2011,73629,고우석,KIA,,False,1.333,2,0.0,1.5,0,0,0,0,0,2,2,0,0,0,0,0,13.5,13.5,1.0,40.0,40.0,0.0,,0.666,RP,1.0
2012,73629,고우석,KIA,,False,6.667,5,5.4,2.1,1,0,0,0,0,9,5,0,9,0,4,4,12.15,6.75,1.8,27.3,15.2,0.0,,1.333,RP,1.0
2017,67119,고우석,LG,투수,False,26.0,25,4.5,1.58,0,0,0,1,0,23,11,2,30,2,13,13,7.96,3.81,2.09,19.5,9.3,-0.65,0.02,1.04,RP,1.0
2018,67119,고우석,LG,투수,False,67.0,56,5.91045,1.58,3,5,0,3,0,44,37,5,69,10,51,44,5.91,4.97,1.19,14.1,11.9,-1.734,-1.3,1.196,RP,1.0
2019,67119,고우석,LG,투수,False,71.0,65,1.52113,1.08,8,2,35,1,0,76,30,4,47,4,13,12,9.63,3.8,2.53,26.4,10.4,4.853,2.4,1.092,CL,1.0
2020,67119,고우석,LG,투수,False,41.667,40,4.104,1.34,0,4,17,1,0,51,19,2,37,2,22,19,11.02,4.1,2.68,27.9,10.4,1.652,0.55,1.042,CL,1.0
2021,67119,고우석,LG,투수,False,58.0,63,2.17241,1.21,1,5,30,0,0,68,23,3,47,3,15,14,10.55,3.57,2.96,28.3,9.6,1.405,2.53,0.921,CL,1.0
2022,67119,고우석,LG,투수,False,60.667,61,1.48352,0.96,4,2,42,0,0,80,21,1,37,6,12,10,11.87,3.12,3.81,33.3,8.8,4.912,2.66,0.995,CL,1.0
2023,67119,고우석,LG,투수,False,44.0,44,3.68182,1.36,3,8,15,0,0,59,22,4,38,2,19,18,12.07,4.5,2.68,31.1,11.6,-0.386,1.01,1.0,CL,1.0
2010,79349,고원준,넥센,,False,131.0,30,4.12214,1.4,5,7,0,0,10,87,61,12,123,15,64,60,5.98,4.19,1.43,15.3,10.7,0.0,,4.367,SP,1.0
2011,79349,고원준,롯데,,True,152.667,36,4.18559,1.45,9,7,2,0,11,85,59,6,163,15,77,71,5.01,3.48,1.44,12.7,8.8,0.0,,4.241,SP,1.0
2012,79349,고원준,롯데,,False,95.333,19,4.24825,1.59,3,7,0,0,3,45,43,11,109,7,52,45,4.25,4.06,1.05,10.2,9.8,0.0,,5.018,SP,1.0
2013,79349,고원준,롯데,,False,51.333,13,5.61039,1.6800000000000002,1,4,0,0,4,26,22,3,64,4,37,32,4.5600000000000005,3.86,1.18,11.2,9.4,0.0,,3.949,SP,1.0
2016,79349,고원준,두산,,False,24.667,14,5.47297,1.7,1,1,0,1,0,21,11,5,31,2,15,15,7.66,4.01,1.91,18.4,9.6,0.095,0.29,1.762,RP,1.0
2017,79349,고원준,두산,,False,9.333,5,10.6071,2.68,0,1,0,0,0,6,8,0,17,0,11,11,5.79,7.71,0.75,11.5,15.4,-0.354,-0.23,1.867,RP,1.0
2010,78248,고창성,두산,,False,82.0,73,3.62195,1.02,6,4,0,22,0,67,16,11,68,7,37,33,7.35,1.76,4.19,20.2,4.8,0.0,,1.123,SU,1.0
2011,78248,고창성,두산,,False,50.667,51,4.44079,1.46,1,4,0,14,0,40,24,7,50,4,27,25,7.11,4.26,1.67,17.5,10.5,0.0,,0.993,SU,1.0
2012,78248,고창성,두산,,False,15.667,21,8.61702,1.85,3,2,0,3,0,5,7,3,22,2,15,15,2.87,4.02,0.71,6.7,9.3,0.0,,0.746,RP,1.0
2013,78248,고창성,NC,,False,20.667,28,4.79032,1.89,0,0,0,1,0,13,12,5,27,0,12,11,5.66,5.23,1.08,12.4,11.4,0.0,,0.738,RP,1.0
2014,78248,고창성,NC,,False,25.0,25,1.8,1.28,1,1,0,1,0,11,7,3,25,1,9,5,3.96,2.52,1.5699999999999998,10.3,6.5,-0.588,0.11,1.0,RP,1.0
2015,78248,고창성,NC,,False,9.667,6,3.72414,1.55,0,0,0,0,0,3,4,2,11,1,4,4,2.79,3.72,0.75,6.4,8.5,0.146,0.03,1.611,RP,1.0
2018,78248,고창성,KT,,False,37.667,42,6.69027,1.81,2,0,0,5,0,23,11,5,57,7,29,28,5.5,2.63,2.09,12.6,6.0,-0.691,-0.04,0.897,RP,1.0
2010,72523,고효준,SK,,False,106.667,51,5.14687,1.5699999999999998,8,6,2,1,1,101,61,5,106,16,68,61,8.52,5.15,1.66,21.2,12.8,0.0,,2.092,SP,1.0
2011,72523,고효준,SK,,False,105.667,35,4.25868,1.48,5,8,0,0,1,89,69,6,87,4,55,50,7.58,5.88,1.29,19.2,14.9,0.0,,3.019,SP,1.0
2014,72523,고효준,SK,,False,51.0,21,9.17647,2.06,2,5,0,1,0,40,38,5,67,11,57,52,7.06,6.71,1.05,15.9,15.1,-1.044,-0.54,2.429,RP,1.0
2015,72523,고효준,SK,,False,51.0,30,6.17647,1.8,0,3,0,0,0,43,31,4,61,8,37,35,7.59,5.47,1.39,17.5,12.6,-0.414,-0.33,1.7,RP,1.0
2016,72523,고효준,KIA,,False,46.0,24,6.06522,1.8,0,2,0,2,0,52,29,2,54,6,39,31,10.17,5.67,1.79,23.4,13.1,-0.846,0.03,1.917,RP,1.0
2017,72523,고효준,KIA,,False,40.0,40,4.28,1.65,3,1,0,4,0,35,22,5,44,1,19,19,7.88,4.95,1.59,18.8,11.8,0.644,0.65,1.0,RP,1.0
2018,72523,고효준,롯데,,False,32.333,43,6.95876,1.73,2,3,0,7,0,39,23,0,33,3,27,25,10.86,6.4,1.7,25.5,15.0,-0.075,-0.02,0.752,RP,1.0
2019,72523,고효준,롯데,,False,62.333,75,4.76471,1.51,2,7,0,15,0,72,36,3,58,6,34,33,10.4,5.2,2.0,25.7,12.9,-0.413,0.47,0.831,RP,1.0
2020,72523,고효준,롯데,,False,15.667,24,5.74468,1.6,1,0,0,0,0,11,11,3,14,3,10,10,6.32,6.32,1.0,14.3,14.3,-0.397,-0.04,0.653,RP,1.0
2021,72523,고효준,LG,,False,2.333,3,3.85714,1.29,0,0,0,0,0,1,0,0,3,0,1,1,3.86,0.0,99.99,10.0,0.0,-0.128,0.05,0.778,RP,1.0
2022,72523,고효준,SSG,,False,38.667,45,3.72414,1.42,1,0,0,7,0,35,20,2,35,1,18,16,8.15,4.66,1.75,20.1,11.5,0.911,0.58,0.859,RP,1.0
2023,72523,고효준,SSG,,False,58.0,73,4.5,1.5699999999999998,4,1,0,13,0,66,42,3,49,3,31,29,10.24,6.52,1.5699999999999998,25.2,16.0,1.002,0.31,0.795,RP,1.0
2024,72523,고효준,SSG,,False,22.0,26,8.18182,1.95,2,1,0,5,0,27,20,1,23,4,21,20,11.05,8.18,1.35,24.8,18.3,-0.303,-0.42,0.846,RP,1.0
2025,72523,고효준,두산,,False,21.0,45,6.857142857142857,2.05,2,1,0,9,0,19,14,1,29,4,16,16,8.14,6.0,1.36,18.3,13.5,-1.889,-0.47,0.467,RP,1.0
2010,60154,곤잘레스,LG,,False,43.333,9,7.68462,1.62,0,6,0,0,2,23,21,5,49,4,40,37,4.78,4.36,1.1,11.2,10.2,0.0,,4.815,SP,1.0
2023,53609,곽도규,KIA,투수,False,11.667,14,8.48571,2.06,0,0,0,0,0,14,10,2,14,0,11,11,10.8,7.71,1.4,23.0,16.4,0.082,-0.19,0.833,RP,1.0
2024,53609,곽도규,KIA,투수,False,55.667,71,3.55689,1.38,4,2,2,16,0,64,34,4,43,4,24,22,10.35,5.5,1.88,25.8,13.7,-0.837,1.14,0.784,RP,1.0
2025,53609,곽도규,KIA,투수,False,4.0,9,13.5,2.25,0,0,0,3,0,5,6,2,3,0,6,6,11.25,13.5,0.83,22.7,27.3,-0.113,-0.31,0.444,SU,1.0
2026,53609,곽도규,KIA,투수,False,17.0,24,2.1176470588235294,1.24,1,0,0,7,0,18,7,3,14,0,4,4,9.53,3.71,2.57,24.3,9.5,0.797,0.77,0.708,SU,0.757
2011,75424,곽동훈,삼성,,False,1.333,2,20.25,2.25,0,0,0,0,0,0,0,0,3,1,3,3,0.0,0.0,99.99,0.0,0.0,0.0,,0.666,RP,1.0
2018,68220,곽빈,두산,투수,False,31.0,32,7.54839,1.97,3,1,1,4,0,26,17,3,44,6,26,26,7.55,4.9399999999999995,1.53,16.9,11.0,0.282,-0.76,0.969,RP,1.0
2021,68220,곽빈,두산,투수,False,98.667,21,4.10473,1.59,4,7,0,0,1,96,79,12,78,7,50,45,8.76,7.21,1.22,21.1,17.4,0.767,1.07,4.698,SP,1.0
2022,68220,곽빈,두산,투수,True,147.667,27,3.77878,1.37,8,9,0,0,10,138,60,11,143,13,69,62,8.41,3.66,2.3,21.4,9.3,1.606,1.92,5.469,SP,1.0
2023,68220,곽빈,두산,투수,False,127.333,23,2.89791,1.21,12,7,0,0,13,106,58,5,96,7,44,41,7.49,4.1,1.83,20.2,11.0,4.028,2.91,5.536,SP,1.0
2024,68220,곽빈,두산,투수,True,167.667,30,4.24056,1.3,15,9,0,0,17,154,76,6,142,11,83,79,8.27,4.08,2.03,21.5,10.6,2.403,3.24,5.589,SP,1.0
2025,68220,곽빈,두산,투수,False,109.333,19,4.198170731707317,1.25,5,7,0,0,7,107,41,2,96,9,55,51,8.81,3.38,2.61,23.0,8.8,1.384,1.6800000000000002,5.754,SP,1.0
2026,68220,곽빈,두산,투수,True,128.0,22,2.4609375,1.11,9,5,0,0,15,153,31,5,111,9,40,35,10.76,2.18,4.9399999999999995,29.1,5.9,3.227,4.53,5.818,SP,0.757
2010,75668,곽정철,KIA,,False,58.0,47,5.58621,1.48,2,7,2,10,0,70,24,3,62,6,38,36,10.86,3.72,2.92,26.9,9.2,0.0,,1.234,RP,1.0
2011,75668,곽정철,KIA,,False,20.667,18,4.79032,1.55,1,0,1,4,0,27,11,2,21,4,12,11,11.76,4.79,2.45,28.1,11.5,0.0,,1.148,RP,1.0
2016,75668,곽정철,KIA,,False,27.333,27,7.90244,2.05,0,1,2,1,0,16,22,2,34,3,24,24,5.27,7.24,0.73,11.7,16.1,-0.425,-0.46,1.012,RP,1.0
2010,93715,구대성,한화,,False,4.667,7,9.64286,2.14,0,1,0,0,0,3,3,0,7,2,6,5,5.79,5.79,1.0,12.0,12.0,0.0,,0.667,RP,1.0
2014,79748,구본범,한화,,False,3.667,3,12.2727,2.18,0,0,0,0,0,2,0,0,8,1,5,5,4.91,0.0,99.99,10.5,0.0,-0.17,0.0,1.222,RP,1.0
2015,79748,구본범,한화,,False,1.0,3,0.0,2.0,0,0,0,0,0,1,2,0,0,0,0,0,9.0,18.0,0.5,16.7,33.3,-0.014,0.02,0.333,RP,1.0
2014,63543,구승민,롯데,투수,False,0.667,1,0.0,0.0,0,0,0,0,0,1,0,0,0,0,0,0,13.5,0.0,99.99,100.0,0.0,0.003,0.04,0.667,RP,1.0
2015,63543,구승민,롯데,투수,False,29.0,11,10.2414,1.9,0,2,0,0,0,20,9,2,46,9,33,33,6.21,2.79,2.22,14.3,6.4,-0.093,-0.49,2.636,RP,1.0
2018,63543,구승민,롯데,투수,False,73.667,64,3.66516,1.26,7,4,0,14,0,75,31,3,62,12,33,30,9.16,3.79,2.42,24.4,10.1,0.831,1.49,1.151,RP,1.0
2019,63543,구승민,롯데,투수,False,36.0,41,6.25,1.83,1,4,2,6,0,43,21,3,45,5,29,25,10.75,5.25,2.05,23.9,11.7,-1.845,-0.48,0.878,RP,1.0
2020,63543,구승민,롯데,투수,False,60.333,57,3.58011,1.09,5,2,0,20,0,58,26,0,40,8,25,24,8.65,3.88,2.23,24.4,10.9,2.176,1.46,1.058,SU,1.0
2021,63543,구승민,롯데,투수,False,62.333,68,4.33155,1.25,6,5,0,20,0,65,31,4,47,5,30,30,9.39,4.48,2.1,24.8,11.8,0.783,0.85,0.917,SU,1.0
2022,63543,구승민,롯데,투수,False,62.0,73,2.90323,1.31,2,4,0,26,0,77,35,1,46,3,20,20,11.18,5.08,2.2,29.3,13.3,1.769,1.81,0.849,SU,1.0
2023,63543,구승민,롯데,투수,False,63.667,67,3.95812,1.48,2,6,3,22,0,66,29,5,65,4,32,28,9.33,4.1,2.28,22.8,10.0,0.851,0.81,0.95,SU,1.0
2024,63543,구승민,롯데,투수,False,57.667,66,4.83815,1.79,5,3,0,13,0,62,35,6,68,6,37,31,9.68,5.46,1.77,22.2,12.5,-0.904,0.35,0.874,RP,1.0
2025,63543,구승민,롯데,투수,False,9.0,11,7.0,1.78,0,1,0,1,0,10,7,1,9,1,10,7,10.0,7.0,1.43,22.2,15.6,-0.12,-0.25,0.818,RP,1.0
2026,63543,구승민,롯데,투수,False,6.0,6,6.0,1.67,0,0,0,0,0,4,3,1,7,0,4,4,6.0,4.5,1.33,13.8,10.3,-0.071,0.02,1.0,RP,0.757
2010,99245,구자운,삼성,,False,3.0,1,6.0,1.33,0,0,0,0,0,3,3,0,1,0,2,2,9.0,9.0,1.0,23.1,23.1,0.0,,3.0,SP,1.0
2015,64354,구자형,넥센,,False,2.667,3,10.125,2.25,0,0,0,0,0,1,2,0,4,0,3,3,3.38,6.75,0.5,7.7,15.4,0.026,-0.04,0.889,RP,1.0
2021,64498,구준범,삼성,,False,2.0,1,22.5,2.5,0,0,0,0,0,1,3,1,2,2,5,5,4.5,13.5,0.33,8.3,25.0,-0.321,-0.24,2.0,RP,1.0
2016,65933,구창모,NC,투수,False,68.667,39,4.19417,1.43,4,1,0,1,1,67,37,2,61,9,32,32,8.78,4.85,1.81,22.6,12.5,-0.513,0.82,1.761,SP,1.0
2017,65933,구창모,NC,투수,False,115.0,31,5.32174,1.63,7,10,0,0,3,118,50,5,138,18,80,68,9.23,3.91,2.36,22.5,9.5,-1.097,0.42,3.71,SP,1.0
2018,65933,구창모,NC,투수,False,133.0,36,5.34586,1.58,5,11,0,1,6,116,52,7,158,21,83,79,7.85,3.52,2.23,19.4,8.7,0.4,1.01,3.694,SP,1.0
2019,65933,구창모,NC,투수,False,107.0,23,3.19626,1.18,10,7,0,1,7,114,41,6,85,10,40,38,9.59,3.45,2.78,25.4,9.1,2.076,2.45,4.652,SP,1.0
2020,65933,구창모,NC,투수,False,93.333,15,1.73571,0.81,9,0,0,1,12,102,18,0,58,7,20,18,9.84,1.74,5.67,29.3,5.2,3.731,4.42,6.222,SP,1.0
2022,65933,구창모,NC,투수,False,111.667,19,2.09552,1.08,11,5,0,0,11,108,29,4,92,7,32,26,8.7,2.34,3.72,23.9,6.4,3.467,3.61,5.877,SP,1.0
2023,65933,구창모,NC,투수,False,51.667,11,2.96129,1.05,1,3,0,0,3,56,16,0,38,4,19,17,9.75,2.79,3.5,27.3,7.8,1.617,1.38,4.697,SP,1.0
2025,65933,구창모,NC,투수,False,14.333,4,2.511627906976744,1.19,1,0,0,0,0,18,3,0,14,1,4,4,11.3,1.88,6.0,30.5,5.1,0.347,0.56,3.583,SP,1.0
2026,65933,구창모,NC,투수,True,114.333,20,3.935860058309038,1.26,9,4,0,0,11,99,33,4,111,14,57,50,7.79,2.6,3.0,20.5,6.8,1.975,1.86,5.717,SP,0.757
2025,55764,권민규,한화,투수,False,5.333,5,8.4375,2.25,0,0,0,0,0,4,7,0,5,1,5,5,6.75,11.81,0.57,14.3,25.0,0.116,-0.11,1.067,RP,1.0
2026,55764,권민규,한화,투수,False,11.333,11,3.9705882352941178,1.76,1,0,0,0,0,11,6,0,14,1,5,5,8.74,4.76,1.83,21.2,11.5,-0.289,0.15,1.03,RP,0.757
2010,99445,권오준,삼성,,False,32.667,42,3.58163,1.35,1,0,2,3,0,32,5,4,39,1,15,13,8.82,1.38,6.4,22.7,3.5,0.0,,0.778,RP,1.0
2011,99445,권오준,삼성,,False,48.333,53,2.7931,1.2,1,1,0,11,0,52,10,2,48,2,17,15,9.68,1.86,5.2,25.6,4.9,0.0,,0.912,RP,1.0
2012,99445,권오준,삼성,,False,42.667,46,2.95313,1.05,1,3,0,10,0,48,13,0,32,2,15,14,10.13,2.74,3.69,27.6,7.5,0.0,,0.928,RP,1.0
2014,99445,권오준,삼성,,False,1.0,1,18.0,3.0,0,0,0,0,0,0,0,0,3,0,2,2,0.0,0.0,99.99,0.0,0.0,-0.203,0.02,1.0,RP,1.0
2015,99445,권오준,삼성,,False,28.0,30,8.03571,1.5,0,0,0,0,0,24,9,5,33,5,27,25,7.71,2.89,2.67,18.3,6.9,-0.091,-0.4,0.933,RP,1.0
2016,99445,권오준,삼성,,False,46.333,41,3.88489,1.27,1,3,0,7,0,35,11,3,48,9,20,20,6.8,2.14,3.18,18.0,5.7,-0.563,0.44,1.13,RP,1.0
2017,99445,권오준,삼성,,False,56.0,45,5.14286,1.27,1,2,0,1,0,55,14,4,57,11,32,32,8.84,2.25,3.93,23.6,6.0,0.427,0.42,1.244,RP,1.0
2018,99445,권오준,삼성,,False,43.333,47,3.94615,1.27,3,1,1,2,0,52,12,3,43,7,21,19,10.8,2.49,4.33,27.5,6.3,0.145,0.71,0.922,RP,1.0
2019,99445,권오준,삼성,,False,43.0,43,5.23256,1.42,3,0,0,3,0,26,12,2,49,7,25,25,5.44,2.51,2.17,13.9,6.4,0.021,0.01,1.0,RP,1.0
2020,99445,권오준,삼성,,False,16.0,17,8.4375,1.56,0,2,0,1,0,10,3,0,22,3,18,15,5.63,1.69,3.33,13.9,4.2,-0.279,-0.21,0.941,RP,1.0
2010,72447,권혁,삼성,,False,73.333,60,2.08636,1.0,7,1,4,10,0,73,19,2,54,6,18,17,8.96,2.33,3.84,25.9,6.7,0.0,,1.222,RP,1.0
2011,72447,권혁,삼성,,False,48.333,58,2.7931,1.24,1,3,0,19,0,27,22,2,38,2,19,15,5.03,4.1,1.23,13.3,10.8,0.0,,0.833,SU,1.0
2012,72447,권혁,삼성,,False,49.333,64,3.10135,1.38,2,3,1,18,0,38,20,1,48,2,18,17,6.93,3.65,1.9,18.0,9.5,0.0,,0.771,SU,1.0
2013,72447,권혁,삼성,,False,36.333,52,3.9633,1.4,0,1,0,3,0,41,16,1,35,5,17,16,10.16,3.96,2.56,25.9,10.1,0.0,,0.699,RP,1.0
2014,72447,권혁,삼성,,False,34.667,38,2.85577,1.1,3,2,0,1,0,38,11,0,27,4,13,11,9.87,2.86,3.45,27.7,8.0,-0.689,0.55,0.912,RP,1.0
2015,72447,권혁,한화,,False,112.0,78,4.98214,1.58,9,13,17,6,0,88,53,5,124,15,68,62,7.07,4.26,1.66,17.4,10.5,-0.175,0.69,1.436,RP,1.0
2016,72447,권혁,한화,,False,95.333,66,3.87063,1.42,6,2,3,13,0,77,42,7,93,5,45,41,7.27,3.97,1.83,18.4,10.0,1.427,1.95,1.444,RP,1.0
2017,72447,권혁,한화,,False,31.333,37,6.31915,1.53,1,3,0,11,0,17,9,5,39,6,23,22,4.88,2.59,1.89,11.6,6.1,-0.42,-0.25,0.847,SU,1.0
2018,72447,권혁,한화,,False,11.0,16,4.90909,1.18,1,1,0,3,0,11,4,0,9,2,6,6,9.0,3.27,2.75,25.0,9.1,-0.079,0.11,0.688,RP,1.0
2019,72447,권혁,두산,,False,36.667,57,4.90909,1.17,2,2,1,11,0,21,7,2,36,3,23,20,5.15,1.72,3.0,13.5,4.5,0.483,-0.37,0.643,RP,1.0
2020,72447,권혁,두산,,False,7.667,15,9.3913,1.96,2,2,0,2,0,7,4,0,11,0,9,8,8.22,4.7,1.75,18.4,10.5,-0.034,-0.29,0.511,RP,1.0
2020,50203,권휘,두산,,False,13.667,14,5.26829,1.61,0,1,0,1,0,10,6,2,16,1,8,8,6.59,3.95,1.67,15.9,9.5,-0.34,-0.03,0.976,RP,1.0
2021,50203,권휘,두산,,False,20.333,24,2.65574,1.48,0,0,0,1,0,15,14,2,16,0,6,6,6.64,6.2,1.07,16.3,15.2,0.216,0.32,0.847,RP,1.0
2022,50203,권휘,두산,,False,9.333,10,5.78571,1.39,0,0,0,1,0,5,5,1,8,1,6,6,4.82,4.82,1.0,12.5,12.5,0.046,-0.1,0.933,RP,1.0
2024,50203,권휘,두산,,False,9.0,8,11.0,2.44,0,0,0,0,0,11,7,0,15,0,11,11,11.0,7.0,1.5699999999999998,22.4,14.3,-0.286,-0.22,1.125,RP,1.0
2010,79858,글로버,SK,,False,105.0,22,5.65714,1.55,6,8,0,0,7,85,50,5,113,18,71,66,7.29,4.29,1.7,18.0,10.6,0.0,,4.773,SP,1.0
2011,79858,글로버,SK,,False,121.0,24,4.23967,1.29,7,6,0,0,11,122,41,9,115,11,65,57,9.07,3.05,2.98,23.6,7.9,0.0,,5.042,SP,1.0
2010,75258,금민철,넥센,투수,False,120.667,24,4.40055,1.5699999999999998,6,11,0,0,9,86,71,15,118,10,63,59,6.41,5.3,1.21,15.8,13.1,0.0,,5.028,SP,1.0
2011,75258,금민철,넥센,투수,False,32.333,8,5.28866,1.92,2,5,0,0,0,16,31,4,31,3,28,19,4.45,8.63,0.52,10.1,19.5,0.0,,4.042,SP,1.0
2014,75258,금민철,넥센,투수,False,41.667,11,6.048,1.94,3,5,0,0,3,24,30,7,51,4,35,28,5.18,6.48,0.8,11.5,14.4,-0.54,0.17,3.788,SP,1.0
2015,75258,금민철,넥센,투수,False,22.0,7,4.5,1.77,1,1,0,0,0,11,14,2,25,2,11,11,4.5,5.73,0.79,10.6,13.5,0.153,0.34,3.143,SP,1.0
2016,75258,금민철,넥센,투수,False,26.333,14,5.12658,1.71,1,1,0,0,0,16,9,1,36,2,16,15,5.47,3.08,1.78,12.8,7.2,-0.467,0.22,1.881,RP,1.0
2017,75258,금민철,넥센,투수,False,54.0,36,6.33333,2.11,4,4,0,3,0,42,33,3,81,3,40,38,7.0,5.5,1.27,15.6,12.3,0.418,0.28,1.5,RP,1.0
2018,75258,금민철,KT,투수,True,156.333,29,5.41151,1.79,8,12,0,0,11,79,68,7,212,19,104,94,4.55,3.91,1.16,11.0,9.4,-0.481,2.3,5.391,SP,1.0
2019,75258,금민철,KT,투수,False,57.0,14,5.05263,1.6,1,4,0,0,5,26,25,7,66,5,38,32,4.11,3.95,1.04,9.9,9.5,0.262,0.18,4.071,SP,1.0
2020,75258,금민철,KT,투수,False,2.333,3,15.4286,3.0,0,0,0,0,0,2,1,2,6,0,4,4,7.71,3.86,2.0,13.3,6.7,-0.144,-0.11,0.778,RP,1.0
2026,56800,긴지로,SSG,투수,False,16.0,4,9.5625,2.0,0,3,0,0,0,18,14,1,18,5,17,17,10.13,7.88,1.29,22.2,17.3,-0.884,-0.41,4.0,SP,0.757
2011,77263,김강률,두산,투수,False,25.333,19,3.90789,1.7,0,0,1,3,0,20,13,1,30,2,11,11,7.11,4.62,1.54,17.1,11.1,0.0,,1.333,RP,1.0
2012,77263,김강률,두산,투수,False,34.333,30,2.8835,1.31,0,0,0,0,0,27,17,2,28,1,11,11,7.08,4.46,1.59,18.8,11.8,0.0,,1.144,RP,1.0
2013,77263,김강률,두산,투수,False,19.667,17,3.20339,1.78,0,0,0,0,0,17,17,0,18,1,8,7,7.78,7.78,1.0,18.5,18.5,0.0,,1.157,RP,1.0
2014,77263,김강률,두산,투수,False,16.667,14,8.1,1.92,0,1,0,0,0,13,7,0,25,5,16,15,7.02,3.78,1.86,16.3,8.8,-0.284,-0.23,1.19,RP,1.0
2015,77263,김강률,두산,투수,False,14.667,16,2.45455,1.64,3,1,0,3,0,7,10,0,14,1,5,4,4.3,6.14,0.7,10.4,14.9,-0.141,0.19,0.917,RP,1.0
2016,77263,김강률,두산,투수,False,28.0,25,5.14286,1.71,0,2,0,4,0,21,17,2,31,2,18,16,6.75,5.46,1.24,16.8,13.6,0.199,-0.07,1.12,RP,1.0
2017,77263,김강률,두산,투수,False,89.0,70,3.4382,1.36,7,2,7,12,0,73,32,3,89,6,39,34,7.38,3.24,2.28,19.1,8.4,1.641,1.26,1.271,RP,1.0
2018,77263,김강률,두산,투수,False,76.0,65,4.61842,1.26,5,0,6,11,0,81,24,3,72,7,42,39,9.59,2.84,3.38,25.6,7.6,2.509,0.74,1.169,RP,1.0
2020,77263,김강률,두산,투수,False,28.0,30,3.53571,2.0,2,2,0,0,0,28,20,4,36,1,22,11,9.0,6.43,1.4,19.9,14.2,-0.057,-0.35,0.933,RP,1.0
2021,77263,김강률,두산,투수,False,51.667,50,2.09032,1.53,3,0,21,3,0,41,25,1,54,2,15,12,7.14,4.35,1.64,17.8,10.9,2.608,1.67,1.033,CL,1.0
2022,77263,김강률,두산,투수,False,24.667,26,4.37838,1.46,3,4,9,1,0,15,8,2,28,2,13,12,5.47,2.92,1.88,13.6,7.3,0.284,0.13,0.949,CL,1.0
2023,77263,김강률,두산,투수,False,25.667,32,4.20779,1.36,1,0,1,7,0,21,12,2,23,2,14,12,7.36,4.21,1.75,18.3,10.4,0.511,0.03,0.802,RP,1.0
2024,77263,김강률,두산,투수,False,42.0,53,3.0,1.48,2,2,1,12,0,33,21,2,41,1,16,14,7.07,4.5,1.5699999999999998,17.6,11.2,1.371,0.92,0.792,RP,1.0
2025,77263,김강률,LG,투수,False,12.333,12,1.4594594594594594,1.22,1,0,1,4,0,9,8,1,7,0,2,2,6.57,5.84,1.13,17.6,15.7,0.621,0.41,1.028,SU,1.0
2026,77263,김강률,LG,투수,False,1.0,2,9.0,5.0,0,0,0,0,0,1,2,0,3,0,1,1,9.0,18.0,0.5,12.5,25.0,-0.185,-0.02,0.5,RP,0.757
2021,71837,김강민,SSG,,False,0.667,1,13.5,3.0,0,0,0,0,0,1,1,0,1,1,1,1,13.5,13.5,1.0,25.0,25.0,0.001,0.0,0.667,RP,1.0
2023,65522,김강현,롯데,투수,False,3.0,2,3.0,1.0,0,0,0,0,0,0,2,1,1,0,1,1,0.0,6.0,0.0,0.0,15.4,0.002,0.01,1.5,RP,1.0
2024,65522,김강현,롯데,투수,False,25.333,26,3.55263,1.82,0,0,0,0,0,24,18,2,28,2,13,10,8.53,6.39,1.33,19.5,14.6,-0.128,0.26,0.974,RP,1.0
2025,65522,김강현,롯데,투수,False,72.0,67,4.0,1.25,2,2,0,4,0,36,21,7,69,9,37,32,4.5,2.63,1.71,11.8,6.9,-0.081,0.23,1.075,RP,1.0
2026,65522,김강현,롯데,투수,False,21.667,22,2.4923076923076923,1.52,1,0,0,3,0,10,11,0,22,0,6,6,4.15,4.57,0.91,10.5,11.6,-0.22,0.53,0.985,RP,0.757
2018,76225,김건국,롯데,투수,False,10.667,5,2.53125,1.03,1,0,0,0,0,9,0,1,11,1,3,3,7.59,0.0,99.99,22.0,0.0,0.278,0.36,2.133,RP,1.0
2019,76225,김건국,롯데,투수,False,66.667,37,4.46,1.5,3,3,0,3,0,43,27,6,73,5,34,33,5.8,3.65,1.59,14.7,9.2,0.32,0.57,1.802,RP,1.0
2020,76225,김건국,롯데,투수,False,31.667,32,3.97895,1.23,3,2,0,1,0,31,9,3,30,2,14,14,8.81,2.56,3.44,22.3,6.5,-0.058,0.61,0.99,RP,1.0
2021,76225,김건국,롯데,투수,False,22.0,13,6.54545,1.86,0,0,0,0,0,17,14,0,27,3,16,16,6.95,5.73,1.21,16.3,13.5,0.116,-0.15,1.692,RP,1.0
2023,76225,김건국,KIA,투수,False,16.0,6,6.75,1.38,0,1,0,0,0,9,4,1,18,0,12,12,5.06,2.25,2.25,12.9,5.7,-0.093,0.04,2.667,RP,1.0
2024,76225,김건국,KIA,투수,False,34.333,20,7.86408,1.81,0,1,0,0,0,20,14,2,48,5,33,30,5.24,3.67,1.43,12.1,8.5,-0.17,-0.52,1.717,RP,1.0
2025,76225,김건국,KIA,투수,False,46.0,26,6.8478260869565215,1.65,0,3,0,1,0,31,17,5,59,11,38,35,6.07,3.33,1.82,14.4,7.9,-0.626,-0.83,1.769,RP,1.0
2026,76225,김건국,KIA,투수,False,5.667,6,7.9411764705882355,1.94,0,0,0,0,0,6,5,0,6,1,6,5,9.53,7.94,1.2,20.7,17.2,-0.002,-0.09,0.944,RP,0.757
2021,51867,김건우,SSG,투수,False,11.0,6,4.90909,1.82,0,1,0,0,0,7,12,0,8,1,7,6,5.73,9.82,0.58,13.0,22.2,0.068,-0.03,1.833,RP,1.0
2022,51867,김건우,SSG,투수,False,3.0,2,9.0,3.0,0,0,0,0,0,1,4,0,5,1,3,3,3.0,12.0,0.25,5.9,23.5,-0.161,-0.12,1.5,RP,1.0
2025,51867,김건우,SSG,투수,False,66.0,35,3.818181818181818,1.55,5,4,0,2,0,68,49,7,53,2,31,28,9.27,6.68,1.39,22.6,16.3,0.631,0.93,1.886,RP,1.0
2026,51867,김건우,SSG,투수,False,98.333,21,6.2237288135593225,1.8,7,9,0,0,4,80,57,7,120,15,78,68,7.32,5.22,1.4,17.1,12.2,-0.666,-0.54,4.683,SP,0.757
2010,60339,김건태,넥센,,False,7.667,5,9.3913,1.83,0,0,0,0,0,5,4,1,10,1,8,8,5.87,4.7,1.25,13.9,11.1,0.0,,1.533,RP,1.0
2012,60339,김건태,넥센,,False,10.0,6,3.6,1.5,0,0,0,0,0,7,5,1,10,1,8,4,6.3,4.5,1.4,15.6,11.1,0.0,,1.667,RP,1.0
2015,60339,김건태,넥센,,False,15.333,13,7.04348,1.96,0,2,0,1,0,11,10,3,20,2,14,12,6.46,5.87,1.1,13.9,12.7,-0.445,-0.16,1.179,RP,1.0
2016,60339,김건태,넥센,,False,63.333,34,5.25789,1.58,1,5,0,0,1,28,29,6,71,9,44,37,3.98,4.12,0.97,9.7,10.1,-0.647,0.06,1.863,SP,1.0
2017,60339,김건태,넥센,,False,6.0,5,12.0,2.5,1,0,0,0,0,5,2,0,13,1,8,8,7.5,3.0,2.5,15.6,6.3,-0.368,-0.14,1.2,RP,1.0
2018,60339,김건태,NC,,False,53.0,21,5.43396,1.58,2,3,0,0,2,39,24,7,60,7,38,32,6.62,4.08,1.63,15.8,9.7,-0.006,-0.08,2.524,SP,1.0
2019,60339,김건태,NC,,False,51.333,44,3.68182,1.27,0,2,0,7,0,32,16,4,49,5,23,21,5.61,2.81,2.0,14.9,7.4,1.212,0.22,1.167,RP,1.0
2020,60339,김건태,NC,,False,35.0,33,4.88571,1.54,1,1,0,4,0,37,25,2,29,4,19,19,9.51,6.43,1.48,23.9,16.1,-0.122,0.26,1.061,RP,1.0
2021,60339,김건태,NC,,False,6.667,6,5.4,1.35,0,0,0,0,0,5,7,0,2,1,4,4,6.75,9.45,0.71,17.2,24.1,-0.217,-0.06,1.111,RP,1.0
2022,60339,김건태,NC,,False,18.333,16,4.41818,1.85,0,0,0,0,0,16,12,2,22,2,15,9,7.85,5.89,1.33,18.6,14.0,0.542,-0.29,1.146,RP,1.0
2010,71851,김건한,KIA,,False,77.0,57,5.25974,1.5699999999999998,3,5,1,3,0,61,34,7,87,5,53,45,7.13,3.97,1.79,17.0,9.5,0.0,,1.351,RP,1.0
2011,71851,김건한,KIA,,False,67.333,35,5.07921,1.44,2,5,0,3,0,42,30,9,67,5,39,38,5.61,4.01,1.4,14.0,10.0,0.0,,1.924,RP,1.0
2012,71851,김건한,삼성,,False,34.0,31,5.29412,1.65,0,0,0,2,0,27,15,3,41,2,23,20,7.15,3.97,1.8,17.0,9.4,0.0,,1.097,RP,1.0
2013,71851,김건한,삼성,,False,14.333,11,12.5581,2.93,1,0,0,0,0,12,11,0,31,1,20,20,7.53,6.91,1.09,14.3,13.1,0.0,,1.303,RP,1.0
2014,71851,김건한,삼성,,False,36.333,34,5.44954,1.4,0,1,1,0,0,23,9,8,42,2,27,22,5.7,2.23,2.56,13.9,5.4,0.553,0.29,1.069,RP,1.0
2015,71851,김건한,삼성,,False,16.333,16,6.06122,2.08,1,1,0,0,0,6,8,1,26,1,11,11,3.31,4.41,0.75,7.2,9.6,0.002,-0.02,1.021,RP,1.0
2016,71851,김건한,삼성,,False,9.667,3,3.72414,1.24,1,0,0,0,0,7,3,1,9,1,5,4,6.52,2.79,2.33,15.9,6.8,-0.12,0.22,3.222,SP,1.0
2023,53312,김건희,키움,포수,False,2.0,3,22.5,4.0,0,0,0,0,0,0,2,0,6,2,5,5,0.0,9.0,0.0,0.0,14.3,0.005,-0.24,0.667,RP,1.0
2011,60757,김경태,한화,,False,1.0,1,0.0,0.0,0,0,0,0,0,3,0,0,0,0,0,0,27.0,0.0,99.99,100.0,0.0,0.0,,1.0,RP,1.0
2012,60757,김경태,한화,,False,1.667,3,5.4,2.4,0,0,0,0,0,0,3,0,1,0,1,1,0.0,16.2,0.0,0.0,33.3,0.0,,0.556,RP,1.0
2013,60757,김경태,한화,,False,23.333,16,6.55714,1.8,0,4,0,2,0,15,21,5,21,1,20,17,5.79,8.1,0.71,13.0,18.3,0.0,,1.458,RP,1.0
2016,60757,김경태,한화,,False,11.667,10,7.71429,2.23,0,0,0,0,0,12,9,0,17,2,10,10,9.26,6.9399999999999995,1.33,20.7,15.5,-0.119,-0.07,1.167,RP,1.0
2017,60757,김경태,한화,,False,12.667,19,1.42105,1.66,1,0,0,6,0,17,9,2,12,0,3,2,12.08,6.39,1.89,29.3,15.5,0.169,0.4,0.667,SU,1.0
2018,60757,김경태,한화,,False,2.667,3,16.875,3.38,0,0,0,0,0,2,5,0,4,2,5,5,6.75,16.88,0.4,11.8,29.4,-0.037,-0.16,0.889,RP,1.0
2019,60757,김경태,한화,,False,11.0,17,4.09091,2.0,0,0,0,0,0,10,8,0,14,0,5,5,8.18,6.55,1.25,18.5,14.8,-0.307,0.13,0.647,RP,1.0
2010,99152,김광삼,LG,,False,111.0,24,5.67568,1.58,7,6,0,0,5,60,50,14,125,10,74,70,4.86,4.05,1.2,12.0,10.0,0.0,,4.625,SP,1.0
2011,99152,김광삼,LG,,False,93.0,22,4.74194,1.6,4,5,0,0,5,41,41,4,108,8,58,49,3.97,3.97,1.0,9.9,9.9,0.0,,4.227,SP,1.0
2012,99152,김광삼,LG,,False,104.333,20,4.91693,1.46,7,9,0,0,6,46,38,9,114,3,63,57,3.97,3.28,1.21,9.9,8.1,0.0,,5.217,SP,1.0
2015,99152,김광삼,LG,,False,15.667,4,5.74468,1.6,0,1,0,0,0,11,9,1,16,2,13,10,6.32,5.17,1.22,15.3,12.5,-0.189,-0.22,3.917,SP,1.0
2010,70142,김광수,LG,,False,76.667,68,3.40435,1.58,4,5,8,7,0,71,31,5,90,5,33,29,8.33,3.64,2.29,20.6,9.0,0.0,,1.127,RP,1.0
2011,70142,김광수,한화,,False,37.667,37,4.77876,2.04,2,3,6,3,0,24,24,2,53,3,20,20,5.73,5.73,1.0,12.8,12.8,0.0,,1.018,RP,1.0
2012,70142,김광수,한화,,False,15.667,16,8.04255,2.23,0,0,0,0,0,11,5,1,30,2,15,14,6.32,2.87,2.2,13.6,6.2,0.0,,0.979,RP,1.0
2013,70142,김광수,한화,,False,67.667,56,5.71921,1.34,3,3,1,4,0,41,16,6,75,3,45,43,5.45,2.13,2.56,14.0,5.5,0.0,,1.208,RP,1.0
2014,70142,김광수,한화,,False,0.0,1,0.0,0.0,0,0,0,0,0,0,0,0,3,1,3,3,0.0,0.0,99.99,0.0,0.0,-0.036,0.0,0.0,RP,1.0
2015,70142,김광수,KIA,,False,43.667,41,4.53435,1.51,4,4,0,9,0,22,13,2,53,2,24,22,4.53,2.68,1.69,11.3,6.7,0.323,0.56,1.065,RP,1.0
2016,70142,김광수,KIA,,False,52.333,54,5.15924,1.7,2,6,7,14,0,39,22,0,67,5,31,30,6.71,3.78,1.77,16.2,9.1,0.026,0.36,0.969,SU,1.0
2017,70142,김광수,KIA,,False,20.667,19,11.7581,2.03,1,0,0,0,0,10,3,3,39,6,31,27,4.35,1.31,3.33,9.1,2.7,-0.264,-0.77,1.088,RP,1.0
2010,77829,김광현,SK,투수,True,193.667,31,2.37005,1.22,17,7,0,0,20,183,84,5,153,13,56,51,8.5,3.9,2.18,23.0,10.5,0.0,,6.247,SP,1.0
2011,77829,김광현,SK,투수,False,74.333,17,4.84305,1.55,4,6,0,0,5,61,45,2,70,6,45,40,7.39,5.45,1.36,18.6,13.7,0.0,,4.373,SP,1.0
2012,77829,김광현,SK,투수,False,81.667,16,4.29796,1.48,8,5,0,0,4,65,36,2,85,9,44,39,7.16,3.97,1.81,18.7,10.4,0.0,,5.104,SP,1.0
2013,77829,김광현,SK,투수,True,133.0,25,4.46617,1.47,10,9,0,0,9,102,68,4,128,12,72,66,6.9,4.6,1.5,17.6,11.7,0.0,,5.32,SP,1.0
2014,77829,김광현,SK,투수,True,173.667,28,3.42035,1.49,13,9,0,0,15,145,81,3,178,10,77,66,7.51,4.2,1.79,19.4,10.8,1.531,3.97,6.202,SP,1.0
2015,77829,김광현,SK,투수,True,176.667,30,3.71887,1.35,14,6,0,1,16,160,66,3,173,19,86,73,8.15,3.36,2.42,21.2,8.8,3.292,3.61,5.889,SP,1.0
2016,77829,김광현,SK,투수,False,137.0,27,3.87591,1.31,11,8,0,1,15,116,41,6,139,17,68,59,7.62,2.69,2.83,19.9,7.0,-0.328,3.23,5.074,SP,1.0
2018,77829,김광현,SK,투수,False,136.0,25,2.97794,1.14,11,8,0,0,12,130,30,2,125,16,48,45,8.6,1.99,4.33,23.5,5.4,3.285,4.59,5.44,SP,1.0
2019,77829,김광현,SK,투수,True,190.333,31,2.50613,1.24,17,6,0,0,24,180,38,2,198,13,64,53,8.51,1.8,4.74,22.9,4.8,5.814,6.41,6.14,SP,1.0
2022,77829,김광현,SSG,투수,True,173.333,28,2.12885,1.07,13,3,0,0,19,153,45,5,141,10,48,41,7.94,2.34,3.4,22.0,6.5,5.54,5.72,6.19,SP,1.0
2023,77829,김광현,SSG,투수,True,168.333,30,3.52871,1.38,9,8,0,0,16,119,70,2,163,11,75,66,6.36,3.74,1.7,16.7,9.8,2.928,2.81,5.611,SP,1.0
2024,77829,김광현,SSG,투수,True,162.333,31,4.93429,1.45,12,10,0,0,13,154,73,6,162,24,95,89,8.54,4.05,2.11,21.7,10.3,1.318,1.84,5.237,SP,1.0
2025,77829,김광현,SSG,투수,True,144.0,28,5.0,1.49,10,10,0,0,9,138,50,4,164,13,86,80,8.63,3.13,2.76,21.7,7.9,1.321,1.5,5.143,SP,1.0
2022,51713,김규연,한화,투수,False,13.667,12,5.26829,2.05,0,0,0,1,0,11,12,0,16,2,11,8,7.24,7.9,0.92,15.7,17.1,0.071,-0.17,1.139,RP,1.0
2023,51713,김규연,한화,투수,False,19.667,23,2.74576,1.32,0,1,1,0,0,20,10,2,16,0,7,6,9.15,4.58,2.0,23.5,11.8,0.144,0.33,0.855,RP,1.0
2024,51713,김규연,한화,투수,False,59.0,58,7.01695,1.59,1,0,0,4,0,40,28,4,66,6,50,46,6.1,4.27,1.43,14.8,10.4,0.405,-0.43,1.017,RP,1.0
2026,53540,김기준,롯데,투수,False,5.0,5,0.0,1.0,0,0,0,0,0,5,0,0,5,0,0,0,9.0,0.0,99.99,26.3,0.0,0.024,0.17,1.0,RP,0.757
2021,51715,김기중,한화,투수,False,53.667,15,4.69565,1.84,2,4,0,0,1,36,36,4,63,4,32,28,6.04,6.04,1.0,13.8,13.8,0.007,0.33,3.578,SP,1.0
2022,51715,김기중,한화,투수,False,12.0,5,6.0,2.08,0,2,0,0,0,8,11,1,14,4,10,8,6.0,8.25,0.73,12.7,17.5,-0.307,-0.32,2.4,RP,1.0
2023,51715,김기중,한화,투수,False,56.333,37,4.63314,1.54,1,3,0,1,0,46,29,9,58,4,33,29,7.35,4.63,1.59,18.2,11.5,0.623,0.15,1.523,RP,1.0
2024,51715,김기중,한화,투수,False,59.0,27,6.55932,1.86,5,4,0,0,1,39,27,6,83,8,44,43,5.95,4.12,1.44,13.6,9.4,-0.297,-0.09,2.185,SP,1.0
2025,51715,김기중,한화,투수,False,14.667,5,3.0681818181818183,1.5,0,1,0,0,0,8,6,1,16,0,5,5,4.91,3.68,1.33,12.1,9.1,-0.052,0.26,2.933,RP,1.0
2020,67711,김기탁,한화,,False,7.0,5,9.0,2.57,0,0,0,0,0,3,5,0,13,1,10,7,3.86,6.43,0.6,7.5,12.5,-0.043,-0.17,1.4,RP,1.0
2021,67711,김기탁,한화,,False,12.333,19,5.83784,1.7,0,0,0,4,0,12,7,1,14,0,10,8,8.76,5.11,1.71,20.7,12.1,-0.212,-0.09,0.649,RP,1.0
2012,76461,김기태,삼성,,False,5.0,1,7.2,1.8,0,1,0,0,0,2,1,0,8,0,4,4,3.6,1.8,2.0,8.3,4.2,0.0,,5.0,SP,1.0
2013,76461,김기태,삼성,,False,4.333,2,8.30769,2.31,0,0,0,0,0,2,5,0,5,0,5,4,4.15,10.38,0.4,8.3,20.8,0.0,,2.166,RP,1.0
2014,76461,김기태,삼성,,False,8.667,6,7.26923,1.62,0,0,1,0,0,8,1,0,13,2,7,7,8.31,1.04,8.0,19.5,2.4,-0.072,0.02,1.444,RP,1.0
2015,76461,김기태,삼성,,False,29.333,23,7.05682,1.5699999999999998,3,0,0,0,0,23,10,0,36,11,25,23,7.06,3.07,2.3,17.6,7.6,0.283,-0.49,1.275,RP,1.0
2016,76461,김기태,삼성,,False,75.0,17,7.08,1.55,4,4,0,0,2,34,22,10,94,20,61,59,4.08,2.64,1.55,9.9,6.4,-1.995,-0.18,4.412,SP,1.0
2018,76461,김기태,삼성,,False,1.667,1,27.0,2.4,0,0,0,0,0,2,0,1,4,3,5,5,10.8,0.0,99.99,20.0,0.0,-0.001,-0.17,1.667,RP,1.0
2010,76119,김기표,LG,,False,42.667,48,4.42969,1.27,2,4,2,2,0,24,13,8,41,2,21,21,5.06,2.74,1.85,13.0,7.0,0.0,,0.889,RP,1.0
2011,76119,김기표,LG,,False,5.0,3,12.6,2.4,0,0,0,0,0,2,1,0,11,1,7,7,3.6,1.8,2.0,7.7,3.8,0.0,,1.667,RP,1.0
2012,76119,김기표,LG,,False,26.667,25,3.0375,1.27,3,0,0,1,0,13,7,3,27,2,10,9,4.39,2.36,1.86,11.7,6.3,0.0,,1.067,RP,1.0
2013,76119,김기표,LG,,False,3.333,2,0.0,0.9,0,0,0,0,0,1,0,0,3,0,0,0,2.7,0.0,99.99,7.1,0.0,0.0,,1.666,RP,1.0
2014,76119,김기표,LG,,False,2.0,3,13.5,1.0,0,0,0,0,0,1,0,1,2,2,3,3,4.5,0.0,99.99,10.0,0.0,-0.08,-0.17,0.667,RP,1.0
2015,76119,김기표,KT,,False,10.333,14,6.09677,1.26,0,0,0,0,0,6,2,1,11,2,7,7,5.23,1.74,3.0,14.0,4.7,0.001,0.05,0.738,RP,1.0
2014,62919,김기현,한화,,False,23.333,24,5.78571,1.93,0,1,0,1,0,15,7,1,38,9,21,15,5.79,2.7,2.14,12.7,5.9,-0.451,-0.41,0.972,RP,1.0
2015,62919,김기현,한화,,False,41.333,54,4.35484,1.6,1,0,0,3,0,32,30,3,36,5,20,20,6.97,6.53,1.07,17.1,16.0,0.176,0.34,0.765,RP,1.0
2019,69620,김기훈,KIA,투수,False,79.333,19,5.55882,1.63,3,6,0,0,3,49,65,9,64,11,55,49,5.5600000000000005,7.37,0.75,13.3,17.7,-0.429,-0.75,4.175,SP,1.0
2020,69620,김기훈,KIA,투수,False,52.0,22,5.36538,1.71,0,4,0,1,0,39,31,2,58,8,35,31,6.75,5.37,1.26,16.4,13.0,-0.89,-0.09,2.364,RP,1.0
2022,69620,김기훈,KIA,투수,False,8.667,5,1.03846,1.27,0,0,0,0,0,9,7,0,4,0,1,1,9.35,7.27,1.29,25.0,19.4,0.472,0.33,1.733,RP,1.0
2023,69620,김기훈,KIA,투수,False,31.333,29,4.59574,2.07,2,0,0,0,0,26,37,2,28,0,22,16,7.47,10.63,0.7,16.7,23.7,-1.27,-0.3,1.08,RP,1.0
2024,69620,김기훈,KIA,투수,False,19.667,17,5.0339,1.58,1,0,0,0,0,17,15,3,16,1,13,11,7.78,6.86,1.13,17.9,15.8,-0.063,0.02,1.157,RP,1.0
2025,69620,김기훈,KIA,투수,False,27.667,24,3.253012048192771,1.27,1,1,0,0,0,27,10,1,25,2,11,10,8.78,3.25,2.7,23.1,8.5,-0.077,0.36,1.153,RP,1.0
2026,69620,김기훈,KIA,투수,False,1.667,2,5.4,2.4,0,0,0,0,0,1,4,0,0,0,1,1,5.4,21.6,0.25,12.5,50.0,-0.002,-0.01,0.834,RP,0.757
2025,52995,김녹원,NC,투수,False,70.0,21,6.557142857142857,1.74,3,4,0,1,0,37,47,3,75,10,53,51,4.76,6.04,0.79,11.3,14.4,0.002,-0.62,3.333,SP,1.0
2010,78536,김대우,롯데,,False,7.667,3,14.087,2.35,0,2,0,0,0,4,3,0,15,2,12,12,4.7,3.52,1.33,10.3,7.7,0.0,,2.556,RP,1.0
2011,61365,김대우,넥센,,False,27.0,24,6.0,1.67,0,2,0,0,0,28,19,4,26,0,20,18,9.33,6.33,1.47,21.4,14.5,0.0,,1.125,RP,1.0
2014,61365,김대우,넥센,,False,73.667,30,5.49774,1.81,2,2,1,0,1,66,45,8,88,9,48,45,8.06,5.5,1.47,19.0,13.0,-0.551,0.33,2.456,SP,1.0
2015,61365,김대우,넥센,,False,71.0,47,4.94366,1.58,6,3,1,4,0,63,31,6,81,8,44,39,7.99,3.93,2.03,19.8,9.7,-0.521,0.43,1.511,RP,1.0
2016,61365,김대우,삼성,,False,66.0,67,5.04545,1.53,6,0,0,11,0,37,19,6,82,8,39,37,5.05,2.59,1.95,12.5,6.4,-0.066,0.26,0.985,RP,1.0
2017,61365,김대우,삼성,,False,50.0,25,9.54,1.94,2,5,0,1,0,28,26,8,71,7,56,53,5.04,4.68,1.08,11.3,10.5,-1.7029999999999998,-0.94,2.0,RP,1.0
2018,78536,김대우,롯데,,False,3.333,5,13.5,2.7,0,0,0,0,0,2,1,0,8,2,5,5,5.4,2.7,2.0,10.5,5.3,-0.09,-0.1,0.667,RP,1.0
2018,61365,김대우,삼성,,False,36.333,8,7.92661,1.95,2,2,0,0,2,15,18,3,53,7,34,32,3.72,4.46,0.83,8.5,10.2,-0.712,-0.16,4.542,SP,1.0
2019,61365,김대우,삼성,,False,59.667,44,5.12849,1.29,5,1,0,1,0,40,16,5,61,11,38,34,6.03,2.41,2.5,15.8,6.3,-0.194,-0.21,1.356,RP,1.0
2020,61365,김대우,삼성,,False,77.667,28,5.09871,1.56,3,7,0,1,1,37,26,6,95,9,49,44,4.29,3.01,1.42,10.6,7.4,0.148,0.87,2.774,SP,1.0
2020,78536,김대우,롯데,,False,49.333,46,3.10135,1.5,0,1,0,0,0,43,26,2,48,1,22,17,7.84,4.74,1.65,19.9,12.0,-0.551,0.95,1.072,RP,1.0
2021,61365,김대우,삼성,,False,51.0,31,6.35294,1.63,0,2,0,1,0,27,15,2,68,7,39,36,4.76,2.65,1.8,11.5,6.4,-0.649,-0.27,1.645,RP,1.0
2021,78536,김대우,롯데,,False,35.333,39,5.09434,1.58,2,2,0,9,0,31,24,4,32,4,22,20,7.9,6.11,1.29,19.4,15.0,-0.028,-0.14,0.906,RP,1.0
2022,78536,김대우,롯데,,False,10.0,10,4.5,1.4,0,0,0,1,0,8,8,0,6,0,5,5,7.2,7.2,1.0,18.6,18.6,-0.301,0.08,1.0,RP,1.0
2022,61365,김대우,삼성,,False,4.333,4,2.07692,0.92,1,0,0,0,0,5,0,0,4,0,1,1,10.38,0.0,99.99,31.3,0.0,0.145,0.18,1.083,RP,1.0
2023,61365,김대우,삼성,,False,64.0,44,4.5,1.38,0,2,0,4,0,49,22,3,66,7,37,32,6.89,3.09,2.23,17.7,7.9,-0.585,0.27,1.455,RP,1.0
2024,61365,김대우,삼성,,False,34.333,32,5.50485,1.49,0,0,0,5,0,23,9,3,42,4,24,21,6.03,2.36,2.56,14.6,5.7,-0.043,0.11,1.073,RP,1.0
2025,61365,김대우,삼성,,False,0.667,2,0.0,1.5,0,0,0,1,0,0,0,0,1,0,0,0,0.0,0.0,99.99,0.0,0.0,-0.015,0.03,0.334,SU,1.0
2014,60337,김대유,SK,투수,False,11.667,9,10.0286,2.66,0,1,0,0,0,14,19,1,12,1,13,13,10.8,14.66,0.74,21.5,29.2,-0.876,-0.08,1.296,RP,1.0
2017,60337,김대유,SK,투수,False,4.667,6,9.64286,2.14,0,0,0,0,0,3,2,0,8,1,5,5,5.79,3.86,1.5,12.5,8.3,-0.197,-0.12,0.778,RP,1.0
2019,60337,김대유,KT,투수,False,27.0,21,2.33333,1.22,0,0,0,0,0,23,12,4,21,1,7,7,7.67,4.0,1.92,20.7,10.8,0.298,0.42,1.286,RP,1.0
2020,60337,김대유,LG,투수,False,2.333,3,23.1429,2.57,0,0,0,0,0,1,1,1,5,0,6,6,3.86,3.86,1.0,7.1,7.1,-0.051,-0.19,0.778,RP,1.0
2021,60337,김대유,LG,투수,False,50.667,64,2.13158,0.93,4,1,0,24,0,56,15,9,32,2,13,12,9.95,2.66,3.73,26.8,7.2,2.456,1.79,0.792,SU,1.0
2022,60337,김대유,LG,투수,False,39.667,59,2.04202,1.26,2,1,0,13,0,36,15,8,35,2,11,9,8.17,3.4,2.4,20.9,8.7,0.616,0.94,0.672,RP,1.0
2023,60337,김대유,KIA,투수,False,24.667,41,5.10811,1.38,0,2,0,4,0,20,8,6,26,2,15,14,7.3,2.92,2.5,18.2,7.3,-0.377,-0.03,0.602,RP,1.0
2024,60337,김대유,KIA,투수,False,25.0,37,8.28,1.88,0,0,0,8,0,26,12,2,35,4,23,23,9.36,4.32,2.17,21.3,9.8,0.637,-0.32,0.676,RP,1.0
2025,60337,김대유,KIA,투수,False,8.333,15,9.72,1.92,0,1,0,1,0,3,4,0,12,1,9,9,3.24,4.32,0.75,7.1,9.5,-0.097,-0.27,0.556,RP,1.0
2016,66145,김대현,LG,투수,False,1.667,1,5.4,1.8,0,0,0,0,0,0,0,1,3,0,2,1,0.0,0.0,99.99,0.0,0.0,-0.002,-0.05,1.667,RP,1.0
2017,66145,김대현,LG,투수,False,94.0,26,5.3617,1.35,5,7,0,0,5,49,32,6,95,13,59,56,4.6899999999999995,3.06,1.53,12.3,8.1,-0.33,-0.56,3.615,SP,1.0
2018,66145,김대현,LG,투수,False,105.0,25,7.54286,1.84,2,10,0,0,3,64,48,9,145,15,95,88,5.49,4.11,1.33,12.9,9.7,-2.062,-1.9,4.2,SP,1.0
2019,66145,김대현,LG,투수,False,66.667,41,3.78,1.35,5,4,0,9,0,40,27,4,63,2,31,28,5.4,3.65,1.48,14.0,9.5,2.522,0.39,1.626,RP,1.0
2020,66145,김대현,LG,투수,False,32.333,33,5.84536,1.86,4,0,0,3,0,28,23,1,37,6,24,21,7.79,6.4,1.22,17.7,14.6,0.014,-0.61,0.98,RP,1.0
2021,66145,김대현,LG,투수,False,3.667,4,12.2727,2.73,0,0,0,0,0,4,3,1,7,2,8,5,9.82,7.36,1.33,17.4,13.0,-0.056,-0.29,0.917,RP,1.0
2023,66145,김대현,LG,투수,False,3.333,5,10.8,3.0,0,0,0,0,0,3,2,1,8,1,5,4,8.1,5.4,1.5,13.6,9.1,-0.388,-0.17,0.667,RP,1.0
2024,66145,김대현,LG,투수,False,35.0,37,5.4,1.46,2,0,1,1,0,30,18,2,33,6,21,21,7.71,4.63,1.67,19.4,11.6,-0.36,0.01,0.946,RP,1.0
2026,66145,김대현,LG,투수,False,0.333,1,108.0,18.0,0,0,0,0,0,0,1,0,5,1,5,4,0.0,27.0,0.0,0.0,14.3,-0.009,-0.14,0.333,RP,0.757
2024,54401,김대호,삼성,투수,False,4.0,1,11.25,2.25,0,1,0,0,0,1,2,0,7,1,6,5,2.25,4.5,0.5,4.5,9.1,-0.182,-0.15,4.0,SP,1.0
2025,54401,김대호,삼성,투수,False,21.0,11,5.142857142857143,1.9,0,1,0,0,0,19,15,1,25,3,13,12,8.14,6.43,1.27,18.1,14.3,-0.178,-0.03,1.909,RP,1.0
2021,68585,김도규,롯데,,False,42.0,43,5.78571,1.5,2,1,0,5,0,39,22,0,41,3,28,27,8.36,4.71,1.77,21.4,12.1,0.982,0.05,0.977,RP,1.0
2022,68585,김도규,롯데,,False,51.0,55,3.70588,1.31,4,4,3,8,0,45,19,4,48,2,26,21,7.94,3.35,2.37,20.6,8.7,0.919,0.65,0.927,RP,1.0
2023,68585,김도규,롯데,,False,29.667,36,4.55056,1.42,0,3,1,1,0,26,13,1,29,1,16,15,7.89,3.94,2.0,19.7,9.8,-1.256,0.25,0.824,RP,1.0
2024,68585,김도규,롯데,,False,4.0,5,9.0,2.75,0,1,0,0,0,5,6,2,5,0,4,4,11.25,13.5,0.83,20.0,24.0,-0.615,-0.06,0.8,RP,1.0
2024,54705,김도빈,한화,투수,False,0.333,1,54.0,12.0,0,1,0,0,0,1,3,0,1,0,2,2,27.0,81.0,0.33,20.0,60.0,-0.192,-0.1,0.333,RP,1.0
2026,54705,김도빈,한화,투수,False,4.0,6,24.75,3.25,0,1,0,1,0,6,10,2,3,0,11,11,13.5,22.5,0.6,22.2,37.0,-0.569,-0.5,0.667,RP,0.757
2017,66098,김도영,KT,,False,1.0,1,0.0,1.0,0,0,0,0,0,0,0,0,1,0,0,0,0.0,0.0,99.99,0.0,0.0,0.0,0.03,1.0,RP,1.0
2021,51294,김도윤,두산,,False,1.0,1,0.0,0.0,0,0,0,0,0,2,0,0,0,0,0,0,18.0,0.0,99.99,66.7,0.0,0.001,0.04,1.0,RP,1.0
2024,51294,김도윤,두산,,False,2.333,2,3.85714,1.71,0,0,0,0,0,1,2,1,2,0,2,1,3.86,7.71,0.5,8.3,16.7,0.011,-0.03,1.166,RP,1.0
2019,69745,김도현,한화,투수,False,38.0,11,4.26316,1.66,4,3,0,0,0,15,21,2,42,2,19,18,3.55,4.97,0.71,8.8,12.3,0.492,0.39,3.455,SP,1.0
2020,69745,김도현,한화,투수,False,64.667,17,6.81959,1.84,2,7,0,0,2,41,44,4,75,9,50,49,5.71,6.12,0.93,13.1,14.1,-0.504,-0.28,3.804,SP,1.0
2021,69745,김도현,한화,투수,False,26.0,14,7.61538,2.08,0,1,0,0,0,13,22,4,32,2,22,22,4.5,7.62,0.59,9.8,16.7,-0.248,-0.4,1.857,RP,1.0
2022,69745,김도현,KIA,투수,False,10.667,5,7.59375,2.06,0,1,0,0,0,11,5,1,17,2,9,9,9.28,4.22,2.2,21.2,9.6,-0.234,-0.04,2.133,RP,1.0
2024,69745,김도현,KIA,투수,False,75.0,35,4.92,1.5699999999999998,4,6,0,3,1,59,31,9,87,9,45,41,7.08,3.72,1.9,17.1,9.0,-0.918,0.58,2.143,SP,1.0
2025,69745,김도현,KIA,투수,False,125.333,24,4.8111702127659575,1.45,4,7,0,0,9,71,33,10,149,11,79,67,5.1,2.37,2.15,12.7,5.9,0.608,0.68,5.222,SP,1.0
2026,52844,김도현,SSG,투수,False,7.0,6,7.7142857142857135,2.43,0,0,0,0,0,5,10,0,7,1,6,6,6.43,12.86,0.5,13.5,27.0,-0.131,-0.1,1.167,RP,0.757
2023,53164,김동규,키움,투수,False,4.333,4,22.8462,4.15,0,1,0,0,0,1,12,2,6,1,12,11,2.08,24.92,0.08,3.2,38.7,-0.572,-0.45,1.083,RP,1.0
2024,53164,김동규,키움,투수,False,0.333,2,54.0,9.0,0,0,0,0,0,0,2,0,1,0,2,2,0.0,54.0,0.0,0.0,50.0,-0.099,-0.08,0.166,RP,1.0
2025,53164,김동규,키움,투수,False,8.0,9,6.75,3.0,0,0,0,0,0,10,11,0,13,2,11,6,11.25,12.38,0.91,20.4,22.4,-0.374,-0.28,0.889,RP,1.0
2026,53164,김동규,키움,투수,False,3.0,5,21.0,3.67,0,0,0,0,0,4,6,1,5,0,7,7,12.0,18.0,0.67,19.0,28.6,-0.09,-0.16,0.6,RP,0.757
2021,68589,김동우,롯데,,False,5.0,5,10.8,3.0,0,0,0,0,0,3,5,0,10,1,7,6,5.4,9.0,0.6,10.0,16.7,-0.026,-0.15,1.0,RP,1.0
2021,50393,김동욱,키움,투수,False,3.0,3,9.0,2.67,0,0,0,0,0,2,1,0,7,2,3,3,6.0,3.0,2.0,12.5,6.3,-0.003,-0.08,1.0,RP,1.0
2024,50393,김동욱,키움,투수,False,36.0,37,5.0,1.08,2,1,0,3,0,18,6,2,33,4,20,20,4.5,1.5,3.0,12.3,4.1,0.27,0.3,0.973,RP,1.0
2022,51230,김동주,두산,투수,False,16.667,10,7.56,1.92,0,0,0,0,0,13,9,0,23,5,14,14,7.02,4.86,1.44,15.3,10.6,0.115,-0.34,1.667,RP,1.0
2023,51230,김동주,두산,투수,False,78.333,18,4.13617,1.38,3,6,0,0,4,59,35,4,73,5,37,36,6.78,4.02,1.69,17.7,10.5,0.985,0.99,4.352,SP,1.0
2024,51230,김동주,두산,투수,False,50.0,14,6.84,1.76,1,3,0,0,0,35,21,4,67,6,46,38,6.3,3.78,1.67,14.3,8.6,-1.572,-0.45,3.571,SP,1.0
2026,51230,김동주,두산,투수,False,12.0,12,5.25,1.33,0,0,0,0,0,14,6,0,10,3,7,7,10.5,4.5,2.33,28.0,12.0,-0.049,-0.02,1.0,RP,0.757
2020,50360,김동혁,키움,투수,False,8.667,8,5.19231,1.04,0,1,0,0,0,6,1,1,8,1,5,5,6.23,1.04,6.0,16.7,2.8,-0.105,0.04,1.083,RP,1.0
2021,50360,김동혁,키움,투수,False,82.0,40,5.04878,1.5,0,5,1,0,1,30,34,14,89,5,51,46,3.29,3.73,0.88,8.2,9.3,-0.742,0.11,2.05,SP,1.0
2022,50360,김동혁,키움,투수,False,26.667,24,4.73,1.46,2,1,0,3,0,18,11,1,28,0,14,14,6.07,3.71,1.64,15.7,9.6,-0.166,0.24,1.111,RP,1.0
2023,50360,김동혁,키움,투수,False,39.333,35,7.32203,1.75,1,7,0,6,0,24,18,6,51,1,34,32,5.49,4.12,1.33,12.5,9.4,-0.845,-0.53,1.124,RP,1.0
2024,50360,김동혁,키움,투수,False,22.333,17,6.85075,1.66,0,2,0,0,0,9,10,2,27,7,21,17,3.63,4.03,0.9,8.8,9.8,-0.965,-0.63,1.314,RP,1.0
2025,55040,김동현,KT,투수,False,3.333,3,13.5,3.0,0,0,0,0,0,4,3,0,7,2,5,5,10.8,8.1,1.33,21.1,15.8,0.005,-0.14,1.111,RP,1.0
2016,79791,김동호,삼성,,False,33.0,33,7.63636,1.82,0,1,0,2,0,21,14,3,46,5,28,28,5.73,3.82,1.5,13.6,9.1,-0.128,-0.29,1.0,RP,1.0
2017,79791,김동호,삼성,,False,36.0,20,6.75,2.03,0,1,0,0,0,16,21,6,52,1,27,27,4.0,5.25,0.76,9.0,11.8,-0.538,-0.03,1.8,RP,1.0
2011,61527,김명성,롯데,,False,7.667,4,9.3913,2.09,0,1,0,0,0,3,2,0,14,3,8,8,3.52,2.35,1.5,7.7,5.1,0.0,,1.917,RP,1.0
2013,61527,김명성,두산,,False,11.0,8,4.09091,1.27,0,0,0,0,0,9,7,0,7,0,5,5,7.36,5.73,1.29,19.1,14.9,0.0,,1.375,RP,1.0
2014,61527,김명성,두산,,False,7.667,8,2.34783,0.78,0,0,0,0,0,3,2,0,4,1,2,2,3.52,2.35,1.5,10.7,7.1,0.016,-0.03,0.958,RP,1.0
2015,61527,김명성,두산,,False,17.333,17,7.78846,2.19,1,0,0,0,0,10,11,1,27,2,15,15,5.19,5.71,0.91,11.2,12.4,-0.166,-0.23,1.02,RP,1.0
2017,67246,김명신,두산,투수,False,45.333,39,4.36765,1.46,3,1,0,5,0,38,12,7,54,2,23,22,7.54,2.38,3.17,19.0,6.0,0.451,0.56,1.162,RP,1.0
2020,67246,김명신,두산,투수,False,15.333,16,3.52174,1.5699999999999998,0,1,0,0,0,11,4,3,20,3,6,6,6.46,2.35,2.75,15.3,5.6,0.36,0.05,0.958,RP,1.0
2021,67246,김명신,두산,투수,False,67.0,58,4.29851,1.28,3,2,0,2,0,43,14,6,72,6,37,32,5.78,1.88,3.07,14.9,4.8,0.232,0.3,1.155,RP,1.0
2022,67246,김명신,두산,투수,False,79.667,68,3.61506,1.26,3,3,0,10,0,61,25,3,75,5,33,32,6.89,2.82,2.44,18.3,7.5,0.784,1.07,1.172,RP,1.0
2023,67246,김명신,두산,투수,False,79.0,70,3.64557,1.25,3,3,1,24,0,65,27,6,72,3,34,32,7.41,3.08,2.41,19.5,8.1,2.618,1.25,1.129,SU,1.0
2024,67246,김명신,두산,투수,False,32.667,35,9.36735,2.17,2,1,0,4,0,25,8,2,63,8,34,34,6.89,2.2,3.13,14.9,4.8,-1.351,-0.79,0.933,RP,1.0
2025,67246,김명신,두산,투수,False,8.333,8,5.4,1.92,0,0,0,0,0,6,3,1,13,0,8,5,6.48,3.24,2.0,14.0,7.0,-0.417,-0.12,1.042,RP,1.0
2026,67246,김명신,두산,투수,False,2.667,3,3.375,1.5,1,0,0,0,0,0,1,1,3,0,1,1,0.0,3.38,0.0,0.0,7.7,0.082,0.02,0.889,RP,0.757
2015,65696,김명찬,KIA,,False,4.0,3,0.0,1.25,0,0,0,0,0,2,1,1,4,0,0,0,4.5,2.25,2.0,12.5,6.3,0.057,0.12,1.333,RP,1.0
2016,65696,김명찬,KIA,,False,13.0,11,4.84615,1.62,0,0,0,1,0,10,4,1,17,1,7,7,6.92,2.77,2.5,16.9,6.8,0.101,0.09,1.182,RP,1.0
2017,65696,김명찬,KIA,,False,5.0,6,3.6,1.4,0,0,0,1,0,2,2,0,5,0,2,2,3.6,3.6,1.0,9.1,9.1,0.154,0.09,0.833,RP,1.0
2020,65696,김명찬,KIA,,False,8.667,21,6.23077,2.88,0,1,0,1,0,11,12,2,13,2,7,6,11.42,12.46,0.92,20.4,22.2,-1.552,-0.2,0.413,RP,1.0
2019,68403,김무신,삼성,투수,False,11.667,5,4.62857,1.71,1,1,0,0,0,9,10,0,10,2,6,6,6.9399999999999995,7.71,0.9,16.7,18.5,-0.198,0.07,2.333,RP,1.0
2020,68403,김무신,삼성,투수,False,58.0,61,4.65517,1.67,3,5,0,12,0,41,31,1,66,6,34,30,6.36,4.8100000000000005,1.32,15.4,11.7,-0.53,0.75,0.951,RP,1.0
2021,68403,김무신,삼성,투수,False,19.0,20,6.63158,2.21,0,0,0,1,0,25,17,1,25,2,18,14,11.84,8.05,1.47,24.8,16.8,-0.488,-0.26,0.95,RP,1.0
2022,68403,김무신,삼성,투수,False,35.0,37,5.91429,1.74,3,3,0,3,0,32,22,2,39,2,29,23,8.23,5.66,1.45,19.0,13.1,0.258,-0.38,0.946,RP,1.0
2024,68403,김무신,삼성,투수,False,5.333,4,10.125,2.44,0,0,0,0,0,2,7,0,6,0,6,6,3.38,11.81,0.29,7.7,26.9,-0.229,-0.14,1.333,RP,1.0
2026,68403,김무신,삼성,투수,False,1.667,3,10.8,3.0,0,0,0,0,0,3,3,0,2,1,2,2,16.2,16.2,1.0,33.3,33.3,-0.297,-0.12,0.556,RP,0.757
2018,68043,김민,KT,투수,False,37.333,9,5.0625,1.74,4,2,0,0,1,25,25,6,40,4,26,21,6.03,6.03,1.0,14.0,14.0,-0.454,0.43,4.148,SP,1.0
2019,68043,김민,KT,투수,True,150.667,27,4.95796,1.59,6,12,0,0,10,91,65,4,175,16,88,83,5.44,3.88,1.4,13.5,9.6,0.032,1.32,5.58,SP,1.0
2020,68043,김민,KT,투수,False,42.667,24,6.53906,1.76,3,3,0,1,1,32,29,5,46,6,35,31,6.75,6.12,1.1,15.5,14.0,-0.866,-0.3,1.778,SP,1.0
2022,68043,김민,KT,투수,False,7.667,6,2.34783,0.78,0,0,0,2,0,8,2,1,4,1,2,2,9.39,2.35,4.0,28.6,7.1,0.264,0.16,1.278,SU,1.0
2023,68043,김민,KT,투수,False,29.0,16,6.82759,1.93,1,2,0,0,0,22,16,4,40,3,26,22,6.83,4.97,1.38,15.2,11.0,-0.616,-0.42,1.812,RP,1.0
2024,68043,김민,KT,투수,False,77.333,71,4.30603,1.44,8,4,0,21,0,77,27,2,84,5,38,37,8.96,3.14,2.85,22.9,8.0,1.107,1.83,1.089,SU,1.0
2025,68043,김민,SSG,투수,False,63.667,70,2.968586387434555,1.21,5,2,1,22,0,65,17,6,60,7,23,21,9.19,2.4,3.82,24.4,6.4,2.653,1.37,0.91,SU,1.0
2026,68043,김민,SSG,투수,False,50.0,55,4.32,1.5,4,4,1,12,0,56,25,2,50,2,33,24,10.08,4.5,2.24,25.3,11.3,0.985,0.53,0.909,RP,0.757
2018,68200,김민규,두산,투수,False,0.333,1,54.0,9.0,0,0,0,0,0,0,2,0,1,0,2,2,0.0,54.0,0.0,0.0,50.0,-0.007,-0.06,0.333,RP,1.0
2019,68200,김민규,두산,투수,False,2.0,1,0.0,1.5,0,0,0,0,0,0,1,0,2,0,0,0,0.0,4.5,0.0,0.0,12.5,0.0,0.03,2.0,RP,1.0
2020,68200,김민규,두산,투수,False,53.333,29,4.89375,1.29,1,2,1,0,0,54,22,3,47,3,30,29,9.11,3.71,2.45,23.4,9.5,0.529,0.35,1.839,RP,1.0
2021,68200,김민규,두산,투수,False,56.333,31,6.07101,1.63,2,3,0,1,0,39,28,4,64,9,40,38,6.23,4.47,1.39,14.9,10.7,-0.057,-0.5,1.817,RP,1.0
2023,68200,김민규,두산,투수,False,8.333,6,4.32,1.2,0,0,0,0,0,5,4,2,6,0,5,4,5.4,4.32,1.25,13.5,10.8,-0.056,0.0,1.389,RP,1.0
2024,54913,김민규,NC,투수,False,6.333,7,5.68421,1.74,0,0,0,0,0,2,3,0,8,0,4,4,2.84,4.26,0.67,6.7,10.0,-0.296,0.03,0.905,RP,1.0
2024,68200,김민규,두산,투수,False,25.0,13,4.32,1.6800000000000002,0,1,0,0,0,19,19,4,23,4,14,12,6.84,6.84,1.0,16.2,16.2,0.249,0.09,1.923,RP,1.0
2025,54913,김민규,NC,투수,False,4.667,7,7.7142857142857135,1.93,0,0,0,1,0,2,4,0,5,0,4,4,3.86,7.71,0.5,8.7,17.4,-0.262,-0.06,0.667,RP,1.0
2025,68200,김민규,두산,투수,False,9.667,7,4.655172413793103,1.55,1,1,0,0,0,6,6,4,9,1,5,5,5.59,5.59,1.0,12.8,12.8,-0.33,-0.04,1.381,RP,1.0
2022,50573,김민기,롯데,,False,0.667,1,67.5,10.5,0,0,0,0,0,0,1,0,6,1,5,5,0.0,13.5,0.0,0.0,12.5,-0.012,-0.24,0.667,RP,1.0
2015,65048,김민수,KT,투수,False,23.333,15,5.78571,1.84,0,1,0,1,0,18,13,1,30,1,18,15,6.9399999999999995,5.01,1.38,15.7,11.3,-0.035,0.13,1.556,RP,1.0
2016,65048,김민수,KT,투수,False,8.0,7,6.75,2.13,0,0,1,0,0,6,3,0,14,1,6,6,6.75,3.38,2.0,14.6,7.3,-0.146,0.01,1.143,RP,1.0
2018,65048,김민수,KT,투수,False,1.0,2,9.0,2.0,0,0,0,0,0,1,1,0,1,0,1,1,9.0,9.0,1.0,25.0,25.0,-0.051,-0.01,0.5,RP,1.0
2019,65048,김민수,KT,투수,False,81.667,28,4.95918,1.43,8,5,2,1,2,56,30,2,87,10,46,45,6.17,3.31,1.87,15.8,8.5,0.749,0.72,2.917,SP,1.0
2020,65048,김민수,KT,투수,False,103.333,33,6.09677,1.75,3,8,0,0,3,63,30,4,151,14,80,70,5.49,2.61,2.1,13.1,6.2,-1.856,0.12,3.131,SP,1.0
2021,65048,김민수,KT,투수,False,58.0,56,2.94828,1.38,4,2,0,11,0,55,24,3,56,2,25,19,8.53,3.72,2.29,21.7,9.5,0.674,1.16,1.036,RP,1.0
2022,65048,김민수,KT,투수,False,80.667,76,1.89669,1.0,5,4,3,30,0,91,15,6,66,3,19,17,10.15,1.67,6.07,27.8,4.6,3.665,3.47,1.061,SU,1.0
2023,65048,김민수,KT,투수,False,13.0,14,6.92308,1.69,0,1,0,3,0,4,5,0,17,1,10,10,2.77,3.46,0.8,6.9,8.6,-0.103,-0.18,0.929,RP,1.0
2024,65048,김민수,KT,투수,False,81.333,75,5.20082,1.44,5,3,0,12,0,75,33,1,84,8,56,47,8.3,3.65,2.27,20.9,9.2,1.617,0.42,1.084,RP,1.0
2025,65048,김민수,KT,투수,False,52.667,58,4.955696202531646,1.48,4,3,0,11,0,36,15,1,63,5,31,29,6.15,2.56,2.4,15.7,6.5,0.37,0.21,0.908,RP,1.0
2026,65048,김민수,KT,투수,False,37.0,34,5.594594594594595,1.46,2,3,1,3,0,34,14,1,40,4,25,23,8.27,3.41,2.43,20.6,8.5,-0.555,0.18,1.088,RP,0.757
2015,65764,김민우,한화,투수,False,70.0,36,5.14286,1.5,1,3,0,0,1,50,38,10,67,5,41,40,6.43,4.89,1.32,15.9,12.1,-0.537,0.62,1.944,SP,1.0
2016,65764,김민우,한화,투수,False,9.667,5,15.8276,3.0,0,3,0,0,0,7,8,0,21,2,18,17,6.52,7.45,0.88,12.5,14.3,-1.207,-0.5,1.933,RP,1.0
2017,65764,김민우,한화,투수,False,7.333,4,17.1818,3.55,0,0,0,0,0,5,6,3,20,1,15,14,6.14,7.36,0.83,10.2,12.2,-0.144,-0.43,1.833,RP,1.0
2018,65764,김민우,한화,투수,False,99.333,23,6.52349,1.75,5,9,0,0,6,73,41,8,133,19,79,72,6.61,3.71,1.78,15.6,8.8,-0.625,0.4,4.319,SP,1.0
2019,65764,김민우,한화,투수,False,68.0,16,6.75,1.62,2,7,0,0,3,46,30,6,80,6,59,51,6.09,3.97,1.53,14.6,9.5,-0.8,-0.53,4.25,SP,1.0
2020,65764,김민우,한화,투수,False,132.667,26,4.34171,1.45,5,10,0,0,5,124,72,7,121,15,72,64,8.41,4.88,1.72,20.9,12.1,0.934,1.81,5.103,SP,1.0
2021,65764,김민우,한화,투수,True,155.333,29,3.99785,1.33,14,10,0,0,11,125,76,7,131,15,71,69,7.24,4.4,1.64,18.9,11.5,2.216,2.62,5.356,SP,1.0
2022,65764,김민우,한화,투수,True,163.0,29,4.36196,1.39,6,11,0,0,13,129,84,8,143,16,82,79,7.12,4.64,1.54,18.1,11.8,2.278,1.54,5.621,SP,1.0
2023,65764,김민우,한화,투수,False,51.667,12,6.967741935483871,1.8,1,6,0,0,2,43,28,2,65,6,43,40,7.49,4.88,1.54,17.7,11.5,-0.963,-0.48,4.306,SP,1.0
2024,65764,김민우,한화,투수,False,12.333,3,2.18919,1.05,1,0,0,0,1,13,6,0,7,2,3,3,9.49,4.38,2.17,26.5,12.2,0.342,0.37,4.111,SP,1.0
2024,54608,김민재,KIA,투수,False,4.0,4,15.75,2.5,0,0,0,0,0,3,1,1,9,3,7,7,6.75,2.25,3.0,13.6,4.5,-0.034,-0.17,1.0,RP,1.0
2025,54608,김민재,KIA,투수,False,2.0,1,0.0,1.0,0,0,0,0,0,1,0,0,2,0,0,0,4.5,0.0,99.99,12.5,0.0,0.002,0.06,2.0,RP,1.0
2024,54645,김민주,KIA,,False,1.0,2,9.0,4.0,0,0,0,0,0,2,1,0,3,0,2,1,18.0,9.0,2.0,25.0,12.5,-0.011,-0.05,0.5,RP,1.0
2025,54645,김민주,KIA,,False,3.0,3,12.0,2.0,0,0,0,0,0,2,2,2,4,0,4,4,6.0,6.0,1.0,11.8,11.8,-0.025,-0.15,1.0,RP,1.0
2026,56840,김민준,SSG,투수,False,49.667,10,3.8053691275167782,1.21,5,2,0,0,5,36,22,3,38,4,21,21,6.52,3.99,1.64,17.3,10.6,0.995,0.96,4.967,SP,0.757
2026,55420,김백산,삼성,투수,False,10.667,3,3.375,1.41,1,1,0,0,0,7,7,0,8,2,4,4,5.91,5.91,1.0,15.6,15.6,0.247,0.19,3.556,SP,0.757
2015,65769,김범수,한화,투수,False,14.667,15,7.36364,2.05,0,2,0,0,0,10,20,1,10,0,12,12,6.14,12.27,0.5,13.9,27.8,-0.043,-0.11,0.978,RP,1.0
2016,65769,김범수,한화,투수,False,5.667,5,9.52941,2.12,1,0,0,0,0,5,6,1,6,1,6,6,7.94,9.53,0.83,16.7,20.0,-0.047,-0.09,1.133,RP,1.0
2017,65769,김범수,한화,투수,False,31.0,15,8.70968,2.16,0,4,0,0,0,16,24,3,43,7,30,30,4.65,6.97,0.67,10.1,15.2,-0.963,-0.49,2.067,RP,1.0
2018,65769,김범수,한화,투수,False,48.333,55,5.77241,1.6800000000000002,4,4,0,7,1,54,29,1,52,7,33,31,10.06,5.4,1.86,24.2,13.0,0.262,0.35,0.879,SP,1.0
2019,65769,김범수,한화,투수,False,103.0,45,5.67961,1.71,5,9,1,1,2,85,61,10,115,15,70,65,7.43,5.33,1.39,17.5,12.6,-0.397,-0.33,2.289,SP,1.0
2020,65769,김범수,한화,투수,False,55.0,24,5.23636,1.76,3,6,0,0,2,55,42,3,55,9,34,32,9.0,6.87,1.31,21.2,16.2,-0.435,0.19,2.292,SP,1.0
2021,65769,김범수,한화,투수,False,70.667,56,5.2217,1.56,4,9,1,9,0,70,42,2,68,2,44,41,8.92,5.35,1.67,21.9,13.2,-0.888,0.39,1.262,RP,1.0
2022,65769,김범수,한화,투수,False,66.0,78,4.36364,1.5,3,7,0,27,0,58,35,3,64,5,36,32,7.91,4.77,1.66,20.1,12.1,0.278,0.36,0.846,SU,1.0
2023,65769,김범수,한화,투수,False,62.333,76,4.18717,1.56,5,5,1,18,0,52,33,3,64,3,33,29,7.51,4.76,1.58,18.4,11.7,1.017,0.5,0.82,RP,1.0
2024,65769,김범수,한화,투수,False,34.0,39,5.29412,1.56,0,0,0,4,0,38,20,5,33,11,20,20,10.06,5.29,1.9,24.2,12.7,-0.414,-0.19,0.872,RP,1.0
2025,65769,김범수,한화,투수,False,48.0,73,2.25,1.08,2,1,2,6,0,41,22,4,30,0,17,12,7.69,4.13,1.86,21.0,11.3,1.631,1.1,0.658,RP,1.0
2026,65769,김범수,KIA,투수,False,35.0,49,5.657142857142857,1.97,1,3,1,11,0,32,26,3,43,2,23,22,8.23,6.6899999999999995,1.23,18.9,15.4,-0.273,0.09,0.714,RP,0.757
2026,50710,김범준,한화,투수,False,0.667,1,13.5,3.0,0,0,0,0,0,0,0,0,2,0,1,1,0.0,0.0,99.99,0.0,0.0,-0.029,-0.02,0.667,RP,0.757
2012,62349,김병현,넥센,,False,62.0,19,5.66129,1.6,3,8,0,3,5,43,34,14,65,6,44,39,6.24,4.9399999999999995,1.26,14.6,11.6,0.0,,3.263,SP,1.0
2013,62349,김병현,넥센,,False,75.333,15,5.25664,1.42,5,4,0,0,5,43,36,13,71,7,46,44,5.14,4.3,1.19,12.9,10.8,0.0,,5.022,SP,1.0
2014,62349,김병현,KIA,,False,71.0,21,7.09859,1.62,3,6,0,0,3,66,27,13,88,5,58,56,8.37,3.42,2.44,20.0,8.2,-1.924,1.58,3.381,SP,1.0
2015,62349,김병현,KIA,,False,49.0,23,6.97959,1.73,0,5,0,2,0,38,18,11,67,7,38,38,6.98,3.31,2.11,16.4,7.8,-1.069,0.05,2.13,RP,1.0
2017,63894,김사윤,SK,투수,False,3.0,2,9.0,2.0,0,0,0,0,0,3,4,0,2,0,3,3,9.0,12.0,0.75,20.0,26.7,-0.004,-0.03,1.5,RP,1.0
2020,63894,김사윤,SK,투수,False,47.333,57,5.1338,1.73,1,1,1,10,0,42,45,8,37,5,30,27,7.99,8.56,0.93,18.6,19.9,0.519,0.03,0.83,RP,1.0
2021,63894,김사윤,SSG,투수,False,17.333,6,9.86538,2.31,0,1,0,0,0,21,20,4,20,5,20,19,10.9,10.38,1.05,22.8,21.7,-1.259,-0.57,2.889,RP,1.0
2022,63894,김사윤,KIA,투수,False,27.0,31,7.0,1.74,3,0,0,2,0,23,24,4,23,2,21,21,7.67,8.0,0.96,18.0,18.8,-0.213,-0.46,0.871,RP,1.0
2024,63894,김사윤,KIA,투수,False,37.0,23,4.62162,1.76,0,1,1,0,0,36,25,5,40,2,29,19,8.76,6.08,1.44,20.8,14.5,-0.261,-0.1,1.609,RP,1.0
2010,99563,김사율,롯데,,False,57.667,52,3.74566,1.46,1,4,5,5,0,38,25,5,59,4,28,24,5.93,3.9,1.52,14.7,9.7,0.0,,1.109,RP,1.0
2011,99563,김사율,롯데,,False,66.333,61,3.25628,1.24,5,3,20,2,0,54,22,2,60,4,27,24,7.33,2.98,2.45,19.6,8.0,0.0,,1.087,CL,1.0
2012,99563,김사율,롯데,,False,45.333,50,2.97794,1.24,2,3,34,1,0,43,11,2,45,4,16,15,8.54,2.18,3.91,22.6,5.8,0.0,,0.907,CL,1.0
2013,99563,김사율,롯데,,False,74.333,35,3.99552,1.45,3,7,1,3,2,47,34,2,74,11,35,33,5.6899999999999995,4.12,1.38,14.6,10.6,0.0,,2.124,SP,1.0
2014,99563,김사율,롯데,,False,79.333,33,5.78571,1.58,2,5,0,2,1,71,30,3,95,13,55,51,8.05,3.4,2.37,19.8,8.4,-1.18,0.84,2.404,SP,1.0
2015,99563,김사율,KT,,False,25.667,21,8.06494,1.99,0,0,0,0,0,24,11,2,40,4,28,23,8.42,3.86,2.18,19.0,8.7,-0.612,-0.23,1.222,RP,1.0
2016,99563,김사율,KT,,False,30.333,25,5.34066,1.52,0,1,1,1,0,27,17,2,29,4,20,18,8.01,5.04,1.59,18.9,11.9,-0.373,0.13,1.213,RP,1.0
2017,99563,김사율,KT,,False,34.667,19,7.26923,1.7,3,3,0,2,1,28,8,1,51,7,30,28,7.27,2.08,3.5,17.0,4.8,-0.596,-0.04,1.825,SP,1.0
2018,99563,김사율,KT,,False,45.333,29,5.75735,1.46,1,2,0,0,0,35,10,2,56,12,32,29,6.95,1.99,3.5,17.2,4.9,-0.678,0.1,1.563,RP,1.0
2022,52460,김서준,삼성,투수,False,2.667,3,10.125,3.75,0,0,0,0,0,2,4,1,6,1,4,3,6.75,13.5,0.5,10.5,21.1,-0.025,-0.12,0.889,RP,1.0
2023,52460,김서준,삼성,투수,False,7.667,8,7.04348,1.96,0,1,0,1,0,2,6,2,9,0,6,6,2.35,7.04,0.33,5.1,15.4,-0.444,-0.08,0.958,RP,1.0
2025,55359,김서준,키움,투수,False,5.333,4,20.25,3.56,0,0,0,0,0,4,5,0,14,2,12,12,6.75,8.44,0.8,11.8,14.7,-0.061,-0.34,1.333,RP,1.0
2026,55359,김서준,키움,투수,False,17.333,16,6.230769230769231,1.56,0,0,0,2,0,18,13,1,14,4,12,12,9.35,6.75,1.38,23.1,16.7,0.209,-0.18,1.083,RP,0.757
2023,53754,김서현,한화,투수,False,22.333,20,7.25373,2.01,0,0,1,0,0,26,23,7,22,1,20,18,10.48,9.27,1.13,22.8,20.2,0.101,-0.47,1.117,RP,1.0
2024,53754,김서현,한화,투수,False,38.333,37,3.75652,1.64,1,2,0,10,0,43,32,4,31,0,20,16,10.1,7.51,1.34,24.2,18.0,-0.146,0.53,1.036,SU,1.0
2025,53754,김서현,한화,투수,False,66.0,69,3.136363636363636,1.26,2,4,33,2,0,71,31,8,52,4,23,23,9.68,4.23,2.29,25.4,11.1,4.104,1.99,0.957,CL,1.0
2026,53754,김서현,한화,투수,False,8.0,12,12.375,3.0,1,2,1,0,0,5,15,4,9,1,12,11,5.63,16.88,0.33,9.6,28.8,-0.987,-0.54,0.667,RP,0.757
2010,75852,김선규,LG,,False,27.333,28,5.92683,1.61,2,0,0,0,0,14,14,3,30,2,19,18,4.61,4.61,1.0,11.6,11.6,0.0,,0.976,RP,1.0
2011,75852,김선규,LG,,False,66.667,61,4.19,1.32,3,0,1,13,0,28,22,6,66,4,34,31,3.78,2.97,1.27,9.8,7.7,0.0,,1.093,RP,1.0
2012,75852,김선규,LG,,False,15.667,12,5.74468,1.98,0,2,0,1,0,6,8,2,23,1,10,10,3.45,4.6,0.75,7.6,10.1,0.0,,1.306,RP,1.0
2013,75852,김선규,LG,,False,29.0,29,2.7931,1.34,2,1,0,3,0,9,8,5,31,2,10,9,2.79,2.48,1.13,7.4,6.6,0.0,,1.0,RP,1.0
2014,75852,김선규,LG,,False,17.667,19,7.13208,1.92,0,3,0,1,0,7,9,6,25,2,21,14,3.57,4.58,0.78,7.5,9.7,-1.018,-0.25,0.93,RP,1.0
2015,75852,김선규,LG,,False,31.667,31,3.12632,1.39,2,0,0,2,0,19,10,2,34,5,12,11,5.4,2.84,1.9,14.0,7.4,-0.398,0.13,1.022,RP,1.0
2016,75852,김선규,NC,,False,15.333,17,2.93478,1.83,1,0,0,0,0,6,8,1,20,1,6,5,3.52,4.7,0.75,8.6,11.4,-0.086,0.08,0.902,RP,1.0
2018,66018,김선기,넥센,투수,False,22.667,21,7.94118,2.21,0,1,0,1,0,21,16,0,34,5,22,20,8.34,6.35,1.31,17.5,13.3,-0.85,-0.36,1.079,RP,1.0
2019,66018,김선기,키움,투수,False,28.0,7,4.17857,1.29,3,1,0,0,2,17,9,4,27,2,13,13,5.46,2.89,1.89,13.9,7.4,0.302,0.41,4.0,SP,1.0
2020,66018,김선기,키움,투수,False,22.0,25,2.04545,1.14,0,0,0,3,0,11,8,4,17,1,8,5,4.5,3.27,1.38,12.0,8.7,0.413,0.32,0.88,RP,1.0
2021,66018,김선기,키움,투수,False,48.333,21,6.51724,1.55,3,2,0,0,2,25,22,7,53,5,38,35,4.66,4.1,1.14,11.2,9.8,-1.331,-0.37,2.302,SP,1.0
2022,66018,김선기,키움,투수,False,36.667,26,5.15455,1.58,3,1,1,4,0,30,19,2,39,1,24,21,7.36,4.66,1.58,18.0,11.4,0.306,0.06,1.41,RP,1.0
2023,66018,김선기,키움,투수,False,43.667,17,5.9771,1.63,1,3,1,0,1,29,15,1,56,2,37,29,5.98,3.09,1.93,14.5,7.5,-0.267,-0.34,2.569,SP,1.0
2024,66018,김선기,키움,투수,False,76.333,42,5.54148,1.59,6,4,0,0,1,43,30,6,91,13,51,47,5.07,3.54,1.43,12.0,8.4,-0.516,-0.06,1.817,SP,1.0
2025,66018,김선기,키움,투수,False,78.0,44,5.653846153846154,1.83,1,7,0,2,0,43,47,11,96,6,55,49,4.96,5.42,0.91,11.3,12.3,-0.915,-0.56,1.773,RP,1.0
2026,66018,김선기,키움,투수,False,15.0,12,4.2,1.13,1,0,0,1,0,9,6,1,11,3,9,7,5.4,3.6,1.5,14.5,9.7,0.25,-0.07,1.25,RP,0.757
2010,78232,김선우,두산,,True,154.667,28,4.01509,1.38,13,6,0,0,16,128,50,8,163,12,77,69,7.45,2.91,2.56,19.3,7.6,0.0,,5.524,SP,1.0
2011,78232,김선우,두산,,True,175.667,28,3.12524,1.27,16,7,1,0,18,89,35,6,188,12,68,61,4.5600000000000005,1.79,2.54,12.2,4.8,0.0,,6.274,SP,1.0
2012,78232,김선우,두산,,True,163.333,28,4.51837,1.37,6,9,0,0,14,63,41,8,182,13,91,82,3.47,2.26,1.54,9.1,5.9,0.0,,5.833,SP,1.0
2013,78232,김선우,두산,,False,60.333,17,5.51934,1.5699999999999998,5,6,0,0,3,20,18,7,77,6,41,37,2.98,2.69,1.11,7.5,6.7,0.0,,3.549,SP,1.0
2014,78232,김선우,LG,,False,8.333,6,14.04,2.16,0,1,0,0,0,3,4,1,14,2,13,13,3.24,4.32,0.75,6.8,9.1,-0.878,-0.1,1.389,RP,1.0
2012,74651,김성계,KIA,,False,1.0,1,0.0,1.0,0,0,0,0,0,0,0,0,1,0,0,0,0.0,0.0,99.99,0.0,0.0,0.0,,1.0,RP,1.0
2017,67828,김성민,넥센,투수,False,87.667,33,4.92776,1.64,4,3,0,1,3,75,40,9,104,12,54,48,7.7,4.11,1.88,18.2,9.7,-0.091,0.91,2.657,SP,1.0
2018,67828,김성민,넥센,투수,False,48.0,46,6.1875,1.71,2,1,0,5,0,45,21,3,61,6,38,33,8.44,3.94,2.14,19.9,9.3,0.552,-0.07,1.043,RP,1.0
2019,67828,김성민,키움,투수,False,56.333,50,2.55621,1.14,2,0,0,5,0,38,11,2,53,0,17,16,6.07,1.76,3.45,16.5,4.8,1.27,1.26,1.127,RP,1.0
2020,67828,김성민,키움,투수,False,23.667,25,6.46479,1.69,1,0,0,0,0,21,12,3,28,3,19,17,7.99,4.5600000000000005,1.75,18.8,10.7,-0.542,-0.19,0.947,RP,1.0
2021,67828,김성민,키움,투수,False,46.667,47,3.27857,1.67,2,3,1,11,0,36,35,6,43,4,21,17,6.9399999999999995,6.75,1.03,16.5,16.1,0.564,0.36,0.993,RP,1.0
2024,67828,김성민,키움,투수,False,45.667,46,4.33577,1.36,3,4,0,14,0,34,17,1,45,5,24,22,6.7,3.35,2.0,18.1,9.0,0.249,0.54,0.993,SU,1.0
2025,67828,김성민,키움,투수,False,25.0,29,4.68,1.52,0,3,0,1,0,18,13,5,25,1,15,13,6.48,4.68,1.38,15.9,11.5,0.193,0.0,0.862,RP,1.0
2025,50848,김성민,SSG,투수,False,0.667,2,0.0,3.0,1,0,0,0,0,0,2,0,0,0,0,0,0.0,27.0,0.0,0.0,50.0,0.002,0.0,0.334,RP,1.0
2026,67828,김성민,키움,투수,False,10.0,12,3.6,1.4,1,1,0,1,0,10,4,5,10,0,5,4,9.0,3.6,2.5,20.4,8.2,0.02,0.14,0.833,RP,0.757
2010,73226,김성배,두산,,False,19.333,9,5.58621,1.34,2,2,0,0,0,9,5,2,21,2,13,12,4.19,2.33,1.8,10.6,5.9,0.0,,2.148,RP,1.0
2011,73226,김성배,두산,,False,52.0,31,5.88462,1.65,1,5,2,4,1,29,20,1,66,4,38,34,5.02,3.46,1.45,12.6,8.7,0.0,,1.677,SP,1.0
2012,73226,김성배,롯데,,False,53.333,69,3.20625,1.24,3,4,2,14,0,33,20,4,46,2,20,19,5.57,3.38,1.65,14.8,9.0,0.0,,0.773,RP,1.0
2013,73226,김성배,롯데,,False,59.0,58,3.05085,1.12,2,4,31,4,0,58,21,3,45,1,20,20,8.85,3.2,2.76,24.1,8.7,0.0,,1.017,CL,1.0
2014,73226,김성배,롯데,,False,40.667,46,5.97541,1.87,1,0,4,11,0,32,22,2,54,7,28,27,7.08,4.87,1.45,16.1,11.1,-0.753,0.05,0.884,RP,1.0
2015,73226,김성배,롯데,,False,39.667,45,7.71429,1.76,2,3,1,5,0,33,19,2,51,2,34,34,7.49,4.31,1.74,17.6,10.1,-0.519,-0.09,0.881,RP,1.0
2016,73226,김성배,두산,,False,37.333,39,6.02679,2.09,0,1,1,5,0,27,19,2,59,5,26,25,6.51,4.58,1.42,14.7,10.3,-1.653,-0.17,0.957,RP,1.0
2017,73226,김성배,두산,,False,44.0,45,5.31818,1.27,2,1,1,4,0,33,9,6,47,8,26,26,6.75,1.84,3.67,17.2,4.7,0.192,-0.15,0.978,RP,1.0
2016,66565,김성재,롯데,,False,3.667,6,7.36364,1.91,0,0,0,0,0,3,2,0,5,2,3,3,7.36,4.91,1.5,18.8,12.5,0.012,-0.11,0.611,RP,1.0
2021,51301,김성진,키움,투수,False,41.667,46,5.184,1.51,1,3,0,2,0,31,23,0,40,4,30,24,6.7,4.97,1.35,16.5,12.2,-0.999,-0.26,0.906,RP,1.0
2022,51301,김성진,키움,투수,False,21.667,23,7.89231,1.89,0,2,0,2,0,16,10,3,31,3,25,19,6.65,4.15,1.6,15.2,9.5,0.053,-0.79,0.942,RP,1.0
2023,51301,김성진,키움,투수,False,47.0,55,3.6383,1.47,3,3,0,7,0,38,25,1,44,5,19,19,7.28,4.79,1.52,18.3,12.0,0.089,0.47,0.855,RP,1.0
2026,51301,김성진,키움,투수,False,31.333,32,5.74468085106383,1.72,1,2,0,8,0,23,12,2,42,2,22,20,6.61,3.45,1.92,16.0,8.3,-0.53,0.03,0.979,SU,0.757
2010,70345,김성태,넥센,,False,66.0,15,3.95455,1.24,2,4,0,0,4,45,22,2,60,9,35,29,6.14,3.0,2.05,16.4,8.0,0.0,,4.4,SP,1.0
2011,70345,김성태,넥센,,False,89.667,18,4.81784,1.42,3,7,0,0,6,71,38,3,89,8,51,48,7.13,3.81,1.87,18.2,9.7,0.0,,4.982,SP,1.0
2010,78353,김성현,넥센,,False,90.0,24,4.9,1.47,7,8,0,0,6,60,41,1,91,10,51,49,6.0,4.1,1.46,15.6,10.6,0.0,,3.75,SP,1.0
2011,78353,김성현,LG,,False,117.667,25,5.43059,1.66,4,9,0,0,9,68,67,2,128,10,75,71,5.2,5.12,1.01,12.9,12.7,0.0,,4.707,SP,1.0
2012,62591,김성호,롯데,,False,1.667,3,10.8,2.4,0,0,0,1,0,1,2,1,2,1,2,2,5.4,10.8,0.5,11.1,22.2,0.0,,0.556,SU,1.0
2018,67762,김성훈,한화,,False,27.667,10,3.57831,1.3,0,2,0,0,1,28,11,3,25,2,12,11,9.11,3.58,2.55,23.7,9.3,-0.019,0.73,2.767,SP,1.0
2019,67762,김성훈,한화,,False,22.333,15,4.83582,1.75,0,1,0,0,0,26,15,1,24,3,12,12,10.48,6.04,1.73,25.0,14.4,-0.489,0.04,1.489,RP,1.0
2020,69098,김성훈,KT,,False,3.0,3,3.0,1.67,0,0,0,0,0,3,4,0,1,0,1,1,9.0,12.0,0.75,23.1,30.8,-0.006,0.03,1.0,RP,1.0
2011,76350,김세현,넥센,,False,22.667,8,5.95588,1.85,2,2,0,0,1,10,15,5,27,1,17,15,3.97,5.96,0.67,9.0,13.5,0.0,,2.833,SP,1.0
2012,76350,김세현,넥센,,False,121.0,30,4.68595,1.76,5,9,0,0,6,90,70,3,143,9,68,63,6.6899999999999995,5.21,1.29,16.2,12.6,0.0,,4.033,SP,1.0
2013,76350,김세현,넥센,,False,101.333,29,5.15132,1.65,5,5,0,0,7,55,48,3,119,7,62,58,4.88,4.26,1.15,12.1,10.5,0.0,,3.494,SP,1.0
2014,76350,김세현,넥센,,False,45.0,34,8.0,2.02,5,2,0,2,0,33,29,5,62,3,43,40,6.6,5.8,1.14,15.0,13.2,-0.281,0.2,1.324,RP,1.0
2015,76350,김세현,넥센,,False,90.333,57,4.38376,1.31,4,5,0,6,1,85,28,7,90,14,47,44,8.47,2.79,3.04,21.9,7.2,-0.573,1.06,1.585,SP,1.0
2016,76350,김세현,넥센,,False,62.333,62,2.59893,1.17,2,0,36,0,0,50,7,0,66,2,19,18,7.22,1.01,7.14,19.7,2.8,1.257,2.77,1.005,CL,1.0
2017,76350,김세현,KIA,,False,50.0,48,5.4,1.6,1,5,18,7,0,47,15,2,65,4,31,30,8.46,2.7,3.13,20.4,6.5,-0.967,0.72,1.042,CL,1.0
2018,76350,김세현,KIA,,False,40.0,40,6.75,1.83,1,6,4,0,0,32,17,2,56,4,32,30,7.2,3.83,1.88,16.8,8.9,-1.469,-0.18,1.0,RP,1.0
2019,76350,김세현,KIA,,False,8.667,10,6.23077,2.31,0,2,0,0,0,5,9,2,11,0,8,6,5.19,9.35,0.56,10.4,18.8,-0.754,-0.34,0.867,RP,1.0
2020,76350,김세현,SK,,False,42.0,42,5.78571,1.5699999999999998,2,0,1,7,0,35,22,1,44,7,28,27,7.5,4.71,1.59,18.7,11.8,-0.469,0.06,1.0,RP,1.0
2021,76350,김세현,SSG,,False,4.333,5,10.3846,3.69,0,0,0,0,0,5,7,0,9,0,5,5,10.38,14.54,0.71,17.9,25.0,-0.045,-0.1,0.867,RP,1.0
2010,98330,김수경,넥센,,False,3.333,1,13.5,3.6,0,1,0,0,0,4,3,0,9,1,5,5,10.8,8.1,1.33,18.2,13.6,0.0,,3.333,SP,1.0
2011,98330,김수경,넥센,,False,69.0,18,3.3913,1.26,1,2,0,0,3,37,22,2,65,6,27,26,4.83,2.87,1.6800000000000002,12.8,7.6,0.0,,3.833,SP,1.0
2012,98330,김수경,넥센,,False,12.667,9,2.13158,1.82,0,1,0,0,0,5,4,1,19,0,3,3,3.55,2.84,1.25,8.8,7.0,0.0,,1.407,RP,1.0
2010,78550,김수완,롯데,,False,63.667,13,3.95812,1.21,5,2,0,0,4,44,16,5,61,9,32,28,6.22,2.26,2.75,16.5,6.0,0.0,,4.897,SP,1.0
2011,78550,김수완,롯데,,False,35.0,24,6.68571,1.8,0,3,0,1,0,29,17,1,46,2,29,26,7.46,4.37,1.71,17.5,10.2,0.0,,1.458,RP,1.0
2012,78550,김수완,롯데,,False,40.667,24,3.7623,1.23,2,0,0,0,0,24,13,1,37,3,20,17,5.31,2.88,1.85,14.3,7.7,0.0,,1.694,RP,1.0
2013,78550,김수완,롯데,,False,50.667,15,4.08553,1.62,1,0,0,0,0,22,25,2,57,4,28,23,3.91,4.44,0.88,9.9,11.3,0.0,,3.378,SP,1.0
2014,78550,김수완,두산,,False,1.333,2,33.75,6.0,0,0,0,0,0,0,1,0,7,0,5,5,0.0,6.75,0.0,0.0,8.3,-0.026,0.0,0.666,RP,1.0
2015,78550,김수완,두산,,False,15.333,9,8.80435,2.02,0,0,0,0,1,13,9,3,22,4,15,15,7.63,5.28,1.44,16.3,11.3,-0.143,-0.2,1.704,SP,1.0
2019,68616,김승범,KIA,,False,1.0,1,18.0,5.0,0,0,0,0,0,0,1,0,4,0,2,2,0.0,9.0,0.0,0.0,12.5,-0.014,-0.05,1.0,RP,1.0
2020,68616,김승범,KIA,,False,1.0,1,9.0,3.0,0,0,0,0,0,0,2,0,1,0,1,1,0.0,18.0,0.0,0.0,40.0,-0.001,-0.03,1.0,RP,1.0
2024,50711,김승일,한화,투수,False,3.0,3,3.0,1.33,0,0,0,0,0,2,0,1,4,0,1,1,6.0,0.0,99.99,15.4,0.0,0.033,0.06,1.0,RP,1.0
2025,50711,김승일,한화,투수,False,2.667,5,23.625,2.25,0,0,0,0,0,3,3,3,3,1,7,7,10.13,10.13,1.0,17.6,17.6,-0.014,-0.26,0.533,RP,1.0
2016,66492,김승현,삼성,,False,2.0,2,0.0,0.5,0,0,0,0,0,1,0,0,1,0,0,0,4.5,0.0,99.99,14.3,0.0,0.001,0.05,1.0,RP,1.0
2017,66492,김승현,삼성,,False,43.667,41,5.77099,1.95,0,3,0,0,0,37,34,6,51,7,31,28,7.63,7.01,1.09,17.2,15.8,-1.454,-0.21,1.065,RP,1.0
2018,66492,김승현,삼성,,False,32.333,28,4.45361,1.95,1,3,0,2,0,29,15,5,48,3,18,16,8.07,4.18,1.93,18.4,9.5,-0.589,0.37,1.155,RP,1.0
2019,66492,김승현,삼성,,False,12.667,14,6.39474,1.58,1,1,0,0,0,4,9,1,11,0,12,9,2.84,6.39,0.44,6.6,14.8,-0.01,-0.2,0.905,RP,1.0
2022,66492,김승현,삼성,,False,4.0,6,11.25,2.5,0,1,0,2,0,5,4,0,6,2,7,5,11.25,9.0,1.25,20.8,16.7,-0.219,-0.39,0.667,SU,1.0
2023,66492,김승현,KIA,,False,12.667,10,4.26316,1.66,0,0,0,0,0,7,10,1,11,1,6,6,4.97,7.11,0.7,12.3,17.5,-0.001,0.0,1.267,RP,1.0
2024,66492,김승현,KIA,,False,18.0,15,4.0,1.67,1,0,0,0,0,11,7,0,23,3,12,8,5.5,3.5,1.5699999999999998,12.9,8.2,-0.063,-0.01,1.2,RP,1.0
2010,73248,김승회,두산,,False,40.333,25,4.23967,1.19,0,1,0,2,0,26,10,2,38,6,20,19,5.8,2.23,2.6,15.8,6.1,0.0,,1.613,RP,1.0
2011,73248,김승회,두산,,False,65.333,24,4.68367,1.44,3,3,0,0,3,53,33,6,61,7,39,34,7.3,4.55,1.61,18.8,11.7,0.0,,2.722,SP,1.0
2012,73248,김승회,두산,,False,120.333,24,4.03878,1.22,6,7,0,0,12,62,38,4,109,9,62,54,4.64,2.84,1.63,12.5,7.6,0.0,,5.014,SP,1.0
2013,73248,김승회,롯데,,False,73.0,53,5.30137,1.66,4,7,2,8,0,54,29,3,92,6,49,43,6.66,3.58,1.86,16.0,8.6,0.0,,1.377,RP,1.0
2014,73248,김승회,롯데,,False,56.0,54,3.05357,1.16,1,2,20,4,0,40,18,3,47,4,19,19,6.43,2.89,2.22,17.5,7.9,0.946,1.07,1.037,CL,1.0
2015,73248,김승회,롯데,,False,75.0,39,6.24,1.65,7,3,2,2,0,50,28,4,96,13,52,52,6.0,3.36,1.79,14.6,8.2,-0.81,0.27,1.923,RP,1.0
2016,73248,김승회,SK,,False,24.333,23,5.91781,1.56,1,1,0,4,0,19,9,0,29,4,16,16,7.03,3.33,2.11,18.1,8.6,-0.168,-0.01,1.058,RP,1.0
2017,73248,김승회,두산,,False,69.0,69,4.95652,1.49,7,4,0,11,0,41,17,6,86,6,38,38,5.35,2.22,2.41,13.5,5.6,-0.421,0.3,1.0,RP,1.0
2018,73248,김승회,두산,,False,54.667,55,3.45732,1.41,3,4,3,11,0,34,23,5,54,6,26,21,5.6,3.79,1.48,14.0,9.5,0.36,0.33,0.994,RP,1.0
2019,73248,김승회,두산,,False,58.667,55,3.06818,1.24,3,3,3,7,0,46,16,2,57,1,24,20,7.06,2.45,2.88,18.4,6.4,0.715,0.83,1.067,RP,1.0
2017,67467,김시현,삼성,,False,21.333,17,7.59375,2.06,0,0,0,0,0,16,15,2,29,4,18,18,6.75,6.33,1.07,15.4,14.4,0.353,-0.2,1.255,RP,1.0
2018,67467,김시현,삼성,,False,5.0,4,12.6,2.4,0,0,0,0,0,5,2,2,10,2,7,7,9.0,3.6,2.5,17.2,6.9,0.036,-0.13,1.25,RP,1.0
2019,67467,김시현,삼성,,False,16.333,14,4.40816,1.47,0,0,0,0,0,10,8,1,16,3,9,8,5.51,4.41,1.25,14.1,11.3,-0.062,-0.03,1.167,RP,1.0
2023,67467,김시현,삼성,,False,3.0,2,12.0,2.67,0,0,0,0,0,2,2,0,6,2,5,4,6.0,6.0,1.0,11.8,11.8,-0.018,-0.14,1.5,RP,1.0
2022,68928,김시훈,NC,투수,False,83.333,59,3.24,1.42,4,5,0,11,1,79,43,4,75,7,35,30,8.53,4.64,1.84,21.6,11.8,1.42,1.3,1.412,SP,1.0
2023,68928,김시훈,NC,투수,False,52.667,61,4.44304,1.73,4,3,3,12,0,49,34,1,57,3,32,26,8.37,5.8100000000000005,1.44,20.0,13.9,-0.327,0.0,0.863,RP,1.0
2024,68928,김시훈,NC,투수,False,107.333,39,4.52795,1.5699999999999998,3,4,0,5,3,74,59,3,110,7,60,54,6.2,4.95,1.25,15.5,12.4,0.519,1.42,2.752,SP,1.0
2025,68928,김시훈,KIA,투수,False,25.667,24,8.064935064935066,1.6800000000000002,1,0,0,1,0,18,10,0,33,7,25,23,6.31,3.51,1.8,15.3,8.5,-0.261,-0.66,1.069,RP,1.0
2026,68928,김시훈,KIA,투수,False,4.0,3,6.75,1.75,0,0,0,0,0,3,2,1,5,0,3,3,6.75,4.5,1.5,15.0,10.0,-0.024,0.0,1.333,RP,0.757
2024,54368,김연주,키움,투수,False,31.333,34,6.60638,1.63,1,1,0,1,0,18,17,5,34,5,24,23,5.17,4.88,1.06,12.2,11.5,-0.766,-0.27,0.922,RP,1.0
2025,54368,김연주,키움,투수,False,51.667,20,6.619354838709677,1.78,1,3,0,0,0,28,25,6,67,10,40,38,4.88,4.35,1.12,11.2,10.0,-0.455,-0.64,2.583,RP,1.0
2026,54368,김연주,키움,투수,False,3.333,2,16.2,2.7,0,1,0,0,0,3,4,1,5,0,7,6,8.1,10.8,0.75,14.3,19.0,-0.164,-0.22,1.666,RP,0.757
2019,68900,김영규,NC,투수,False,66.333,30,5.29146,1.7,5,4,0,1,2,46,31,6,82,7,40,39,6.24,4.21,1.48,15.0,10.1,0.217,0.06,2.211,SP,1.0
2020,68900,김영규,NC,투수,False,67.667,20,5.4532,1.43,2,2,0,1,4,55,14,2,83,12,47,41,7.32,1.86,3.93,18.6,4.7,-0.596,0.39,3.383,SP,1.0
2021,68900,김영규,NC,투수,False,63.667,37,5.37173,1.52,5,3,0,6,1,42,28,1,69,10,40,38,5.9399999999999995,3.96,1.5,14.7,9.8,0.24,0.19,1.721,SP,1.0
2022,68900,김영규,NC,투수,False,66.0,72,3.40909,1.18,2,7,1,13,0,46,22,7,56,5,26,25,6.27,3.0,2.09,17.1,8.2,0.69,1.14,0.917,RP,1.0
2023,68900,김영규,NC,투수,False,61.667,63,3.06486,1.1,2,4,0,24,0,48,23,1,45,2,22,21,7.01,3.36,2.09,19.4,9.3,1.221,1.45,0.979,SU,1.0
2024,68900,김영규,NC,투수,False,45.667,42,3.15328,1.18,4,2,1,14,0,48,14,1,40,3,19,16,9.46,2.76,3.43,26.2,7.7,1.593,1.4,1.087,SU,1.0
2025,68900,김영규,NC,투수,False,44.0,45,2.863636363636364,1.32,4,3,0,21,0,35,18,3,40,3,17,14,7.16,3.68,1.94,18.5,9.5,1.825,0.98,0.978,SU,1.0
2026,68900,김영규,NC,투수,False,20.667,28,3.919354838709677,1.94,1,2,0,2,0,19,17,1,23,2,9,9,8.27,7.4,1.12,18.3,16.3,-0.226,0.27,0.738,RP,0.757
2025,55167,김영우,LG,투수,False,60.0,66,2.4,1.32,3,2,1,7,0,56,30,3,49,2,17,16,8.4,4.5,1.87,22.0,11.8,0.394,1.58,0.909,RP,1.0
2026,55167,김영우,LG,투수,False,37.0,42,3.6486486486486487,1.41,3,0,0,3,0,29,14,0,38,2,15,15,7.05,3.41,2.07,17.9,8.6,-0.071,0.81,0.881,RP,0.757
2018,68130,김영준,LG,투수,False,20.667,14,4.35484,1.65,2,1,0,0,0,16,15,3,19,3,12,10,6.97,6.53,1.07,16.0,15.0,-0.134,-0.14,1.476,RP,1.0
2022,68130,김영준,LG,투수,False,9.667,2,1.86207,1.24,0,0,0,0,1,7,4,3,8,1,2,2,6.52,3.72,1.75,16.3,9.3,0.369,0.23,4.834,SP,1.0
2023,68130,김영준,LG,투수,False,0.333,1,27.0,6.0,1,0,0,0,0,0,1,0,1,0,1,1,0.0,27.0,0.0,0.0,33.3,-0.019,-0.03,0.333,RP,1.0
2024,68130,김영준,LG,투수,False,15.333,14,8.21739,1.96,1,1,0,0,0,11,9,0,21,2,17,14,6.46,5.28,1.22,14.5,11.8,-0.385,-0.3,1.095,RP,1.0
2023,51097,김영현,KT,투수,False,33.0,31,5.45455,1.52,0,0,1,1,0,35,20,1,30,4,22,20,9.55,5.45,1.75,23.3,13.3,-0.196,-0.15,1.065,RP,1.0
2024,51097,김영현,KT,투수,False,7.333,8,4.90909,2.18,0,0,0,0,0,8,7,1,9,1,6,4,9.82,8.59,1.14,20.5,17.9,0.001,-0.04,0.917,RP,1.0
2010,60764,김용주,한화,,False,2.0,2,40.5,5.5,0,2,0,0,0,1,5,1,6,2,9,9,4.5,22.5,0.2,5.6,27.8,0.0,,1.0,RP,1.0
2013,60764,김용주,한화,,False,7.0,6,3.85714,1.71,0,0,0,0,0,9,4,0,8,0,4,3,11.57,5.14,2.25,27.3,12.1,0.0,,1.167,RP,1.0
2015,60764,김용주,한화,,False,8.0,2,3.38,1.25,1,0,0,0,0,3,6,0,4,0,3,3,3.38,6.75,0.5,9.1,18.2,0.096,0.22,4.0,SP,1.0
2016,60764,김용주,한화,,False,15.667,17,9.76596,2.17,0,2,0,0,0,12,15,0,19,2,18,17,6.89,8.62,0.8,15.2,19.0,-0.574,-0.3,0.922,RP,1.0
2018,60764,김용주,KT,,False,2.0,1,18.0,3.5,0,0,0,0,0,2,2,0,5,1,4,4,9.0,9.0,1.0,15.4,15.4,-0.278,-0.11,2.0,RP,1.0
2018,68453,김용하,삼성,,False,3.0,4,9.0,2.0,0,0,0,0,0,4,4,3,2,0,4,3,12.0,12.0,1.0,21.1,21.1,0.011,-0.06,0.75,RP,1.0
2015,62528,김원중,롯데,투수,False,20.333,15,5.7541,1.77,0,0,0,1,0,20,15,3,21,1,15,13,8.85,6.64,1.33,20.2,15.2,-0.103,0.02,1.356,RP,1.0
2016,62528,김원중,롯데,투수,False,7.667,3,9.3913,1.96,0,1,0,0,0,5,8,0,7,2,8,8,5.87,9.39,0.63,13.5,21.6,-0.343,-0.09,2.556,RP,1.0
2017,62528,김원중,롯데,투수,False,107.333,24,5.70186,1.73,7,8,0,0,8,87,56,10,130,13,71,68,7.3,4.7,1.55,17.2,11.0,0.304,1.38,4.472,SP,1.0
2018,62528,김원중,롯데,투수,True,145.333,30,6.93578,1.72,8,7,0,0,5,137,77,11,173,28,115,112,8.48,4.77,1.78,20.1,11.3,-1.331,0.85,4.844,SP,1.0
2019,62528,김원중,롯데,투수,False,102.333,28,5.62866,1.7,5,10,0,1,6,93,47,6,127,13,75,64,8.18,4.13,1.98,19.2,9.7,-0.924,0.18,3.655,SP,1.0
2020,62528,김원중,롯데,투수,False,59.333,58,3.94382,1.26,5,4,25,0,0,57,23,0,52,8,29,26,8.65,3.49,2.48,22.9,9.2,1.137,1.34,1.023,CL,1.0
2021,62528,김원중,롯데,투수,False,62.667,61,3.59043,1.24,4,4,35,0,0,64,28,3,50,6,26,25,9.19,4.02,2.29,23.9,10.4,3.156,1.53,1.027,CL,1.0
2022,62528,김원중,롯데,투수,False,43.0,43,3.97674,1.3,2,3,17,2,0,60,16,0,40,4,21,19,12.56,3.35,3.75,32.1,8.6,1.165,0.91,1.0,CL,1.0
2023,62528,김원중,롯데,투수,False,63.667,63,2.96859,1.19,5,6,30,0,0,82,25,5,51,2,24,21,11.59,3.53,3.28,30.9,9.4,1.475,2.1,1.011,CL,1.0
2024,62528,김원중,롯데,투수,False,63.333,56,3.55263,1.42,3,6,25,0,0,68,31,1,59,4,27,25,9.66,4.41,2.19,24.5,11.2,2.472,2.1,1.131,CL,1.0
2025,62528,김원중,롯데,투수,False,60.667,53,2.6703296703296706,1.5,4,3,32,0,0,69,33,2,58,4,21,18,10.24,4.9,2.09,25.4,12.1,2.171,2.03,1.145,CL,1.0
2026,62528,김원중,롯데,투수,False,39.333,46,4.3474576271186445,1.47,1,4,5,12,0,27,18,4,40,2,24,19,6.18,4.12,1.5,15.1,10.1,-0.259,0.43,0.855,SU,0.757
2010,91848,김원형,SK,,False,2.333,3,0.0,1.29,0,0,0,0,0,0,0,0,3,0,2,0,0.0,0.0,99.99,0.0,0.0,0.0,,0.778,RP,1.0
2023,53262,김유성,두산,투수,False,6.333,7,9.94737,2.84,0,0,0,0,0,6,12,0,6,2,7,7,8.53,17.05,0.5,15.8,31.6,-0.246,-0.25,0.905,RP,1.0
2024,53262,김유성,두산,투수,False,28.0,17,6.42857,1.86,1,2,0,0,0,29,24,4,28,1,23,20,9.32,7.71,1.21,20.9,17.3,-0.087,-0.06,1.647,RP,1.0
2025,53262,김유성,두산,투수,False,17.333,7,8.826923076923077,1.79,0,2,0,0,0,22,14,4,17,3,17,17,11.42,7.27,1.5699999999999998,25.9,16.5,-0.341,-0.37,2.476,RP,1.0
2018,68659,김유신,KIA,,False,13.0,10,9.69231,1.46,0,0,0,0,0,6,6,1,13,0,14,14,4.15,4.15,1.0,10.5,10.5,-0.34,-0.17,1.3,RP,1.0
2021,68659,김유신,KIA,,False,54.333,15,7.61963,1.8,2,6,0,0,0,29,35,2,63,11,47,46,4.8,5.8,0.83,11.6,14.1,-0.894,-0.81,3.622,SP,1.0
2022,68659,김유신,KIA,,False,14.667,10,6.13636,1.7,1,0,0,0,0,9,16,0,9,3,11,10,5.52,9.82,0.56,12.9,22.9,0.188,-0.32,1.467,RP,1.0
2023,68659,김유신,KIA,,False,30.333,27,5.63736,1.75,0,1,0,2,0,12,19,3,34,2,19,19,3.56,5.64,0.63,8.5,13.5,-0.403,-0.24,1.123,RP,1.0
2014,64596,김유영,롯데,투수,False,7.667,5,5.86957,1.96,0,0,0,0,0,2,7,0,8,0,5,5,2.35,8.22,0.29,5.4,18.9,-0.003,0.01,1.533,RP,1.0
2016,64596,김유영,롯데,투수,False,34.333,46,6.5534,1.95,0,1,1,3,0,31,30,0,37,3,32,25,8.13,7.86,1.03,18.1,17.5,-1.279,-0.38,0.746,RP,1.0
2017,64596,김유영,롯데,투수,False,48.667,40,4.43836,1.58,0,0,0,2,0,41,25,3,52,5,24,24,7.58,4.62,1.64,18.9,11.5,-0.448,0.75,1.217,RP,1.0
2020,64596,김유영,롯데,투수,False,7.333,12,4.90909,1.5,0,0,0,0,0,5,7,0,4,0,4,4,6.14,8.59,0.71,16.1,22.6,-0.158,0.09,0.611,RP,1.0
2021,64596,김유영,롯데,투수,False,18.667,26,7.23214,1.88,1,0,0,0,0,17,14,2,21,1,16,15,8.2,6.75,1.21,18.5,15.2,-0.076,-0.21,0.718,RP,1.0
2022,64596,김유영,롯데,투수,False,51.0,68,5.64706,2.02,6,2,0,13,0,44,30,3,73,4,34,32,7.76,5.29,1.47,17.3,11.8,0.039,-0.16,0.75,RP,1.0
2024,64596,김유영,LG,투수,False,47.667,53,3.77622,1.38,1,2,1,6,0,42,16,4,50,2,27,20,7.93,3.02,2.63,19.8,7.5,0.609,0.61,0.899,RP,1.0
2025,64596,김유영,LG,투수,False,4.333,6,12.461538461538462,2.77,0,0,0,0,0,5,4,1,8,0,6,6,10.38,8.31,1.25,19.2,15.4,-0.08,-0.17,0.722,RP,1.0
2026,64596,김유영,LG,투수,False,5.0,5,1.8,1.4,0,0,0,0,0,8,4,0,3,0,1,1,14.4,7.2,2.0,38.1,19.0,0.025,0.2,1.0,RP,0.757
2013,62648,김윤동,KIA,,False,0.0,1,0.0,0.0,0,0,0,0,0,0,2,0,3,0,2,2,0.0,0.0,0.0,0.0,40.0,0.0,,0.0,RP,1.0
2016,62648,김윤동,KIA,,False,53.0,31,5.43396,1.62,0,3,2,2,0,47,38,3,48,9,33,32,7.98,6.45,1.24,19.4,15.7,0.184,0.15,1.71,RP,1.0
2017,62648,김윤동,KIA,,False,80.333,65,4.59336,1.46,7,4,11,6,0,66,47,5,70,10,41,41,7.39,5.27,1.4,18.5,13.2,0.67,0.91,1.236,RP,1.0
2018,62648,김윤동,KIA,,False,82.667,64,3.70161,1.51,7,6,4,18,0,79,54,2,71,9,39,34,8.6,5.88,1.46,21.4,14.6,0.056,1.24,1.292,SU,1.0
2019,62648,김윤동,KIA,,False,11.0,11,6.54545,2.09,1,2,4,0,0,12,11,0,12,1,8,8,9.82,9.0,1.09,21.8,20.0,0.382,-0.24,1.0,CL,1.0
2020,50157,김윤식,LG,,False,67.667,23,6.25123,1.64,2,4,0,2,1,38,24,6,87,7,50,47,5.05,3.19,1.58,12.3,7.8,-0.302,-0.48,2.942,SP,1.0
2021,50157,김윤식,LG,,False,66.667,35,4.46,1.51,7,4,0,1,0,56,36,6,65,3,37,33,7.56,4.86,1.56,18.6,12.0,0.192,0.56,1.905,RP,1.0
2022,50157,김윤식,LG,,False,114.333,23,3.30612,1.33,8,5,0,0,11,81,27,1,125,5,46,42,6.38,2.13,3.0,16.8,5.6,2.483,2.57,4.971,SP,1.0
2023,50157,김윤식,LG,,False,74.667,17,4.21875,1.49,6,4,0,0,2,42,25,3,86,4,35,35,5.06,3.01,1.6800000000000002,13.1,7.8,1.381,1.09,4.392,SP,1.0
2024,50157,김윤식,LG,,False,3.0,1,12.0,2.67,0,0,0,0,0,1,1,0,7,0,4,4,3.0,3.0,1.0,5.9,5.9,-0.227,-0.07,3.0,SP,1.0
2026,50157,김윤식,LG,,False,29.0,27,4.96551724137931,1.59,0,1,0,5,0,17,21,3,25,2,16,16,5.28,6.52,0.81,13.1,16.2,-0.2,0.13,1.074,RP,0.757
2024,54319,김윤하,키움,투수,False,79.0,19,6.03797,1.62,1,6,0,2,4,43,35,4,93,6,57,53,4.9,3.99,1.23,11.8,9.6,0.172,0.33,4.158,SP,1.0
2025,54319,김윤하,키움,투수,False,88.0,19,6.136363636363637,1.78,0,12,0,0,4,52,44,3,113,16,76,60,5.32,4.5,1.18,12.3,10.4,-1.51,-1.25,4.632,SP,1.0
2026,54319,김윤하,키움,투수,False,26.333,9,6.493670886075949,1.71,1,2,0,0,0,20,13,0,32,7,22,19,6.84,4.44,1.54,16.3,10.6,-0.021,-0.29,2.926,RP,0.757
2016,64396,김윤환,넥센,,False,1.0,1,0.0,1.0,0,0,0,0,0,0,1,0,0,0,0,0,0.0,9.0,0.0,0.0,25.0,0.002,0.02,1.0,RP,1.0
2021,69367,김인범,키움,투수,False,5.333,3,0.0,0.75,0,0,0,0,0,5,1,0,3,0,0,0,8.44,1.69,5.0,25.0,5.0,0.044,0.21,1.778,RP,1.0
2024,69367,김인범,키움,투수,False,63.333,19,5.4,1.67,2,7,0,0,0,27,31,8,75,9,40,38,3.84,4.41,0.87,9.1,10.4,-0.388,0.16,3.333,SP,1.0
2010,78543,김일엽,롯데,,False,44.333,36,4.87218,1.31,2,1,3,3,0,33,12,3,46,9,24,24,6.7,2.44,2.75,17.4,6.3,0.0,,1.231,RP,1.0
2011,78543,김일엽,롯데,,False,28.667,23,4.7093,1.47,1,0,0,1,0,21,11,3,31,3,15,15,6.59,3.45,1.91,16.5,8.7,0.0,,1.246,RP,1.0
2012,78543,김일엽,롯데,,False,0.667,1,40.5,7.5,0,0,0,0,0,0,1,0,4,0,4,3,0.0,13.5,0.0,0.0,14.3,0.0,,0.667,RP,1.0
2013,78543,김일엽,한화,,False,6.667,7,9.45,2.25,0,0,0,0,0,2,6,3,9,0,7,7,2.7,8.1,0.33,5.3,15.8,0.0,,0.952,RP,1.0
2018,68908,김재균,NC,,False,5.667,4,3.17647,2.12,0,0,0,0,0,4,9,0,3,0,3,2,6.35,14.29,0.44,13.8,31.0,-0.116,0.01,1.417,RP,1.0
2020,64580,김재열,KIA,투수,False,17.333,14,7.26923,2.02,0,1,0,2,0,13,12,3,23,3,16,14,6.75,6.23,1.08,14.6,13.5,0.137,-0.32,1.238,RP,1.0
2021,64580,김재열,KIA,투수,False,32.667,24,3.85714,1.41,1,0,0,0,0,18,18,4,28,4,18,14,4.96,4.96,1.0,11.8,11.8,-0.191,-0.05,1.361,RP,1.0
2022,64580,김재열,KIA,투수,False,43.0,47,6.06977,1.56,1,2,1,5,0,36,22,1,45,5,33,29,7.53,4.6,1.64,18.7,11.4,0.407,-0.49,0.915,RP,1.0
2023,64580,김재열,KIA,투수,False,11.667,9,13.1143,2.83,0,0,0,0,0,9,13,0,20,2,17,17,6.9399999999999995,10.03,0.69,12.9,18.6,-0.324,-0.6,1.296,RP,1.0
2024,64580,김재열,NC,투수,False,68.667,69,2.49029,1.27,1,5,2,12,0,67,29,0,58,4,20,19,8.78,3.8,2.31,23.6,10.2,-0.479,2.33,0.995,RP,1.0
2025,64580,김재열,NC,투수,False,21.667,22,6.230769230769231,2.22,0,0,0,2,0,16,16,1,32,5,16,15,6.65,6.65,1.0,14.4,14.4,-0.706,-0.36,0.985,RP,1.0
2016,66741,김재영,한화,,False,11.333,11,10.3235,2.29,0,0,0,0,0,4,8,3,18,2,14,13,3.18,6.35,0.5,6.9,13.8,-0.094,-0.26,1.03,RP,1.0
2017,66741,김재영,한화,,False,85.333,20,4.53516,1.41,5,7,0,0,7,51,19,12,101,9,51,43,5.38,2.0,2.68,13.8,5.1,-0.273,1.16,4.267,SP,1.0
2018,66741,김재영,한화,,False,111.333,29,5.65868,1.55,6,4,0,1,6,56,37,12,136,15,74,70,4.53,2.99,1.51,11.1,7.4,0.261,1.28,3.839,SP,1.0
2019,66741,김재영,한화,,False,8.333,5,12.96,2.04,0,0,0,0,0,4,3,2,14,1,12,12,4.32,3.24,1.33,9.8,7.3,-0.328,-0.45,1.667,RP,1.0
2022,66741,김재영,한화,,False,30.0,30,5.4,1.5,0,2,0,1,0,16,12,7,33,1,25,18,4.8,3.6,1.33,11.7,8.8,-0.202,-0.35,1.0,RP,1.0
2023,66741,김재영,한화,,False,8.0,6,10.125,1.88,0,0,0,0,0,5,2,2,13,2,9,9,5.63,2.25,2.5,12.5,5.0,-0.275,-0.25,1.333,RP,1.0
2020,67391,김재웅,키움,투수,False,59.667,43,4.67598,1.46,1,4,0,2,0,51,23,2,64,7,36,31,7.69,3.47,2.22,19.8,8.9,-0.784,0.31,1.388,RP,1.0
2021,67391,김재웅,키움,투수,False,53.333,51,3.54375,1.54,0,1,1,11,0,47,33,1,49,5,24,21,7.93,5.57,1.42,19.3,13.6,1.719,0.58,1.046,RP,1.0
2022,67391,김재웅,키움,투수,False,62.667,65,2.01064,1.09,3,2,13,27,0,56,29,4,39,4,14,14,8.04,4.16,1.93,22.0,11.4,4.642,2.04,0.964,SU,1.0
2023,67391,김재웅,키움,투수,False,59.667,67,4.22346,1.34,2,3,6,18,0,46,24,0,56,2,29,28,6.9399999999999995,3.62,1.92,18.4,9.6,2.274,0.81,0.891,SU,1.0
2024,67391,김재웅,키움,투수,False,23.667,26,3.42254,1.52,0,2,0,7,0,19,12,1,24,2,9,9,7.23,4.5600000000000005,1.58,17.8,11.2,0.696,0.55,0.91,SU,1.0
2026,67391,김재웅,키움,투수,False,20.333,19,9.295081967213116,1.77,0,2,5,2,0,7,9,0,27,4,21,21,3.1,3.98,0.78,7.2,9.3,-0.615,-0.68,1.07,RP,0.757
2025,55043,김재원,KT,투수,False,4.333,4,10.384615384615383,2.54,0,0,0,0,0,4,8,1,3,0,5,5,8.31,16.62,0.5,16.7,33.3,-0.051,-0.1,1.083,RP,1.0
2015,65062,김재윤,KT,투수,False,44.667,42,4.23134,1.3,1,2,0,6,0,70,12,1,46,3,23,21,14.1,2.42,5.83,37.2,6.4,-0.435,1.46,1.064,RP,1.0
2016,65062,김재윤,KT,투수,False,54.333,52,4.96933,1.4,8,1,14,1,0,73,15,1,61,6,31,30,12.09,2.48,4.87,31.1,6.4,1.545,1.28,1.045,RP,1.0
2017,65062,김재윤,KT,투수,False,37.333,41,5.78571,1.39,3,5,15,0,0,31,11,1,41,1,25,24,7.47,2.65,2.82,19.3,6.8,0.005,0.75,0.911,CL,1.0
2018,65062,김재윤,KT,투수,False,61.0,62,4.57377,1.49,7,5,15,0,0,66,15,1,76,11,34,31,9.74,2.21,4.4,24.4,5.5,0.402,1.25,0.984,RP,1.0
2019,65062,김재윤,KT,투수,False,47.667,43,2.26573,0.82,2,2,7,9,0,42,12,1,27,4,13,12,7.93,2.27,3.5,23.7,6.8,2.619,1.35,1.109,RP,1.0
2020,65062,김재윤,KT,투수,False,60.667,56,3.26374,1.27,5,3,21,1,0,58,15,0,62,7,23,22,8.6,2.23,3.87,22.7,5.9,1.786,1.92,1.083,CL,1.0
2021,65062,김재윤,KT,투수,False,67.0,65,2.41791,1.21,4,3,32,0,0,64,24,0,57,5,19,18,8.6,3.22,2.67,23.3,8.7,2.489,2.45,1.031,CL,1.0
2022,65062,김재윤,KT,투수,False,66.333,61,3.25628,1.01,9,7,33,0,0,78,21,0,46,5,26,24,10.58,2.85,3.71,29.2,7.9,2.12,2.15,1.087,CL,1.0
2023,65062,김재윤,KT,투수,False,65.667,59,2.60406,1.02,5,5,32,0,0,60,13,1,54,2,21,19,8.22,1.78,4.62,22.9,5.0,3.743,2.53,1.113,CL,1.0
2024,65062,김재윤,삼성,투수,False,66.0,65,4.09091,1.26,4,8,11,25,0,51,25,1,58,13,37,30,6.95,3.41,2.04,18.0,8.8,1.249,0.55,1.015,SU,1.0
2025,65062,김재윤,삼성,투수,False,57.667,63,4.994219653179191,1.21,4,7,13,3,0,43,13,1,57,10,34,32,6.71,2.03,3.31,17.8,5.4,0.075,0.1,0.915,RP,1.0
2026,65062,김재윤,삼성,투수,False,48.333,49,2.793103448275862,0.97,6,4,26,0,0,50,20,1,27,2,15,15,9.31,3.72,2.5,26.5,10.6,2.863,2.24,0.986,CL,0.757
2010,98776,김재현,한화,,False,8.667,15,5.19231,1.38,1,0,0,2,0,8,2,2,10,2,5,5,8.31,2.08,4.0,20.5,5.1,0.0,,0.578,RP,1.0
2025,55646,김정엽,KIA,투수,False,1.0,2,18.0,1.0,0,0,0,0,0,0,1,1,0,0,2,2,0.0,9.0,0.0,0.0,20.0,-0.013,-0.06,0.5,RP,1.0
2019,68830,김정우,SK,투수,False,1.0,1,9.0,3.0,0,0,0,0,0,0,1,0,2,0,1,1,0.0,9.0,0.0,0.0,16.7,-0.003,-0.02,1.0,RP,1.0
2023,68830,김정우,두산,투수,False,6.667,7,9.45,2.7,0,0,0,0,0,6,7,0,11,1,7,7,8.1,9.45,0.86,15.8,18.4,-0.063,-0.17,0.952,RP,1.0
2024,68830,김정우,두산,투수,False,0.333,1,81.0,9.0,0,0,0,0,0,0,0,0,3,0,3,3,0.0,0.0,99.99,0.0,0.0,-0.052,-0.08,0.333,RP,1.0
2025,68830,김정우,두산,투수,False,21.0,18,3.8571428571428568,1.67,0,0,1,1,0,13,9,3,26,1,12,9,5.57,3.86,1.44,12.6,8.7,0.094,0.03,1.167,RP,1.0
2026,68830,김정우,두산,투수,False,46.667,47,1.9285714285714284,0.94,1,2,2,9,0,41,17,7,27,1,10,10,7.91,3.28,2.41,22.0,9.1,1.453,1.52,0.993,RP,0.757
2023,53029,김정운,KT,투수,False,7.0,5,3.85714,1.71,0,0,0,0,0,3,6,2,6,0,4,3,3.86,7.71,0.5,8.6,17.1,-0.048,-0.02,1.4,RP,1.0
2026,53029,김정운,KT,투수,False,6.0,5,6.0,2.17,0,0,0,0,0,4,5,1,8,2,4,4,6.0,7.5,0.8,12.9,16.1,-0.043,-0.06,1.2,RP,0.757
2021,67504,김정율,롯데,내야수,False,1.0,1,0.0,1.0,0,0,0,0,0,1,1,0,0,0,0,0,9.0,9.0,1.0,25.0,25.0,0.001,0.0,1.0,RP,1.0
2015,65392,김정인,넥센,,False,1.0,1,0.0,0.0,0,0,0,0,0,0,0,0,0,0,0,0,0.0,0.0,99.99,0.0,0.0,0.007,0.02,1.0,RP,1.0
2016,65392,김정인,넥센,,False,2.0,2,0.0,3.0,0,0,0,0,0,1,3,1,3,0,0,0,4.5,13.5,0.33,7.7,23.1,-0.047,0.06,1.0,RP,1.0
2017,65392,김정인,넥센,,False,13.667,13,5.92683,1.6800000000000002,0,0,0,0,0,13,4,1,19,0,10,9,8.56,2.63,3.25,20.0,6.2,-0.346,0.09,1.051,RP,1.0
2018,65392,김정인,넥센,,False,7.333,2,8.59091,2.32,0,1,0,0,0,4,3,1,14,1,7,7,4.91,3.68,1.33,10.3,7.7,-0.182,-0.02,3.666,SP,1.0
2020,65392,김정인,키움,,False,1.0,2,54.0,9.0,0,0,0,0,0,1,3,0,6,0,6,6,9.0,27.0,0.33,8.3,25.0,-0.065,-0.18,0.5,RP,1.0
2021,65392,김정인,키움,,False,31.667,11,7.10526,1.64,1,2,0,0,0,21,18,2,34,6,26,25,5.97,5.12,1.17,13.9,11.9,-0.422,-0.33,2.879,RP,1.0
2018,61962,김정후,두산,,False,17.333,13,3.63462,1.38,0,1,0,0,0,12,12,1,12,3,8,7,6.23,6.23,1.0,16.0,16.0,-0.09,-0.1,1.333,RP,1.0
2019,61962,김정후,LG,,False,1.667,2,0.0,1.2,0,0,0,0,0,1,1,0,1,0,0,0,5.4,5.4,1.0,14.3,14.3,-0.008,0.04,0.834,RP,1.0
2020,61962,김정후,키움,,False,3.0,4,12.0,3.67,0,0,0,0,0,3,4,0,7,1,4,4,9.0,12.0,0.75,15.0,20.0,-0.182,-0.12,0.75,RP,1.0
2018,63765,김종수,한화,투수,False,5.0,3,1.8,0.6,0,0,0,0,0,1,0,0,3,1,1,1,1.8,0.0,99.99,5.6,0.0,-0.014,0.07,1.667,RP,1.0
2019,63765,김종수,한화,투수,False,31.0,35,5.80645,2.03,2,0,0,0,0,28,33,1,30,4,21,20,8.13,9.58,0.85,18.9,22.3,-0.044,-0.38,0.886,RP,1.0
2020,63765,김종수,한화,투수,False,50.0,54,5.94,1.6,1,1,1,7,0,43,26,3,54,6,34,33,7.74,4.68,1.65,18.9,11.4,0.341,-0.02,0.926,RP,1.0
2021,63765,김종수,한화,투수,False,46.667,49,4.82143,1.41,1,1,0,6,0,38,32,3,34,7,29,25,7.33,6.17,1.19,18.3,15.4,-0.098,-0.36,0.952,RP,1.0
2022,63765,김종수,한화,투수,False,45.0,52,4.4,1.33,3,4,1,6,0,45,21,2,39,5,30,22,9.0,4.2,2.14,22.8,10.7,-1.225,-0.2,0.865,RP,1.0
2025,63765,김종수,한화,투수,False,63.667,63,3.25130890052356,1.46,4,5,0,5,0,59,36,4,57,5,30,23,8.34,5.09,1.64,20.9,12.8,-0.127,0.62,1.011,RP,1.0
2026,63765,김종수,한화,투수,False,25.333,32,6.394736842105263,2.01,0,1,0,4,0,23,20,2,31,6,19,18,8.17,7.11,1.15,18.5,16.1,-0.96,-0.3,0.792,RP,0.757
2025,55122,김종운,LG,포수,False,1.667,2,5.4,1.2,0,0,0,0,0,2,0,0,2,2,3,1,10.8,0.0,99.99,28.6,0.0,0.017,-0.15,0.834,RP,1.0
2012,62696,김종훈,KIA,,False,5.667,4,6.35294,2.65,0,0,0,0,0,5,6,0,9,1,4,4,7.94,9.53,0.83,17.2,20.7,0.0,,1.417,RP,1.0
2017,62696,김종훈,KIA,,False,1.0,1,36.0,6.0,0,0,0,0,0,2,2,0,4,1,4,4,18.0,18.0,1.0,22.2,22.2,-0.022,-0.11,1.0,RP,1.0
2020,65411,김주온,SK,투수,False,31.0,29,7.54839,2.19,0,3,0,0,0,18,22,5,46,5,27,26,5.23,6.39,0.82,11.3,13.8,-0.409,-0.28,1.069,RP,1.0
2021,65411,김주온,SSG,투수,False,2.0,2,0.0,1.5,0,0,0,0,0,3,2,1,1,0,0,0,13.5,9.0,1.5,30.0,20.0,0.001,0.04,1.0,RP,1.0
2022,65411,김주온,SSG,투수,False,4.0,5,11.25,2.0,0,0,0,0,0,4,5,0,3,1,5,5,9.0,11.25,0.8,20.0,25.0,-0.072,-0.13,0.8,RP,1.0
2023,65411,김주온,SSG,투수,False,0.333,1,81.0,9.0,0,0,0,0,0,1,1,1,2,0,3,3,27.0,27.0,1.0,20.0,20.0,-0.001,-0.08,0.333,RP,1.0
2024,65411,김주온,LG,투수,False,4.667,2,15.4286,2.36,0,0,0,0,0,4,3,0,8,2,8,8,7.71,5.79,1.33,16.0,12.0,-0.018,-0.21,2.334,RP,1.0
2025,65411,김주온,LG,투수,False,0.333,1,27.0,6.0,0,1,0,0,0,1,2,2,0,0,1,1,27.0,54.0,0.5,20.0,40.0,-0.156,-0.06,0.333,RP,1.0
2022,52140,김주완,LG,투수,False,1.0,1,0.0,2.0,0,0,0,0,0,0,1,0,1,0,0,0,0.0,9.0,0.0,0.0,20.0,0.04,0.02,1.0,RP,1.0
2016,66859,김주한,SK,,False,59.333,39,4.24719,1.28,3,1,1,2,0,50,14,4,62,6,28,28,7.58,2.12,3.57,19.7,5.5,0.039,0.94,1.521,RP,1.0
2017,66859,김주한,SK,,False,69.667,63,5.94258,1.64,6,5,5,11,0,45,32,5,82,10,51,46,5.8100000000000005,4.13,1.41,14.1,10.0,-0.756,-0.27,1.106,RP,1.0
2018,66859,김주한,SK,,False,6.0,7,13.5,2.5,1,0,0,1,0,5,6,0,9,2,10,9,7.5,9.0,0.83,14.7,17.6,-0.006,-0.34,0.857,RP,1.0
2019,66859,김주한,SK,,False,12.0,11,5.25,1.58,1,1,0,1,0,10,7,2,12,0,7,7,7.5,5.25,1.43,17.9,12.5,-0.305,0.04,1.091,RP,1.0
2020,66859,김주한,SK,,False,46.0,22,7.43478,1.74,1,7,0,0,1,22,20,8,60,7,43,38,4.3,3.91,1.1,10.0,9.1,-1.052,-0.46,2.091,SP,1.0
2023,66859,김주한,SSG,,False,0.0,1,0.0,0.0,0,0,0,0,0,0,1,0,2,1,3,3,0.0,0.0,0.0,0.0,33.3,-0.009,0.0,0.0,RP,1.0
2012,78823,김준,SK,,False,3.0,4,0.0,1.67,0,0,0,0,0,3,1,0,4,0,0,0,9.0,3.0,3.0,21.4,7.1,0.0,,0.75,RP,1.0
2013,78823,김준,SK,,False,6.333,13,2.84211,1.26,1,0,0,0,0,1,2,0,6,0,2,2,1.42,2.84,0.5,3.7,7.4,0.0,,0.487,RP,1.0
2014,78823,김준,KIA,,False,0.0,1,0.0,0.0,0,0,0,0,0,0,1,0,0,0,0,0,0.0,0.0,0.0,0.0,50.0,-0.013,0.0,0.0,RP,1.0
2015,78823,김준,KIA,,False,4.333,6,2.07692,1.85,0,0,0,0,0,1,2,0,6,0,2,1,2.08,4.15,0.5,5.0,10.0,0.006,0.04,0.722,RP,1.0
2026,54910,김준원,NC,투수,False,13.667,11,5.926829268292683,1.76,0,1,0,0,0,17,11,3,13,2,15,9,11.2,7.24,1.55,24.6,15.9,-0.317,-0.28,1.242,RP,0.757
2021,51393,김준형,키움,,False,14.333,14,3.13953,1.53,0,0,0,0,0,8,7,3,15,2,6,5,5.02,4.4,1.14,11.9,10.4,0.118,0.05,1.024,RP,1.0
2022,51393,김준형,키움,,False,13.333,12,2.03,1.65,0,1,0,0,0,6,13,2,9,0,3,3,4.05,8.78,0.46,9.8,21.3,-0.099,0.21,1.111,RP,1.0
2023,51393,김준형,키움,,False,7.667,8,7.04348,1.3,0,0,0,0,0,5,6,3,4,0,6,6,5.87,7.04,0.83,13.9,16.7,-0.034,-0.08,0.958,RP,1.0
2010,60181,김지용,LG,,False,8.0,5,7.88,1.63,0,0,0,0,0,5,3,0,10,2,7,7,5.63,3.38,1.67,14.7,8.8,0.0,,1.6,RP,1.0
2015,60181,김지용,LG,,False,32.667,24,4.13265,1.29,1,1,0,0,0,28,12,1,30,4,15,15,7.71,3.31,2.33,20.4,8.8,0.095,0.09,1.361,RP,1.0
2016,60181,김지용,LG,,False,63.0,51,3.57143,1.11,3,4,0,17,0,56,18,5,52,9,25,25,8.0,2.57,3.11,21.7,7.0,1.575,0.68,1.235,SU,1.0
2017,60181,김지용,LG,,False,53.0,53,5.09434,1.38,4,3,3,8,0,39,14,2,59,13,33,30,6.62,2.38,2.79,16.6,6.0,-1.711,-1.07,1.0,RP,1.0
2018,60181,김지용,LG,,False,47.0,48,5.3617,1.3,5,6,1,13,0,42,9,2,52,10,30,28,8.04,1.72,4.67,21.2,4.5,-0.889,-0.71,0.979,SU,1.0
2020,60181,김지용,LG,,False,3.667,4,14.7273,1.91,0,0,0,0,0,4,2,0,5,1,6,6,9.82,4.91,2.0,22.2,11.1,0.015,-0.14,0.917,RP,1.0
2021,60181,김지용,LG,,False,4.0,3,0.0,0.75,0,0,0,0,0,5,1,1,2,0,0,0,11.25,2.25,5.0,31.3,6.3,0.03,0.16,1.333,RP,1.0
2022,60181,김지용,두산,,False,19.333,18,6.05172,1.24,1,0,0,0,0,13,5,1,19,5,14,13,6.05,2.33,2.6,15.9,6.1,-0.352,-0.32,1.074,RP,1.0
2014,64640,김지훈,KIA,,False,12.667,10,8.52632,2.21,0,1,0,0,0,7,9,0,19,2,12,12,4.97,6.39,0.78,11.1,14.3,-0.122,-0.07,1.267,RP,1.0
2013,75867,김진성,NC,투수,False,34.0,33,4.76471,1.44,1,2,2,0,0,28,17,2,32,5,20,18,7.41,4.5,1.65,18.8,11.4,0.0,,1.03,RP,1.0
2014,75867,김진성,NC,투수,False,48.333,58,4.09655,1.37,3,3,25,1,0,52,26,2,40,4,25,22,9.68,4.84,2.0,24.6,12.3,0.05,0.45,0.833,CL,1.0
2015,75867,김진성,NC,투수,False,66.0,59,4.5,1.17,3,4,5,12,0,70,18,1,59,14,35,33,9.55,2.45,3.89,25.8,6.6,0.679,0.1,1.119,RP,1.0
2016,75867,김진성,NC,투수,False,84.333,69,4.48221,1.13,6,8,1,14,0,100,16,2,79,15,44,42,10.67,1.71,6.25,28.8,4.6,-0.693,0.56,1.222,RP,1.0
2017,75867,김진성,NC,투수,False,89.667,69,3.61338,1.1,10,6,0,15,0,98,27,2,72,13,38,36,9.84,2.71,3.63,27.1,7.5,2.517,1.45,1.3,RP,1.0
2018,75867,김진성,NC,투수,False,45.333,50,7.14706,1.65,3,2,0,5,0,38,19,2,56,13,38,36,7.54,3.77,2.0,18.4,9.2,-0.432,-0.99,0.907,RP,1.0
2019,75867,김진성,NC,투수,False,42.0,42,4.28571,1.29,1,2,0,5,0,35,15,2,39,6,25,20,7.5,3.21,2.33,19.7,8.4,0.227,-0.24,1.0,RP,1.0
2020,75867,김진성,NC,투수,False,47.333,48,2.66197,1.08,3,0,0,6,0,56,10,0,41,4,16,14,10.65,1.9,5.6,29.5,5.3,1.622,1.29,0.986,RP,1.0
2021,75867,김진성,NC,투수,False,37.667,42,7.16814,1.62,2,4,1,9,0,37,18,1,43,7,34,30,8.84,4.3,2.06,21.3,10.3,-0.773,-0.81,0.897,RP,1.0
2022,75867,김진성,LG,투수,False,58.0,67,3.10345,1.14,6,3,0,12,0,54,22,1,44,6,21,20,8.38,3.41,2.45,22.9,9.3,1.394,1.01,0.866,RP,1.0
2023,75867,김진성,LG,투수,False,70.333,80,2.17536,0.95,5,1,4,21,0,69,26,0,41,8,17,17,8.83,3.33,2.65,25.6,9.6,2.295,1.85,0.879,SU,1.0
2024,75867,김진성,LG,투수,False,70.333,71,3.96682,1.21,3,3,1,27,0,61,23,7,62,11,34,31,7.81,2.94,2.65,20.7,7.8,2.801,0.94,0.991,SU,1.0
2025,75867,김진성,LG,투수,False,70.667,78,3.438679245283019,1.2,6,4,1,33,0,63,24,0,61,7,28,27,8.02,3.06,2.63,21.6,8.2,1.239,1.51,0.906,SU,1.0
2026,75867,김진성,LG,투수,False,47.333,53,4.943661971830985,1.58,6,2,1,18,0,35,18,2,57,6,26,26,6.65,3.42,1.94,16.3,8.4,0.77,0.4,0.893,SU,0.757
2021,51154,김진수,LG,투수,False,2.333,3,3.85714,0.86,0,0,0,0,0,2,0,0,2,0,1,1,7.71,0.0,99.99,22.2,0.0,-0.038,0.04,0.778,RP,1.0
2024,51154,김진수,LG,투수,False,13.333,8,6.75,1.58,0,1,0,0,0,6,4,0,17,3,10,10,4.05,2.7,1.5,10.3,6.9,-0.084,-0.13,1.667,RP,1.0
2025,51154,김진수,LG,투수,False,5.0,4,9.0,2.4,0,0,0,0,0,6,1,0,11,2,5,5,10.8,1.8,6.0,22.2,3.7,-0.017,-0.12,1.25,RP,1.0
2026,51154,김진수,LG,투수,False,47.0,45,4.021276595744681,1.43,5,4,1,8,0,29,18,1,49,7,25,21,5.55,3.45,1.61,14.1,8.7,0.372,0.25,1.044,RP,0.757
2017,67737,김진영,한화,,False,2.667,3,10.125,2.63,0,0,0,0,0,4,2,0,5,0,3,3,13.5,6.75,2.0,26.7,13.3,-0.002,-0.03,0.889,RP,1.0
2018,67737,김진영,한화,,False,11.333,4,7.94118,1.5,0,0,0,0,0,9,4,0,13,1,10,10,7.15,3.18,2.25,18.4,8.2,-0.114,0.01,2.833,RP,1.0
2019,67737,김진영,한화,,False,26.667,6,4.05,1.61,0,4,0,0,0,14,16,1,27,1,12,12,4.72,5.4,0.88,12.0,13.7,0.479,0.4,4.445,SP,1.0
2020,67737,김진영,한화,,False,54.0,58,3.33333,1.3,3,3,0,8,0,56,22,3,48,6,26,20,9.33,3.67,2.55,24.2,9.5,0.63,0.78,0.931,RP,1.0
2021,67737,김진영,한화,,False,18.333,20,3.92727,1.64,0,1,0,1,0,8,14,0,16,2,8,8,3.93,6.87,0.57,9.9,17.3,-0.138,0.06,0.917,RP,1.0
2011,72641,김진우,KIA,,False,8.667,10,5.19231,1.5,0,1,2,0,0,12,7,1,6,0,5,5,12.46,7.27,1.71,29.3,17.1,0.0,,0.867,RP,1.0
2012,72641,김진우,KIA,,True,133.667,24,2.89526,1.2,10,5,0,0,12,101,50,10,110,2,47,43,6.8,3.37,2.02,18.1,9.0,0.0,,5.569,SP,1.0
2013,72641,김진우,KIA,,False,126.333,24,4.98681,1.55,9,10,1,0,11,130,49,13,147,8,77,70,9.26,3.49,2.65,22.5,8.5,0.0,,5.264,SP,1.0
2014,72641,김진우,KIA,,False,90.667,28,5.95588,1.78,3,4,1,1,2,85,61,7,100,8,66,60,8.44,6.06,1.39,19.8,14.2,-2.543,1.18,3.238,SP,1.0
2015,72641,김진우,KIA,,False,13.0,4,3.46154,1.62,1,0,0,1,1,12,9,1,12,1,5,5,8.31,6.23,1.33,21.8,16.4,0.16,0.29,3.25,SU,1.0
2016,72641,김진우,KIA,,False,15.0,11,4.8,1.4,2,1,0,2,0,10,5,2,16,3,8,8,6.0,3.0,2.0,15.4,7.7,0.102,0.03,1.364,RP,1.0
2017,72641,김진우,KIA,,False,36.333,14,7.92661,2.06,2,6,0,0,2,21,23,7,52,5,33,32,5.2,5.7,0.91,11.5,12.6,-1.029,-0.38,2.595,SP,1.0
2018,68701,김진욱,한화,,False,5.667,3,6.35294,1.59,0,0,0,0,0,4,3,3,6,0,4,4,6.35,4.76,1.33,13.3,10.0,-0.012,0.03,1.889,RP,1.0
2019,68701,김진욱,한화,,False,1.0,1,0.0,1.0,0,0,0,0,0,0,1,1,0,0,0,0,0.0,9.0,0.0,0.0,25.0,0.001,0.0,1.0,RP,1.0
2020,68701,김진욱,한화,,False,44.667,22,5.64179,1.6800000000000002,3,4,1,0,1,29,25,5,50,9,29,28,5.84,5.04,1.16,14.1,12.1,-0.811,-0.12,2.03,SP,1.0
2021,51516,김진욱,롯데,투수,False,45.667,39,6.30657,1.99,4,6,0,8,0,45,49,3,42,3,32,32,8.87,9.66,0.92,19.8,21.6,-0.625,-0.05,1.171,RP,1.0
2022,51516,김진욱,롯데,투수,False,46.667,14,6.36429,1.67,2,5,0,0,2,52,35,8,43,3,36,33,10.03,6.75,1.49,22.9,15.4,-0.35,-0.18,3.333,SP,1.0
2023,51516,김진욱,롯데,투수,False,36.333,50,6.44037,1.82,2,1,0,8,0,35,29,2,37,4,27,26,8.67,7.18,1.21,19.8,16.4,-0.473,-0.48,0.727,RP,1.0
2024,51516,김진욱,롯데,투수,False,84.667,19,5.31496,1.5699999999999998,4,3,0,0,3,87,44,3,89,13,54,50,9.25,4.68,1.98,22.4,11.3,0.603,0.87,4.456,SP,1.0
2025,51516,김진욱,롯데,투수,False,27.0,14,10.0,2.15,1,3,0,0,1,24,16,2,42,10,32,30,8.0,5.33,1.5,17.6,11.8,-1.068,-1.04,1.929,SP,1.0
2026,51516,김진욱,롯데,투수,True,114.333,20,3.4635568513119535,1.28,5,5,0,0,9,98,38,7,108,16,55,44,7.71,2.99,2.58,19.8,7.7,1.901,1.87,5.717,SP,0.757
2020,67954,김진호,NC,투수,False,10.333,3,8.70968,2.13,0,1,0,0,0,7,8,1,14,5,10,10,6.1,6.97,0.88,13.0,14.8,-0.409,-0.27,3.444,SP,1.0
2021,67954,김진호,NC,투수,False,1.0,1,27.0,5.0,0,1,0,0,0,1,3,0,2,0,3,3,9.0,27.0,0.33,14.3,42.9,-0.363,-0.13,1.0,RP,1.0
2022,67954,김진호,NC,투수,False,42.667,36,6.11719,1.71,4,0,1,0,0,35,20,1,53,7,30,29,7.38,4.22,1.75,17.9,10.2,-0.376,-0.45,1.185,RP,1.0
2023,67954,김진호,NC,투수,False,16.333,19,2.7551,1.53,2,1,0,9,0,22,10,1,15,0,5,5,12.12,5.51,2.2,30.1,13.7,0.454,0.5,0.86,SU,1.0
2024,67954,김진호,NC,투수,False,2.333,2,7.71429,2.14,0,0,0,0,0,3,2,0,3,0,2,2,11.57,7.71,1.5,25.0,16.7,0.001,0.0,1.166,RP,1.0
2025,67954,김진호,NC,투수,False,72.333,76,3.359447004608295,1.35,4,3,6,20,0,70,45,9,53,5,30,27,8.71,5.6,1.56,22.2,14.2,2.089,1.04,0.952,SU,1.0
2026,67954,김진호,NC,투수,False,39.333,46,5.720338983050848,1.83,2,4,1,15,0,33,40,3,32,5,26,25,7.55,9.15,0.83,17.6,21.4,-0.232,-0.34,0.855,SU,0.757
2017,66801,김찬호,SK,,False,5.333,5,11.8125,2.81,0,0,0,0,0,6,5,1,10,0,7,7,10.13,8.44,1.2,18.8,15.6,-0.015,-0.11,1.067,RP,1.0
2020,66801,김찬호,SK,,False,2.0,3,27.0,4.5,0,0,0,0,0,1,4,0,5,1,6,6,4.5,18.0,0.25,7.1,28.6,-0.03,-0.15,0.667,RP,1.0
2010,74728,김창훈,두산,,False,7.667,9,3.52174,0.91,0,0,0,0,0,8,3,0,4,2,3,3,9.39,3.52,2.67,25.8,9.7,0.0,,0.852,RP,1.0
2011,74728,김창훈,두산,,False,12.667,27,6.39474,1.66,0,2,0,2,0,11,10,2,11,2,9,9,7.82,7.11,1.1,18.6,16.9,0.0,,0.469,RP,1.0
2012,74728,김창훈,두산,,False,21.667,28,2.07692,0.97,1,1,0,2,0,15,12,2,9,0,5,5,6.23,4.98,1.25,17.4,14.0,0.0,,0.774,RP,1.0
2013,74728,김창훈,두산,,False,2.667,3,3.38,2.63,0,0,0,0,0,3,3,1,4,1,1,1,10.13,10.13,1.0,21.4,21.4,0.0,,0.889,RP,1.0
2021,51586,김창훈,롯데,투수,False,8.0,6,11.25,2.38,0,0,0,0,0,6,6,0,13,1,10,10,6.75,6.75,1.0,14.6,14.6,0.118,-0.23,1.333,RP,1.0
2022,51586,김창훈,롯데,투수,False,1.667,1,5.4,1.8,0,0,0,0,0,2,0,0,3,0,1,1,10.8,0.0,99.99,25.0,0.0,0.0,0.02,1.667,RP,1.0
2023,51586,김창훈,롯데,투수,False,4.333,3,2.07692,1.38,0,0,0,0,0,1,1,0,5,0,1,1,2.08,2.08,1.0,5.9,5.9,0.118,0.09,1.444,RP,1.0
2026,51586,김창훈,롯데,투수,False,2.667,3,6.75,1.88,0,0,0,0,0,2,0,0,5,0,2,2,6.75,0.0,99.99,16.7,0.0,0.032,0.02,0.889,RP,0.757
2020,50992,김태경,NC,투수,False,1.0,1,0.0,1.0,0,0,0,0,0,1,1,0,0,0,0,0,9.0,9.0,1.0,20.0,20.0,0.079,0.04,1.0,RP,1.0
2021,50992,김태경,NC,투수,False,15.0,7,4.8,1.33,0,0,0,0,0,10,9,1,11,1,8,8,6.0,5.4,1.11,15.9,14.3,0.063,0.1,2.143,RP,1.0
2022,50992,김태경,NC,투수,False,44.333,16,3.24812,1.29,3,2,0,1,0,31,21,5,36,4,16,16,6.29,4.26,1.48,16.0,10.8,0.67,0.76,2.771,RP,1.0
2025,50992,김태경,NC,투수,False,11.0,6,10.636363636363637,2.45,0,0,0,1,0,10,9,2,18,4,20,13,8.18,7.36,1.11,16.1,14.5,-0.465,-0.82,1.833,RP,1.0
2026,50992,김태경,NC,투수,False,34.333,14,5.242718446601942,1.54,0,1,0,0,1,27,20,2,33,4,21,20,7.08,5.24,1.35,17.6,13.1,-0.052,0.13,2.452,SP,0.757
2011,71255,김태영,두산,,False,63.667,33,3.95812,1.43,3,2,1,1,1,41,20,3,71,5,30,28,5.8,2.83,2.05,14.8,7.2,0.0,,1.929,SP,1.0
2012,71255,김태영,두산,,False,17.0,15,3.17647,1.29,0,0,0,0,0,15,8,0,14,1,6,6,7.94,4.24,1.88,20.3,10.8,0.0,,1.133,RP,1.0
2013,71255,김태영,두산,,False,67.0,35,5.91045,1.51,4,4,0,3,0,36,23,5,78,5,46,44,4.84,3.09,1.5699999999999998,12.2,7.8,0.0,,1.914,RP,1.0
2014,71255,김태영,KIA,,False,50.667,48,5.68421,1.44,5,4,1,11,0,45,17,5,56,6,34,32,7.99,3.02,2.65,19.7,7.5,0.054,0.63,1.056,RP,1.0
2015,71255,김태영,KIA,,False,26.0,27,5.19231,1.69,0,2,0,4,0,30,8,4,36,3,16,15,10.38,2.77,3.75,25.0,6.7,-0.034,0.18,0.963,RP,1.0
2018,66064,김태오,KT,투수,False,21.0,8,6.0,1.95,1,2,0,0,0,14,9,2,32,4,16,14,6.0,3.86,1.56,13.7,8.8,-0.134,0.1,2.625,RP,1.0
2019,66064,김태오,KT,투수,False,3.0,4,6.0,3.33,0,0,0,0,0,0,3,1,7,0,3,2,0.0,9.0,0.0,0.0,14.3,-0.19,-0.08,0.75,RP,1.0
2022,66064,김태오,KT,투수,False,4.333,5,4.15385,2.08,0,0,0,0,0,5,0,0,9,0,2,2,10.38,0.0,99.99,22.7,0.0,-0.048,0.07,0.867,RP,1.0
2023,66064,김태오,KT,투수,False,7.333,5,7.36364,1.91,0,0,0,0,0,3,4,0,10,0,6,6,3.68,4.91,0.75,8.6,11.4,0.146,-0.05,1.467,RP,1.0
2023,67768,김태욱,롯데,,False,1.0,1,0.0,0.0,0,0,0,0,0,0,0,0,0,0,0,0,0.0,0.0,99.99,0.0,0.0,0.0,0.03,1.0,RP,1.0
2010,76430,김태혁,넥센,투수,False,45.0,17,6.2,1.73,1,2,0,0,0,35,26,2,52,5,33,31,7.0,5.2,1.35,16.7,12.4,0.0,,2.647,RP,1.0
2011,76430,김태혁,넥센,투수,False,59.667,24,6.48603,1.74,1,4,0,0,1,74,36,9,68,3,44,43,11.16,5.43,2.06,25.7,12.5,0.0,,2.486,SP,1.0
2012,76430,김태혁,넥센,투수,False,45.667,33,4.72993,1.77,2,1,0,0,0,36,39,2,42,4,24,24,7.09,7.69,0.92,17.1,18.6,0.0,,1.384,RP,1.0
2013,76430,김태혁,넥센,투수,False,28.333,16,5.08235,1.41,0,1,0,0,0,20,13,2,27,1,16,16,6.35,4.13,1.54,16.0,10.4,0.0,,1.771,RP,1.0
2015,76430,김태혁,넥센,투수,False,5.0,2,10.8,3.0,0,1,0,0,0,2,5,0,10,1,8,6,3.6,9.0,0.4,6.7,16.7,-0.228,-0.2,2.5,RP,1.0
2016,76430,김태혁,넥센,투수,False,74.0,67,4.62162,1.5,6,5,0,21,0,76,34,1,77,6,40,38,9.24,4.14,2.24,23.0,10.3,-0.814,1.28,1.104,SU,1.0
2017,76430,김태혁,넥센,투수,False,61.333,60,3.81522,1.32,0,7,15,9,0,62,22,3,59,8,29,26,9.1,3.23,2.82,23.7,8.4,-1.236,1.31,1.022,RP,1.0
2018,76430,김태혁,넥센,투수,False,55.667,58,5.17365,1.37,2,3,18,14,0,68,23,1,53,9,32,32,10.99,3.72,2.96,28.5,9.6,0.542,0.83,0.96,CL,1.0
2019,76430,김태혁,키움,투수,False,56.667,67,3.01765,1.38,3,5,0,40,0,60,28,2,50,3,19,19,9.53,4.45,2.14,25.2,11.8,2.642,1.29,0.846,SU,1.0
2020,76430,김태혁,키움,투수,False,51.333,60,4.73377,1.42,3,3,5,11,0,48,21,3,52,3,33,27,8.42,3.68,2.29,21.2,9.3,0.841,0.31,0.856,RP,1.0
2021,76430,김태혁,SSG,투수,False,58.333,50,5.09143,1.73,4,3,6,5,0,44,30,1,71,10,33,33,6.79,4.63,1.47,16.1,11.0,0.654,-0.07,1.167,RP,1.0
2022,76430,김태혁,SSG,투수,False,8.0,8,9.0,1.63,0,0,1,0,0,3,4,1,9,2,8,8,3.38,4.5,0.75,8.1,10.8,0.097,-0.26,1.0,RP,1.0
2023,76430,김태혁,롯데,투수,False,52.0,67,3.11538,1.27,4,2,1,18,0,36,21,3,45,1,22,18,6.23,3.63,1.71,16.5,9.6,1.254,0.91,0.776,SU,1.0
2024,76430,김태혁,롯데,투수,False,73.667,74,4.15385,1.32,8,4,2,17,0,56,26,5,71,5,40,34,6.84,3.18,2.15,17.4,8.1,0.805,1.17,0.996,RP,1.0
2025,76430,김태혁,롯데,투수,False,36.667,45,6.381818181818182,1.8,0,1,2,3,0,27,18,3,48,4,26,26,6.63,4.42,1.5,15.0,10.0,-0.565,-0.2,0.815,RP,1.0
2020,67956,김태현,NC,투수,False,1.333,2,6.75,4.5,0,0,0,0,0,1,4,0,2,0,2,1,6.75,27.0,0.25,10.0,40.0,-0.01,-0.06,0.666,RP,1.0
2021,67956,김태현,NC,투수,False,5.333,6,11.8125,2.25,0,0,0,0,0,3,7,4,5,0,8,7,5.06,11.81,0.43,9.4,21.9,-0.054,-0.21,0.889,RP,1.0
2023,67956,김태현,NC,투수,False,20.333,16,4.42623,1.48,1,0,0,0,0,14,13,1,17,4,13,10,6.2,5.75,1.08,15.6,14.4,0.021,-0.17,1.271,RP,1.0
2024,67956,김태현,NC,투수,False,10.0,11,7.2,2.1,0,0,0,0,0,3,7,0,14,3,10,8,2.7,6.3,0.43,6.0,14.0,-0.439,-0.22,0.909,RP,1.0
2025,67956,김태현,NC,투수,False,3.0,5,12.0,2.67,0,0,0,1,0,2,3,2,5,2,4,4,6.0,9.0,0.67,11.8,17.6,-0.072,-0.23,0.6,RP,1.0
2025,55566,김태현,롯데,투수,False,2.0,1,4.5,2.5,0,0,0,0,0,2,4,0,1,0,2,1,9.0,18.0,0.5,16.7,33.3,0.002,-0.04,2.0,RP,1.0
2018,62918,김태형,LG,,False,1.0,1,36.0,6.0,0,0,0,0,0,0,4,0,2,0,4,4,0.0,36.0,0.0,0.0,50.0,-0.008,-0.16,1.0,RP,1.0
2018,67122,김태형,LG,,False,1.667,2,5.4,1.8,0,0,0,0,0,1,1,0,2,1,1,1,5.4,5.4,1.0,12.5,12.5,-0.078,-0.04,0.834,RP,1.0
2021,67122,김태형,LG,,False,1.0,2,27.0,2.0,0,0,0,0,0,1,2,1,0,0,3,3,9.0,18.0,0.5,16.7,33.3,0.014,-0.1,0.5,RP,1.0
2025,55610,김태형,KIA,투수,False,23.667,8,4.563380281690141,1.35,0,3,0,0,0,14,7,5,25,4,12,12,5.32,2.66,2.0,13.1,6.5,0.052,0.08,2.958,RP,1.0
2026,55610,김태형,KIA,투수,False,58.0,18,5.431034482758621,1.62,2,3,0,0,2,33,26,4,68,10,42,35,5.12,4.03,1.27,12.5,9.8,-0.148,-0.29,3.222,SP,0.757
2010,79847,김태훈,SK,,False,0.0,1,0.0,0.0,0,0,0,0,0,0,1,0,0,0,0,0,0.0,0.0,0.0,0.0,100.0,0.0,,0.0,RP,1.0
2011,79847,김태훈,SK,,False,18.0,16,4.0,1.61,0,0,0,1,0,15,11,1,18,0,8,8,7.5,5.5,1.36,18.3,13.4,0.0,,1.125,RP,1.0
2012,79847,김태훈,SK,,False,8.667,9,9.34615,2.54,0,1,0,0,0,6,10,1,12,0,11,9,6.23,10.38,0.6,12.2,20.4,0.0,,0.963,RP,1.0
2014,62360,김태훈,넥센,투수,False,6.0,5,6.0,2.33,0,0,0,0,0,2,8,0,6,1,4,4,3.0,12.0,0.25,6.3,25.0,0.0,-0.11,1.2,RP,1.0
2015,79847,김태훈,SK,,False,0.333,1,27.0,3.0,0,0,0,0,0,0,1,0,0,0,1,1,0.0,27.0,0.0,0.0,50.0,-0.001,-0.03,0.333,RP,1.0
2015,62360,김태훈,넥센,투수,False,50.333,22,6.43709,1.71,1,1,0,0,0,32,30,3,56,7,41,36,5.72,5.36,1.07,13.5,12.7,0.066,-0.27,2.288,RP,1.0
2016,79847,김태훈,SK,,False,14.667,15,4.29545,1.84,0,1,0,0,0,9,12,1,15,1,7,7,5.52,7.36,0.75,12.5,16.7,-0.428,0.16,0.978,RP,1.0
2017,79847,김태훈,SK,,False,41.333,21,6.53226,1.94,2,2,0,3,0,34,19,3,61,8,34,30,7.4,4.14,1.79,16.6,9.3,-0.596,-0.26,1.968,RP,1.0
2018,62360,김태훈,넥센,투수,False,47.667,33,6.04196,1.66,2,2,2,1,0,36,18,4,61,10,33,32,6.8,3.4,2.0,16.5,8.3,-0.671,0.04,1.444,RP,1.0
2018,79847,김태훈,SK,,False,94.0,61,3.82979,1.32,9,3,0,10,2,93,36,2,88,8,44,40,8.9,3.45,2.58,23.6,9.1,1.157,2.04,1.541,SP,1.0
2019,62360,김태훈,키움,투수,False,70.0,33,4.5,1.43,8,3,0,3,1,50,23,0,77,5,36,35,6.43,2.96,2.17,16.7,7.7,0.603,0.67,2.121,SP,1.0
2019,79847,김태훈,SK,,False,69.667,71,3.8756,1.26,4,5,7,27,0,76,26,4,62,4,32,30,9.82,3.36,2.92,25.7,8.8,1.981,1.15,0.981,SU,1.0
2020,79847,김태훈,SK,,False,62.0,33,7.40323,1.61,1,6,0,4,2,43,39,4,61,8,52,51,6.24,5.66,1.1,15.3,13.9,-0.49,-0.22,1.879,SP,1.0
2020,62360,김태훈,키움,투수,False,64.0,53,4.21875,1.44,7,0,0,10,0,40,22,5,70,1,34,30,5.63,3.09,1.82,14.2,7.8,0.535,0.96,1.208,RP,1.0
2021,79847,김태훈,SSG,,False,58.0,65,4.96552,1.6,2,4,1,16,0,49,38,10,55,7,35,32,7.6,5.9,1.29,18.2,14.1,0.421,-0.26,0.892,RP,1.0
2021,62360,김태훈,키움,투수,False,64.333,66,3.21762,1.45,4,2,11,15,0,52,33,1,60,1,26,23,7.27,4.62,1.58,18.4,11.7,2.701,1.48,0.975,RP,1.0
2022,79847,김태훈,SSG,,False,5.333,9,10.125,3.0,0,0,1,3,0,1,10,0,6,2,6,6,1.69,16.88,0.1,3.3,33.3,-0.098,-0.42,0.593,SU,1.0
2022,62360,김태훈,키움,투수,False,43.0,43,3.13953,1.4,3,2,9,10,0,34,20,2,40,3,18,15,7.12,4.19,1.7,18.1,10.6,1.294,0.72,1.0,RP,1.0
2023,62360,김태훈,삼성,투수,False,63.333,71,7.10526,1.85,6,7,3,11,0,40,43,3,74,8,54,50,5.68,6.11,0.93,13.1,14.1,-0.663,-1.5,0.892,RP,1.0
2024,62360,김태훈,삼성,투수,False,52.333,56,3.95541,1.3,3,2,0,23,0,37,19,4,49,6,24,23,6.36,3.27,1.95,16.4,8.4,0.628,0.82,0.935,SU,1.0
2025,55995,김태훈,NC,투수,False,19.0,18,5.2105263157894735,1.74,0,0,0,0,0,9,16,1,17,4,15,11,4.26,7.58,0.56,9.6,17.0,0.077,-0.38,1.056,RP,1.0
2025,62360,김태훈,삼성,투수,False,66.333,73,4.477386934673367,1.39,2,6,2,19,0,74,26,2,66,8,34,33,10.04,3.53,2.85,25.8,9.1,-0.234,0.8,0.909,SU,1.0
2026,55995,김태훈,NC,투수,False,12.0,14,5.25,1.42,0,1,1,0,0,12,4,1,13,1,9,7,9.0,3.0,3.0,22.2,7.4,-0.121,0.01,0.857,RP,0.757
2026,62360,김태훈,삼성,투수,False,26.0,29,3.4615384615384617,0.96,2,1,0,5,0,21,6,3,19,4,15,10,7.27,2.08,3.5,19.6,5.6,1.101,0.21,0.897,RP,0.757
2024,54263,김택연,두산,투수,False,65.0,60,2.07692,1.26,3,2,19,4,0,78,31,4,51,2,17,15,10.8,4.29,2.52,28.2,11.2,3.131,2.78,1.083,CL,1.0
2025,54263,김택연,두산,투수,False,66.333,64,3.527638190954774,1.18,4,5,24,0,0,79,31,5,47,6,31,26,10.72,4.21,2.55,28.1,11.0,1.599,1.09,1.036,CL,1.0
2026,54263,김택연,두산,투수,False,35.0,32,2.5714285714285716,1.31,2,2,3,8,0,43,22,1,24,5,10,10,11.06,5.66,1.95,28.1,14.4,0.788,0.9,1.094,SU,0.757
2015,65343,김택형,넥센,투수,False,58.0,37,7.91379,2.09,4,4,0,2,0,55,42,6,79,7,58,51,8.53,6.52,1.31,18.8,14.3,-1.378,-0.66,1.568,RP,1.0
2016,65343,김택형,넥센,투수,False,28.333,32,7.62353,1.84,2,2,0,7,0,35,11,0,41,6,26,24,11.12,3.49,3.18,25.9,8.1,-0.824,-0.33,0.885,RP,1.0
2018,65343,김택형,SK,투수,False,11.667,14,7.71429,1.63,1,2,0,2,0,11,10,0,9,1,10,10,8.49,7.71,1.1,21.2,19.2,-0.298,-0.12,0.833,RP,1.0
2019,65343,김택형,SK,투수,False,23.333,26,5.78571,1.89,2,1,0,2,0,27,24,2,20,1,16,15,10.41,9.26,1.13,23.5,20.9,-0.507,-0.19,0.897,RP,1.0
2020,65343,김택형,SK,투수,False,23.0,31,8.6087,2.0,1,3,0,3,0,22,20,0,26,5,26,22,8.61,7.83,1.1,19.3,17.5,-0.948,-0.65,0.742,RP,1.0
2021,65343,김택형,SSG,투수,False,75.333,59,2.38938,1.37,5,1,7,4,0,62,42,3,61,3,23,20,7.41,5.02,1.48,19.6,13.3,3.267,1.89,1.277,RP,1.0
2022,65343,김택형,SSG,투수,False,60.333,64,4.92265,1.31,3,5,17,10,0,62,22,3,57,8,33,33,9.25,3.28,2.82,23.8,8.4,1.053,0.36,0.943,RP,1.0
2024,65343,김택형,SSG,투수,False,7.0,6,9.0,2.29,0,1,0,0,0,1,6,1,10,1,7,7,1.29,7.71,0.17,2.7,16.2,-0.302,-0.14,1.167,RP,1.0
2025,65343,김택형,SSG,투수,False,22.667,25,2.7794117647058827,1.28,0,0,0,1,0,14,10,3,19,0,7,7,5.5600000000000005,3.97,1.4,14.7,10.5,0.078,0.36,0.907,RP,1.0
2026,65343,김택형,SSG,투수,False,0.667,1,40.5,4.5,0,0,0,0,0,1,2,0,1,1,3,3,13.5,27.0,0.5,20.0,40.0,-0.008,-0.14,0.667,RP,0.757
2016,64960,김학성,NC,,False,4.333,4,14.5385,3.23,0,0,0,0,0,0,3,1,11,0,7,7,0.0,6.23,0.0,0.0,11.1,-0.312,-0.2,1.083,RP,1.0
2026,56540,김한결,롯데,투수,False,4.333,1,8.307692307692308,1.15,0,1,0,0,0,5,3,0,2,0,4,4,10.38,6.23,1.67,27.8,16.7,-0.025,0.0,4.333,SP,0.757
2025,55221,김한중,두산,투수,False,2.0,2,0.0,0.5,0,0,0,0,0,0,0,0,1,0,1,0,0.0,0.0,99.99,0.0,0.0,0.0,0.02,1.0,RP,1.0
2026,55221,김한중,두산,투수,False,3.0,3,3.0,1.0,0,0,0,0,0,3,0,0,3,0,1,1,9.0,0.0,99.99,25.0,0.0,0.004,0.07,1.0,RP,0.757
2017,65345,김해수,넥센,,False,1.0,1,9.0,2.0,0,0,0,0,0,1,1,2,1,0,1,1,9.0,9.0,1.0,14.3,14.3,-0.003,-0.01,1.0,RP,1.0
2010,77748,김혁민,한화,,False,40.333,9,6.91736,1.81,0,4,0,0,2,21,37,3,36,7,32,31,4.6899999999999995,8.26,0.57,11.1,19.6,0.0,,4.481,SP,1.0
2011,77748,김혁민,한화,,False,128.667,26,4.96632,1.46,5,13,1,0,9,109,56,2,132,18,78,71,7.62,3.92,1.95,19.4,10.0,0.0,,4.949,SP,1.0
2012,77748,김혁민,한화,,True,146.333,32,4.05923,1.24,8,9,0,1,12,102,45,9,137,9,69,66,6.27,2.77,2.27,16.7,7.4,0.0,,4.573,SP,1.0
2013,77748,김혁민,한화,,True,146.667,42,5.4,1.38,5,10,0,11,7,96,60,12,142,25,93,88,5.89,3.68,1.6,15.1,9.4,0.0,,3.492,SU,1.0
2014,77748,김혁민,한화,,False,30.667,17,11.1522,2.35,0,4,1,2,0,22,17,0,55,8,39,38,6.46,4.99,1.29,13.7,10.6,-2.134,-0.13,1.804,RP,1.0
2019,69516,김현수,롯데,투수,False,6.333,6,1.42105,0.63,0,1,0,0,0,4,1,0,3,0,2,1,5.68,1.42,4.0,16.7,4.2,0.032,0.12,1.056,RP,1.0
2020,69516,김현수,KIA,투수,False,32.333,15,7.23711,2.23,1,2,0,0,0,19,31,2,41,3,27,26,5.29,8.63,0.61,11.4,18.6,0.026,-0.22,2.156,RP,1.0
2021,69516,김현수,KIA,투수,False,45.667,17,7.88321,2.04,1,4,0,0,0,27,36,3,57,8,43,40,5.32,7.09,0.75,11.8,15.7,-0.915,-0.87,2.686,RP,1.0
2022,69516,김현수,KIA,투수,False,2.0,1,4.5,2.0,0,0,0,0,0,1,1,0,3,0,1,1,4.5,4.5,1.0,11.1,11.1,-0.001,0.01,2.0,RP,1.0
2024,69516,김현수,KIA,투수,False,5.0,5,18.0,2.4,0,0,0,0,0,4,5,1,7,0,10,10,7.2,9.0,0.8,14.3,17.9,-0.032,-0.23,1.0,RP,1.0
2025,69516,김현수,KIA,투수,False,18.333,18,2.4545454545454546,1.64,0,0,0,0,0,11,13,1,17,2,5,5,5.4,6.38,0.85,12.8,15.1,-0.086,0.23,1.018,RP,1.0
2026,69516,김현수,KIA,투수,False,2.0,1,0.0,1.5,0,0,0,0,0,2,1,0,2,0,0,0,9.0,4.5,2.0,22.2,11.1,0.001,0.08,2.0,RP,0.757
2010,60457,김현우,삼성,,False,1.667,2,5.4,1.2,0,0,0,0,0,2,1,0,1,1,1,1,10.8,5.4,2.0,28.6,14.3,0.0,,0.834,RP,1.0
2013,60457,김현우,삼성,,False,13.0,10,3.46154,1.31,0,0,0,0,0,18,6,0,11,2,5,5,12.46,4.15,3.0,32.7,10.9,0.0,,1.3,RP,1.0
2014,60457,김현우,삼성,,False,31.0,29,2.32258,1.06,1,0,0,1,0,29,8,1,25,4,8,8,8.42,2.32,3.63,23.6,6.5,0.159,0.25,1.069,RP,1.0
2015,60457,김현우,삼성,,False,12.333,11,7.2973,1.54,0,0,0,0,0,14,5,1,14,5,10,10,10.22,3.65,2.8,25.5,9.1,0.073,-0.18,1.121,RP,1.0
2016,60457,김현우,삼성,,False,20.667,17,3.48387,1.45,1,0,0,0,0,19,4,2,26,3,9,8,8.27,1.74,4.75,20.9,4.4,0.145,0.22,1.216,RP,1.0
2017,60457,김현우,삼성,,False,10.667,8,9.28125,1.69,0,0,0,0,0,11,3,2,15,4,13,11,9.28,2.53,3.67,21.2,5.8,-0.141,-0.24,1.333,RP,1.0
2020,66630,김현준,KIA,,False,14.333,15,12.5581,2.3,1,0,0,1,0,12,13,1,20,2,20,20,7.53,8.16,0.92,15.8,17.1,0.177,-0.49,0.956,RP,1.0
2021,66630,김현준,KIA,,False,19.667,19,5.49153,1.37,0,1,0,2,0,19,12,0,15,4,13,12,8.69,5.49,1.58,22.9,14.5,-0.102,-0.18,1.035,RP,1.0
2022,66630,김현준,KIA,,False,14.667,12,5.52273,1.64,0,1,0,0,0,9,5,2,19,0,14,9,5.52,3.07,1.8,12.5,6.9,-0.383,-0.16,1.222,RP,1.0
2023,68269,김호준,두산,투수,False,3.0,3,12.0,2.33,0,0,0,0,0,2,4,0,3,1,4,4,6.0,12.0,0.5,12.5,25.0,0.001,-0.11,1.0,RP,1.0
2024,68269,김호준,두산,투수,False,13.333,16,8.78,1.95,1,2,0,0,0,6,4,5,22,1,14,13,4.05,2.7,1.5,8.8,5.9,-0.536,-0.24,0.833,RP,1.0
2025,68269,김호준,두산,투수,False,10.667,19,6.75,1.97,0,1,0,1,0,7,7,0,14,2,11,8,5.91,5.91,1.0,13.0,13.0,-0.371,-0.39,0.561,RP,1.0
2017,66309,김홍빈,넥센,,False,7.333,3,7.36364,2.18,0,0,0,0,0,4,1,3,15,0,7,6,4.91,1.23,4.0,10.5,2.6,0.002,-0.03,2.444,RP,1.0
2010,76454,김효남,삼성,,False,24.0,22,4.13,1.54,0,0,0,2,0,16,13,1,24,2,15,11,6.0,4.88,1.23,14.5,11.8,0.0,,1.091,RP,1.0
2011,76454,김효남,삼성,,False,4.333,6,0.0,1.15,0,0,0,0,0,4,1,0,4,0,0,0,8.31,2.08,4.0,23.5,5.9,0.0,,0.722,RP,1.0
2012,76454,김효남,삼성,,False,16.333,9,2.7551,1.22,0,0,0,0,0,13,3,1,17,2,5,5,7.16,1.65,4.33,19.4,4.5,0.0,,1.815,RP,1.0
2013,76454,김효남,LG,,False,3.333,3,2.7,0.6,0,0,0,0,0,2,1,0,1,0,1,1,5.4,2.7,2.0,18.2,9.1,0.0,,1.111,RP,1.0
2021,67539,나균안,롯데,투수,False,46.333,23,6.41007,1.86,1,2,1,1,1,27,24,0,62,4,36,33,5.24,4.66,1.13,12.1,10.8,-0.045,-0.12,2.014,SP,1.0
2022,67539,나균안,롯데,투수,False,117.667,39,3.97734,1.38,3,8,0,2,6,123,37,3,125,5,55,52,9.41,2.83,3.32,24.3,7.3,0.771,2.48,3.017,SP,1.0
2023,67539,나균안,롯데,투수,False,130.333,23,3.79795,1.4,6,8,0,0,12,114,42,5,140,8,61,55,7.87,2.9,2.71,20.0,7.4,2.16,2.55,5.667,SP,1.0
2024,67539,나균안,롯데,투수,False,73.0,26,8.50685,2.21,4,7,0,0,2,74,47,5,114,15,73,69,9.12,5.79,1.5699999999999998,19.5,12.4,-1.617,-0.9,2.808,SP,1.0
2025,67539,나균안,롯데,투수,False,137.333,28,3.866504854368932,1.41,3,7,0,0,9,116,50,5,143,13,67,59,7.6,3.28,2.32,19.3,8.3,1.6800000000000002,2.21,4.905,SP,1.0
2026,67539,나균안,롯데,투수,True,108.667,19,4.141104294478528,1.43,5,9,0,0,7,97,32,2,123,17,55,50,8.03,2.65,3.03,20.6,6.8,1.406,1.69,5.719,SP,0.757
2010,76529,나승현,롯데,,False,2.333,2,38.5714,6.0,0,0,0,0,0,2,2,1,12,2,10,10,7.71,7.71,1.0,9.1,9.1,0.0,,1.166,RP,1.0
2021,67454,나원탁,롯데,,False,2.0,2,13.5,2.0,0,0,0,0,0,3,3,0,1,0,3,3,13.5,13.5,1.0,30.0,30.0,0.0,0.0,1.0,RP,1.0
2022,67454,나원탁,롯데,,False,6.0,7,9.0,2.33,0,0,0,0,0,8,5,2,9,1,7,6,12.0,7.5,1.6,23.5,14.7,-0.019,-0.14,0.857,RP,1.0
2023,67454,나원탁,롯데,,False,0.667,1,40.5,6.0,0,0,0,0,0,1,1,0,3,1,3,3,13.5,13.5,1.0,16.7,16.7,-0.002,-0.13,0.667,RP,1.0
2010,79430,나이트,삼성,,False,83.333,21,4.536,1.55,6,5,0,0,4,66,42,2,87,5,47,42,7.13,4.54,1.5699999999999998,17.6,11.2,0.0,,3.968,SP,1.0
2011,79430,나이트,넥센,,True,172.333,30,4.70019,1.55,7,15,0,0,14,115,98,12,169,12,98,90,6.01,5.12,1.17,15.0,12.8,0.0,,5.744,SP,1.0
2012,79430,나이트,넥센,,True,208.667,30,2.19968,1.12,16,4,0,0,27,102,53,7,180,6,60,51,4.4,2.29,1.92,12.3,6.4,0.0,,6.956,SP,1.0
2013,79430,나이트,넥센,,True,172.667,30,4.4305,1.5699999999999998,12,10,0,0,15,129,79,14,192,10,96,85,6.72,4.12,1.63,16.8,10.3,0.0,,5.756,SP,1.0
2014,79430,나이트,넥센,,False,29.333,6,5.52273,1.98,1,2,0,0,1,19,22,1,36,5,22,18,5.83,6.75,0.86,13.4,15.5,-0.417,-0.03,4.889,SP,1.0
2015,65264,남경호,두산,,False,9.0,5,6.0,1.33,0,0,0,0,0,10,7,1,5,2,7,6,10.0,7.0,1.43,25.0,17.5,-0.007,-0.13,1.8,RP,1.0
2018,67840,남윤성,SK,,False,8.667,6,5.19231,1.85,0,1,0,0,0,3,4,0,12,1,5,5,3.12,4.15,0.75,7.5,10.0,-0.233,0.03,1.444,RP,1.0
2021,50720,남지민,한화,투수,False,7.333,3,7.36364,2.18,0,1,0,0,0,3,7,3,9,1,6,6,3.68,8.59,0.43,7.3,17.1,-0.149,-0.11,2.444,RP,1.0
2022,50720,남지민,한화,투수,False,89.0,22,6.37079,1.73,2,11,0,0,3,41,45,3,109,9,68,63,4.15,4.55,0.91,9.8,10.8,-0.683,-0.8,4.045,SP,1.0
2023,50720,남지민,한화,투수,False,37.667,16,6.45133,1.78,1,7,0,0,1,23,13,6,54,0,31,27,5.5,3.11,1.77,12.4,7.0,-0.534,-0.19,2.354,SP,1.0
2024,50720,남지민,한화,투수,False,4.0,2,0.0,1.0,0,0,0,0,0,3,2,1,2,0,0,0,6.75,4.5,1.5,17.6,11.8,-0.018,0.12,2.0,RP,1.0
2017,66660,남하준,KIA,,False,7.667,9,11.7391,3.26,0,0,0,0,0,8,9,0,16,1,11,10,9.39,10.57,0.89,16.7,18.8,-0.007,-0.19,0.852,RP,1.0
2020,66660,남하준,KIA,,False,15.667,8,4.02128,1.98,0,0,0,0,0,8,11,1,20,1,12,7,4.6,6.32,0.73,10.1,13.9,-0.093,-0.09,1.958,RP,1.0
2021,66660,남하준,KIA,,False,8.0,5,14.625,2.5,0,1,0,1,0,5,10,0,10,2,13,13,5.63,11.25,0.5,11.4,22.7,0.07,-0.35,1.6,RP,1.0
2022,66660,남하준,KIA,,False,10.333,11,8.70968,2.32,1,1,0,1,0,6,6,1,18,4,11,10,5.23,5.23,1.0,10.9,10.9,-0.284,-0.4,0.939,RP,1.0
2024,54640,네일,KIA,투수,True,149.333,26,2.53125,1.27,12,5,0,0,13,138,35,9,154,11,69,42,8.32,2.11,3.94,21.5,5.5,3.413,3.75,5.744,SP,1.0
2025,54640,네일,KIA,투수,True,164.333,27,2.2454361054766734,1.07,8,4,0,0,19,152,41,15,135,6,46,41,8.32,2.25,3.71,22.9,6.2,5.6129999999999995,5.73,6.086,SP,1.0
2026,54640,네일,KIA,투수,True,128.667,22,3.77720207253886,1.17,8,5,0,0,13,106,25,12,125,8,54,54,7.41,1.75,4.24,19.8,4.7,2.267,3.24,5.849,SP,0.757
2013,62920,노건우,NC,,False,58.0,38,7.2931,1.76,2,8,0,2,1,62,38,2,64,9,50,47,9.62,5.9,1.63,23.1,14.2,0.0,,1.526,SP,1.0
2014,62920,노건우,NC,,False,48.333,15,4.46897,1.49,1,2,0,1,1,37,28,2,44,6,25,24,6.89,5.21,1.32,17.5,13.2,-0.154,-0.13,3.222,SP,1.0
2015,62920,노건우,NC,,False,23.667,17,10.6479,2.37,1,2,0,0,0,25,23,0,33,8,28,28,9.51,8.75,1.09,20.5,18.9,-0.549,-0.84,1.392,RP,1.0
2018,62920,노건우,NC,,False,32.667,20,7.16327,1.96,1,2,0,0,0,36,29,1,35,6,29,26,9.92,7.99,1.24,22.8,18.4,-0.682,-0.47,1.633,RP,1.0
2019,62920,노건우,NC,,False,3.667,5,12.2727,2.45,0,0,0,0,0,1,1,0,8,1,5,5,2.45,2.45,1.0,4.8,4.8,-0.119,-0.18,0.733,RP,1.0
2020,62920,노건우,삼성,,False,36.333,45,4.45872,1.5699999999999998,2,3,0,10,0,34,29,2,28,3,23,18,8.42,7.18,1.17,20.5,17.5,0.127,0.34,0.807,RP,1.0
2021,62920,노건우,삼성,,False,19.0,16,4.73684,1.26,0,2,0,1,0,19,14,1,10,2,10,10,9.0,6.63,1.36,23.2,17.1,-0.378,0.05,1.188,RP,1.0
2022,62920,노건우,삼성,,False,2.0,3,4.5,2.5,0,0,0,0,0,2,3,0,2,0,1,1,9.0,13.5,0.67,18.2,27.3,-0.085,0.0,0.667,RP,1.0
2023,62920,노건우,삼성,,False,12.333,16,7.2973,2.19,0,1,0,1,0,12,5,1,22,3,11,10,8.76,3.65,2.4,18.5,7.7,-0.505,-0.23,0.771,RP,1.0
2010,73211,노경은,두산,투수,False,9.333,6,13.5,1.93,0,0,0,0,0,8,1,1,17,1,14,14,7.71,0.96,8.0,17.0,2.1,0.0,,1.556,RP,1.0
2011,73211,노경은,두산,투수,False,62.667,44,5.17021,1.71,5,2,3,3,0,53,36,2,71,3,39,36,7.61,5.17,1.47,18.3,12.4,0.0,,1.424,RP,1.0
2012,73211,노경은,두산,투수,True,146.0,42,2.5274,1.2,12,6,0,7,15,133,69,8,106,6,46,41,8.2,4.25,1.93,21.9,11.3,0.0,,3.476,SP,1.0
2013,73211,노경은,두산,투수,True,180.333,30,3.84288,1.36,10,10,0,0,18,153,75,6,171,16,88,77,7.64,3.74,2.04,20.0,9.8,0.0,,6.011,SP,1.0
2014,73211,노경은,두산,투수,False,109.667,29,9.02736,1.97,3,15,0,0,4,74,69,1,147,14,117,110,6.07,5.66,1.07,14.0,13.0,-3.845,0.37,3.782,SP,1.0
2015,73211,노경은,두산,투수,False,58.333,47,4.47429,1.61,1,4,4,0,0,41,37,5,57,6,33,29,6.33,5.71,1.11,15.4,13.9,-1.336,-0.02,1.241,RP,1.0
2016,73211,노경은,롯데,투수,False,94.667,22,6.84507,1.86,3,12,0,0,6,52,48,5,128,13,79,72,4.9399999999999995,4.5600000000000005,1.08,11.5,10.6,-4.337,0.25,4.303,SP,1.0
2017,73211,노경은,롯데,투수,False,14.667,9,11.6591,2.25,0,2,0,0,1,8,8,1,25,4,19,19,4.91,4.91,1.0,10.5,10.5,-0.715,-0.58,1.63,SP,1.0
2018,73211,노경은,롯데,투수,False,132.333,33,4.0806,1.19,9,6,0,0,10,89,30,4,127,18,65,60,6.05,2.04,2.97,16.3,5.5,1.478,3.0,4.01,SP,1.0
2020,73211,노경은,롯데,투수,False,133.0,25,4.87218,1.35,5,10,0,0,11,77,40,3,139,19,76,72,5.21,2.71,1.93,13.4,7.0,0.933,1.85,5.32,SP,1.0
2021,73211,노경은,롯데,투수,False,56.333,14,7.34911,1.83,3,5,0,0,1,35,24,4,79,11,50,46,5.59,3.83,1.46,13.0,8.9,-1.202,-0.6,4.024,SP,1.0
2022,73211,노경은,SSG,투수,False,79.667,41,3.05021,1.15,12,5,1,7,2,55,23,4,69,5,28,27,6.21,2.6,2.39,17.0,7.1,2.651,2.0,1.943,SP,1.0
2023,73211,노경은,SSG,투수,False,83.0,76,3.57831,1.37,9,5,2,30,0,65,36,4,78,4,33,33,7.05,3.9,1.81,18.2,10.1,3.825,1.71,1.092,SU,1.0
2024,73211,노경은,SSG,투수,False,83.667,77,2.90438,1.23,8,5,0,38,0,71,32,4,71,10,30,27,7.64,3.44,2.22,20.3,9.1,3.373,2.24,1.087,SU,1.0
2025,73211,노경은,SSG,투수,False,80.0,77,2.1375,1.06,3,6,3,35,0,68,25,3,60,2,22,19,7.65,2.81,2.72,21.3,7.8,3.104,3.06,1.039,SU,1.0
2026,73211,노경은,SSG,투수,False,43.667,48,5.152671755725191,1.49,2,5,0,9,0,34,18,2,47,11,27,25,7.01,3.71,1.89,17.5,9.3,-2.276,-0.2,0.91,RP,0.757
2022,52833,노바,SSG,,False,63.667,12,6.50262,1.62,3,4,0,0,5,32,25,5,78,5,50,46,4.52,3.53,1.28,11.0,8.6,-0.393,-0.41,5.306,SP,1.0
2020,69737,노시환,한화,내야수,False,1.0,1,18.0,1.0,0,0,0,0,0,0,0,1,1,1,2,2,0.0,0.0,99.99,0.0,0.0,0.007,0.0,1.0,RP,1.0
2021,69996,노시훈,NC,,False,4.667,5,3.85714,1.71,0,0,0,0,0,2,4,0,4,1,2,2,3.86,7.71,0.5,9.1,18.2,-0.021,-0.01,0.933,RP,1.0
2022,52394,노운현,키움,,False,4.0,5,11.25,3.25,0,1,0,0,0,3,3,1,10,0,7,5,6.75,6.75,1.0,10.7,10.7,-0.351,-0.2,0.8,RP,1.0
2014,78149,노진용,삼성,,False,0.333,1,27.0,3.0,0,0,0,0,0,1,0,0,1,1,1,1,27.0,0.0,99.99,50.0,0.0,-0.013,-0.04,0.333,RP,1.0
2022,52637,놀린,KIA,투수,False,124.0,21,2.46774,1.12,8,8,0,0,13,108,24,8,115,7,41,34,7.84,1.74,4.5,21.1,4.7,3.5709999999999997,3.59,5.905,SP,1.0
2010,79859,니코스키,넥센,,False,32.333,9,6.68041,1.7,2,6,0,0,2,25,17,5,38,3,24,24,6.96,4.73,1.47,16.7,11.3,0.0,,3.593,SP,1.0
2011,61240,니퍼트,두산,,True,187.0,29,2.5508,1.14,15,6,0,0,19,150,64,10,150,8,61,53,7.22,3.08,2.34,19.7,8.4,0.0,,6.448,SP,1.0
2012,61240,니퍼트,두산,,True,194.0,29,3.20103,1.15,11,10,0,0,20,126,68,8,156,15,70,69,5.85,3.15,1.85,16.1,8.7,0.0,,6.69,SP,1.0
2013,61240,니퍼트,두산,,False,118.0,19,3.58475,1.2,12,4,0,0,12,104,34,4,108,7,52,47,7.93,2.59,3.06,21.6,7.1,0.0,,6.211,SP,1.0
2014,61240,니퍼트,두산,,True,179.333,30,3.81413,1.3,14,7,0,1,16,158,48,6,186,17,83,76,7.93,2.41,3.29,20.8,6.3,0.549,4.15,5.978,SP,1.0
2015,61240,니퍼트,두산,,False,90.0,20,5.1,1.52,6,5,0,0,6,76,33,4,104,4,54,51,7.6,3.3,2.3,18.8,8.2,0.418,1.38,4.5,SP,1.0
2016,61240,니퍼트,두산,,True,167.667,28,2.95229,1.24,22,3,0,0,19,142,57,9,151,15,61,55,7.62,3.06,2.49,20.3,8.1,2.952,5.15,5.988,SP,1.0
2017,61240,니퍼트,두산,,True,179.667,30,4.05751,1.4,14,8,0,0,20,161,77,10,175,20,88,81,8.06,3.86,2.09,20.6,9.8,2.02,2.68,5.989,SP,1.0
2018,61240,니퍼트,KT,,True,175.667,29,4.25237,1.41,8,8,0,0,20,165,39,9,209,26,88,83,8.45,2.0,4.23,21.6,5.1,1.759,4.82,6.057,SP,1.0
2017,67815,다이아몬드,SK,,False,134.333,24,4.42184,1.47,10,7,0,0,11,59,35,9,163,11,69,66,3.95,2.34,1.69,10.2,6.0,2.09,2.49,5.597,SP,1.0
2019,69861,다익손,롯데,투수,True,149.333,29,4.33929,1.37,6,10,0,0,7,117,40,6,164,15,81,72,7.05,2.41,2.92,18.0,6.2,1.61,2.28,5.149,SP,1.0
2021,51636,다카하시,KIA,투수,False,36.667,7,4.90909,1.58,1,3,0,0,2,46,12,4,46,4,22,20,11.29,2.95,3.83,27.4,7.1,0.033,0.5,5.238,SP,1.0
2026,56002,대니엘,KT,투수,False,5.0,1,3.6,0.8,0,0,0,0,0,5,2,0,2,1,2,2,9.0,3.6,2.5,27.8,11.1,0.131,0.08,5.0,SP,0.757
2024,54804,더거,SSG,,False,22.667,6,12.7059,2.07,0,3,0,0,1,18,10,3,37,2,33,32,7.15,3.97,1.8,15.5,8.6,-0.662,-0.66,3.778,SP,1.0
2010,60139,더마트레,LG,,False,61.333,15,8.21739,1.96,4,6,0,0,3,29,37,3,83,10,58,56,4.26,5.43,0.78,9.7,12.3,0.0,,4.089,SP,1.0
2022,52950,더모디,NC,투수,False,39.667,8,4.53782,1.39,3,5,0,0,2,37,13,7,42,3,27,20,8.39,2.95,2.85,20.7,7.3,-0.007,0.1,4.958,SP,1.0
2020,50040,데스파이네,KT,,True,207.667,35,4.33387,1.45,15,8,0,0,18,152,68,8,233,18,105,100,6.59,2.95,2.24,16.8,7.5,2.42,3.98,5.933,SP,1.0
2021,50040,데스파이네,KT,,True,188.667,33,3.38693,1.34,13,10,0,0,21,165,78,7,175,10,81,71,7.87,3.72,2.12,20.1,9.5,2.942,4.6899999999999995,5.717,SP,1.0
2022,50040,데스파이네,KT,,True,163.0,30,4.52761,1.51,8,12,0,0,11,123,48,9,198,14,94,82,6.79,2.65,2.56,17.0,6.6,1.523,1.47,5.433,SP,1.0
2025,55536,데이비슨,롯데,,False,123.333,22,3.6486486486486487,1.39,10,5,0,0,11,119,48,5,123,10,53,50,8.68,3.5,2.48,22.5,9.1,2.68,2.66,5.606,SP,1.0
2025,54944,데이비슨,NC,내야수,False,0.333,1,0.0,0.0,0,0,0,0,0,0,0,0,0,0,0,0,0.0,0.0,99.99,0.0,0.0,0.007,0.0,0.333,RP,1.0
2010,60729,데폴라,한화,,False,131.667,41,4.57975,1.45,6,12,3,1,7,68,58,10,133,8,74,67,4.65,3.96,1.17,11.8,10.1,0.0,,3.211,SP,1.0
2011,60729,데폴라,한화,,False,44.333,17,5.4812,1.69,1,3,0,0,1,34,24,5,51,3,29,27,6.9,4.87,1.42,17.0,12.0,0.0,,2.608,SP,1.0
2025,66965,도태훈,NC,내야수,False,1.0,1,9.0,3.0,0,0,0,0,0,1,0,0,3,1,1,1,9.0,0.0,99.99,16.7,0.0,0.0,0.0,1.0,RP,1.0
2018,68526,듀브론트,롯데,투수,False,137.333,25,4.91505,1.63,6,9,0,0,11,109,62,8,162,13,82,75,7.14,4.06,1.76,17.3,9.9,0.535,2.72,5.493,SP,1.0
2023,53233,딜런,두산,,False,9.0,2,8.0,1.67,0,1,0,0,0,2,5,0,10,2,9,8,2.0,5.0,0.4,4.4,11.1,-0.145,-0.25,4.5,SP,1.0
2016,66825,라라,SK,,False,48.333,17,6.70345,1.99,2,6,0,1,2,40,30,1,66,5,46,36,7.45,5.59,1.33,17.2,12.9,-0.678,-0.18,2.843,SP,1.0
2012,62699,라미레즈,KIA,,False,11.667,10,3.85714,1.54,2,1,0,1,0,5,3,0,15,1,5,5,3.86,2.31,1.67,9.8,5.9,0.0,,1.167,RP,1.0
2022,52707,라미레즈,한화,,False,65.333,13,4.13265,1.36,2,6,0,0,6,47,37,7,52,4,33,30,6.47,5.1,1.27,16.5,13.0,0.95,0.56,5.026,SP,1.0
2024,54666,라우어,KIA,투수,False,34.667,7,4.93269,1.36,2,2,0,0,2,37,12,3,35,3,19,19,9.61,3.12,3.08,24.7,8.0,0.422,0.64,4.952,SP,1.0
2019,69439,라이블리,삼성,투수,False,57.0,9,3.94737,1.12,4,4,0,0,5,58,13,5,51,4,26,25,9.16,2.05,4.46,24.6,5.5,0.843,1.5699999999999998,6.333,SP,1.0
2020,69439,라이블리,삼성,투수,False,112.0,21,4.25893,1.22,6,7,0,0,7,95,39,12,98,11,54,53,7.63,3.13,2.44,19.9,8.2,1.2,2.77,5.333,SP,1.0
2021,69439,라이블리,삼성,투수,False,33.333,6,4.05,1.08,0,1,0,0,4,38,13,5,23,4,16,15,10.26,3.51,2.92,27.1,9.3,0.657,0.62,5.555,SP,1.0
2010,60649,라이트,KIA,,False,9.0,2,5.0,1.56,0,1,0,0,0,12,9,2,5,0,5,5,12.0,9.0,1.33,27.9,20.9,0.0,,4.5,SP,1.0
2020,50912,라이트,NC,,True,157.667,29,4.68076,1.44,11,9,0,0,13,125,63,10,164,12,87,82,7.14,3.6,1.98,18.0,9.1,-0.109,2.66,5.437,SP,1.0
2025,55903,라일리,NC,투수,True,172.0,30,3.4534883720930236,1.12,17,7,0,0,16,216,56,3,136,18,76,66,11.3,2.93,3.86,30.5,7.9,3.655,3.88,5.733,SP,1.0
2026,55903,라일리,NC,투수,False,81.667,14,2.9755102040816324,1.08,5,0,0,0,8,109,20,0,68,12,28,27,12.01,2.2,5.45,33.3,6.1,1.902,2.48,5.833,SP,0.757
2017,67423,레나도,삼성,,False,49.0,11,6.79592,1.98,2,3,0,0,1,28,27,6,70,11,46,37,5.14,4.96,1.04,11.5,11.1,-1.183,-0.44,4.455,SP,1.0
2010,60430,레딩,삼성,,False,35.333,9,5.09434,1.44,1,3,0,1,1,19,11,2,40,2,20,20,4.84,2.8,1.73,12.4,7.2,0.0,,3.926,SP,1.0
2024,54443,레예스,삼성,투수,True,144.0,26,3.8125,1.31,11,4,0,0,12,114,30,7,159,15,65,61,7.13,1.88,3.8,18.5,4.9,2.388,3.49,5.538,SP,1.0
2025,54443,레예스,삼성,투수,False,50.0,10,4.14,1.26,4,3,0,0,2,35,12,3,51,5,26,23,6.3,2.16,2.92,16.3,5.6,0.5,0.72,5.0,SP,1.0
2016,66446,레온,삼성,,False,8.0,2,11.25,2.13,0,1,0,0,0,7,1,1,16,2,10,10,7.88,1.13,7.0,17.5,2.5,-0.51,-0.12,4.0,SP,1.0
2013,63857,레이예스,SK,,True,173.0,30,4.83815,1.43,8,13,0,0,15,135,91,7,157,15,99,93,7.02,4.73,1.48,18.0,12.1,0.0,,5.767,SP,1.0
2014,63857,레이예스,SK,,False,78.333,13,6.54894,1.8,2,7,0,0,4,41,38,3,103,10,64,57,4.71,4.37,1.08,11.1,10.3,-2.246,0.53,6.026,SP,1.0
2015,65546,레일리,롯데,투수,True,179.333,31,3.9145,1.33,11,9,0,0,19,134,57,15,182,20,93,78,6.72,2.86,2.35,17.4,7.4,0.916,3.95,5.785,SP,1.0
2016,65546,레일리,롯데,투수,True,184.667,31,4.33755,1.4,8,10,0,0,16,147,51,17,207,21,105,89,7.16,2.49,2.88,18.2,6.3,-1.259,4.09,5.957,SP,1.0
2017,65546,레일리,롯데,투수,True,187.333,30,3.79537,1.3,13,7,0,0,18,156,44,17,199,19,87,79,7.49,2.11,3.55,19.5,5.5,3.151,5.19,6.244,SP,1.0
2018,65546,레일리,롯데,투수,True,178.333,30,4.74393,1.31,11,13,0,0,15,178,54,18,180,24,106,94,8.98,2.73,3.3,23.0,7.0,0.548,3.66,5.944,SP,1.0
2019,65546,레일리,롯데,투수,True,181.0,30,3.87845,1.41,5,14,0,0,19,140,65,8,191,10,88,78,6.96,3.23,2.15,17.7,8.2,2.652,3.8,6.033,SP,1.0
2025,55912,로건,NC,투수,True,173.0,32,4.526011560693641,1.43,7,12,0,0,16,149,67,10,180,18,98,87,7.75,3.49,2.22,19.4,8.7,1.404,1.71,5.406,SP,1.0
2026,55912,로건,KT,투수,False,49.667,9,3.261744966442953,1.37,4,1,0,0,4,36,15,2,53,5,18,18,6.52,2.72,2.4,17.1,7.1,1.065,1.23,5.519,SP,0.757
2022,52645,로니,KIA,,False,44.333,10,5.88722,1.69,3,3,0,0,1,32,28,3,47,7,36,29,6.5,5.68,1.14,15.4,13.5,-0.49,-0.6,4.433,SP,1.0
2013,63462,로드리게스,삼성,,False,57.333,11,4.39535,1.38,3,5,0,0,3,46,30,2,49,6,29,28,7.22,4.71,1.53,18.5,12.0,0.0,,5.212,SP,1.0
2026,56531,로드리게스,롯데,투수,True,118.0,21,3.8135593220338984,1.32,7,8,0,0,11,136,41,5,115,15,55,50,10.37,3.13,3.32,26.5,8.0,1.433,2.47,5.619,SP,0.757
2016,66050,로위,KT,투수,False,60.0,14,6.3,1.88,3,6,0,0,4,68,39,5,74,6,46,42,10.2,5.85,1.74,23.1,13.2,-1.586,0.89,4.286,SP,1.0
2015,65742,로저스,한화,투수,False,75.667,10,2.97357,1.08,6,2,0,0,6,60,20,4,62,2,26,25,7.14,2.38,3.0,20.3,6.8,2.448,3.03,7.567,SP,1.0
2016,65742,로저스,한화,투수,False,37.667,6,4.30088,1.43,2,3,0,0,3,24,12,2,42,3,22,18,5.73,2.87,2.0,15.0,7.5,0.036,0.86,6.278,SP,1.0
2018,65742,로저스,넥센,투수,False,83.0,13,3.79518,1.27,5,4,0,0,8,65,16,5,89,7,40,35,7.05,1.73,4.06,18.8,4.6,0.859,2.28,6.385,SP,1.0
2025,55322,로젠버그,키움,투수,False,75.333,13,3.2256637168141595,1.17,4,4,0,0,6,80,25,4,63,5,33,27,9.56,2.99,3.2,25.0,7.8,1.357,1.65,5.795,SP,1.0
2026,55322,로젠버그,키움,투수,False,30.0,7,4.8,1.5699999999999998,0,2,0,0,0,32,10,3,37,2,16,16,9.6,3.0,3.2,23.4,7.3,0.131,0.52,4.286,SP,0.757
2017,67033,로치,KT,투수,True,165.0,28,4.69091,1.58,4,15,0,0,12,99,60,13,200,18,106,86,5.4,3.27,1.65,13.3,8.1,0.181,2.41,5.893,SP,1.0
2021,51234,로켓,두산,,False,124.0,21,2.97581,1.4,9,9,0,0,14,112,42,12,132,5,44,41,8.13,3.05,2.67,20.7,7.8,2.557,3.6,5.905,SP,1.0
2010,79644,로페즈,KIA,,True,166.0,27,4.66265,1.34,4,10,1,0,12,83,43,8,180,22,92,86,4.5,2.33,1.93,11.6,6.0,0.0,,6.148,SP,1.0
2011,79644,로페즈,KIA,,True,153.667,26,3.98265,1.16,11,9,1,0,13,106,26,9,153,14,71,68,6.21,1.52,4.08,16.8,4.1,0.0,,5.91,SP,1.0
2012,79644,로페즈,SK,,False,28.0,5,3.85714,1.04,3,2,0,0,3,13,3,1,26,3,13,12,4.18,0.96,4.33,11.8,2.7,0.0,,5.6,SP,1.0
2019,69940,루친스키,NC,투수,True,177.333,30,3.04511,1.18,9,9,0,0,17,119,45,11,164,13,68,60,6.04,2.28,2.64,16.3,6.2,3.936,3.93,5.911,SP,1.0
2020,69940,루친스키,NC,투수,True,183.0,30,3.04918,1.26,19,5,0,0,20,167,57,11,173,14,67,62,8.21,2.8,2.93,21.7,7.4,5.118,5.58,6.1,SP,1.0
2021,69940,루친스키,NC,투수,True,178.667,30,3.17351,1.2,15,10,0,0,19,177,55,10,160,12,76,63,8.92,2.77,3.22,23.5,7.3,4.052,4.73,5.956,SP,1.0
2022,69940,루친스키,NC,투수,True,193.667,31,2.97418,1.13,10,12,0,0,22,194,34,8,184,14,77,64,9.02,1.58,5.71,24.3,4.3,5.549,4.96,6.247,SP,1.0
2015,65137,루카스,LG,,True,171.667,33,4.92816,1.65,10,11,0,1,12,151,108,14,175,11,103,94,7.92,5.66,1.4,19.2,13.8,1.686,0.61,5.202,SP,1.0
2019,63103,류원석,LG,,False,3.333,2,5.4,2.1,0,0,0,0,0,4,5,0,2,1,2,2,10.8,13.5,0.8,23.5,29.4,0.05,-0.1,1.666,RP,1.0
2020,63103,류원석,LG,,False,4.667,4,11.5714,4.07,0,1,0,0,0,5,11,4,8,1,14,6,9.64,21.21,0.45,13.5,29.7,-0.33,-0.49,1.167,RP,1.0
2021,63103,류원석,LG,,False,6.0,6,6.0,1.67,0,0,0,0,0,8,9,1,1,0,4,4,12.0,13.5,0.89,28.6,32.1,0.065,-0.04,1.0,RP,1.0
2023,63103,류원석,한화,,False,2.0,1,4.5,0.5,0,0,0,0,0,1,0,1,1,0,1,1,4.5,0.0,99.99,12.5,0.0,-0.001,0.01,2.0,RP,1.0
2017,65908,류재인,NC,,False,0.667,1,0.0,1.5,0,0,0,0,0,0,0,0,1,0,0,0,0.0,0.0,99.99,0.0,0.0,0.017,0.02,0.667,RP,1.0
2018,65908,류재인,NC,,False,1.667,1,16.2,1.8,0,0,0,0,0,2,2,3,1,1,3,3,10.8,10.8,1.0,18.2,18.2,-0.012,-0.09,1.667,RP,1.0
2013,63111,류제국,LG,,False,111.667,20,3.86866,1.42,12,2,0,0,8,88,50,9,109,11,50,48,7.09,4.03,1.76,18.1,10.3,0.0,,5.583,SP,1.0
2014,63111,류제국,LG,,True,147.667,27,5.11964,1.38,9,7,0,0,10,128,58,13,146,13,100,84,7.8,3.53,2.21,19.4,8.8,-2.225,2.27,5.469,SP,1.0
2015,63111,류제국,LG,,False,130.0,24,4.77692,1.45,4,9,0,0,11,88,55,14,134,16,72,69,6.09,3.81,1.6,15.4,9.6,-0.172,0.42,5.417,SP,1.0
2016,63111,류제국,LG,,True,161.333,29,4.29545,1.38,13,11,0,0,14,138,70,21,152,14,83,77,7.7,3.9,1.97,19.7,10.0,-0.631,2.41,5.563,SP,1.0
2017,63111,류제국,LG,,False,131.333,25,5.34518,1.48,8,6,0,0,7,107,55,19,140,10,87,78,7.33,3.77,1.95,18.1,9.3,-0.295,-0.29,5.253,SP,1.0
2019,63111,류제국,LG,,False,53.333,11,4.21875,1.56,0,2,0,0,3,31,26,4,57,5,27,25,5.23,4.39,1.19,12.8,10.7,0.109,0.05,4.848,SP,1.0
2020,65949,류진욱,NC,투수,False,3.0,3,6.0,1.67,0,0,0,0,0,3,1,0,4,1,2,2,9.0,3.0,3.0,21.4,7.1,0.055,-0.01,1.0,RP,1.0
2021,65949,류진욱,NC,투수,False,43.333,44,2.07692,1.43,1,0,1,7,0,31,22,0,40,2,15,10,6.44,4.57,1.41,16.3,11.6,0.696,0.78,0.985,RP,1.0
2022,65949,류진욱,NC,투수,False,46.333,51,4.85612,1.71,4,2,0,4,0,37,31,4,48,2,29,25,7.19,6.02,1.19,17.3,14.5,-0.032,-0.1,0.908,RP,1.0
2023,65949,류진욱,NC,투수,False,67.0,70,2.14925,1.09,1,4,0,22,0,62,32,1,41,1,19,16,8.33,4.3,1.94,23.1,11.9,1.872,1.95,0.957,SU,1.0
2024,65949,류진욱,NC,투수,False,42.333,50,5.74016,1.6800000000000002,2,1,0,10,0,37,19,2,52,4,30,27,7.87,4.04,1.95,19.1,9.8,-0.527,0.08,0.847,RP,1.0
2025,65949,류진욱,NC,투수,False,66.0,62,3.2727272727272725,1.18,4,3,29,0,0,57,28,6,50,6,27,24,7.77,3.82,2.04,20.7,10.2,3.348,1.23,1.065,CL,1.0
2026,65949,류진욱,NC,투수,False,24.333,31,9.616438356164384,1.97,2,7,3,1,0,23,14,5,34,6,26,26,8.51,5.18,1.64,18.4,11.2,-1.912,-0.88,0.785,RP,0.757
2010,94228,류택현,LG,,False,4.667,16,7.71429,3.0,0,0,0,0,0,3,4,1,10,0,6,4,5.79,7.71,0.75,10.7,14.3,0.0,,0.292,RP,1.0
2012,94228,류택현,LG,,False,24.333,30,3.32877,1.15,3,1,0,3,0,15,8,1,20,2,9,9,5.55,2.96,1.88,15.3,8.2,0.0,,0.811,RP,1.0
2013,94228,류택현,LG,,False,29.333,58,3.06818,1.26,0,0,0,16,0,23,6,2,31,2,10,10,7.06,1.84,3.83,18.4,4.8,0.0,,0.506,SU,1.0
2014,94228,류택현,LG,,False,1.0,2,27.0,3.0,0,0,0,0,0,0,0,1,3,2,3,3,0.0,0.0,99.99,0.0,0.0,-0.064,-0.29,0.5,RP,1.0
2010,76715,류현진,한화,투수,True,192.667,25,1.8218,1.01,16,4,0,0,23,187,45,9,149,11,42,39,8.74,2.1,4.16,24.7,6.0,0.0,,7.707,SP,1.0
2011,76715,류현진,한화,투수,False,126.0,24,3.35714,1.1,11,7,0,0,11,128,38,1,101,12,54,47,9.14,2.71,3.37,24.6,7.3,0.0,,5.25,SP,1.0
2012,76715,류현진,한화,투수,True,182.667,27,2.66058,1.09,9,9,0,0,22,210,46,5,153,12,58,54,10.35,2.27,4.57,28.6,6.3,0.0,,6.765,SP,1.0
2024,76715,류현진,한화,투수,True,158.333,28,3.86526,1.36,10,8,0,0,16,135,33,3,182,12,78,68,7.67,1.88,4.09,19.9,4.9,2.232,3.72,5.655,SP,1.0
2025,76715,류현진,한화,투수,False,139.333,26,3.229665071770335,1.21,9,7,0,0,12,122,25,4,144,12,54,50,7.88,1.61,4.88,21.3,4.4,3.154,3.64,5.359,SP,1.0
2026,76715,류현진,한화,투수,False,103.667,19,3.906752411575563,1.23,8,4,0,0,9,84,15,5,112,7,53,45,7.29,1.3,5.6,19.2,3.4,2.09,2.22,5.456,SP,0.757
2016,64029,류희운,KT,,False,8.333,5,10.8,1.92,0,0,0,0,0,3,3,0,13,1,10,10,3.24,3.24,1.0,7.5,7.5,-0.055,-0.1,1.667,RP,1.0
2017,64029,류희운,KT,,False,81.0,24,7.66667,1.88,4,4,0,0,1,52,53,8,99,18,72,69,5.78,5.89,0.98,13.2,13.4,-1.889,-0.46,3.375,SP,1.0
2018,64029,류희운,KT,,False,44.0,29,4.90909,1.52,1,1,0,1,1,28,14,2,53,11,25,24,5.73,2.86,2.0,14.4,7.2,-0.136,0.28,1.517,SP,1.0
2019,64029,류희운,KT,,False,2.333,1,23.1429,4.29,0,1,0,0,0,1,2,0,8,0,6,6,3.86,7.71,0.5,5.9,11.8,-0.351,-0.19,2.333,RP,1.0
2020,64029,류희운,KT,,False,8.333,7,10.8,2.16,0,1,0,0,0,7,4,0,14,1,10,10,7.56,4.32,1.75,17.1,9.8,-0.383,-0.17,1.19,RP,1.0
2022,64029,류희운,한화,,False,11.667,15,8.48571,1.89,0,1,0,0,0,10,7,2,15,2,11,11,7.71,5.4,1.43,17.9,12.5,-0.52,-0.27,0.778,RP,1.0
2023,64029,류희운,한화,,False,4.0,3,11.25,2.0,0,0,0,0,0,4,2,0,6,1,5,5,9.0,4.5,2.0,20.0,10.0,-0.011,-0.11,1.333,RP,1.0
2021,51834,르위키,SSG,,False,14.333,4,3.76744,1.19,1,0,0,0,2,9,2,0,15,2,6,6,5.65,1.26,4.5,16.1,3.6,0.431,0.3,3.583,SP,1.0
2014,64157,리오단,LG,,True,168.0,28,3.96429,1.27,9,10,0,0,16,77,37,10,177,13,80,74,4.13,1.98,2.08,10.9,5.2,0.874,2.24,6.0,SP,1.0
2026,56146,리오스,LG,,False,17.333,14,3.6346153846153846,1.33,1,2,2,5,0,17,7,0,16,2,7,7,8.83,3.63,2.43,23.0,9.5,0.184,0.38,1.238,SU,0.757
2011,61158,리즈,LG,,True,164.667,30,3.88057,1.41,11,13,0,0,16,122,84,15,149,11,79,71,6.67,4.59,1.45,17.0,11.7,0.0,,5.489,SP,1.0
2012,61158,리즈,LG,,True,151.333,32,3.68722,1.36,5,12,5,0,14,144,68,9,138,6,68,62,8.56,4.04,2.12,22.0,10.4,0.0,,4.729,SP,1.0
2013,61158,리즈,LG,,True,202.667,32,3.06414,1.19,10,13,0,0,22,188,88,20,153,11,78,69,8.35,3.91,2.14,22.5,10.5,0.0,,6.333,SP,1.0
2015,65543,린드블럼,롯데,,True,210.0,32,3.55714,1.18,13,11,0,0,23,180,52,12,196,28,86,83,7.71,2.23,3.46,20.9,6.0,3.299,6.08,6.562,SP,1.0
2016,65543,린드블럼,롯데,,True,177.333,30,5.2782,1.55,10,13,0,0,13,148,77,9,197,28,109,104,7.51,3.91,1.92,18.7,9.7,-1.264,2.88,5.911,SP,1.0
2017,65543,린드블럼,롯데,,False,72.667,12,3.7156,1.16,5,3,0,0,8,76,18,2,66,10,31,30,9.41,2.23,4.22,25.7,6.1,1.204,2.2,6.056,SP,1.0
2018,65543,린드블럼,두산,,True,168.667,26,2.88142,1.07,15,4,0,0,21,157,38,8,142,16,56,54,8.38,2.03,4.13,23.1,5.6,3.954,5.28,6.487,SP,1.0
2019,65543,린드블럼,두산,,True,194.667,30,2.49658,1.0,20,3,0,0,22,189,29,6,165,13,57,54,8.74,1.34,6.52,24.5,3.8,6.117,6.24,6.489,SP,1.0
2016,66049,마리몬,KT,,False,62.0,12,5.22581,1.44,6,4,0,0,5,45,29,6,60,3,38,36,6.53,4.21,1.55,16.4,10.5,-0.778,1.4,5.167,SP,1.0
2012,62859,마리오,SK,,False,95.333,18,3.3986,1.33,6,3,0,0,8,49,39,5,88,6,38,36,4.63,3.68,1.26,12.2,9.7,0.0,,5.296,SP,1.0
2014,64219,마야,두산,,False,63.0,11,4.85714,1.44,2,4,0,0,4,54,24,4,67,6,36,34,7.71,3.43,2.25,19.4,8.6,0.108,1.11,5.727,SP,1.0
2015,64219,마야,두산,,False,68.333,13,8.16585,1.67,2,5,0,0,4,62,31,5,83,6,62,62,8.17,4.08,2.0,19.6,9.8,-0.339,-0.22,5.256,SP,1.0
2016,66748,마에스트리,한화,,False,28.667,9,9.4186,2.48,2,2,0,0,2,23,34,1,37,4,37,30,7.22,10.67,0.68,14.6,21.7,-1.888,-0.56,3.185,SP,1.0
2010,70329,마일영,한화,,False,43.667,47,7.00763,1.63,1,3,2,10,0,26,20,1,51,9,37,34,5.36,4.12,1.3,13.0,10.0,0.0,,0.929,RP,1.0
2011,70329,마일영,한화,,False,69.667,51,5.8134,1.78,2,5,0,8,0,32,49,3,75,4,46,45,4.13,6.33,0.65,9.8,15.1,0.0,,1.366,RP,1.0
2012,70329,마일영,한화,,False,61.667,55,5.54595,1.69,2,3,1,6,0,31,18,2,86,6,46,38,4.52,2.63,1.72,10.7,6.2,0.0,,1.121,RP,1.0
2013,70329,마일영,한화,,False,12.333,13,6.56757,1.86,0,1,0,0,0,6,6,2,17,1,9,9,4.38,4.38,1.0,10.0,10.0,0.0,,0.949,RP,1.0
2014,70329,마일영,한화,,False,20.0,19,8.55,2.05,0,0,0,1,0,8,9,4,32,1,20,19,3.6,4.05,0.89,7.5,8.5,-0.59,0.09,1.053,RP,1.0
2015,70329,마일영,한화,,False,0.333,2,0.0,3.0,0,0,0,0,0,0,1,1,0,0,1,0,0.0,27.0,0.0,0.0,20.0,-0.039,-0.03,0.166,RP,1.0
2010,72749,마정길,넥센,,False,56.333,58,3.0355,1.4,3,2,0,2,0,43,28,6,51,6,23,19,6.87,4.47,1.54,17.3,11.2,0.0,,0.971,RP,1.0
2011,72749,마정길,넥센,,False,48.333,45,3.35172,1.26,1,4,0,8,0,46,24,7,37,3,20,18,8.57,4.47,1.92,22.5,11.8,0.0,,1.074,RP,1.0
2013,72749,마정길,넥센,,False,33.0,29,4.09091,1.52,4,1,1,1,0,31,18,3,32,1,20,15,8.45,4.91,1.72,20.8,12.1,0.0,,1.138,RP,1.0
2014,72749,마정길,넥센,,False,64.0,56,4.78125,1.36,3,3,0,7,0,55,30,12,57,9,37,34,7.73,4.22,1.83,19.3,10.5,0.147,-0.16,1.143,RP,1.0
2015,72749,마정길,넥센,,False,37.333,35,5.0625,1.42,0,0,0,0,0,33,17,6,36,4,22,21,7.96,4.1,1.94,19.9,10.2,0.713,0.14,1.067,RP,1.0
2016,72749,마정길,넥센,,False,63.667,61,4.09948,1.49,6,1,0,12,0,52,34,4,61,10,33,29,7.35,4.8100000000000005,1.53,18.4,12.1,-0.296,0.46,1.044,RP,1.0
2017,72749,마정길,넥센,,False,10.333,7,10.4516,1.74,0,0,0,0,0,7,4,1,14,3,12,12,6.1,3.48,1.75,13.7,7.8,-0.304,-0.23,1.476,RP,1.0
2014,64430,마틴,삼성,,True,128.0,23,4.78125,1.4,9,6,0,0,13,84,31,7,148,10,69,68,5.91,2.18,2.71,14.9,5.5,0.293,2.83,5.565,SP,1.0
2011,61854,매그레인,SK,,False,53.667,16,5.36646,1.53,2,6,0,0,2,38,19,4,63,9,32,32,6.37,3.19,2.0,16.2,8.1,0.0,,3.354,SP,1.0
2011,61444,매티스,삼성,,False,64.333,10,2.51813,1.45,5,2,0,0,8,32,34,0,59,1,19,18,4.48,4.76,0.94,11.8,12.5,0.0,,6.433,SP,1.0
2019,69413,맥과이어,삼성,투수,False,112.333,21,5.04748,1.65,4,8,0,0,7,100,66,6,119,13,68,63,8.01,5.29,1.52,19.5,12.9,0.694,1.25,5.349,SP,1.0
2016,66324,맥그레거,넥센,,False,90.0,14,5.2,1.42,6,3,0,0,6,61,20,2,108,13,56,52,6.1,2.0,3.05,15.8,5.2,-0.611,1.73,6.429,SP,1.0
2023,53833,맥카티,SSG,투수,False,130.0,24,3.39231,1.3,9,5,0,0,13,116,45,1,124,10,58,49,8.03,3.12,2.58,21.4,8.3,2.09,2.46,5.417,SP,1.0
2023,53322,맥키니,키움,,False,59.333,12,6.52247,1.63,1,9,0,0,4,39,36,1,61,10,46,43,5.92,5.46,1.08,14.6,13.4,-0.922,-0.62,4.944,SP,1.0
2017,67948,맨쉽,NC,,False,112.667,21,3.67456,1.29,12,4,0,0,12,86,33,7,112,7,51,46,6.87,2.64,2.61,18.0,6.9,1.878,2.47,5.365,SP,1.0
2023,53645,메디나,KIA,,False,58.0,12,6.05172,1.6,2,6,0,0,3,36,29,9,64,6,42,39,5.59,4.5,1.24,13.4,10.8,-0.609,-0.28,4.833,SP,1.0
2025,55342,메르세데스,키움,투수,False,46.333,8,4.467625899280575,1.36,3,3,0,0,2,41,9,0,54,5,24,23,7.96,1.75,4.5600000000000005,20.8,4.6,0.745,0.7,5.792,SP,1.0
2021,51619,멩덴,KIA,투수,False,120.0,21,3.6,1.2,8,3,0,0,10,104,35,8,109,12,53,48,7.8,2.63,2.97,20.7,7.0,1.989,2.53,5.714,SP,1.0
2011,61495,명재철,삼성,,False,1.667,2,0.0,2.4,0,0,0,0,0,0,3,0,1,0,0,0,0.0,16.2,0.0,0.0,33.3,0.0,,0.834,RP,1.0
2013,61495,명재철,한화,,False,3.0,3,12.0,2.67,0,0,0,0,0,1,2,1,6,0,4,4,3.0,6.0,0.5,5.9,11.8,0.0,,1.0,RP,1.0
2022,52808,모리만도,SSG,투수,False,75.333,12,1.67257,1.06,7,1,0,0,10,67,23,4,57,2,19,14,8.0,2.75,2.91,22.0,7.6,2.924,2.71,6.278,SP,1.0
2024,53973,목지훈,NC,투수,False,9.0,3,12.0,2.78,0,1,0,0,0,3,10,2,15,1,12,12,3.0,10.0,0.3,5.8,19.2,-0.343,-0.31,3.0,SP,1.0
2025,53973,목지훈,NC,투수,False,58.0,16,6.051724137931035,1.9,3,5,0,0,1,45,42,5,68,6,42,39,6.98,6.52,1.07,16.1,15.0,-0.586,-0.21,3.625,SP,1.0
2026,53973,목지훈,NC,투수,False,8.333,5,8.64,2.4,0,1,0,0,0,6,8,1,12,3,9,8,6.48,8.64,0.75,13.6,18.2,0.021,-0.24,1.667,RP,0.757
2021,51439,몽고메리,삼성,,False,52.0,11,5.36538,1.62,2,5,0,0,4,55,38,4,46,3,33,31,9.52,6.58,1.45,22.5,15.6,0.302,0.49,4.727,SP,1.0
2015,65643,문경찬,KIA,,False,27.667,8,9.75904,1.95,1,3,0,0,0,15,10,1,44,7,32,30,4.88,3.25,1.5,11.3,7.5,-0.409,-0.43,3.458,SP,1.0
2018,65643,문경찬,KIA,,False,55.333,32,4.71687,1.43,0,3,0,0,0,46,17,2,62,10,29,29,7.48,2.77,2.71,19.2,7.1,-1.674,0.37,1.729,RP,1.0
2019,65643,문경찬,KIA,,False,55.0,54,1.30909,1.0,1,2,24,0,0,50,10,0,45,2,9,8,8.18,1.64,5.0,23.0,4.6,1.238,2.41,1.019,CL,1.0
2020,65643,문경찬,NC,,False,52.0,56,5.01923,1.27,0,5,10,11,0,44,15,2,51,11,35,29,7.62,2.6,2.93,19.6,6.7,0.332,-0.15,0.929,RP,1.0
2021,65643,문경찬,NC,,False,31.0,35,4.93548,1.45,0,1,0,4,0,25,20,0,25,6,20,17,7.26,5.8100000000000005,1.25,17.6,14.1,0.021,-0.22,0.886,RP,1.0
2022,65643,문경찬,롯데,,False,40.333,38,5.80165,1.59,1,2,0,1,0,31,13,1,51,7,27,26,6.92,2.9,2.38,16.8,7.1,-0.42,-0.19,1.061,RP,1.0
2023,65643,문경찬,롯데,,False,2.0,2,27.0,3.0,0,1,0,0,0,2,0,0,6,3,6,6,9.0,0.0,99.99,16.7,0.0,-0.762,-0.55,1.0,RP,1.0
2010,60845,문광은,SK,,False,18.667,12,4.82143,1.29,0,0,0,0,0,16,11,0,13,1,10,10,7.71,5.3,1.45,21.3,14.7,0.0,,1.556,RP,1.0
2011,60845,문광은,SK,,False,4.667,4,1.92857,1.5,0,0,0,0,0,6,2,0,5,0,1,1,11.57,3.86,3.0,30.0,10.0,0.0,,1.167,RP,1.0
2014,60845,문광은,SK,,False,32.667,9,6.33673,1.53,1,2,0,0,0,23,10,0,40,7,26,23,6.34,2.76,2.3,15.4,6.7,-1.092,0.08,3.63,SP,1.0
2015,60845,문광은,SK,,False,64.333,53,6.85492,1.77,1,5,1,11,0,54,27,4,87,13,55,49,7.55,3.78,2.0,17.8,8.9,-0.779,-1.01,1.214,RP,1.0
2016,60845,문광은,SK,,False,17.0,17,9.52941,2.18,1,1,0,1,0,13,7,0,30,6,18,18,6.88,3.71,1.86,15.3,8.2,-1.166,-0.5,1.0,RP,1.0
2017,60845,문광은,SK,,False,44.667,46,7.05224,1.59,2,4,2,5,0,41,20,4,51,5,36,35,8.26,4.03,2.05,20.6,10.1,0.576,-0.25,0.971,RP,1.0
2018,60845,문광은,LG,,False,6.667,6,12.15,2.4,0,1,0,0,0,5,5,0,11,3,9,9,6.75,6.75,1.0,14.3,14.3,0.044,-0.51,1.111,RP,1.0
2019,60845,문광은,LG,,False,33.0,32,4.09091,1.45,1,1,1,3,0,26,13,1,35,3,15,15,7.09,3.55,2.0,18.4,9.2,1.231,-0.09,1.031,RP,1.0
2020,60845,문광은,LG,,False,4.0,4,11.25,2.25,0,0,0,0,0,4,2,0,7,1,5,5,9.0,4.5,2.0,19.0,9.5,-0.008,-0.1,1.0,RP,1.0
2014,64554,문동욱,롯데,,False,2.0,1,9.0,2.0,0,0,0,0,0,0,1,1,3,0,2,2,0.0,4.5,0.0,0.0,9.1,-0.007,0.0,2.0,RP,1.0
2019,64554,문동욱,한화,,False,15.667,12,12.0638,2.55,1,1,0,0,0,12,4,3,36,3,25,21,6.89,2.3,3.0,13.2,4.4,-0.606,-0.77,1.306,RP,1.0
2020,64554,문동욱,한화,,False,18.0,19,4.5,1.61,0,1,1,1,0,9,17,2,12,2,10,9,4.5,8.5,0.53,10.8,20.5,-0.036,-0.03,0.947,RP,1.0
2021,64554,문동욱,한화,,False,1.333,1,0.0,1.5,0,0,0,0,0,2,1,0,1,0,0,0,13.5,6.75,2.0,33.3,16.7,0.005,0.06,1.333,RP,1.0
2022,52701,문동주,한화,투수,False,28.667,13,5.65116,1.47,1,3,0,2,0,36,14,1,28,5,19,18,11.3,4.4,2.57,28.3,11.0,0.531,-0.04,2.205,RP,1.0
2023,52701,문동주,한화,투수,False,118.667,23,3.71629,1.31,8,8,0,0,7,95,42,4,113,6,52,49,7.21,3.19,2.26,18.9,8.3,1.293,2.32,5.159,SP,1.0
2024,52701,문동주,한화,투수,False,111.333,21,5.17365,1.67,7,7,0,0,7,96,38,4,148,14,71,64,7.76,3.07,2.53,19.1,7.6,-0.126,1.17,5.302,SP,1.0
2025,52701,문동주,한화,투수,False,121.0,24,4.016528925619835,1.18,11,5,0,0,11,135,31,3,112,7,57,54,10.04,2.31,4.35,26.9,6.2,2.161,2.84,5.042,SP,1.0
2026,52701,문동주,한화,투수,False,24.333,6,5.178082191780822,1.56,1,1,0,0,1,18,11,3,27,3,16,14,6.66,4.07,1.64,16.4,10.0,-0.026,0.1,4.055,SP,0.757
2010,60336,문성현,넥센,,False,69.333,32,4.93269,1.5699999999999998,1,5,0,0,2,57,46,1,63,9,43,38,7.4,5.97,1.24,19.1,15.4,0.0,,2.167,SP,1.0
2011,60336,문성현,넥센,,False,130.667,30,4.33929,1.58,5,12,0,0,8,108,78,4,129,13,63,63,7.44,5.37,1.38,18.6,13.4,0.0,,4.356,SP,1.0
2012,60336,문성현,넥센,,False,38.333,13,4.22609,1.28,1,1,0,3,2,31,11,0,38,0,21,18,7.28,2.58,2.82,19.1,6.8,0.0,,2.949,SP,1.0
2013,60336,문성현,넥센,,False,64.0,17,4.5,1.48,5,4,0,0,5,55,22,3,73,8,35,32,7.73,3.09,2.5,19.6,7.9,0.0,,3.765,SP,1.0
2014,60336,문성현,넥센,,False,85.333,20,5.90625,1.69,9,4,0,1,4,51,48,5,96,12,59,56,5.38,5.06,1.06,12.7,11.9,-0.181,0.34,4.267,SP,1.0
2015,60336,문성현,넥센,,False,91.667,34,6.28364,1.67,0,5,0,1,1,58,39,5,114,10,75,64,5.6899999999999995,3.83,1.49,13.6,9.2,-1.909,-0.06,2.696,SP,1.0
2018,60336,문성현,넥센,,False,1.0,1,0.0,2.0,0,0,0,0,0,1,1,0,1,0,0,0,9.0,9.0,1.0,20.0,20.0,0.001,0.02,1.0,RP,1.0
2020,60336,문성현,키움,,False,15.0,10,4.2,1.6,1,1,0,0,0,13,11,0,13,1,7,7,7.8,6.6,1.18,20.6,17.5,0.141,0.2,1.5,RP,1.0
2021,60336,문성현,키움,,False,3.333,4,5.4,2.7,0,0,0,0,0,3,6,0,3,0,2,2,8.1,16.2,0.5,16.7,33.3,-0.002,-0.02,0.833,RP,1.0
2022,60336,문성현,키움,,False,41.333,45,3.26613,1.16,0,1,13,9,0,32,14,1,34,3,16,15,6.97,3.05,2.29,19.0,8.3,1.253,0.82,0.919,RP,1.0
2023,60336,문성현,키움,,False,28.333,32,4.447058823529412,1.62,2,2,0,2,0,21,20,2,26,2,16,14,6.67,6.35,1.05,15.7,14.9,-0.169,-0.02,0.885,RP,1.0
2024,60336,문성현,키움,,False,38.333,42,6.57391,2.06,1,2,3,2,0,31,25,2,54,3,28,28,7.28,5.87,1.24,16.4,13.2,0.78,-0.06,0.913,RP,1.0
2010,72643,문수호,KIA,,False,2.667,4,6.75,1.5,0,0,0,0,0,1,1,0,3,0,2,2,3.38,3.38,1.0,8.3,8.3,0.0,,0.667,RP,1.0
2011,72643,문수호,삼성,,False,3.0,2,9.0,2.33,0,0,0,0,0,1,2,0,5,0,3,3,3.0,6.0,0.5,6.7,13.3,0.0,,1.5,RP,1.0
2013,72643,문수호,NC,,False,7.0,11,2.57143,1.43,0,0,0,4,0,6,2,1,8,0,3,2,7.71,2.57,3.0,18.8,6.3,0.0,,0.636,SU,1.0
2014,72643,문수호,NC,,False,9.0,10,6.0,1.33,0,1,0,1,0,9,1,0,11,3,6,6,9.0,1.0,9.0,23.1,2.6,-0.441,-0.14,0.9,RP,1.0
2015,72643,문수호,NC,,False,0.0,2,0.0,0.0,0,0,0,0,0,0,1,0,1,0,1,1,0.0,0.0,0.0,0.0,50.0,-0.018,0.0,0.0,RP,1.0
2012,62869,문승원,SK,투수,False,2.0,2,4.5,1.0,0,0,0,0,0,3,0,1,2,0,1,1,13.5,0.0,99.99,33.3,0.0,0.0,,1.0,RP,1.0
2013,62869,문승원,SK,투수,False,24.333,16,5.54795,1.44,0,1,0,0,0,13,6,3,29,5,16,15,4.8100000000000005,2.22,2.17,12.1,5.6,0.0,,1.521,RP,1.0
2016,62869,문승원,SK,투수,False,63.667,20,6.64398,1.87,4,4,0,0,0,49,33,3,86,12,52,47,6.93,4.66,1.48,16.0,10.8,-1.403,-0.01,3.183,SP,1.0
2017,62869,문승원,SK,투수,True,155.333,29,5.33047,1.51,6,12,0,0,12,86,54,11,181,25,98,92,4.98,3.13,1.59,12.4,7.8,0.215,1.2,5.356,SP,1.0
2018,62869,문승원,SK,투수,True,150.667,31,4.59956,1.44,8,9,1,1,9,122,37,4,180,24,86,77,7.29,2.21,3.3,18.6,5.6,0.26,2.49,4.86,SP,1.0
2019,62869,문승원,SK,투수,True,144.0,26,3.88,1.13,11,7,0,2,12,99,33,3,130,23,63,62,6.19,2.06,3.0,16.9,5.6,2.242,2.42,5.538,SP,1.0
2020,62869,문승원,SK,투수,True,145.667,25,3.64531,1.24,6,8,0,0,13,117,45,6,136,13,64,59,7.23,2.78,2.6,19.2,7.4,2.589,3.8,5.827,SP,1.0
2021,62869,문승원,SSG,투수,False,50.333,9,2.86093,1.19,2,2,0,0,5,32,18,2,42,1,20,16,5.72,3.22,1.78,15.1,8.5,0.98,1.35,5.593,SP,1.0
2022,62869,문승원,SSG,투수,False,24.667,23,5.10811,1.58,1,1,3,3,0,25,7,2,32,3,15,14,9.12,2.55,3.57,22.3,6.3,0.084,0.05,1.072,RP,1.0
2023,62869,문승원,SSG,투수,False,105.0,50,5.22857,1.65,5,8,1,9,4,65,35,6,138,12,67,61,5.57,3.0,1.86,13.6,7.3,0.125,0.05,2.1,SP,1.0
2024,62869,문승원,SSG,투수,False,60.0,62,4.5,1.52,6,1,20,6,0,53,24,1,67,10,33,30,7.95,3.6,2.21,20.0,9.1,-0.487,0.58,0.968,CL,1.0
2025,62869,문승원,SSG,투수,False,105.333,23,5.1265822784810124,1.4,4,7,0,0,5,61,38,5,109,16,61,60,5.21,3.25,1.61,13.5,8.4,0.6,0.42,4.58,SP,1.0
2026,62869,문승원,SSG,투수,False,47.333,45,3.612676056338028,1.33,2,1,0,10,0,20,23,7,40,4,23,19,3.8,4.37,0.87,9.6,11.1,1.012,0.39,1.052,RP,0.757
2021,67419,문용익,삼성,투수,False,22.0,22,4.5,1.41,2,0,0,2,0,19,10,1,21,3,11,11,7.77,4.09,1.9,19.4,10.2,0.538,0.12,1.0,RP,1.0
2022,67419,문용익,삼성,투수,False,37.667,39,3.34513,1.41,1,2,1,2,0,23,22,2,31,2,20,14,5.5,5.26,1.05,14.1,13.5,0.115,0.14,0.966,RP,1.0
2023,67419,문용익,삼성,투수,False,13.0,14,4.15385,1.54,1,0,0,0,0,12,12,2,8,0,6,6,8.31,8.31,1.0,20.3,20.3,-0.009,0.07,0.929,RP,1.0
2024,67419,문용익,KT,투수,False,17.0,12,12.1765,2.65,0,0,0,0,0,17,22,2,23,2,27,23,9.0,11.65,0.77,17.2,22.2,-0.362,-0.58,1.417,RP,1.0
2025,67419,문용익,KT,투수,False,28.667,20,3.13953488372093,1.4,1,0,0,0,0,31,19,0,21,3,11,10,9.73,5.97,1.63,25.6,15.7,0.204,0.47,1.433,RP,1.0
2026,67419,문용익,KT,투수,False,7.0,3,11.571428571428571,2.43,0,1,0,0,0,6,5,0,12,2,9,9,7.71,6.43,1.2,16.2,13.5,-0.395,-0.18,2.333,RP,0.757
2015,61767,문재현,한화,,False,0.333,2,54.0,12.0,0,0,0,0,0,0,3,0,1,0,2,2,0.0,81.0,0.0,0.0,60.0,-0.048,-0.06,0.166,RP,1.0
2021,51257,미란다,두산,투수,True,173.667,28,2.33205,1.14,14,5,0,0,21,225,63,1,135,11,49,45,11.66,3.26,3.57,31.7,8.9,5.127,6.67,6.202,SP,1.0
2022,51257,미란다,두산,투수,False,7.667,3,8.21739,2.61,0,0,0,0,0,8,18,1,2,0,7,7,9.39,21.13,0.44,18.6,41.9,-0.196,-0.23,2.556,RP,1.0
2026,56415,미야지,삼성,,False,30.667,36,5.869565217391305,1.6,0,1,0,3,0,30,23,7,26,5,20,20,8.8,6.75,1.3,21.0,16.1,-0.26,-0.14,0.852,RP,0.757
2010,74130,민경수,LG,,False,3.0,4,6.0,2.0,0,0,0,0,0,3,1,0,5,0,2,2,9.0,3.0,3.0,21.4,7.1,0.0,,0.75,RP,1.0
2014,78366,민태호,NC,,False,1.0,1,9.0,2.0,0,0,0,0,0,0,0,0,2,0,1,1,0.0,0.0,99.99,0.0,0.0,-0.007,0.01,1.0,RP,1.0
2015,78366,민태호,NC,,False,25.667,21,4.90909,1.99,1,0,0,0,0,21,23,4,28,2,17,14,7.36,8.06,0.91,16.4,18.0,0.165,-0.16,1.222,RP,1.0
2016,78366,민태호,NC,,False,28.333,25,6.03529,1.69,2,0,0,1,0,18,15,4,33,2,20,19,5.72,4.76,1.2,13.7,11.5,-0.05,-0.21,1.133,RP,1.0
2017,78366,민태호,NC,,False,8.667,7,6.23077,1.5,0,0,0,0,0,7,3,2,10,1,6,6,7.27,3.12,2.33,17.9,7.7,0.057,-0.05,1.238,RP,1.0
2018,78366,민태호,NC,,False,9.667,8,5.58621,1.55,1,0,0,0,0,4,4,1,11,1,7,6,3.72,3.72,1.0,9.5,9.5,0.174,-0.08,1.208,RP,1.0
2019,78366,민태호,NC,,False,5.333,7,11.8125,2.44,0,0,0,0,0,6,1,0,12,1,7,7,10.13,1.69,6.0,20.7,3.4,-0.044,-0.17,0.762,RP,1.0
2024,54720,바리아,한화,,False,92.667,20,5.14748,1.42,6,7,0,0,3,83,18,0,114,10,58,53,8.06,1.75,4.61,20.5,4.4,0.027,1.33,4.633,SP,1.0
2011,61727,바티스타,한화,,False,35.667,27,2.01869,1.15,3,0,10,0,0,61,22,1,19,1,8,8,15.39,5.55,2.77,41.2,14.9,0.0,,1.321,CL,1.0
2012,61727,바티스타,한화,,False,86.0,44,3.55814,1.42,4,6,8,4,5,110,52,12,70,7,35,34,11.51,5.44,2.12,29.3,13.9,0.0,,1.955,SP,1.0
2013,61727,바티스타,한화,,True,143.667,29,4.19722,1.47,7,7,0,0,7,150,70,13,141,9,77,67,9.4,4.39,2.14,23.4,10.9,0.0,,4.954,SP,1.0
2021,51645,박건우,KIA,,False,3.0,3,0.0,1.0,0,0,0,0,0,3,1,1,2,0,0,0,9.0,3.0,3.0,27.3,9.1,0.014,0.07,1.0,RP,1.0
2025,55046,박건우,KT,투수,False,6.667,6,2.7,1.2,0,0,0,0,0,9,4,0,4,1,2,2,12.15,5.4,2.25,32.1,14.3,-0.134,0.09,1.111,RP,1.0
2010,76653,박경태,KIA,,False,34.333,42,4.98058,1.43,0,2,0,2,0,23,14,1,35,2,20,19,6.03,3.67,1.64,15.5,9.5,0.0,,0.817,RP,1.0
2011,76653,박경태,KIA,,False,54.333,50,6.62577,1.71,1,3,0,6,0,40,40,3,53,3,43,40,6.63,6.63,1.0,15.9,15.9,0.0,,1.087,RP,1.0
2012,76653,박경태,KIA,,False,34.333,27,7.33981,1.6,1,6,0,0,0,26,14,2,41,0,29,28,6.82,3.67,1.86,17.0,9.2,0.0,,1.272,RP,1.0
2013,76653,박경태,KIA,,False,62.333,42,4.47594,1.64,1,5,0,4,1,53,32,2,70,2,33,31,7.65,4.62,1.66,18.7,11.3,0.0,,1.484,SP,1.0
2014,76653,박경태,KIA,,False,25.667,16,12.2727,2.42,0,2,0,1,0,17,13,2,49,6,36,35,5.96,4.5600000000000005,1.31,12.5,9.6,-1.183,0.03,1.604,RP,1.0
2017,76653,박경태,KIA,,False,4.0,3,9.0,2.5,0,0,0,0,0,3,3,0,7,0,6,4,6.75,6.75,1.0,12.5,12.5,-0.005,-0.11,1.333,RP,1.0
2018,76653,박경태,KIA,,False,6.333,4,5.68421,1.42,0,0,0,0,0,6,2,1,7,0,5,4,8.53,2.84,3.0,20.7,6.9,0.014,0.01,1.583,RP,1.0
2020,50397,박관진,키움,,False,0.333,1,27.0,6.0,0,1,0,0,0,1,1,0,1,0,1,1,27.0,27.0,1.0,33.3,33.3,-0.341,-0.07,0.333,RP,1.0
2021,50397,박관진,키움,,False,0.667,2,81.0,12.0,0,0,0,0,0,0,3,1,5,0,9,6,0.0,40.5,0.0,0.0,25.0,-0.05,-0.33,0.334,RP,1.0
2023,53469,박권후,삼성,투수,False,2.667,4,3.38,1.88,0,0,0,0,0,0,1,0,4,1,2,1,0.0,3.38,0.0,0.0,7.7,-0.014,-0.05,0.667,RP,1.0
2011,74630,박근홍,KIA,,False,1.0,1,0.0,1.0,0,0,0,0,0,0,1,0,0,0,0,0,0.0,9.0,0.0,0.0,25.0,0.0,,1.0,RP,1.0
2012,74630,박근홍,삼성,,False,7.0,6,1.28571,1.14,0,0,0,0,0,6,5,1,3,1,1,1,7.71,6.43,1.2,20.0,16.7,0.0,,1.167,RP,1.0
2013,74630,박근홍,삼성,,False,12.0,14,5.25,1.42,0,1,0,0,0,13,4,0,13,0,7,7,9.75,3.0,3.25,25.0,7.7,0.0,,0.857,RP,1.0
2014,74630,박근홍,삼성,,False,30.333,42,4.45055,1.75,1,0,0,5,0,26,28,3,25,4,16,15,7.71,8.31,0.93,18.4,19.9,-0.253,-0.36,0.722,RP,1.0
2015,74630,박근홍,삼성,,False,48.667,66,2.9589,1.29,2,2,0,8,0,55,24,6,39,3,20,16,10.17,4.44,2.29,25.9,11.3,-0.253,0.83,0.737,RP,1.0
2016,74630,박근홍,삼성,,False,41.0,60,7.46341,1.6800000000000002,0,2,0,9,0,40,27,4,42,5,34,34,8.78,5.93,1.48,20.8,14.1,-0.208,-0.4,0.683,RP,1.0
2017,74630,박근홍,삼성,,False,15.333,24,9.3913,1.76,0,0,0,1,0,14,14,3,13,2,17,16,8.22,8.22,1.0,18.4,18.4,-0.016,-0.34,0.639,RP,1.0
2018,74630,박근홍,삼성,,False,23.0,22,7.43478,1.74,2,0,0,0,0,27,12,6,28,3,21,19,10.57,4.7,2.25,23.1,10.3,-0.476,-0.14,1.045,RP,1.0
2019,74630,박근홍,롯데,,False,17.667,24,6.11321,1.87,1,0,0,1,0,11,17,1,16,5,13,12,5.6,8.66,0.65,13.3,20.5,-0.481,-0.39,0.736,RP,1.0
2025,54802,박기호,SSG,투수,False,24.0,18,3.0,1.46,0,0,0,2,0,13,12,8,23,3,10,8,4.88,4.5,1.08,11.8,10.9,-0.036,0.09,1.333,RP,1.0
2022,52994,박동수,NC,투수,False,14.667,10,5.52273,2.18,0,0,0,0,0,15,21,1,11,0,10,9,9.2,12.89,0.71,20.3,28.4,0.048,-0.1,1.467,RP,1.0
2010,74363,박동욱,LG,,False,31.0,13,4.06452,1.48,1,0,1,0,0,22,16,1,30,2,16,14,6.39,4.65,1.38,16.4,11.9,0.0,,2.385,RP,1.0
2011,74363,박동욱,LG,,False,0.333,1,81.0,15.0,0,0,0,0,0,0,2,0,3,0,4,3,0.0,54.0,0.0,0.0,28.6,0.0,,0.333,RP,1.0
2012,74363,박동욱,롯데,,False,4.667,4,5.78571,1.5,0,0,0,0,0,3,2,0,5,1,3,3,5.79,3.86,1.5,15.0,10.0,0.0,,1.167,RP,1.0
2021,50563,박로건,롯데,투수,False,2.667,5,16.875,1.88,0,0,0,0,0,2,2,0,3,1,5,5,6.75,6.75,1.0,15.4,15.4,0.021,-0.14,0.533,RP,1.0
2023,53139,박명근,LG,투수,False,51.333,57,5.08442,1.5,4,3,5,9,0,40,28,6,49,4,31,29,7.01,4.91,1.43,16.9,11.9,0.537,-0.2,0.901,RP,1.0
2024,53139,박명근,LG,투수,False,25.333,33,6.39474,1.62,2,2,1,8,0,13,12,3,29,6,20,18,4.62,4.26,1.08,10.8,10.0,0.134,-0.47,0.768,RP,1.0
2025,53139,박명근,LG,투수,False,38.667,44,4.887931034482758,1.34,3,4,4,10,0,30,16,5,36,5,21,21,6.98,3.72,1.88,17.9,9.5,0.882,0.03,0.879,RP,1.0
2020,50592,박명현,롯데,내야수,False,0.667,2,27.0,6.0,0,0,0,0,0,0,1,0,3,0,2,2,0.0,13.5,0.0,0.0,16.7,-0.019,-0.05,0.334,RP,1.0
2010,96251,박명환,LG,,False,76.0,15,6.63158,1.64,4,6,0,0,2,46,31,3,94,17,62,56,5.45,3.67,1.48,13.1,8.9,0.0,,5.067,SP,1.0
2014,96251,박명환,NC,,False,5.0,5,7.2,3.0,0,2,0,0,0,7,8,1,7,1,5,4,12.6,14.4,0.88,22.6,25.8,-1.235,-0.22,1.0,RP,1.0
2015,96251,박명환,NC,,False,26.0,11,4.84615,1.58,1,1,0,0,1,15,5,3,36,6,14,14,5.19,1.73,3.0,12.7,4.2,0.114,0.16,2.364,SP,1.0
2010,79448,박민규,삼성,,False,5.0,2,5.4,2.0,0,0,0,0,0,6,4,0,6,0,3,3,10.8,7.2,1.5,24.0,16.0,0.0,,2.5,RP,1.0
2011,79448,박민규,삼성,,False,6.667,7,8.1,2.25,0,0,0,0,0,3,6,0,9,1,6,6,4.05,8.1,0.5,8.6,17.1,0.0,,0.952,RP,1.0
2016,79448,박민규,삼성,,False,6.333,6,4.26316,1.89,0,0,0,0,0,4,5,0,7,0,3,3,5.68,7.11,0.8,13.8,17.2,-0.195,0.06,1.056,RP,1.0
2016,78243,박민석,NC,,False,21.667,21,1.66154,0.97,0,0,1,3,0,27,11,6,10,2,4,4,11.22,4.57,2.45,30.0,12.2,0.003,0.53,1.032,RP,1.0
2014,64893,박민호,SK,,False,31.333,17,5.45745,1.63,2,3,0,0,0,12,10,9,41,3,25,19,3.45,2.87,1.2,7.9,6.6,-0.419,0.03,1.843,RP,1.0
2015,64893,박민호,SK,,False,27.333,20,4.28049,1.28,1,1,0,1,0,12,9,2,26,4,18,13,3.95,2.96,1.33,10.3,7.8,0.283,-0.14,1.367,RP,1.0
2016,64893,박민호,SK,,False,36.667,32,4.90909,1.34,0,1,0,3,0,18,9,4,40,4,20,20,4.42,2.21,2.0,11.3,5.7,-0.353,0.17,1.146,RP,1.0
2018,64893,박민호,SK,,False,2.333,3,15.4286,2.14,0,0,0,0,0,0,1,1,4,1,4,4,0.0,3.86,0.0,0.0,8.3,-0.017,-0.11,0.778,RP,1.0
2019,64893,박민호,SK,,False,50.333,47,2.68212,1.25,3,1,0,4,0,22,14,4,49,2,17,15,3.93,2.5,1.5699999999999998,10.5,6.7,0.519,0.81,1.071,RP,1.0
2020,64893,박민호,SK,,False,52.0,57,2.42308,1.19,2,1,4,11,0,36,19,2,43,4,16,14,6.23,3.29,1.89,16.7,8.8,-0.11,1.56,0.912,RP,1.0
2021,64893,박민호,SSG,,False,41.0,40,3.73171,1.37,4,0,0,5,0,19,11,4,45,3,18,17,4.17,2.41,1.73,10.7,6.2,0.591,0.46,1.025,RP,1.0
2022,64893,박민호,SSG,,False,22.0,22,4.09091,1.6800000000000002,1,1,1,4,0,12,11,2,26,3,10,10,4.91,4.5,1.09,11.9,10.9,-0.711,0.08,1.0,RP,1.0
2023,64893,박민호,SSG,,False,10.0,10,0.9,1.5,0,0,0,0,0,4,1,2,14,0,3,1,3.6,0.9,4.0,8.5,2.1,0.307,0.17,1.0,RP,1.0
2024,64893,박민호,SSG,,False,22.667,19,4.76471,1.41,2,0,0,0,0,10,7,2,25,4,14,12,3.97,2.78,1.43,10.2,7.1,0.231,-0.01,1.193,RP,1.0
2024,54304,박범준,키움,투수,False,5.333,5,13.5,2.06,0,1,0,0,0,8,4,1,7,1,8,8,13.5,6.75,2.0,28.6,14.3,-0.201,-0.17,1.067,RP,1.0
2017,67703,박상원,한화,투수,False,21.667,18,4.15385,1.2,0,0,0,1,0,13,7,0,19,3,10,10,5.4,2.91,1.86,14.9,8.0,0.136,0.18,1.204,RP,1.0
2018,67703,박상원,한화,투수,False,60.0,69,2.1,1.33,4,2,0,9,0,62,21,4,59,3,17,14,9.3,3.15,2.95,24.2,8.2,0.987,1.86,0.87,RP,1.0
2019,67703,박상원,한화,투수,False,59.0,61,3.9661,1.36,1,4,0,12,0,39,28,5,52,5,29,26,5.95,4.27,1.39,15.2,10.9,0.8,0.2,0.967,RP,1.0
2020,67703,박상원,한화,투수,False,58.0,62,4.65517,1.41,1,0,1,10,0,52,20,4,62,8,35,30,8.07,3.1,2.6,20.3,7.8,0.133,0.36,0.935,RP,1.0
2022,67703,박상원,한화,투수,False,12.0,14,2.25,1.42,0,0,0,4,0,16,6,0,11,0,4,3,12.0,4.5,2.67,30.2,11.3,0.273,0.41,0.857,SU,1.0
2023,67703,박상원,한화,투수,False,61.667,55,3.64865,1.49,5,3,16,0,0,57,29,3,63,2,35,25,8.32,4.23,1.97,20.6,10.5,2.225,0.57,1.121,RP,1.0
2024,67703,박상원,한화,투수,False,66.667,65,4.59,1.18,3,3,2,16,0,65,22,7,57,2,38,34,8.77,2.97,2.95,23.4,7.9,1.293,1.01,1.026,RP,1.0
2025,67703,박상원,한화,투수,False,66.667,74,4.19,1.32,4,3,0,16,0,52,21,8,67,4,35,31,7.02,2.84,2.48,17.7,7.1,0.698,0.69,0.901,RP,1.0
2026,67703,박상원,한화,투수,False,42.333,47,5.52755905511811,1.44,3,3,2,10,0,44,16,2,45,4,29,26,9.35,3.4,2.75,23.3,8.5,0.082,0.23,0.901,RP,0.757
2016,79657,박상혁,NC,,False,2.333,2,7.71429,2.57,0,0,0,0,0,3,3,0,3,1,2,2,11.57,11.57,1.0,23.1,23.1,-0.006,-0.05,1.166,RP,1.0
2021,66556,박선우,롯데,,False,2.0,1,0.0,0.5,0,0,0,0,0,1,0,2,1,0,0,0,4.5,0.0,99.99,11.1,0.0,0.003,0.04,2.0,RP,1.0
2018,68201,박성모,두산,,False,2.0,2,9.0,2.0,0,1,0,0,0,1,0,1,4,1,2,2,4.5,0.0,99.99,9.1,0.0,-0.024,-0.08,1.0,RP,1.0
2016,65206,박성민,두산,,False,3.333,4,5.4,2.1,0,0,0,0,0,3,2,0,5,1,2,2,8.1,5.4,1.5,20.0,13.3,-0.028,-0.03,0.833,RP,1.0
2024,54807,박성빈,SSG,투수,False,2.333,3,0.0,0.43,0,0,0,0,0,2,0,1,1,0,0,0,7.71,0.0,99.99,22.2,0.0,0.005,0.07,0.778,RP,1.0
2010,79760,박성호,KIA,,False,28.333,23,3.81176,1.27,0,0,0,0,0,38,8,1,28,4,15,12,12.07,2.54,4.75,31.1,6.6,0.0,,1.232,RP,1.0
2011,79760,박성호,KIA,,False,23.667,23,6.46479,1.9,0,2,0,0,0,20,17,1,28,1,17,17,7.61,6.46,1.18,17.9,15.2,0.0,,1.029,RP,1.0
2014,79760,박성호,KIA,,False,13.0,8,10.3846,2.62,0,0,0,0,0,11,7,1,27,3,15,15,7.62,4.85,1.5699999999999998,15.1,9.6,-0.215,-0.05,1.625,RP,1.0
2015,79760,박성호,한화,,False,20.667,16,4.79032,1.69,0,0,0,1,0,12,11,1,24,2,14,11,5.23,4.79,1.09,12.5,11.5,-0.015,0.03,1.292,RP,1.0
2010,75464,박성훈,넥센,,False,34.0,32,4.76471,1.82,0,1,0,0,0,25,27,8,35,2,20,18,6.62,7.15,0.93,14.7,15.9,0.0,,1.062,RP,1.0
2011,75464,박성훈,넥센,,False,5.667,5,9.52941,2.29,0,1,0,0,0,0,6,1,7,0,7,6,0.0,9.53,0.0,0.0,18.8,0.0,,1.133,RP,1.0
2012,75464,박성훈,넥센,,False,47.667,53,2.45455,1.2,5,4,0,7,0,34,24,6,33,1,13,13,6.42,4.53,1.42,17.2,12.1,0.0,,0.899,RP,1.0
2013,75464,박성훈,넥센,,False,26.667,50,5.0625,1.58,2,3,0,8,0,18,11,4,31,6,16,15,6.07,3.71,1.64,14.5,8.9,0.0,,0.533,RP,1.0
2014,75464,박성훈,넥센,,False,15.667,15,8.04255,1.91,1,0,0,0,0,12,7,0,23,5,14,14,6.89,4.02,1.71,16.2,9.5,-0.36,-0.24,1.044,RP,1.0
2015,64021,박세웅,롯데,투수,False,114.0,31,5.76316,1.61,2,11,0,0,5,82,54,12,129,16,81,73,6.47,4.26,1.52,15.6,10.3,-1.754,1.0,3.677,SP,1.0
2016,64021,박세웅,롯데,투수,False,139.0,27,5.76259,1.6,7,12,0,0,10,133,62,6,160,17,97,89,8.61,4.01,2.15,21.2,9.9,-1.342,2.08,5.148,SP,1.0
2017,64021,박세웅,롯데,투수,True,171.333,28,3.67704,1.32,12,6,0,0,17,117,56,9,170,21,74,70,6.15,2.94,2.09,16.1,7.7,2.885,4.49,6.119,SP,1.0
2018,64021,박세웅,롯데,투수,False,49.0,14,9.91837,2.29,1,5,0,0,1,40,29,4,83,10,54,54,7.35,5.33,1.38,15.5,11.2,-1.665,-0.46,3.5,SP,1.0
2019,64021,박세웅,롯데,투수,False,60.0,12,4.2,1.48,3,6,0,0,3,44,23,0,66,3,33,28,6.6,3.45,1.91,16.7,8.7,0.313,1.04,5.0,SP,1.0
2020,64021,박세웅,롯데,투수,True,147.333,28,4.70362,1.52,8,10,0,0,8,108,47,8,177,20,85,77,6.6,2.87,2.3,16.4,7.1,0.049,2.13,5.262,SP,1.0
2021,64021,박세웅,롯데,투수,True,163.0,28,3.97546,1.19,10,9,0,0,18,125,53,10,141,20,75,72,6.9,2.93,2.36,18.2,7.7,1.787,2.99,5.821,SP,1.0
2021,65844,박세웅,삼성,,False,3.0,4,9.0,2.67,0,0,0,0,0,2,3,1,5,1,4,3,6.0,9.0,0.67,11.1,16.7,-0.028,-0.13,0.75,RP,1.0
2022,64021,박세웅,롯데,투수,True,157.333,28,3.88983,1.34,10,11,0,0,13,146,32,8,179,8,80,68,8.35,1.83,4.5600000000000005,21.5,4.7,1.54,2.95,5.619,SP,1.0
2022,65844,박세웅,삼성,,False,2.667,5,6.75,2.25,0,0,0,0,0,2,5,1,1,0,2,2,6.75,16.88,0.4,14.3,35.7,-0.073,-0.04,0.533,RP,1.0
2023,64021,박세웅,롯데,투수,True,154.0,27,3.44805,1.32,9,7,0,0,16,129,59,4,145,8,70,59,7.54,3.45,2.19,19.6,9.0,2.756,3.06,5.704,SP,1.0
2023,65844,박세웅,삼성,,False,0.667,2,27.0,6.0,0,0,0,0,0,1,3,0,1,1,2,2,13.5,40.5,0.33,16.7,50.0,-0.276,-0.13,0.334,RP,1.0
2024,64021,박세웅,롯데,투수,True,173.333,30,4.77692,1.41,6,11,0,0,14,124,56,11,188,13,103,92,6.44,2.91,2.21,16.3,7.4,2.007,2.69,5.778,SP,1.0
2025,64021,박세웅,롯데,투수,True,160.667,29,4.929460580912862,1.48,11,13,0,0,12,156,54,8,183,15,99,88,8.74,3.02,2.89,21.6,7.5,-0.138,1.67,5.54,SP,1.0
2026,64021,박세웅,롯데,투수,False,103.667,19,4.77491961414791,1.5,2,7,0,0,8,94,38,7,117,9,62,55,8.16,3.3,2.47,20.3,8.2,0.329,1.33,5.456,SP,0.757
2016,66047,박세진,KT,투수,False,21.0,7,5.14286,1.76,0,2,0,0,0,8,13,0,24,5,13,12,3.43,5.57,0.62,8.5,13.8,-0.039,0.1,3.0,SP,1.0
2017,66047,박세진,KT,투수,False,11.333,4,9.52941,1.94,0,2,0,0,0,8,6,2,16,0,12,12,6.35,4.76,1.33,14.3,10.7,-0.335,-0.02,2.833,RP,1.0
2018,66047,박세진,KT,투수,False,30.333,8,10.6813,2.18,1,5,0,0,0,24,19,2,47,10,37,36,7.12,5.64,1.26,15.4,12.2,-1.245,-0.5,3.792,SP,1.0
2020,66047,박세진,KT,투수,False,0.333,1,108.0,9.0,0,0,0,0,0,0,1,1,2,0,4,4,0.0,27.0,0.0,0.0,20.0,-0.009,-0.2,0.333,RP,1.0
2023,66047,박세진,KT,투수,False,11.667,16,3.85714,2.49,0,1,0,1,0,10,14,0,15,1,8,5,7.71,10.8,0.71,15.2,21.2,-0.153,-0.12,0.729,RP,1.0
2024,66047,박세진,KT,투수,False,5.333,6,3.38,2.06,0,0,0,0,0,2,4,0,7,0,4,2,3.38,6.75,0.5,8.0,16.0,-0.067,-0.01,0.889,RP,1.0
2026,66047,박세진,롯데,투수,False,2.667,7,16.875,4.13,0,0,0,0,0,3,3,0,8,1,5,5,10.13,10.13,1.0,15.8,15.8,-0.066,-0.14,0.381,RP,0.757
2025,55568,박세현,롯데,투수,False,3.667,3,14.727272727272728,2.45,0,0,0,0,0,4,1,1,8,1,6,6,9.82,2.45,4.0,19.0,4.8,-0.389,-0.24,1.222,RP,1.0
2015,63292,박소준,두산,,False,2.333,3,11.5714,3.0,0,0,0,0,0,2,3,0,4,1,3,3,7.71,11.57,0.67,15.4,23.1,-0.007,-0.08,0.778,RP,1.0
2020,63292,박소준,두산,,False,26.0,8,5.53846,1.69,1,2,0,0,1,20,14,0,30,3,16,16,6.92,4.85,1.43,17.1,12.0,0.372,0.0,3.25,SP,1.0
2021,63292,박소준,두산,,False,59.667,22,5.73184,1.64,0,4,0,0,0,33,29,3,69,3,42,38,4.98,4.37,1.14,12.0,10.6,-1.259,-0.21,2.712,RP,1.0
2024,63292,박소준,두산,,False,4.0,1,11.25,2.0,0,1,0,0,0,2,2,0,6,2,5,5,4.5,4.5,1.0,10.0,10.0,-0.222,-0.16,4.0,SP,1.0
2017,66305,박승주,넥센,,False,3.0,1,3.0,1.0,0,0,1,0,0,0,3,1,0,0,1,1,0.0,9.0,0.0,0.0,25.0,0.016,0.02,3.0,CL,1.0
2020,66305,박승주,키움,,False,3.667,5,19.6364,4.09,0,1,0,0,0,3,5,0,10,0,8,8,7.36,12.27,0.6,12.0,20.0,-0.208,-0.4,0.733,RP,1.0
2021,66305,박승주,키움,,False,4.333,3,4.15385,1.38,0,0,0,0,0,1,3,0,3,0,2,2,2.08,6.23,0.33,5.6,16.7,0.0,0.02,1.444,RP,1.0
2022,66305,박승주,키움,,False,25.0,27,4.32,1.64,1,0,0,0,0,22,21,3,20,3,12,12,7.92,7.56,1.05,19.0,18.1,0.413,-0.01,0.926,RP,1.0
2023,66305,박승주,키움,,False,18.0,18,3.5,1.78,0,3,0,0,0,15,13,2,19,2,11,7,7.5,6.5,1.15,16.5,14.3,-0.324,-0.1,1.0,RP,1.0
2024,66305,박승주,키움,,False,17.333,15,6.75,1.44,0,1,0,0,0,13,9,1,16,2,13,13,6.75,4.67,1.44,17.6,12.2,0.013,-0.06,1.156,RP,1.0
2010,60559,박시영,롯데,,False,2.0,2,22.5,4.0,0,0,0,0,0,3,3,1,5,2,5,5,13.5,13.5,1.0,21.4,21.4,0.0,,1.0,RP,1.0
2016,60559,박시영,롯데,,False,61.667,42,5.4,1.51,2,3,0,1,0,57,29,2,64,6,38,37,8.32,4.23,1.97,20.6,10.5,-0.857,0.53,1.468,RP,1.0
2017,60559,박시영,롯데,,False,57.0,47,6.47368,1.61,2,3,0,5,0,52,32,1,60,14,45,41,8.21,5.05,1.63,19.9,12.3,-1.54,-0.26,1.213,RP,1.0
2018,60559,박시영,롯데,,False,26.333,21,8.5443,1.86,0,0,0,0,0,19,14,1,35,6,27,25,6.49,4.78,1.36,14.7,10.9,-0.138,-0.42,1.254,RP,1.0
2019,60559,박시영,롯데,,False,61.667,43,4.23243,1.26,1,1,0,4,0,60,27,4,51,5,30,29,8.76,3.94,2.22,22.9,10.3,1.306,0.78,1.434,RP,1.0
2020,60559,박시영,롯데,,False,30.333,36,8.01099,1.81,1,1,0,1,0,21,23,1,32,5,27,27,6.23,6.82,0.91,14.5,15.9,-1.058,-0.39,0.843,RP,1.0
2021,60559,박시영,KT,,False,45.0,48,2.4,1.0,3,3,0,12,0,51,15,1,30,4,16,12,10.2,3.0,3.4,28.3,8.3,0.492,1.17,0.938,SU,1.0
2022,60559,박시영,KT,,False,15.667,17,4.59574,1.47,0,2,0,5,0,11,4,0,19,2,8,8,6.32,2.3,2.75,16.2,5.9,-0.33,0.15,0.922,SU,1.0
2024,60559,박시영,KT,,False,25.333,26,4.61842,1.34,0,1,1,4,0,23,7,1,27,4,13,13,8.17,2.49,3.29,20.9,6.4,-0.111,0.29,0.974,RP,1.0
2025,60559,박시영,롯데,,False,7.333,11,11.045454545454543,2.45,1,0,0,0,0,10,9,2,9,0,9,9,12.27,11.05,1.11,23.8,21.4,-0.249,-0.33,0.667,RP,1.0
2025,55121,박시원,LG,투수,False,1.333,2,13.5,3.75,0,0,0,0,0,0,5,0,0,0,2,2,0.0,33.75,0.0,0.0,55.6,0.002,-0.06,0.666,RP,1.0
2026,55121,박시원,LG,투수,False,31.667,22,3.978947368421053,1.52,0,2,0,0,0,27,13,4,35,1,18,14,7.67,3.69,2.08,18.8,9.0,-0.245,0.13,1.439,RP,0.757
2022,50812,박시후,SSG,투수,False,1.0,2,18.0,3.0,0,0,0,0,0,0,0,0,3,0,2,2,0.0,0.0,99.99,0.0,0.0,-0.014,-0.06,0.5,RP,1.0
2024,50812,박시후,SSG,투수,False,14.667,11,6.75,1.7,0,0,0,0,0,11,7,2,18,1,11,11,6.75,4.3,1.5699999999999998,15.7,10.0,-0.009,-0.01,1.333,RP,1.0
2025,50812,박시후,SSG,투수,False,52.333,52,3.267515923566879,1.41,6,2,0,3,0,34,29,5,45,5,24,19,5.85,4.99,1.17,14.7,12.6,0.259,0.32,1.006,RP,1.0
2026,50812,박시후,SSG,투수,False,39.333,35,5.491525423728814,1.53,0,1,0,1,0,32,18,3,42,6,29,24,7.32,4.12,1.78,18.0,10.1,-0.845,-0.2,1.124,RP,0.757
2018,68249,박신지,두산,투수,False,21.0,17,3.0,1.1,1,2,0,0,0,16,9,1,14,4,7,7,6.86,3.86,1.78,18.2,10.2,-0.707,0.18,1.235,RP,1.0
2019,68249,박신지,두산,투수,False,0.0,2,0.0,0.0,0,0,0,0,0,0,2,0,1,0,2,2,0.0,0.0,0.0,0.0,66.7,-0.007,0.0,0.0,RP,1.0
2020,68249,박신지,두산,투수,False,3.0,2,18.0,3.33,0,0,0,0,0,3,1,0,9,0,6,6,9.0,3.0,3.0,16.7,5.6,-0.006,-0.12,1.5,RP,1.0
2022,68249,박신지,두산,투수,False,61.667,29,6.71351,2.01,1,6,0,0,0,38,40,5,84,7,50,46,5.55,5.84,0.95,12.1,12.8,-0.858,-0.97,2.126,RP,1.0
2023,68249,박신지,두산,투수,False,26.0,15,5.53846,1.92,0,0,0,0,0,15,11,3,39,1,16,16,5.19,3.81,1.36,11.6,8.5,-0.473,-0.05,1.733,RP,1.0
2024,68249,박신지,두산,투수,False,8.667,6,2.07692,1.85,0,1,0,0,0,3,8,1,8,0,3,2,3.12,8.31,0.38,7.3,19.5,-0.142,0.11,1.444,RP,1.0
2025,68249,박신지,두산,투수,False,60.0,54,2.85,1.4,2,4,0,5,0,36,29,5,55,3,24,19,5.4,4.35,1.24,13.6,11.0,-0.079,0.9,1.111,RP,1.0
2026,68249,박신지,두산,투수,False,29.0,18,5.896551724137931,1.52,0,0,0,0,0,23,14,2,30,3,20,19,7.14,4.34,1.64,17.8,10.9,-0.285,-0.01,1.611,RP,0.757
2023,69507,박영완,롯데,,False,1.0,1,0.0,1.0,0,0,0,0,0,1,1,0,0,0,0,0,9.0,9.0,1.0,33.3,33.3,0.012,0.03,1.0,RP,1.0
2022,52060,박영현,KT,투수,False,51.667,52,3.65806,1.28,0,1,0,2,0,55,20,0,46,5,23,21,9.58,3.48,2.75,25.1,9.1,0.452,0.65,0.994,RP,1.0
2023,52060,박영현,KT,투수,False,75.333,68,2.74779,1.14,3,3,4,32,0,79,23,2,63,3,25,23,9.44,2.75,3.43,25.6,7.5,2.825,2.47,1.108,SU,1.0
2024,52060,박영현,KT,투수,False,76.667,66,3.52174,1.11,10,2,25,0,0,87,22,0,63,12,31,30,10.21,2.58,3.95,28.1,7.1,6.315,2.29,1.162,CL,1.0
2025,52060,박영현,KT,투수,False,69.0,67,3.391304347826087,1.48,5,6,35,1,0,77,34,2,68,9,31,26,10.04,4.43,2.26,25.2,11.1,2.511,1.23,1.03,CL,1.0
2026,52060,박영현,KT,투수,False,47.0,42,2.2978723404255317,1.26,6,0,22,0,0,46,23,0,36,4,13,12,8.81,4.4,2.0,22.9,11.4,3.091,1.92,1.119,CL,0.757
2026,56468,박용재,삼성,투수,False,0.0,1,0.0,0.0,0,0,0,0,0,0,1,0,3,1,3,3,0.0,0.0,0.0,0.0,25.0,-0.043,0.0,0.0,RP,0.757
2021,50205,박웅,두산,투수,False,11.667,10,5.4,1.37,0,0,0,0,0,7,4,3,12,0,7,7,5.4,3.09,1.75,14.3,8.2,-0.014,0.01,1.167,RP,1.0
2022,50205,박웅,두산,투수,False,6.0,8,3.0,2.33,0,0,0,0,0,3,7,0,7,0,3,2,4.5,10.5,0.43,9.1,21.2,0.064,0.0,0.75,RP,1.0
2024,53301,박윤성,키움,투수,False,18.667,17,5.78571,1.23,0,0,0,1,0,14,9,0,14,5,12,12,6.75,4.34,1.56,17.3,11.1,-0.115,-0.09,1.098,RP,1.0
2025,53301,박윤성,키움,투수,False,51.667,54,4.5290322580645155,1.43,0,5,1,6,0,40,19,1,55,9,31,26,6.97,3.31,2.11,17.7,8.4,-0.913,-0.22,0.957,RP,1.0
2026,53301,박윤성,키움,투수,False,4.333,6,8.307692307692308,1.85,0,1,0,1,0,1,3,1,5,1,4,4,2.08,6.23,0.33,5.0,15.0,-0.392,-0.16,0.722,RP,0.757
2019,69762,박윤철,한화,,False,30.0,15,5.1,1.73,0,1,0,0,0,21,30,3,22,4,19,17,6.3,9.0,0.7,14.5,20.7,0.026,-0.25,2.0,RP,1.0
2022,69762,박윤철,한화,,False,33.333,11,4.59,1.92,0,3,0,0,0,16,23,2,41,5,22,17,4.32,6.21,0.7,9.8,14.0,-0.134,-0.29,3.03,SP,1.0
2023,69762,박윤철,한화,,False,3.333,3,21.6,3.0,0,0,0,0,0,1,5,0,5,2,8,8,2.7,13.5,0.2,5.0,25.0,-0.002,-0.25,1.111,RP,1.0
2026,53706,박재규,한화,투수,False,2.0,3,9.0,2.5,0,0,0,0,0,1,2,0,3,0,2,2,4.5,9.0,0.5,9.1,18.2,-0.009,-0.03,0.667,RP,0.757
2026,56536,박정민,롯데,투수,False,37.333,42,4.098214285714286,1.47,5,2,1,9,0,43,30,1,25,4,17,17,10.37,7.23,1.43,26.7,18.6,0.878,0.54,0.889,RP,0.757
2010,75250,박정배,두산,2군 투수코치,False,14.667,10,6.13636,1.5,1,1,0,0,0,11,5,2,17,4,10,10,6.75,3.07,2.2,16.9,7.7,0.0,,1.467,RP,1.0
2011,75250,박정배,두산,2군 투수코치,False,4.0,4,9.0,1.75,0,0,0,0,0,0,1,1,6,1,4,4,0.0,2.25,0.0,0.0,5.3,0.0,,1.0,RP,1.0
2012,75250,박정배,SK,2군 투수코치,False,77.333,37,3.14224,1.06,4,3,0,3,2,48,30,4,52,6,29,27,5.59,3.49,1.6,15.5,9.7,0.0,,2.09,SP,1.0
2013,75250,박정배,SK,2군 투수코치,False,49.0,38,1.65306,1.31,5,2,0,14,0,53,24,4,40,3,11,9,9.73,4.41,2.21,25.5,11.5,0.0,,1.289,SU,1.0
2014,75250,박정배,SK,2군 투수코치,False,43.333,43,5.81538,1.5,6,4,1,10,0,34,23,6,42,3,29,28,7.06,4.78,1.48,17.3,11.7,-1.372,0.33,1.008,RP,1.0
2015,75250,박정배,SK,2군 투수코치,False,25.333,24,5.32895,1.5,2,2,0,2,0,28,13,2,25,3,15,15,9.95,4.62,2.15,24.3,11.3,-0.249,0.1,1.056,RP,1.0
2016,75250,박정배,SK,2군 투수코치,False,51.667,49,5.4,1.39,2,3,2,11,0,26,17,3,55,6,34,31,4.53,2.96,1.53,11.7,7.6,-0.82,-0.04,1.054,RP,1.0
2017,75250,박정배,SK,2군 투수코치,False,68.0,61,3.57353,1.34,5,3,7,16,0,49,33,3,58,9,32,27,6.49,4.37,1.48,16.9,11.4,2.583,0.94,1.115,SU,1.0
2018,75250,박정배,SK,2군 투수코치,False,44.667,49,5.84328,1.41,1,3,9,2,0,44,12,2,51,9,30,29,8.87,2.42,3.67,22.3,6.1,-1.886,0.07,0.912,RP,1.0
2019,75250,박정배,SK,2군 투수코치,False,19.667,20,10.0678,1.58,1,1,0,1,0,9,2,2,29,4,22,22,4.12,0.92,4.5,10.0,2.2,0.109,-0.64,0.983,RP,1.0
2015,65639,박정수,KIA,투수,False,42.333,19,5.52756,1.56,0,3,0,0,0,25,19,6,47,4,31,26,5.31,4.04,1.32,12.7,9.6,-0.536,0.04,2.228,RP,1.0
2018,65639,박정수,KIA,투수,False,13.333,11,11.48,1.65,0,0,0,0,0,16,5,3,17,2,18,17,10.8,3.38,3.2,24.2,7.6,0.154,-0.46,1.212,RP,1.0
2019,65639,박정수,KIA,투수,False,5.0,3,12.6,2.8,0,0,0,0,0,2,4,1,10,0,7,7,3.6,7.2,0.5,7.4,14.8,-0.081,-0.24,1.667,RP,1.0
2020,65639,박정수,NC,투수,False,33.0,22,4.63636,1.48,1,1,0,2,0,29,24,6,25,4,17,17,7.91,6.55,1.21,20.1,16.7,0.033,0.18,1.5,RP,1.0
2021,65639,박정수,두산,투수,False,30.333,12,7.41758,1.71,3,3,0,0,0,26,14,3,38,5,27,25,7.71,4.15,1.86,18.2,9.8,-0.695,-0.27,2.528,RP,1.0
2022,65639,박정수,두산,투수,False,19.667,13,3.20339,1.32,1,1,0,0,0,18,9,1,17,1,7,7,8.24,4.12,2.0,21.7,10.8,-0.172,0.32,1.513,RP,1.0
2023,65639,박정수,두산,투수,False,36.667,25,4.17273,1.5,1,0,1,0,0,28,18,6,37,1,22,17,6.87,4.42,1.56,17.0,10.9,0.248,-0.03,1.467,RP,1.0
2024,65639,박정수,두산,투수,False,29.667,29,5.1573,1.69,1,2,0,4,0,22,12,2,38,2,18,17,6.67,3.64,1.83,16.1,8.8,0.414,0.27,1.023,RP,1.0
2025,65639,박정수,두산,투수,False,26.333,29,4.10126582278481,1.48,1,0,0,3,0,15,8,4,31,1,13,12,5.13,2.73,1.88,12.6,6.7,0.246,0.23,0.908,RP,1.0
2026,65639,박정수,두산,투수,False,7.0,7,5.142857142857143,1.71,0,0,0,0,0,3,5,0,7,1,6,4,3.86,6.43,0.6,9.7,16.1,-0.2,-0.1,1.0,RP,0.757
2024,67609,박정우,KIA,외야수,False,1.0,1,0.0,0.0,0,0,0,0,0,2,0,0,0,0,0,0,18.0,0.0,99.99,66.7,0.0,0.0,0.0,1.0,RP,1.0
2016,61396,박정준,넥센,,False,4.667,7,19.2857,3.0,0,0,0,0,0,3,6,1,8,0,10,10,5.79,11.57,0.5,10.3,20.7,-0.246,-0.23,0.667,RP,1.0
2017,61396,박정준,넥센,,False,4.667,4,9.64286,1.5,0,0,0,0,0,4,1,2,6,1,5,5,7.71,1.93,4.0,18.2,4.5,-0.16,-0.08,1.167,RP,1.0
2018,61396,박정준,넥센,,False,2.0,2,0.0,0.5,0,0,0,0,0,2,1,2,0,0,1,0,9.0,4.5,2.0,20.0,10.0,0.009,0.01,1.0,RP,1.0
2019,61396,박정준,두산,,False,1.667,2,32.4,4.8,0,0,0,0,0,0,5,0,3,0,6,6,0.0,27.0,0.0,0.0,38.5,0.0,-0.24,0.834,RP,1.0
2022,61396,박정준,삼성,,False,10.0,8,6.3,1.5,0,0,0,0,0,4,5,1,10,2,7,7,3.6,4.5,0.8,8.9,11.1,-0.03,-0.1,1.25,RP,1.0
2010,99737,박정진,한화,,False,79.333,56,3.06303,1.18,2,4,10,6,0,80,36,3,58,3,32,27,9.08,4.08,2.22,24.5,11.0,0.0,,1.417,RP,1.0
2011,99737,박정진,한화,,False,86.0,64,3.24419,1.14,7,6,7,16,0,92,28,1,70,6,33,31,9.63,2.93,3.29,26.1,7.9,0.0,,1.344,SU,1.0
2012,99737,박정진,한화,,False,49.333,63,5.47297,1.28,4,4,3,12,0,45,27,0,36,4,30,30,8.21,4.93,1.67,22.0,13.2,0.0,,0.783,RP,1.0
2013,99737,박정진,한화,,False,21.667,30,5.81538,1.43,1,5,1,6,0,21,14,1,17,2,15,14,8.72,5.82,1.5,21.9,14.6,0.0,,0.722,RP,1.0
2014,99737,박정진,한화,,False,49.333,60,6.02027,1.6,4,4,9,7,0,51,25,1,54,5,39,33,9.3,4.5600000000000005,2.04,22.8,11.2,-0.945,0.74,0.822,RP,1.0
2015,99737,박정진,한화,,False,96.0,76,3.09375,1.28,6,1,1,15,0,92,39,5,84,8,37,33,8.63,3.66,2.36,22.4,9.5,0.975,2.16,1.263,RP,1.0
2016,99737,박정진,한화,,False,84.0,77,5.57143,1.54,4,4,0,6,0,85,33,2,96,11,58,52,9.11,3.54,2.58,22.7,8.8,-3.246,0.42,1.091,RP,1.0
2017,99737,박정진,한화,,False,48.0,55,3.9375,1.29,3,2,1,7,0,51,24,3,38,6,28,21,9.56,4.5,2.13,24.9,11.7,0.774,0.38,0.873,RP,1.0
2025,55394,박정훈,키움,투수,False,23.0,16,7.434782608695651,1.91,0,1,1,0,0,7,20,4,24,1,24,19,2.74,7.83,0.35,6.0,17.2,-1.003,-0.58,1.438,RP,1.0
2026,55394,박정훈,키움,투수,False,55.0,39,5.236363636363636,1.65,2,2,0,10,0,44,33,7,58,3,33,32,7.2,5.4,1.33,17.1,12.8,-0.026,0.34,1.41,SU,0.757
2012,62338,박종윤,넥센,투수,False,6.0,7,3.0,1.67,0,0,0,0,0,7,6,1,4,0,2,2,10.5,9.0,1.17,24.1,20.7,0.0,,0.857,RP,1.0
2013,62338,박종윤,넥센,투수,False,4.0,4,6.75,1.75,0,0,0,0,0,2,2,1,5,0,3,3,4.5,4.5,1.0,10.0,10.0,0.0,,1.0,RP,1.0
2016,62338,박종윤,넥센,투수,False,2.0,1,4.5,3.5,0,0,0,0,0,0,2,0,5,0,1,1,0.0,9.0,0.0,0.0,15.4,-0.103,0.04,2.0,RP,1.0
2017,62338,박종윤,넥센,투수,False,4.0,1,6.75,2.0,0,0,0,0,0,2,4,0,4,0,3,3,4.5,9.0,0.5,10.5,21.1,0.0,-0.01,4.0,SP,1.0
2011,60841,박종훈,SK,투수,False,6.667,7,2.7,1.05,0,0,0,0,0,5,3,0,4,1,2,2,6.75,4.05,1.67,19.2,11.5,0.0,,0.952,RP,1.0
2012,60841,박종훈,SK,투수,False,18.0,8,8.0,1.94,1,2,0,0,0,16,14,4,21,0,17,16,8.0,7.0,1.14,18.0,15.7,0.0,,2.25,RP,1.0
2015,60841,박종훈,SK,투수,False,118.0,33,5.18644,1.49,6,8,0,0,7,105,53,17,123,7,74,68,8.01,4.04,1.98,19.8,10.0,-0.842,1.32,3.576,SP,1.0
2016,60841,박종훈,SK,투수,False,140.0,28,5.65714,1.66,8,13,0,0,9,104,91,23,141,17,102,88,6.6899999999999995,5.85,1.14,16.0,14.0,-2.113,0.88,5.0,SP,1.0
2017,60841,박종훈,SK,투수,True,151.333,29,4.10352,1.36,12,7,0,1,7,107,61,25,145,16,74,69,6.36,3.63,1.75,16.1,9.2,1.982,2.67,5.218,SP,1.0
2018,60841,박종훈,SK,투수,True,159.333,30,4.17992,1.33,14,8,0,0,10,133,54,20,158,16,81,74,7.51,3.05,2.46,18.9,7.7,1.843,3.43,5.311,SP,1.0
2019,60841,박종훈,SK,투수,True,144.0,28,3.88,1.5,8,11,0,0,10,100,59,13,157,12,72,62,6.25,3.69,1.69,15.6,9.2,2.451,2.13,5.143,SP,1.0
2020,60841,박종훈,SK,투수,True,157.333,29,4.80508,1.42,13,11,0,0,10,134,78,22,146,14,90,84,7.67,4.46,1.72,19.4,11.3,0.879,2.45,5.425,SP,1.0
2021,60841,박종훈,SSG,투수,False,54.333,9,2.81595,1.05,4,2,0,0,6,41,17,7,40,2,19,17,6.79,2.82,2.41,18.5,7.7,1.561,1.59,6.037,SP,1.0
2022,60841,박종훈,SSG,투수,False,48.0,11,6.0,1.52,3,5,0,0,2,40,21,8,52,6,34,32,7.5,3.94,1.9,18.2,9.5,-0.308,-0.18,4.364,SP,1.0
2023,60841,박종훈,SSG,투수,False,80.0,18,6.1875,1.71,2,6,0,0,4,56,60,19,77,8,57,55,6.3,6.75,0.93,14.7,15.7,-0.686,-0.48,4.444,SP,1.0
2024,60841,박종훈,SSG,투수,False,35.0,10,6.94286,1.66,1,4,0,0,1,34,21,8,37,7,28,27,8.74,5.4,1.62,20.7,12.8,-0.812,-0.23,3.5,SP,1.0
2025,60841,박종훈,SSG,투수,False,19.0,5,7.105263157894737,1.74,0,2,0,0,1,10,18,5,15,4,17,15,4.74,8.53,0.56,11.1,20.0,-0.267,-0.47,3.8,SP,1.0
2019,69328,박주성,키움,투수,False,4.0,4,13.5,3.25,0,0,0,0,0,1,6,0,7,1,6,6,2.25,13.5,0.17,4.0,24.0,-0.002,-0.16,1.0,RP,1.0
2020,69328,박주성,키움,투수,False,2.0,3,4.5,2.5,0,0,0,0,0,1,3,0,2,0,1,1,4.5,13.5,0.33,9.1,27.3,0.013,0.0,0.667,RP,1.0
2021,69328,박주성,키움,투수,False,18.333,13,4.90909,1.8,0,1,0,0,0,12,9,2,24,1,11,10,5.89,4.42,1.33,13.5,10.1,-0.442,0.02,1.41,RP,1.0
2022,69328,박주성,키움,투수,False,13.0,11,5.53846,1.38,1,1,0,0,0,8,7,3,11,4,9,8,5.54,4.85,1.14,13.1,11.5,-0.303,-0.26,1.182,RP,1.0
2025,69328,박주성,키움,투수,False,52.0,18,6.576923076923077,1.52,2,3,0,1,2,26,16,3,63,9,40,38,4.5,2.77,1.63,11.1,6.8,-0.648,-0.56,2.889,SP,1.0
2022,50411,박주혁,삼성,투수,False,6.667,8,1.35,1.35,0,0,0,0,0,3,4,0,5,1,3,1,4.05,5.4,0.75,10.3,13.8,-0.028,0.01,0.833,RP,1.0
2016,65348,박주현,넥센,,False,119.0,30,6.35294,1.6,7,5,0,0,5,71,37,8,153,19,89,84,5.37,2.8,1.92,13.2,6.9,-2.019,1.08,3.967,SP,1.0
2017,65348,박주현,넥센,,False,2.333,2,34.7143,5.14,0,0,0,0,0,0,3,0,9,1,9,9,0.0,11.57,0.0,0.0,15.8,-0.392,-0.35,1.166,RP,1.0
2024,68097,박주현,NC,,False,3.0,3,6.0,1.33,0,0,0,0,0,4,1,0,3,1,2,2,12.0,3.0,4.0,30.8,7.7,0.004,-0.01,1.0,RP,1.0
2010,70349,박준수,넥센,,False,42.333,42,2.33858,1.09,3,3,0,8,0,25,16,4,30,4,11,11,5.31,3.4,1.56,15.0,9.6,0.0,,1.008,RP,1.0
2011,70349,박준수,넥센,,False,19.667,34,6.40678,1.63,2,2,1,8,0,9,10,2,22,0,15,14,4.12,4.58,0.9,9.8,10.9,0.0,,0.578,RP,1.0
2012,70349,박준수,KIA,,False,1.333,2,0.0,0.75,0,0,0,1,0,0,0,0,1,0,0,0,0.0,0.0,99.99,0.0,0.0,0.0,,0.666,SU,1.0
2016,66928,박준영,NC,,False,33.667,32,6.9505,1.63,1,3,0,5,0,33,18,3,37,4,31,26,8.82,4.8100000000000005,1.83,20.9,11.4,-0.659,-0.68,1.052,RP,1.0
2022,52731,박준영,한화,투수,False,11.0,5,10.6364,1.91,0,1,0,0,0,10,8,0,13,1,13,13,8.18,6.55,1.25,18.9,15.1,-0.237,-0.31,2.2,RP,1.0
2023,52731,박준영,한화,투수,False,4.333,4,18.6923,2.31,0,0,0,0,0,7,8,0,2,0,9,9,14.54,16.62,0.88,30.4,34.8,-0.01,-0.29,1.083,RP,1.0
2025,52731,박준영,한화,투수,False,5.0,1,3.6,1.8,0,0,0,0,0,3,6,0,3,0,2,2,5.4,10.8,0.5,12.5,25.0,0.075,0.07,5.0,SP,1.0
2026,56709,박준영,한화,투수,False,42.333,13,5.74015748031496,1.42,2,6,0,1,1,33,21,7,39,10,28,27,7.02,4.46,1.5699999999999998,17.0,10.8,0.13,-0.14,3.256,SP,0.757
2026,52731,박준영,한화,투수,False,54.0,32,4.5,1.44,1,0,0,0,0,49,29,4,49,7,28,27,8.17,4.83,1.69,21.3,12.6,-0.239,0.42,1.688,RP,0.757
2024,54503,박준우,롯데,투수,False,2.0,2,9.0,2.0,0,0,0,0,0,1,1,0,3,0,2,2,4.5,4.5,1.0,10.0,10.0,0.0,-0.01,1.0,RP,1.0
2025,54503,박준우,롯데,투수,False,12.333,11,8.027027027027028,2.19,1,2,0,1,0,11,6,1,21,0,11,11,8.03,4.38,1.83,17.2,9.4,-0.349,-0.1,1.121,RP,1.0
2026,54503,박준우,롯데,투수,False,16.0,13,5.0625,1.75,0,0,0,0,0,10,6,2,22,2,13,9,5.63,3.38,1.67,13.3,8.0,-0.195,-0.08,1.231,RP,0.757
2013,63638,박준표,KIA,,False,9.667,11,3.72414,1.03,1,1,0,2,0,6,3,0,7,2,4,4,5.59,2.79,2.0,16.2,8.1,0.0,,0.879,RP,1.0
2014,63638,박준표,KIA,,False,22.667,13,7.94118,1.72,0,1,0,0,0,6,11,4,28,3,22,20,2.38,4.37,0.55,5.6,10.2,-0.306,-0.19,1.744,RP,1.0
2015,63638,박준표,KIA,,False,46.0,37,6.26087,1.41,2,2,0,3,0,33,11,5,54,4,32,32,6.46,2.15,3.0,16.4,5.5,-0.411,0.17,1.243,RP,1.0
2016,63638,박준표,KIA,,False,51.667,46,6.27097,1.59,4,0,0,5,0,33,22,8,60,4,39,36,5.75,3.83,1.5,13.9,9.2,-0.193,-0.18,1.123,RP,1.0
2018,63638,박준표,KIA,,False,2.0,1,0.0,1.0,0,0,0,0,0,2,2,0,0,0,0,0,9.0,9.0,1.0,25.0,25.0,0.162,0.08,2.0,RP,1.0
2019,63638,박준표,KIA,,False,56.0,49,2.08929,0.86,5,2,0,15,0,30,6,4,42,4,15,13,4.82,0.96,5.0,14.3,2.9,2.906,1.23,1.143,SU,1.0
2020,63638,박준표,KIA,,False,51.667,50,1.56774,0.95,7,1,6,11,0,44,8,0,41,3,16,9,7.66,1.39,5.5,21.5,3.9,2.534,2.05,1.033,RP,1.0
2021,63638,박준표,KIA,,False,32.0,32,5.90625,1.84,2,4,0,4,0,18,17,9,42,3,24,21,5.06,4.78,1.06,11.4,10.8,-0.499,-0.45,1.0,RP,1.0
2022,63638,박준표,KIA,,False,23.333,34,5.4,1.59,1,0,0,8,0,11,10,8,27,4,15,14,4.24,3.86,1.1,9.8,8.9,0.207,-0.33,0.686,RP,1.0
2023,63638,박준표,KIA,,False,28.0,33,4.5,1.32,1,0,0,3,0,13,9,0,28,3,16,14,4.18,2.89,1.44,11.0,7.6,-0.002,-0.02,0.848,RP,1.0
2024,63638,박준표,KIA,,False,6.0,8,6.0,2.17,0,0,0,1,0,4,3,1,10,0,4,4,6.0,4.5,1.33,13.8,10.3,-0.26,0.03,0.75,RP,1.0
2026,56318,박준현,키움,투수,False,64.667,14,5.010309278350515,1.73,1,5,0,0,2,67,53,1,59,4,37,36,9.32,7.38,1.26,22.5,17.8,0.817,0.62,4.619,SP,0.757
2026,56337,박지성,키움,투수,False,35.0,29,4.114285714285715,1.54,2,2,0,0,0,25,17,1,37,7,21,16,6.43,4.37,1.47,15.7,10.7,-0.628,-0.1,1.207,RP,0.757
2026,69994,박지한,NC,투수,False,3.333,3,2.7,1.5,0,0,0,0,0,4,4,2,1,0,1,1,10.8,10.8,1.0,23.5,23.5,0.003,0.03,1.111,RP,0.757
2024,54213,박지호,두산,투수,False,0.667,1,0.0,1.5,0,0,0,1,0,2,1,0,0,0,0,0,27.0,13.5,2.0,66.7,33.3,0.112,0.07,0.667,SU,1.0
2012,62637,박지훈,KIA,,False,61.333,50,3.38,1.39,3,3,2,10,0,37,30,5,55,3,25,23,5.43,4.4,1.23,13.8,11.2,0.0,,1.227,RP,1.0
2013,62637,박지훈,KIA,,False,29.667,35,10.9213,2.36,2,1,1,4,0,27,22,1,48,6,36,36,8.19,6.67,1.23,17.4,14.2,0.0,,0.848,RP,1.0
2017,62637,박지훈,KIA,,False,14.0,18,7.07143,1.79,1,1,0,4,0,10,9,1,16,1,12,11,6.43,5.79,1.11,15.2,13.6,-0.088,-0.13,0.778,RP,1.0
2026,56066,박지훈,KT,투수,False,0.667,1,81.0,6.0,0,0,0,0,0,2,2,2,2,1,6,6,27.0,27.0,1.0,25.0,25.0,-0.005,-0.24,0.667,RP,0.757
2019,69594,박진,롯데,투수,False,1.0,2,9.0,3.0,0,0,0,0,0,1,1,0,2,0,1,1,9.0,9.0,1.0,16.7,16.7,-0.182,-0.02,0.5,RP,1.0
2023,69594,박진,롯데,투수,False,5.0,4,9.0,2.8,0,0,0,0,0,2,7,0,7,1,5,5,3.6,12.6,0.29,6.9,24.1,-0.104,-0.12,1.25,RP,1.0
2024,69594,박진,롯데,투수,False,49.333,38,4.37838,1.44,2,4,1,0,1,35,11,2,60,4,28,24,6.39,2.01,3.18,16.4,5.1,0.153,0.72,1.298,SP,1.0
2025,69594,박진,롯데,투수,False,69.333,51,5.322115384615385,1.41,3,3,1,3,0,50,22,1,76,10,42,41,6.49,2.86,2.27,16.6,7.3,0.208,0.2,1.359,RP,1.0
2015,63991,박진우,NC,,False,14.333,11,3.13953,1.47,1,1,0,0,0,8,2,1,19,1,5,5,5.02,1.26,4.0,12.9,3.2,-0.343,0.2,1.303,RP,1.0
2018,63991,박진우,NC,,False,19.667,11,3.66102,1.17,1,0,0,1,1,15,5,2,18,2,8,8,6.86,2.29,3.0,18.8,6.3,0.293,0.41,1.788,SP,1.0
2019,63991,박진우,NC,,False,140.667,41,3.13507,1.18,9,7,0,5,11,92,29,19,137,9,53,49,5.89,1.86,3.17,15.6,4.9,4.2780000000000005,3.19,3.431,SP,1.0
2020,63991,박진우,NC,,False,43.0,43,5.23256,1.4,2,2,0,7,0,22,13,6,47,2,29,25,4.6,2.72,1.69,11.3,6.7,0.077,0.22,1.0,RP,1.0
2021,63991,박진우,NC,,False,11.0,9,1.63636,1.0,0,0,0,1,0,12,5,1,6,0,2,2,9.82,4.09,2.4,27.3,11.4,0.019,0.28,1.222,RP,1.0
2017,67646,박진태,KIA,,False,57.667,38,6.55491,1.65,0,1,3,2,0,24,19,10,76,5,45,42,3.75,2.97,1.26,8.9,7.0,-0.047,-0.22,1.518,RP,1.0
2019,67646,박진태,KIA,,False,8.333,2,4.32,1.92,0,1,0,0,0,5,6,3,10,0,4,4,5.4,6.48,0.83,11.9,14.3,0.103,0.08,4.166,SP,1.0
2020,67646,박진태,KIA,,False,18.667,12,13.0179,2.57,0,0,0,0,0,14,16,4,32,9,27,27,6.75,7.71,0.88,13.3,15.2,-0.13,-0.85,1.556,RP,1.0
2021,67646,박진태,KIA,,False,65.0,59,5.95385,1.6,3,3,0,9,0,45,36,13,68,6,44,43,6.23,4.98,1.25,14.8,11.8,-0.355,-0.48,1.102,RP,1.0
2015,63512,박진형,롯데,투수,False,1.333,2,0.0,1.5,0,0,0,0,0,1,0,0,2,0,0,0,6.75,0.0,99.99,16.7,0.0,0.021,0.04,0.666,RP,1.0
2016,63512,박진형,롯데,투수,False,93.0,39,5.80645,1.67,6,2,0,3,3,78,54,13,101,9,65,60,7.55,5.23,1.44,17.8,12.3,-2.871,0.84,2.385,SP,1.0
2017,63512,박진형,롯데,투수,False,88.0,45,5.11364,1.53,4,4,2,10,1,95,47,4,88,8,51,50,9.72,4.8100000000000005,2.02,24.3,12.0,1.316,1.59,1.956,SP,1.0
2018,63512,박진형,롯데,투수,False,13.0,13,6.23077,2.38,3,2,0,1,0,11,8,1,23,1,12,9,7.62,5.54,1.38,15.9,11.6,-1.027,-0.11,1.0,RP,1.0
2019,63512,박진형,롯데,투수,False,40.333,41,4.01653,1.26,2,1,5,5,0,40,11,0,40,6,19,18,8.93,2.45,3.64,23.7,6.5,-0.642,0.44,0.984,RP,1.0
2020,63512,박진형,롯데,투수,False,42.667,53,5.69531,1.62,1,4,0,17,0,50,13,4,56,7,27,27,10.55,2.74,3.85,25.8,6.7,-0.59,0.41,0.805,SU,1.0
2021,63512,박진형,롯데,투수,False,16.0,22,7.88,2.19,2,1,0,0,0,23,10,0,25,1,14,14,12.94,5.63,2.3,28.4,12.3,-0.349,-0.11,0.727,RP,1.0
2024,63512,박진형,롯데,투수,False,6.333,7,4.26316,1.11,0,0,0,0,0,4,1,1,6,0,3,3,5.68,1.42,4.0,16.7,4.2,0.213,0.14,0.905,RP,1.0
2025,63512,박진형,롯데,투수,False,5.333,7,8.4375,2.25,0,0,0,0,0,5,3,0,9,1,7,5,8.44,5.06,1.67,17.2,10.3,-0.184,-0.15,0.762,RP,1.0
2026,63512,박진형,키움,투수,False,28.333,26,4.764705882352941,1.59,3,2,0,2,0,21,15,4,30,2,15,15,6.67,4.76,1.4,16.2,11.5,-0.332,0.23,1.09,RP,0.757
2012,62761,박찬호,한화,,False,121.0,23,5.05785,1.54,5,10,0,0,8,68,52,11,134,11,76,68,5.06,3.87,1.31,12.3,9.4,0.0,,5.261,SP,1.0
2017,67266,박치국,두산,투수,False,32.0,21,6.75,1.59,1,1,0,0,0,23,14,6,37,3,25,24,6.47,3.94,1.64,15.4,9.4,-0.665,-0.27,1.524,RP,1.0
2018,67266,박치국,두산,투수,False,67.0,67,3.62687,1.42,1,5,3,17,0,60,15,9,80,5,30,27,8.06,2.01,4.0,20.5,5.1,1.727,1.29,1.0,SU,1.0
2019,67266,박치국,두산,투수,False,52.0,61,4.5,1.5,2,2,3,14,0,35,14,5,64,5,26,26,6.06,2.42,2.5,15.3,6.1,-0.349,-0.12,0.852,RP,1.0
2020,67266,박치국,두산,투수,False,71.667,63,2.88837,1.38,4,4,0,7,0,66,34,5,65,5,34,23,8.29,4.27,1.94,20.8,10.7,0.873,0.63,1.138,RP,1.0
2021,67266,박치국,두산,투수,False,22.0,23,4.09091,1.45,2,1,0,8,0,20,11,1,21,2,11,10,8.18,4.5,1.82,21.1,11.6,0.96,0.23,0.957,SU,1.0
2022,67266,박치국,두산,투수,False,11.667,15,5.4,1.29,1,2,0,3,0,12,9,3,6,0,8,7,9.26,6.9399999999999995,1.33,23.5,17.6,-0.066,-0.07,0.778,RP,1.0
2023,67266,박치국,두산,투수,False,52.667,62,3.58861,1.42,5,3,2,11,0,48,21,5,54,3,22,21,8.2,3.59,2.29,20.3,8.9,1.392,0.8,0.849,RP,1.0
2024,67266,박치국,두산,투수,False,48.0,52,6.38,1.6,2,3,1,3,0,35,18,10,59,8,34,34,6.5600000000000005,3.38,1.94,15.8,8.1,-2.172,-0.33,0.923,RP,1.0
2025,67266,박치국,두산,투수,False,62.333,73,3.754010695187166,1.27,4,4,2,16,0,57,21,7,58,4,35,26,8.23,3.03,2.71,21.0,7.7,0.95,0.45,0.854,RP,1.0
2026,67266,박치국,두산,투수,False,31.333,39,4.021276595744681,1.82,0,1,0,8,0,28,12,5,45,1,20,14,8.04,3.45,2.33,17.7,7.6,0.675,0.22,0.803,RP,0.757
2015,64764,박한길,한화,,False,13.667,10,8.56098,2.12,0,0,0,0,0,9,12,2,17,0,13,13,5.93,7.9,0.75,12.7,16.9,0.01,-0.1,1.367,RP,1.0
2016,64764,박한길,롯데,,False,16.333,9,6.06122,1.9,0,0,0,0,0,10,7,1,24,1,15,11,5.51,3.86,1.43,12.8,9.0,0.019,-0.09,1.815,RP,1.0
2010,79817,박현준,LG,,False,57.667,20,6.55491,1.51,2,3,0,0,1,46,27,9,60,9,45,42,7.18,4.21,1.7,17.5,10.3,0.0,,2.883,SP,1.0
2011,79817,박현준,LG,,True,163.667,29,4.17923,1.35,13,10,0,0,14,137,68,11,153,13,88,76,7.53,3.74,2.01,19.3,9.6,0.0,,5.644,SP,1.0
2010,76858,박희수,SK,,False,17.667,14,4.58491,1.7,0,0,0,0,0,15,7,0,23,2,9,9,7.64,3.57,2.14,19.2,9.0,0.0,,1.262,RP,1.0
2011,76858,박희수,SK,,False,67.0,39,1.8806,1.04,4,2,1,8,0,76,30,3,40,3,19,14,10.21,4.03,2.53,28.7,11.3,0.0,,1.718,RP,1.0
2012,76858,박희수,SK,,False,82.0,65,1.31707,0.96,8,1,6,34,0,93,27,3,52,2,12,12,10.21,2.96,3.44,29.8,8.7,0.0,,1.262,SU,1.0
2013,76858,박희수,SK,,False,47.667,43,2.26573,0.92,1,2,24,1,0,46,13,1,31,1,12,12,8.69,2.45,3.54,24.9,7.0,0.0,,1.109,CL,1.0
2014,76858,박희수,SK,,False,20.667,21,3.48387,1.21,1,2,13,0,0,29,8,4,17,1,8,8,12.63,3.48,3.63,33.0,9.1,0.35,0.74,0.984,CL,1.0
2015,76858,박희수,SK,,False,10.0,14,5.4,2.1,0,0,0,2,0,12,8,1,13,3,6,6,10.8,7.2,1.5,23.5,15.7,-0.245,-0.06,0.714,RP,1.0
2016,76858,박희수,SK,,False,54.667,51,3.29268,1.26,4,5,26,0,0,37,26,5,43,3,23,20,6.09,4.28,1.42,15.6,11.0,2.382,1.04,1.072,CL,1.0
2017,76858,박희수,SK,,False,38.0,48,6.63158,1.79,2,6,8,9,0,29,19,4,49,8,29,28,6.87,4.5,1.53,15.8,10.4,-1.062,-0.43,0.792,RP,1.0
2018,76858,박희수,SK,,False,33.0,35,3.27273,1.52,1,2,0,4,0,30,15,3,35,1,14,12,8.18,4.09,2.0,20.5,10.3,-0.917,0.6,0.943,RP,1.0
2019,76858,박희수,SK,,False,28.667,34,1.56977,1.47,0,1,1,2,0,14,13,3,29,1,9,5,4.4,4.08,1.08,11.3,10.5,0.671,0.44,0.843,RP,1.0
2020,76858,박희수,SK,,False,24.667,28,5.47297,1.54,0,1,0,0,0,26,10,0,28,4,16,15,9.49,3.65,2.6,23.2,8.9,-0.142,0.12,0.881,RP,1.0
2022,52528,반즈,롯데,투수,True,186.333,31,3.62254,1.2,12,12,0,0,18,160,47,18,176,8,87,75,7.73,2.27,3.4,20.3,6.0,3.049,3.69,6.011,SP,1.0
2023,52528,반즈,롯데,투수,True,170.333,30,3.27593,1.33,11,10,0,0,18,147,56,15,171,6,68,62,7.77,2.96,2.63,20.0,7.6,3.384,4.21,5.678,SP,1.0
2024,52528,반즈,롯데,투수,True,150.667,25,3.34513,1.23,9,6,0,0,17,171,46,5,140,18,59,56,10.21,2.75,3.72,27.4,7.4,3.544,4.4,6.027,SP,1.0
2025,52528,반즈,롯데,투수,False,45.667,8,5.321167883211679,1.4,3,4,0,0,3,38,17,2,47,4,31,27,7.49,3.35,2.24,18.6,8.3,-0.125,0.26,5.708,SP,1.0
2024,54243,발라조빅,두산,,False,57.0,12,4.26316,1.44,2,6,0,1,2,69,28,2,54,3,29,27,10.89,4.42,2.46,27.6,11.2,0.49,1.23,4.75,SP,1.0
2021,51761,배동현,한화,투수,False,38.0,20,4.5,1.55,1,3,0,0,0,26,25,4,34,3,21,19,6.16,5.92,1.04,14.7,14.1,-0.489,0.15,1.9,RP,1.0
2026,51761,배동현,키움,투수,False,81.667,20,5.840816326530613,1.64,4,8,0,0,1,66,22,3,112,7,57,53,7.27,2.42,3.0,17.5,5.8,-0.747,0.42,4.083,SP,0.757
2016,60105,배민관,LG,,False,5.667,2,6.35294,1.06,0,0,0,0,0,1,1,0,5,3,4,4,1.59,1.59,1.0,4.3,4.3,0.0,-0.14,2.834,RP,1.0
2017,60105,배민관,LG,,False,3.667,4,9.81818,2.73,0,0,0,0,0,2,4,0,6,1,4,4,4.91,9.82,0.5,10.5,21.1,-0.057,-0.17,0.917,RP,1.0
2018,60105,배민관,LG,,False,11.0,8,1.63636,1.18,0,0,0,0,0,11,4,2,9,0,2,2,9.0,3.27,2.75,21.6,7.8,0.04,0.21,1.375,RP,1.0
2019,69974,배민서,NC,투수,False,3.333,4,5.4,2.1,0,0,0,0,0,1,0,1,7,0,2,2,2.7,0.0,99.99,5.9,0.0,-0.021,0.0,0.833,RP,1.0
2020,69974,배민서,NC,투수,False,13.333,13,7.43,1.8,0,0,0,0,0,9,7,0,17,4,12,11,6.07,4.72,1.29,14.1,10.9,-0.033,-0.19,1.026,RP,1.0
2021,69974,배민서,NC,투수,False,40.0,32,4.95,1.7,1,0,0,0,0,23,17,4,51,3,26,22,5.18,3.83,1.35,12.3,9.1,0.511,0.01,1.25,RP,1.0
2023,69974,배민서,NC,투수,False,6.667,6,6.75,1.8,0,0,0,0,0,4,2,1,10,0,8,5,5.4,2.7,2.0,11.8,5.9,-0.117,-0.14,1.111,RP,1.0
2024,69974,배민서,한화,투수,False,1.667,1,16.2,4.2,0,0,0,0,0,1,3,0,4,0,3,3,5.4,16.2,0.33,9.1,27.3,-0.021,-0.07,1.667,RP,1.0
2021,64501,배성근,롯데,,False,2.0,2,0.0,1.5,0,0,0,0,0,1,1,0,2,0,0,0,4.5,4.5,1.0,11.1,11.1,0.0,0.0,1.0,RP,1.0
2012,62730,배스,한화,,False,1.667,2,48.6,6.0,0,1,0,0,0,1,1,1,9,1,9,9,5.4,5.4,1.0,6.7,6.7,0.0,,0.834,RP,1.0
2010,70425,배영수,삼성,,False,119.667,31,4.73816,1.45,6,8,1,0,2,64,37,8,136,11,69,63,4.8100000000000005,2.78,1.73,12.2,7.0,0.0,,3.86,SP,1.0
2011,70425,배영수,삼성,,False,103.0,25,5.41748,1.5,6,8,0,1,6,47,27,6,127,5,67,62,4.11,2.36,1.74,10.2,5.9,0.0,,4.12,SP,1.0
2012,70425,배영수,삼성,,True,160.0,26,3.20625,1.24,12,8,0,0,15,89,39,3,159,7,64,57,5.01,2.19,2.28,13.5,5.9,0.0,,6.154,SP,1.0
2013,70425,배영수,삼성,,True,151.0,27,4.70861,1.53,14,4,0,0,13,101,38,14,193,9,83,79,6.02,2.26,2.66,15.1,5.7,0.0,,5.593,SP,1.0
2014,70425,배영수,삼성,,True,133.667,25,5.45387,1.5699999999999998,8,6,0,0,10,111,39,5,171,14,87,81,7.47,2.63,2.85,18.6,6.5,-1.781,2.83,5.347,SP,1.0
2015,70425,배영수,한화,,False,101.0,32,7.0396,1.61,4,11,0,1,3,56,39,14,124,21,93,79,4.99,3.48,1.44,11.9,8.3,-2.854,-0.72,3.156,SP,1.0
2017,70425,배영수,한화,,False,128.0,25,5.0625,1.44,7,8,0,0,10,86,29,13,155,17,82,72,6.05,2.04,2.97,15.0,5.0,0.59,1.5,5.12,SP,1.0
2018,70425,배영수,한화,,False,55.667,11,6.62874,1.51,2,3,0,0,2,47,15,6,69,6,42,41,7.6,2.43,3.13,18.7,6.0,0.161,0.7,5.061,SP,1.0
2019,70425,배영수,두산,,False,45.333,37,4.56618,1.35,1,2,0,0,0,10,11,3,50,4,25,23,1.99,2.18,0.91,5.2,5.7,-0.21,-0.42,1.225,RP,1.0
2010,79191,배우열,LG,,False,5.0,4,19.8,2.8,0,0,0,0,0,5,3,1,11,2,11,11,9.0,5.4,1.67,16.7,10.0,0.0,,1.25,RP,1.0
2015,79191,배우열,KT,,False,16.0,12,5.63,1.56,0,0,0,1,0,17,4,0,21,2,10,10,9.56,2.25,4.25,24.3,5.7,-0.092,0.24,1.333,RP,1.0
2016,79191,배우열,KT,,False,40.333,36,4.01653,1.61,1,1,1,4,0,29,18,0,47,2,21,18,6.47,4.02,1.61,16.6,10.3,-0.655,0.72,1.12,RP,1.0
2017,79191,배우열,KT,,False,34.333,26,8.65049,1.95,0,2,0,3,0,33,9,4,58,7,33,33,8.65,2.36,3.67,18.6,5.1,-0.359,-0.29,1.32,RP,1.0
2018,79191,배우열,KT,,False,5.667,5,1.58824,1.76,0,0,0,0,0,9,3,0,7,0,2,1,14.29,4.76,3.0,32.1,10.7,0.0,0.14,1.133,RP,1.0
2010,76540,배장호,롯데,,False,55.333,51,4.55422,1.64,0,1,1,5,0,23,16,8,75,3,34,28,3.74,2.6,1.44,9.3,6.5,0.0,,1.085,RP,1.0
2011,76540,배장호,롯데,,False,8.667,8,8.30769,1.96,0,1,0,0,0,4,2,1,15,1,8,8,4.15,2.08,2.0,9.5,4.8,0.0,,1.083,RP,1.0
2014,76540,배장호,롯데,,False,28.0,16,4.82143,1.5,2,2,0,0,0,9,15,5,27,1,16,15,2.89,4.82,0.6,7.1,11.9,-0.463,0.15,1.75,RP,1.0
2015,76540,배장호,롯데,,False,28.667,9,6.59302,1.5699999999999998,0,2,0,0,0,9,10,5,35,5,21,21,2.83,3.14,0.9,6.8,7.6,-0.544,0.06,3.185,SP,1.0
2016,76540,배장호,롯데,,False,23.667,19,3.80282,1.52,0,0,0,1,0,11,10,4,26,1,10,10,4.18,3.8,1.1,10.6,9.6,0.256,0.34,1.246,RP,1.0
2017,76540,배장호,롯데,,False,66.333,72,4.34171,1.34,8,1,0,6,0,47,19,8,70,9,37,32,6.38,2.58,2.47,16.4,6.6,-0.271,0.78,0.921,RP,1.0
2018,76540,배장호,롯데,,False,24.333,25,5.91781,1.6,1,1,0,0,0,13,10,2,29,3,18,16,4.8100000000000005,3.7,1.3,11.6,8.9,-1.06,0.01,0.973,RP,1.0
2018,63145,배재준,LG,투수,False,38.667,16,4.42241,1.4,1,0,0,0,1,41,20,1,34,3,24,19,9.54,4.66,2.05,23.6,11.5,-0.016,0.08,2.417,SP,1.0
2019,63145,배재준,LG,투수,False,62.0,19,5.22581,1.52,3,4,0,0,4,44,33,8,61,3,42,36,6.39,4.79,1.33,15.6,11.7,-0.101,-0.54,3.263,SP,1.0
2021,63145,배재준,LG,투수,False,32.667,15,4.13265,1.6800000000000002,2,2,0,0,1,23,13,3,42,1,17,15,6.34,3.58,1.77,15.2,8.6,0.022,0.4,2.178,SP,1.0
2022,63145,배재준,LG,투수,False,31.333,17,2.29787,1.18,0,1,0,0,0,23,15,4,22,0,11,8,6.61,4.31,1.53,17.8,11.6,0.761,0.59,1.843,RP,1.0
2023,63145,배재준,LG,투수,False,1.0,1,18.0,3.0,0,0,0,0,0,0,1,0,2,0,2,2,0.0,9.0,0.0,0.0,16.7,-0.002,-0.05,1.0,RP,1.0
2025,63145,배재준,LG,투수,False,13.0,14,5.538461538461538,1.23,0,0,0,1,0,14,7,1,9,1,8,8,9.69,4.85,2.0,25.0,12.5,0.195,0.01,0.929,RP,1.0
2026,63145,배재준,LG,투수,False,22.0,23,9.40909090909091,2.0,1,2,0,2,0,21,17,5,27,2,23,23,8.59,6.95,1.24,18.4,14.9,-0.987,-0.51,0.957,RP,0.757
2015,64995,배재환,NC,투수,False,1.0,1,18.0,4.0,0,0,0,0,0,2,3,0,1,0,2,2,18.0,27.0,0.67,28.6,42.9,0.007,-0.05,1.0,RP,1.0
2016,64995,배재환,NC,투수,False,22.0,11,4.09091,1.18,1,1,0,0,0,15,9,0,17,1,11,10,6.14,3.68,1.67,16.7,10.0,-0.54,0.17,2.0,RP,1.0
2017,64995,배재환,NC,투수,False,8.0,3,9.0,2.38,0,1,0,0,0,4,6,0,13,4,8,8,4.5,6.75,0.67,9.8,14.6,-0.251,-0.29,2.667,RP,1.0
2018,64995,배재환,NC,투수,False,36.0,31,4.5,1.72,3,3,1,2,0,34,25,1,37,6,18,18,8.5,6.25,1.36,20.1,14.8,-0.58,0.13,1.161,RP,1.0
2019,64995,배재환,NC,투수,False,54.333,62,3.80982,1.47,3,5,0,20,0,61,31,7,49,3,26,23,10.1,5.13,1.97,24.7,12.6,0.394,0.43,0.876,SU,1.0
2020,64995,배재환,NC,투수,False,43.0,53,3.97674,1.7,1,3,0,12,0,33,35,9,38,4,22,19,6.91,7.33,0.94,15.8,16.7,-1.349,0.33,0.811,RP,1.0
2024,64995,배재환,NC,투수,False,19.667,20,7.32203,1.78,0,1,0,0,0,13,15,0,20,5,17,16,5.95,6.86,0.87,14.3,16.5,-0.054,-0.31,0.983,RP,1.0
2025,64995,배재환,NC,투수,False,60.333,70,4.475138121546962,1.41,2,4,2,24,0,51,37,11,48,3,36,30,7.61,5.52,1.38,18.8,13.7,0.654,0.07,0.862,SU,1.0
2026,64995,배재환,NC,투수,False,28.333,36,5.08235294117647,1.52,3,1,1,11,0,29,10,1,33,5,19,16,9.21,3.18,2.9,22.7,7.8,0.323,0.0,0.787,SU,0.757
2017,65516,배제성,KT,투수,False,32.0,21,8.71875,2.16,0,0,0,0,0,21,23,2,46,4,32,31,5.91,6.47,0.91,13.0,14.2,-0.522,-0.27,1.524,RP,1.0
2018,65516,배제성,KT,투수,False,4.0,3,0.0,1.0,0,0,0,0,0,2,1,0,3,0,1,0,4.5,2.25,2.0,11.8,5.9,0.001,0.09,1.333,RP,1.0
2019,65516,배제성,KT,투수,False,131.667,28,3.75949,1.43,10,10,0,0,7,91,56,3,132,6,58,55,6.22,3.83,1.63,16.1,9.9,1.08,2.59,4.702,SP,1.0
2020,65516,배제성,KT,투수,False,141.333,26,3.94811,1.46,10,7,0,0,10,83,76,4,130,12,67,62,5.29,4.84,1.09,13.4,12.3,2.233,2.42,5.436,SP,1.0
2021,65516,배제성,KT,투수,False,141.667,26,3.68471,1.47,9,10,0,0,12,136,82,1,126,6,67,58,8.64,5.21,1.66,21.9,13.2,1.818,3.08,5.449,SP,1.0
2022,65516,배제성,KT,투수,False,107.0,24,4.20561,1.39,3,9,0,0,9,89,46,1,103,8,56,50,7.49,3.87,1.93,19.4,10.0,0.543,1.17,4.458,SP,1.0
2023,65516,배제성,KT,투수,False,130.333,26,4.48849,1.7,8,10,0,0,6,79,77,2,144,6,72,65,5.46,5.32,1.03,13.3,12.9,0.15,1.13,5.013,SP,1.0
2025,65516,배제성,KT,투수,False,27.0,8,5.666666666666666,1.81,2,3,0,0,0,23,11,0,38,2,17,17,7.67,3.67,2.09,18.1,8.7,-0.069,0.19,3.375,SP,1.0
2026,65516,배제성,KT,투수,False,37.667,13,4.300884955752212,1.67,1,2,0,1,0,34,24,2,39,3,21,18,8.12,5.73,1.42,19.7,13.9,0.084,0.38,2.897,RP,0.757
2025,55455,배찬승,삼성,투수,False,50.667,65,3.9078947368421058,1.66,2,3,0,19,0,57,34,2,50,3,25,22,10.13,6.04,1.6800000000000002,24.5,14.6,0.305,0.64,0.779,SU,1.0
2026,55455,배찬승,삼성,투수,False,33.667,45,2.6732673267326734,1.81,4,2,0,9,0,28,30,4,31,5,13,10,7.49,8.02,0.93,17.2,18.4,-0.151,0.39,0.748,RP,0.757
2010,72321,배힘찬,넥센,,False,35.0,14,6.94286,1.74,2,5,0,0,1,11,21,5,40,7,28,27,2.83,5.4,0.52,6.8,13.0,0.0,,2.5,SP,1.0
2011,72321,배힘찬,넥센,,False,15.333,11,5.86957,1.83,0,0,0,0,0,14,8,3,20,0,10,10,8.22,4.7,1.75,18.9,10.8,0.0,,1.394,RP,1.0
2014,72321,배힘찬,넥센,,False,6.667,6,5.4,1.8,0,0,0,0,0,4,1,0,11,1,4,4,5.4,1.35,4.0,12.5,3.1,-0.027,0.03,1.111,RP,1.0
2015,72321,배힘찬,넥센,,False,6.667,7,6.75,2.4,0,1,0,0,0,1,6,0,10,1,7,5,1.35,8.1,0.17,2.7,16.2,-0.377,-0.12,0.952,RP,1.0
2016,72321,배힘찬,KIA,,False,5.667,3,7.94118,1.76,0,0,1,0,0,2,3,0,7,1,6,5,3.18,4.76,0.67,7.4,11.1,-0.033,-0.1,1.889,CL,1.0
2017,72321,배힘찬,KIA,,False,3.333,2,29.7,3.6,0,1,0,0,0,4,0,0,12,3,11,11,10.8,0.0,99.99,19.0,0.0,-0.42,-0.34,1.666,RP,1.0
2019,69839,백승건,SK,투수,False,19.333,15,2.32759,1.45,0,0,0,0,0,14,12,1,16,1,5,5,6.52,5.59,1.17,17.3,14.8,-0.441,0.31,1.289,RP,1.0
2020,69839,백승건,SK,투수,False,29.333,10,7.97727,2.32,0,5,0,0,0,28,31,2,37,7,29,26,8.59,9.51,0.9,17.9,19.9,-0.908,-0.48,2.933,RP,1.0
2023,69839,백승건,SSG,투수,False,38.0,25,4.97368,1.53,2,2,0,3,0,29,17,0,41,7,24,21,6.87,4.03,1.71,17.1,10.0,0.766,-0.26,1.52,RP,1.0
2024,69839,백승건,SSG,투수,False,9.333,10,7.71429,2.36,0,0,0,0,0,5,9,0,13,2,9,8,4.82,8.68,0.56,9.8,17.6,-0.077,-0.16,0.933,RP,1.0
2026,69839,백승건,SSG,투수,False,11.0,7,9.0,2.27,0,0,0,0,0,9,13,0,12,1,12,11,7.36,10.64,0.69,15.3,22.0,0.04,-0.18,1.571,RP,0.757
2023,53298,백승우,두산,,False,4.0,6,0.0,1.5,0,0,0,0,0,1,3,1,3,0,0,0,2.25,6.75,0.33,5.6,16.7,-0.07,0.09,0.667,RP,1.0
2021,65109,백승현,LG,투수,False,16.667,16,2.16,1.02,0,0,0,1,0,10,4,2,13,0,4,4,5.4,2.16,2.5,15.2,6.1,0.613,0.48,1.042,RP,1.0
2022,65109,백승현,LG,투수,False,10.0,12,10.8,2.4,0,1,0,1,0,3,9,0,15,2,13,12,2.7,8.1,0.33,5.8,17.3,-0.536,-0.57,0.833,RP,1.0
2023,65109,백승현,LG,투수,False,40.0,42,1.58,1.15,2,0,3,11,0,30,18,0,28,2,7,7,6.75,4.05,1.67,18.5,11.1,2.472,1.35,0.952,SU,1.0
2024,65109,백승현,LG,투수,False,26.667,36,9.1125,2.06,2,1,2,1,0,14,22,2,33,3,28,27,4.72,7.42,0.64,10.4,16.3,-0.616,-0.74,0.741,RP,1.0
2025,65109,백승현,LG,투수,False,30.0,33,3.9,1.87,1,0,0,2,0,27,28,1,28,2,13,13,8.1,8.4,0.96,18.5,19.2,-0.604,0.2,0.909,RP,1.0
2026,65109,백승현,LG,투수,False,6.667,8,9.45,1.5,0,0,0,0,0,8,4,0,6,2,7,7,10.8,5.4,2.0,26.7,13.3,-0.075,-0.13,0.833,RP,0.757
2010,77446,백정현,삼성,투수,False,37.333,43,4.58036,1.66,1,2,0,3,0,24,24,1,38,3,20,19,5.79,5.79,1.0,14.2,14.2,0.0,,0.868,RP,1.0
2012,77446,백정현,삼성,투수,False,3.667,6,4.90909,1.64,0,0,0,1,0,5,4,0,2,0,2,2,12.27,9.82,1.25,29.4,23.5,0.0,,0.611,RP,1.0
2013,77446,백정현,삼성,투수,False,24.333,28,6.65753,1.89,1,1,0,4,0,23,13,0,33,4,19,18,8.51,4.8100000000000005,1.77,19.8,11.2,0.0,,0.869,RP,1.0
2014,77446,백정현,삼성,투수,False,46.333,27,5.2446,1.47,0,3,1,1,0,53,17,3,51,5,28,27,10.29,3.3,3.12,26.0,8.3,-1.166,0.68,1.716,RP,1.0
2015,77446,백정현,삼성,투수,False,28.0,31,6.10714,1.86,0,0,0,2,0,37,20,1,32,3,19,19,11.89,6.43,1.85,27.4,14.8,0.662,0.07,0.903,RP,1.0
2016,77446,백정현,삼성,투수,False,68.667,70,5.76699,1.5,6,3,0,9,0,77,30,2,73,9,44,44,10.09,3.93,2.57,25.2,9.8,-0.825,0.51,0.981,RP,1.0
2017,77446,백정현,삼성,투수,False,100.667,35,4.38079,1.45,8,4,0,3,5,94,36,6,110,11,52,49,8.4,3.22,2.61,21.1,8.1,1.197,2.05,2.876,SP,1.0
2018,77446,백정현,삼성,투수,False,125.667,25,4.58355,1.42,7,7,1,0,11,99,36,3,142,18,68,64,7.09,2.58,2.75,18.3,6.7,0.504,2.66,5.027,SP,1.0
2019,77446,백정현,삼성,투수,True,157.0,28,4.24204,1.36,8,10,0,0,12,82,56,6,158,17,85,74,4.7,3.21,1.46,12.1,8.3,1.137,2.28,5.607,SP,1.0
2020,77446,백정현,삼성,투수,False,59.0,11,5.18644,1.42,4,4,0,0,3,46,17,1,67,13,43,34,7.02,2.59,2.71,17.8,6.6,-0.308,0.47,5.364,SP,1.0
2021,77446,백정현,삼성,투수,True,157.667,27,2.62579,1.24,14,5,0,0,15,109,54,2,142,15,54,46,6.22,3.08,2.02,16.8,8.3,3.748,4.27,5.84,SP,1.0
2022,77446,백정현,삼성,투수,False,124.667,24,5.27005,1.53,4,13,0,0,7,70,37,9,154,22,76,73,5.05,2.67,1.89,12.5,6.6,0.152,0.07,5.194,SP,1.0
2023,77446,백정현,삼성,투수,False,100.667,18,3.66556,1.29,7,5,0,0,8,61,30,0,100,6,44,41,5.45,2.68,2.03,14.6,7.2,1.739,2.04,5.593,SP,1.0
2024,77446,백정현,삼성,투수,False,78.667,17,5.94915,1.67,6,5,0,0,4,56,27,1,104,13,56,52,6.41,3.09,2.07,15.6,7.5,-0.206,0.37,4.627,SP,1.0
2025,77446,백정현,삼성,투수,False,32.333,29,1.9484536082474224,0.8,2,0,1,3,0,31,7,2,19,1,7,7,8.63,1.95,4.43,24.2,5.5,0.65,1.32,1.115,RP,1.0
2026,77446,백정현,삼성,투수,False,21.333,25,6.75,1.36,2,2,0,3,0,15,8,0,21,6,16,16,6.33,3.38,1.88,16.7,8.9,-0.378,-0.28,0.853,RP,0.757
2013,78819,백청훈,SK,,False,91.333,19,3.54745,1.32,5,5,0,0,6,50,36,8,85,5,40,36,4.93,3.55,1.39,12.8,9.2,0.0,,4.807,SP,1.0
2014,78819,백청훈,SK,,False,9.333,6,18.3214,3.11,0,1,0,0,0,3,7,3,22,3,19,19,2.89,6.75,0.43,5.3,12.3,-0.744,-0.24,1.556,RP,1.0
2015,78819,백청훈,SK,,False,20.667,7,4.79032,1.69,1,2,0,0,0,14,11,2,24,2,13,11,6.1,4.79,1.27,14.9,11.7,-0.115,0.09,2.952,RP,1.0
2017,78819,백청훈,SK,,False,18.667,11,2.41071,1.07,0,0,2,2,0,10,5,4,15,0,5,5,4.82,2.41,2.0,13.5,6.8,0.786,0.62,1.697,RP,1.0
2018,78819,백청훈,SK,,False,14.333,18,9.4186,1.81,1,2,0,1,0,14,9,3,17,4,15,15,8.79,5.65,1.56,19.4,12.5,-0.957,-0.45,0.796,RP,1.0
2019,78819,백청훈,SK,,False,4.0,5,6.75,2.0,0,0,1,1,0,4,1,0,7,0,3,3,9.0,2.25,4.0,20.0,5.0,0.436,0.0,0.8,RP,1.0
2020,78819,백청훈,LG,,False,1.333,2,20.25,3.0,0,0,0,0,0,0,0,0,4,1,3,3,0.0,0.0,99.99,0.0,0.0,-0.014,-0.09,0.666,RP,1.0
2013,63432,밴덴헐크,삼성,,True,143.667,24,3.94664,1.22,7,9,0,0,15,137,48,11,127,11,67,63,8.58,3.01,2.85,22.4,7.8,0.0,,5.986,SP,1.0
2014,63432,밴덴헐크,삼성,,True,152.667,25,3.18341,1.11,13,4,0,0,16,180,45,5,125,15,54,54,10.61,2.65,4.0,28.9,7.2,1.986,4.64,6.107,SP,1.0
2014,67845,밴와트,SK,,False,66.667,11,3.11,1.23,9,1,0,0,7,56,26,5,56,6,27,23,7.56,3.51,2.15,19.9,9.2,1.04,1.25,6.061,SP,1.0
2015,67845,밴와트,SK,,False,56.333,12,4.63314,1.47,5,3,0,0,3,50,13,2,70,5,29,29,7.99,2.08,3.85,20.4,5.3,-0.069,1.21,4.694,SP,1.0
2016,67845,밴와트,KT,,False,134.667,28,5.94802,1.64,6,13,0,0,8,92,49,4,172,21,103,89,6.15,3.27,1.88,15.0,8.0,-1.937,1.61,4.81,SP,1.0
2012,62322,밴헤켄,넥센,투수,True,170.0,28,3.28235,1.33,11,8,0,0,16,132,60,3,166,16,68,62,6.99,3.18,2.2,18.4,8.4,0.0,,6.071,SP,1.0
2013,62322,밴헤켄,넥센,투수,True,161.667,29,3.7299,1.46,12,10,0,0,16,137,58,10,178,11,78,67,7.63,3.23,2.36,19.4,8.2,0.0,,5.575,SP,1.0
2014,62322,밴헤켄,넥센,투수,True,187.0,31,3.51337,1.32,20,6,0,0,18,178,53,3,193,9,81,73,8.57,2.55,3.36,22.6,6.7,1.718,6.6,6.032,SP,1.0
2015,62322,밴헤켄,넥센,투수,True,196.667,32,3.61525,1.31,15,8,0,0,16,193,67,1,190,14,92,79,8.83,3.07,2.88,23.4,8.1,1.311,5.61,6.146,SP,1.0
2016,62322,밴헤켄,넥센,투수,False,72.0,12,3.38,1.03,7,3,0,0,7,81,19,5,55,10,29,27,10.13,2.38,4.26,28.2,6.6,0.656,2.45,6.0,SP,1.0
2017,62322,밴헤켄,넥센,투수,False,138.333,24,3.77349,1.32,8,7,0,0,13,139,42,2,140,13,68,58,9.04,2.73,3.31,23.5,7.1,1.681,3.75,5.764,SP,1.0
2019,69934,버틀러,NC,투수,False,73.667,13,4.76471,1.44,3,6,0,0,6,49,28,2,78,6,46,39,5.99,3.42,1.75,15.0,8.6,-0.059,0.43,5.667,SP,1.0
2026,56928,버하겐,NC,투수,False,25.0,6,4.68,1.36,1,1,0,0,0,24,11,1,23,2,13,13,8.64,3.96,2.18,22.0,10.1,0.434,0.41,4.167,SP,0.757
2010,60329,번사이드,넥센,,True,140.0,29,5.33571,1.66,10,10,0,0,8,98,82,18,150,16,91,83,6.3,5.27,1.2,15.0,12.5,0.0,,4.828,SP,1.0
2026,56841,베니지아노,SSG,,False,79.667,16,6.100418410041841,1.63,2,5,0,0,1,68,32,9,98,14,59,54,7.68,3.62,2.13,18.3,8.6,-0.299,-0.17,4.979,SP,0.757
2018,68953,베렛,NC,,True,155.0,29,5.28387,1.53,6,10,0,0,11,144,59,9,178,24,94,91,8.36,3.43,2.44,20.6,8.5,-0.446,1.64,5.345,SP,1.0
2022,52043,벤자민,KT,투수,False,96.667,17,2.7,1.02,5,4,0,0,11,77,24,4,75,11,34,29,7.17,2.23,3.21,20.0,6.2,2.078,2.18,5.686,SP,1.0
2023,52043,벤자민,KT,투수,True,160.0,29,3.54375,1.21,15,6,0,0,11,157,45,3,149,12,79,63,8.83,2.53,3.49,23.0,6.6,2.904,2.95,5.517,SP,1.0
2024,52043,벤자민,KT,투수,True,149.667,28,4.63029,1.26,11,8,0,0,10,156,48,4,141,28,90,77,9.38,2.89,3.25,24.4,7.5,0.807,1.71,5.345,SP,1.0
2026,52043,벤자민,두산,투수,False,101.667,18,2.5672131147540984,1.19,5,7,0,0,10,103,26,3,95,5,35,29,9.12,2.3,3.96,24.3,6.1,2.531,3.3,5.648,SP,0.757
2025,55526,벨라스케즈,롯데,투수,False,35.0,11,8.22857142857143,1.86,1,4,0,0,1,28,18,3,47,7,32,32,7.2,4.63,1.56,16.7,10.7,-0.689,-0.52,3.182,SP,1.0
2016,66440,벨레스터,삼성,,False,12.333,3,8.02703,2.59,0,3,0,0,0,5,12,0,20,1,14,11,3.65,8.76,0.42,7.6,18.2,-0.78,-0.15,4.111,SP,1.0
2026,54808,변건우,SSG,투수,False,1.0,1,18.0,3.0,0,0,0,0,0,1,2,0,1,0,2,2,9.0,18.0,0.5,16.7,33.3,0.0,-0.06,1.0,RP,0.757
2012,62263,변시원,두산,,False,31.667,31,1.70526,0.82,4,0,1,2,0,18,11,3,15,0,6,6,5.12,3.13,1.64,15.3,9.3,0.0,,1.022,RP,1.0
2013,62263,변시원,두산,,False,38.333,38,4.69565,1.46,2,1,0,6,0,20,19,8,37,2,21,20,4.7,4.46,1.05,11.8,11.2,0.0,,1.009,RP,1.0
2014,62263,변시원,두산,,False,33.667,31,5.07921,1.34,0,0,0,3,0,29,10,4,35,3,21,19,7.75,2.67,2.9,20.6,7.1,-0.072,0.29,1.086,RP,1.0
2015,62263,변시원,두산,,False,1.667,1,10.8,2.4,1,0,0,0,0,1,3,1,1,0,2,2,5.4,16.2,0.33,11.1,33.3,0.084,-0.09,1.667,RP,1.0
2018,62263,변시원,두산,,False,10.667,10,10.125,1.69,0,0,0,0,0,8,2,4,16,2,12,12,6.75,1.69,4.0,15.4,3.8,-0.29,-0.33,1.067,RP,1.0
2020,62263,변시원,KIA,,False,5.0,4,3.6,2.2,1,0,0,0,0,1,3,0,8,0,4,2,1.8,5.4,0.33,4.0,12.0,0.042,-0.02,1.25,RP,1.0
2021,62263,변시원,KIA,,False,0.667,1,27.0,6.0,0,0,0,0,0,0,3,1,1,0,2,2,0.0,40.5,0.0,0.0,42.9,-0.044,-0.08,0.667,RP,1.0
2023,62263,변시원,키움,,False,2.333,4,42.4286,4.29,0,0,0,0,0,2,4,2,6,1,11,11,7.71,15.43,0.5,10.5,21.1,-0.303,-0.51,0.583,RP,1.0
2018,68400,보니야,삼성,,True,168.0,29,5.30357,1.52,7,10,0,0,15,151,63,12,193,23,111,99,8.09,3.38,2.4,20.1,8.4,0.412,2.61,5.793,SP,1.0
2026,56036,보쉴리,KT,,False,62.667,11,3.1595744680851063,1.32,7,3,0,0,5,56,15,1,68,3,23,22,8.04,2.15,3.73,20.9,5.6,1.488,1.97,5.697,SP,0.757
2026,56402,보스,삼성,투수,False,12.0,3,9.0,2.25,0,3,0,0,0,11,5,1,22,1,13,12,8.25,3.75,2.2,18.0,8.2,-0.488,-0.15,4.0,SP,0.757
2016,66226,보우덴,두산,투수,True,180.0,30,3.8,1.18,18,7,0,0,17,160,54,6,159,17,83,76,8.0,2.7,2.96,21.6,7.3,1.613,4.66,6.0,SP,1.0
2017,66226,보우덴,두산,투수,False,87.333,17,4.6374,1.47,3,5,0,0,6,51,38,6,90,15,47,45,5.26,3.92,1.34,13.1,9.8,-0.057,0.47,5.137,SP,1.0
2014,64230,볼스테드,두산,,False,87.0,17,6.2069,1.76,5,7,0,0,4,32,37,7,116,8,70,60,3.31,3.83,0.86,7.8,9.0,-1.827,0.59,5.118,SP,1.0
2018,65802,봉민호,SK,,False,1.333,1,6.75,0.75,0,0,0,0,0,2,0,0,1,1,1,1,13.5,0.0,99.99,40.0,0.0,-0.023,-0.02,1.333,RP,1.0
2010,77147,봉중근,LG,,True,178.333,28,3.58318,1.32,10,9,0,0,18,130,69,14,166,13,74,71,6.5600000000000005,3.48,1.88,17.3,9.2,0.0,,6.369,SP,1.0
2011,77147,봉중근,LG,,False,16.333,4,4.95918,1.35,1,2,0,0,1,7,9,5,13,1,9,9,3.86,4.96,0.78,9.3,12.0,0.0,,4.083,SP,1.0
2012,77147,봉중근,LG,,False,38.0,40,1.18421,0.95,0,1,26,0,0,36,10,4,26,1,5,5,8.53,2.37,3.6,23.7,6.6,0.0,,0.95,CL,1.0
2013,77147,봉중근,LG,,False,61.0,55,1.32787,1.16,8,1,38,0,0,54,27,3,44,2,10,9,7.97,3.98,2.0,22.4,11.2,0.0,,1.109,CL,1.0
2014,77147,봉중근,LG,,False,49.667,50,2.89933,1.37,2,4,30,0,0,45,17,4,51,2,16,16,8.15,3.08,2.65,20.8,7.9,0.676,1.09,0.993,CL,1.0
2015,77147,봉중근,LG,,False,49.333,47,4.92568,1.6800000000000002,5,2,15,0,0,39,23,6,60,10,28,27,7.11,4.2,1.7,17.5,10.3,0.234,-0.55,1.05,CL,1.0
2016,77147,봉중근,LG,,False,36.333,19,4.95413,1.73,1,0,0,2,0,20,22,2,41,4,23,20,4.95,5.45,0.91,11.4,12.6,-0.571,-0.15,1.912,RP,1.0
2012,62833,부시,SK,,False,81.333,17,4.42623,1.36,4,6,0,0,8,45,31,8,80,8,45,40,4.98,3.43,1.45,12.6,8.7,0.0,,4.784,SP,1.0
2010,60727,부에노,한화,,False,29.667,9,9.10112,1.92,1,3,0,0,0,23,19,4,38,7,33,30,6.98,5.76,1.21,16.0,13.2,0.0,,3.296,SP,1.0
2011,61897,부첵,롯데,,False,53.333,11,5.0625,1.42,4,2,0,0,4,39,21,1,55,8,32,30,6.58,3.54,1.86,17.2,9.3,0.0,,4.848,SP,1.0
2020,50404,뷰캐넌,삼성,,True,174.667,27,3.45229,1.27,15,7,0,0,18,121,50,7,172,16,71,67,6.23,2.58,2.42,16.6,6.9,3.504,5.33,6.469,SP,1.0
2021,50404,뷰캐넌,삼성,,True,177.0,30,3.10169,1.31,16,5,0,0,20,162,59,2,173,13,71,61,8.24,3.0,2.75,21.4,7.8,3.36,4.87,5.9,SP,1.0
2022,50404,뷰캐넌,삼성,,True,160.0,26,3.0375,1.34,11,8,0,0,21,117,39,8,176,10,61,54,6.58,2.19,3.0,16.9,5.6,3.736,3.81,6.154,SP,1.0
2023,50404,뷰캐넌,삼성,,True,188.0,30,2.53723,1.15,12,8,0,0,21,139,43,6,174,4,71,53,6.65,2.06,3.23,17.7,5.5,3.919,5.41,6.267,SP,1.0
2022,52257,브랜든,두산,,False,65.0,11,3.6,1.23,5,3,0,0,5,40,24,1,56,5,29,26,5.54,3.32,1.67,14.5,8.7,1.642,0.85,5.909,SP,1.0
2023,52257,브랜든,두산,,False,104.667,18,2.49363,1.05,11,3,0,0,13,100,30,12,80,4,34,29,8.6,2.58,3.33,23.4,7.0,3.341,3.0,5.815,SP,1.0
2024,52257,브랜든,두산,,False,75.0,14,3.12,1.15,7,4,0,0,10,75,11,4,75,3,34,26,9.0,1.32,6.82,23.8,3.5,1.325,2.18,5.357,SP,1.0
2020,50636,브룩스,KIA,투수,True,151.333,23,2.4978,1.02,11,4,0,0,16,130,24,3,131,4,43,42,7.73,1.43,5.42,22.2,4.1,4.667,6.31,6.58,SP,1.0
2021,50636,브룩스,KIA,투수,False,78.0,13,3.34615,1.4,3,5,0,0,8,55,16,1,93,4,34,29,6.35,1.85,3.44,16.5,4.8,1.679,1.98,6.0,SP,1.0
2017,67313,브리검,넥센,,True,144.0,24,4.38,1.33,10,6,0,0,14,98,26,13,166,17,77,70,6.13,1.63,3.77,15.8,4.2,2.024,3.02,6.0,SP,1.0
2018,67313,브리검,넥센,,True,199.0,31,3.84422,1.2,11,7,0,1,19,175,50,19,188,19,89,85,7.91,2.26,3.5,21.1,6.0,3.095,5.66,6.419,SP,1.0
2019,67313,브리검,키움,,True,158.333,28,2.95579,1.23,13,5,0,0,15,130,46,12,148,5,62,52,7.39,2.61,2.83,19.4,6.9,2.8040000000000003,4.13,5.655,SP,1.0
2020,67313,브리검,키움,,False,107.0,21,3.61682,1.31,9,5,0,0,7,105,42,5,98,6,45,43,8.83,3.53,2.5,23.0,9.2,2.384,2.69,5.095,SP,1.0
2021,67313,브리검,키움,,False,61.0,10,2.95082,1.23,7,3,0,0,6,49,26,4,49,6,25,20,7.23,3.84,1.88,19.6,10.4,1.104,1.26,6.1,SP,1.0
2026,56523,비슬리,롯데,투수,True,108.333,20,4.403076923076924,1.39,8,5,0,0,9,118,33,9,118,7,56,53,9.8,2.74,3.58,24.5,6.9,1.288,2.3,5.417,SP,0.757
2017,67742,비야누에바,한화,,False,112.0,20,4.17857,1.17,5,7,0,0,13,68,23,5,108,12,58,52,5.46,1.85,2.96,14.8,5.0,0.591,2.23,5.6,SP,1.0
2013,62688,빌로우,KIA,,False,47.0,11,4.02128,1.51,3,2,1,0,3,38,26,1,45,1,26,21,7.28,4.98,1.46,18.3,12.5,0.0,,4.273,SP,1.0
2010,60594,사도스키,롯데,,True,169.667,27,3.8723,1.22,10,8,0,0,16,120,54,8,153,17,83,73,6.37,2.86,2.22,16.8,7.6,0.0,,6.284,SP,1.0
2011,60594,사도스키,롯데,,True,140.333,25,3.91211,1.3,11,8,0,0,13,79,52,6,130,15,64,61,5.07,3.33,1.52,13.5,8.9,0.0,,5.613,SP,1.0
2012,60594,사도스키,롯데,,True,150.0,29,4.32,1.49,8,8,0,1,12,98,69,6,154,9,75,72,5.88,4.14,1.42,14.9,10.5,0.0,,5.172,SP,1.0
2026,56032,사우어,KT,,False,101.333,18,4.884868421052632,1.45,7,5,0,0,9,71,45,13,102,9,57,55,6.31,4.0,1.58,15.6,9.9,0.71,1.08,5.63,SP,0.757
2026,56474,사토시,삼성,투수,False,1.667,2,32.4,3.6,0,0,0,0,0,2,2,0,4,3,6,6,10.8,10.8,1.0,18.2,18.2,-0.079,-0.23,0.834,RP,0.757
2018,68815,산체스,SK,,True,145.333,29,4.8922,1.38,8,8,0,1,14,124,39,7,161,26,90,79,7.68,2.42,3.18,19.6,6.2,0.603,1.91,5.011,SP,1.0
2019,68815,산체스,SK,,True,165.0,28,2.61818,1.17,17,5,0,0,17,148,42,2,151,2,51,48,8.07,2.29,3.52,22.1,6.3,5.5440000000000005,6.23,5.893,SP,1.0
2023,53665,산체스,KIA,,False,63.667,12,5.93717,1.48,4,4,0,0,3,59,15,4,79,7,46,42,8.34,2.12,3.93,20.7,5.3,-0.275,0.16,5.306,SP,1.0
2023,53714,산체스,한화,투수,False,126.0,24,3.78571,1.3,7,8,0,0,8,99,28,6,136,13,62,53,7.07,2.0,3.54,18.3,5.2,1.437,1.83,5.25,SP,1.0
2024,53714,산체스,한화,투수,False,53.333,11,4.21875,1.52,2,3,0,0,2,56,21,10,60,2,28,25,9.45,3.54,2.67,22.9,8.6,0.855,1.12,4.848,SP,1.0
2018,68748,샘슨,한화,투수,True,161.667,30,4.67629,1.38,13,8,0,0,15,195,79,5,144,17,91,84,10.86,4.4,2.47,27.7,11.2,0.879,3.74,5.389,SP,1.0
2020,50524,샘슨,롯데,,False,130.0,25,5.4,1.56,9,12,0,0,10,87,36,6,167,14,87,78,6.02,2.49,2.42,14.7,6.1,0.99,1.46,5.2,SP,1.0
2017,64759,서균,한화,,False,14.333,14,4.39535,1.4,0,0,0,0,0,10,3,3,17,2,7,7,6.28,1.88,3.33,15.6,4.7,0.084,0.11,1.024,RP,1.0
2018,64759,서균,한화,,False,37.333,56,5.78571,1.47,1,1,1,10,0,22,16,7,39,7,26,24,5.3,3.86,1.38,13.1,9.5,0.084,-0.14,0.667,RP,1.0
2019,64759,서균,한화,,False,4.333,7,14.5385,3.0,0,0,0,0,0,3,3,0,10,0,8,7,6.23,6.23,1.0,11.1,11.1,-0.066,-0.23,0.619,RP,1.0
2020,64759,서균,한화,,False,7.333,7,0.0,1.77,0,0,0,0,0,1,6,1,7,0,0,0,1.23,7.36,0.17,2.9,17.6,0.028,0.18,1.048,RP,1.0
2021,64759,서균,한화,,False,1.667,3,10.8,1.2,0,0,0,0,0,0,0,2,2,0,2,2,0.0,0.0,99.99,0.0,0.0,-0.17,-0.06,0.556,RP,1.0
2020,66663,서덕원,KIA,,False,12.667,11,8.52632,1.42,0,0,0,0,0,6,4,3,14,5,12,12,4.26,2.84,1.5,10.2,6.8,-0.023,-0.28,1.152,RP,1.0
2021,66663,서덕원,KIA,,False,32.667,24,7.43878,1.53,1,0,0,1,0,24,14,0,36,7,28,27,6.61,3.86,1.71,16.2,9.5,-0.77,-0.56,1.361,RP,1.0
2020,64896,서동민,SK,,False,8.333,9,5.4,1.6800000000000002,0,0,0,0,0,7,4,0,10,2,5,5,7.56,4.32,1.75,18.4,10.5,-0.013,0.01,0.926,RP,1.0
2021,64896,서동민,SSG,,False,26.333,20,5.12658,1.67,0,0,0,0,0,24,17,1,27,5,15,15,8.2,5.8100000000000005,1.41,20.3,14.4,0.162,-0.08,1.317,RP,1.0
2022,64896,서동민,SSG,,False,21.0,20,2.57143,1.14,1,1,0,5,0,19,11,1,13,3,11,6,8.14,4.71,1.73,22.1,12.8,0.911,0.02,1.05,SU,1.0
2023,64896,서동민,SSG,,False,1.0,2,0.0,3.0,0,0,0,0,0,1,3,0,0,0,0,0,9.0,27.0,0.33,16.7,50.0,-0.049,0.01,0.5,RP,1.0
2011,75261,서동환,두산,,False,22.0,11,4.5,1.64,1,2,0,0,0,13,11,4,25,2,11,11,5.32,4.5,1.18,12.7,10.8,0.0,,2.0,RP,1.0
2012,75261,서동환,두산,,False,14.667,10,8.59091,1.98,0,0,1,0,0,17,12,1,17,0,14,14,10.43,7.36,1.42,24.3,17.1,0.0,,1.467,RP,1.0
2013,75261,서동환,두산,,False,16.667,8,4.32,1.74,0,1,0,0,0,4,14,1,15,0,8,8,2.16,7.56,0.29,5.2,18.2,0.0,,2.083,RP,1.0
2014,75261,서동환,삼성,,False,1.0,2,0.0,1.0,0,0,0,0,0,1,0,1,1,0,0,0,9.0,0.0,99.99,20.0,0.0,0.002,0.01,0.5,RP,1.0
2023,69803,서상준,SSG,,False,2.0,2,0.0,3.0,0,0,0,0,0,3,5,0,1,0,3,0,13.5,22.5,0.6,23.1,38.5,-0.005,-0.07,1.0,RP,1.0
2010,72157,서승화,LG,,False,52.0,12,6.75,2.06,1,5,0,0,0,41,42,5,65,4,41,39,7.1,7.27,0.98,16.0,16.3,0.0,,4.333,SP,1.0
2018,66068,서의태,넥센,,False,0.667,1,54.0,4.5,0,0,0,0,0,1,2,1,1,0,4,4,13.5,27.0,0.5,16.7,33.3,-0.001,-0.09,0.667,RP,1.0
2024,66068,서의태,NC,,False,7.667,11,9.3913,1.7,1,0,0,0,0,7,8,0,5,1,8,8,8.22,9.39,0.88,20.6,23.5,-0.175,-0.18,0.697,RP,1.0
2010,78640,서재응,KIA,,True,140.0,24,3.34286,1.16,9,7,0,0,13,68,29,11,134,10,53,52,4.37,1.86,2.34,11.9,5.1,0.0,,5.833,SP,1.0
2011,78640,서재응,KIA,,False,130.333,30,4.28133,1.38,8,9,2,2,10,84,36,11,144,7,68,62,5.8,2.49,2.33,14.9,6.4,0.0,,4.344,SP,1.0
2012,78640,서재응,KIA,,True,160.0,29,2.5875,1.21,9,8,0,0,16,97,51,7,143,7,51,46,5.46,2.87,1.9,14.6,7.7,0.0,,5.517,SP,1.0
2013,78640,서재응,KIA,,False,84.0,19,6.53571,1.77,5,9,0,0,4,36,33,4,116,5,69,61,3.86,3.54,1.09,9.1,8.4,0.0,,4.421,SP,1.0
2014,78640,서재응,KIA,,False,32.333,16,6.40206,1.7,0,2,0,2,0,18,10,3,45,6,25,23,5.01,2.78,1.8,11.8,6.6,-0.944,-0.06,2.021,RP,1.0
2015,78640,서재응,KIA,,False,40.0,9,4.95,1.5,1,4,0,0,2,16,8,5,52,5,23,22,3.6,1.8,2.0,9.2,4.6,-0.273,0.57,4.444,SP,1.0
2019,69539,서준원,롯데,,False,97.0,33,5.47423,1.6,4,11,0,0,4,60,38,11,117,10,61,59,5.57,3.53,1.58,13.5,8.6,0.224,0.51,2.939,SP,1.0
2020,69539,서준원,롯데,,False,107.667,31,5.18266,1.5,7,6,0,0,6,60,31,5,130,16,71,62,5.02,2.59,1.94,12.5,6.5,0.463,0.87,3.473,SP,1.0
2021,69539,서준원,롯데,,False,54.0,26,7.33333,1.87,1,3,0,3,0,37,29,2,72,5,46,44,6.17,4.83,1.28,14.4,11.3,-0.217,-0.37,2.077,RP,1.0
2022,69539,서준원,롯데,,False,60.0,33,4.8,1.47,3,3,0,2,0,45,23,5,65,3,32,32,6.75,3.45,1.96,17.0,8.7,0.472,0.53,1.818,RP,1.0
2015,61895,서진용,SK,투수,False,21.333,18,5.90625,1.45,0,0,0,0,0,24,6,0,25,4,14,14,10.13,2.53,4.0,25.3,6.3,0.233,0.01,1.185,RP,1.0
2016,61895,서진용,SK,투수,False,26.667,25,4.73,1.46,0,0,0,3,0,30,13,2,26,3,16,14,10.13,4.39,2.31,25.0,10.8,-0.329,0.17,1.067,RP,1.0
2017,61895,서진용,SK,투수,False,46.0,42,3.91304,1.43,2,3,3,3,0,55,23,0,43,4,21,20,10.76,4.5,2.39,27.8,11.6,-1.596,0.82,1.095,RP,1.0
2018,61895,서진용,SK,투수,False,50.0,48,6.12,1.5,3,2,1,12,0,58,23,2,52,14,36,34,10.44,4.14,2.52,25.8,10.2,0.587,-0.32,1.042,SU,1.0
2019,61895,서진용,SK,투수,False,68.0,72,2.38235,1.19,3,1,4,33,0,76,28,2,53,2,19,18,10.06,3.71,2.71,27.2,10.0,3.919,2.33,0.944,SU,1.0
2020,61895,서진용,SK,투수,False,61.0,63,4.13115,1.41,2,7,8,12,0,56,34,1,52,11,33,28,8.26,5.02,1.65,21.2,12.9,-0.222,0.59,0.968,RP,1.0
2021,61895,서진용,SSG,투수,False,67.333,65,3.34158,1.49,7,5,9,3,0,62,43,0,57,9,28,25,8.29,5.75,1.44,20.9,14.5,-1.451,0.84,1.036,RP,1.0
2022,61895,서진용,SSG,투수,False,67.333,68,4.0099,1.49,7,3,21,12,0,55,36,3,64,5,32,30,7.35,4.8100000000000005,1.53,18.5,12.1,3.963,0.75,0.99,CL,1.0
2023,61895,서진용,SSG,투수,False,73.0,69,2.58904,1.53,5,4,42,0,0,64,49,4,63,3,22,21,7.89,6.04,1.31,19.7,15.1,3.58,2.0,1.058,CL,1.0
2024,61895,서진용,SSG,투수,False,47.0,51,5.55319,1.66,0,1,0,6,0,38,26,0,52,5,34,29,7.28,4.98,1.46,18.0,12.3,-0.36,-0.03,0.922,RP,1.0
2025,61895,서진용,SSG,투수,False,1.333,2,6.75,3.0,0,0,0,0,0,0,3,0,1,0,1,1,0.0,20.25,0.0,0.0,42.9,0.046,-0.04,0.666,RP,1.0
2026,61895,서진용,SSG,투수,False,13.333,12,4.05,1.35,0,0,0,0,0,11,6,0,12,1,8,6,7.43,4.05,1.83,19.0,10.3,-0.185,0.06,1.111,RP,0.757
2016,66742,서캠프,한화,,False,41.333,17,6.31452,1.72,2,5,1,0,1,36,17,5,54,5,32,29,7.84,3.7,2.12,18.6,8.8,-1.397,0.37,2.431,SP,1.0
2019,69744,서폴드,한화,투수,True,192.333,31,3.50953,1.27,12,11,0,0,20,135,54,8,191,8,84,75,6.32,2.53,2.5,16.7,6.7,4.084,4.49,6.204,SP,1.0
2020,69744,서폴드,한화,투수,True,165.0,28,4.90909,1.48,10,13,0,0,13,97,42,13,203,19,107,90,5.29,2.29,2.31,13.2,5.7,0.725,1.31,5.893,SP,1.0
2023,53560,석상호,롯데,투수,False,5.333,5,0.0,1.13,0,0,0,0,0,6,2,0,4,0,0,0,10.13,3.38,3.0,27.3,9.1,-0.001,0.18,1.067,RP,1.0
2018,68159,성동현,LG,투수,False,0.333,1,0.0,3.0,1,0,0,0,0,0,0,0,1,0,0,0,0.0,0.0,99.99,0.0,0.0,0.009,0.01,0.333,RP,1.0
2023,68159,성동현,LG,투수,False,1.0,1,9.0,3.0,0,0,0,0,0,1,1,0,2,0,1,1,9.0,9.0,1.0,16.7,16.7,-0.004,-0.01,1.0,RP,1.0
2024,68159,성동현,LG,투수,False,2.0,2,0.0,1.5,0,0,0,0,0,1,3,0,0,0,0,0,4.5,13.5,0.33,12.5,37.5,0.002,0.03,1.0,RP,1.0
2025,68159,성동현,LG,투수,False,9.0,12,9.0,2.11,0,0,0,0,0,6,9,0,10,2,9,9,6.0,9.0,0.67,13.3,20.0,-0.048,-0.33,0.75,RP,1.0
2026,68159,성동현,LG,투수,False,5.667,5,11.11764705882353,2.47,0,0,0,0,0,5,4,1,10,2,8,7,7.94,6.35,1.25,15.2,12.1,-0.008,-0.19,1.133,RP,0.757
2025,54610,성영탁,KIA,투수,False,52.333,45,1.5477707006369428,0.97,3,2,0,7,0,30,13,0,38,2,11,9,5.16,2.24,2.31,15.2,6.6,2.517,1.78,1.163,RP,1.0
2026,54610,성영탁,KIA,투수,False,41.667,40,3.456,1.37,2,1,12,5,0,32,12,0,45,3,22,16,6.91,2.59,2.67,17.6,6.6,1.391,0.73,1.042,CL,0.757
2010,79222,성영훈,두산,,False,16.333,15,4.95918,1.41,0,1,0,0,0,12,4,3,19,0,10,9,6.61,2.2,3.0,16.0,5.3,0.0,,1.089,RP,1.0
2017,79222,성영훈,두산,,False,1.0,1,0.0,1.0,0,0,0,0,0,0,1,0,0,0,0,0,0.0,9.0,0.0,0.0,25.0,0.018,0.02,1.0,RP,1.0
2020,50109,성재헌,LG,,False,4.333,4,4.15385,1.62,0,0,0,0,0,1,1,1,6,0,2,2,2.08,2.08,1.0,5.0,5.0,0.098,0.03,1.083,RP,1.0
2024,50109,성재헌,KT,,False,32.0,30,7.3125,1.94,0,0,0,1,0,20,16,5,46,1,29,26,5.63,4.5,1.25,12.6,10.1,0.042,-0.18,1.067,RP,1.0
2013,63810,세든,SK,,True,187.333,30,2.97865,1.29,14,6,0,0,19,160,73,11,169,14,65,62,7.69,3.51,2.19,20.5,9.4,0.0,,6.244,SP,1.0
2015,63810,세든,SK,,False,74.0,14,4.98649,1.42,7,5,0,0,8,67,28,5,77,12,42,41,8.15,3.41,2.39,21.0,8.8,0.387,0.85,5.286,SP,1.0
2016,63810,세든,SK,,False,62.0,12,5.37097,1.5,5,5,0,0,5,43,17,1,76,8,52,37,6.24,2.47,2.53,15.2,6.0,-0.708,0.38,5.167,SP,1.0
2012,62731,션헨,한화,,False,15.0,14,8.4,2.0,0,2,0,1,0,19,6,0,24,2,16,14,11.4,3.6,3.17,26.0,8.2,0.0,,1.071,RP,1.0
2012,62698,소사,KIA,,True,147.333,23,3.54299,1.19,9,8,0,0,17,104,39,8,137,9,62,58,6.35,2.38,2.67,16.9,6.4,0.0,,6.406,SP,1.0
2013,62698,소사,KIA,,True,164.667,29,5.46559,1.6,9,9,0,1,10,143,68,9,196,11,111,100,7.82,3.72,2.1,19.1,9.1,0.0,,5.678,SP,1.0
2014,62698,소사,넥센,,False,125.0,20,4.608,1.48,10,2,0,0,12,98,45,3,140,18,66,64,7.06,3.24,2.18,18.2,8.4,0.44,1.7,6.25,SP,1.0
2015,62698,소사,LG,,True,194.333,32,4.02916,1.21,10,12,0,1,19,177,36,5,199,16,102,87,8.2,1.67,4.92,21.9,4.4,-0.038,2.91,6.073,SP,1.0
2016,62698,소사,LG,,True,199.0,33,5.15578,1.49,10,9,0,0,17,107,38,9,258,12,121,114,4.84,1.72,2.82,12.3,4.4,-1.777,2.58,6.03,SP,1.0
2017,62698,소사,LG,,True,185.333,30,3.88489,1.22,11,11,1,0,16,153,38,3,189,11,86,80,7.43,1.85,4.03,19.9,4.9,2.918,3.2,6.178,SP,1.0
2018,62698,소사,LG,,True,181.333,27,3.5239,1.21,9,9,0,0,18,181,28,4,192,16,83,71,8.98,1.39,6.46,23.8,3.7,2.707,3.87,6.716,SP,1.0
2019,62698,소사,SK,,False,94.333,16,3.81625,1.14,9,3,0,0,10,96,23,2,85,15,42,40,9.16,2.19,4.17,24.8,5.9,2.227,1.83,5.896,SP,1.0
2019,67962,소이현,NC,투수,False,1.0,1,0.0,2.0,0,0,0,0,0,1,1,0,1,0,0,0,9.0,9.0,1.0,20.0,20.0,0.009,0.02,1.0,RP,1.0
2020,67962,소이현,NC,투수,False,12.333,13,6.56757,1.78,0,0,0,0,0,8,14,1,8,1,9,9,5.84,10.22,0.57,13.6,23.7,-0.08,-0.08,0.949,RP,1.0
2021,67962,소이현,NC,투수,False,10.667,10,6.75,2.34,0,0,0,0,0,10,12,0,13,1,12,8,8.44,10.13,0.83,16.9,20.3,-0.194,-0.23,1.067,RP,1.0
2024,67962,소이현,NC,투수,False,3.333,4,13.5,2.1,0,0,0,0,0,1,1,1,6,0,7,5,2.7,2.7,1.0,5.3,5.3,-0.007,-0.15,0.833,RP,1.0
2025,67962,소이현,NC,투수,False,8.0,7,5.625,1.5,0,0,0,0,0,3,7,1,5,0,5,5,3.38,7.88,0.43,8.3,19.4,-0.015,-0.03,1.143,RP,1.0
2020,50030,소형준,KT,투수,False,133.0,26,3.85714,1.4,13,6,0,0,10,92,45,6,141,6,63,57,6.23,3.05,2.04,16.1,7.9,1.714,3.07,5.115,SP,1.0
2021,50030,소형준,KT,투수,False,119.0,24,4.15966,1.46,7,7,0,0,8,85,51,4,123,6,67,55,6.43,3.86,1.67,16.3,9.8,1.141,1.83,4.958,SP,1.0
2022,50030,소형준,KT,투수,True,171.333,27,3.04669,1.15,13,6,0,0,18,117,39,5,158,8,68,58,6.15,2.05,3.0,16.6,5.5,3.583,4.05,6.346,SP,1.0
2023,50030,소형준,KT,투수,False,11.0,3,11.4545,2.27,0,0,0,0,0,4,3,3,22,1,14,14,3.27,2.45,1.33,6.8,5.1,-0.373,-0.34,3.667,SP,1.0
2024,50030,소형준,KT,투수,False,8.333,6,3.24,0.96,2,0,0,0,0,3,1,1,7,1,3,3,3.24,1.08,3.0,10.0,3.3,0.161,0.13,1.389,RP,1.0
2025,50030,소형준,KT,투수,True,147.333,26,3.2986425339366514,1.25,10,7,1,0,18,123,29,3,155,6,60,54,7.51,1.77,4.24,19.9,4.7,3.981,4.03,5.667,SP,1.0
2026,50030,소형준,KT,투수,False,85.333,15,2.953125,1.28,6,1,0,0,9,70,16,3,93,5,32,28,7.38,1.69,4.38,19.6,4.5,1.596,2.59,5.689,SP,0.757
2013,63619,손동욱,KIA,,False,11.667,13,12.3429,2.14,0,0,0,0,0,10,10,2,15,2,16,16,7.71,7.71,1.0,16.4,16.4,0.0,,0.897,RP,1.0
2017,63619,손동욱,넥센,,False,1.0,1,0.0,1.0,0,0,0,0,0,1,1,0,0,0,0,0,9.0,9.0,1.0,25.0,25.0,0.0,0.02,1.0,RP,1.0
2019,69041,손동현,KT,투수,False,47.333,34,4.75352,1.73,2,3,0,5,0,29,31,0,51,2,29,25,5.51,5.89,0.94,13.2,14.1,-0.115,0.03,1.392,RP,1.0
2020,69041,손동현,KT,투수,False,20.333,23,5.31148,1.52,0,0,0,1,0,12,10,0,21,5,14,12,5.31,4.43,1.2,13.2,11.0,0.078,-0.14,0.884,RP,1.0
2023,69041,손동현,KT,투수,False,73.667,64,3.42081,1.19,8,5,1,15,0,40,20,2,68,5,31,28,4.89,2.44,2.0,13.3,6.6,2.353,1.06,1.151,RP,1.0
2024,69041,손동현,KT,투수,False,47.333,42,5.32394,1.48,1,2,1,4,0,27,20,1,50,5,31,28,5.13,3.8,1.35,12.6,9.3,-0.965,0.15,1.127,RP,1.0
2025,69041,손동현,KT,투수,False,58.667,58,3.835227272727273,1.33,5,0,1,13,0,55,12,3,66,6,30,25,8.44,1.84,4.58,21.4,4.7,2.138,0.75,1.012,RP,1.0
2026,69041,손동현,KT,투수,False,43.667,46,3.50381679389313,1.21,4,2,0,7,0,31,18,2,35,4,17,17,6.39,3.71,1.72,17.4,10.1,0.166,0.82,0.949,RP,0.757
2013,97571,손민한,NC,,False,60.333,28,3.43094,1.31,5,6,9,3,2,22,23,3,56,4,24,23,3.28,3.43,0.96,8.8,9.2,0.0,,2.155,CL,1.0
2014,97571,손민한,NC,,False,48.333,52,3.53793,1.45,4,4,1,9,0,23,14,3,56,5,20,19,4.28,2.61,1.64,11.0,6.7,-1.877,-0.07,0.929,RP,1.0
2015,97571,손민한,NC,,False,105.0,26,4.88571,1.3,11,6,0,0,5,50,15,5,122,8,65,57,4.29,1.29,3.33,11.3,3.4,0.32,0.98,4.038,SP,1.0
2010,75321,손승락,넥센,,False,63.333,53,2.55789,1.01,2,3,26,1,0,64,17,2,47,2,20,18,9.09,2.42,3.76,26.1,6.9,0.0,,1.195,CL,1.0
2011,75321,손승락,넥센,,False,52.333,49,1.89172,1.03,4,2,17,2,0,41,13,1,41,2,12,11,7.05,2.24,3.15,20.3,6.4,0.0,,1.068,CL,1.0
2012,75321,손승락,넥센,,False,50.333,53,2.1457,1.29,3,2,33,0,0,47,15,0,50,2,12,12,8.4,2.68,3.13,23.2,7.4,0.0,,0.95,CL,1.0
2013,75321,손승락,넥센,,False,62.667,57,2.29787,1.12,3,2,46,0,0,52,20,1,50,1,17,16,7.47,2.87,2.6,20.9,8.0,0.0,,1.099,CL,1.0
2014,75321,손승락,넥센,,False,62.333,62,4.33155,1.28,3,5,32,0,0,53,11,2,69,6,30,30,7.65,1.59,4.82,20.5,4.2,-0.408,1.24,1.005,CL,1.0
2015,75321,손승락,넥센,,False,61.333,58,3.81522,1.4,4,6,23,0,0,63,13,3,73,6,35,26,9.24,1.91,4.85,23.2,4.8,-0.421,1.03,1.057,CL,1.0
2016,75321,손승락,롯데,,False,50.667,48,4.26316,1.6800000000000002,7,3,20,0,0,48,24,3,61,5,25,24,8.53,4.26,2.0,20.7,10.3,0.891,1.07,1.056,CL,1.0
2017,75321,손승락,롯데,,False,62.0,61,2.17742,1.13,1,3,37,0,0,62,11,1,59,7,16,15,9.0,1.6,5.64,24.8,4.4,4.396,3.22,1.016,CL,1.0
2018,75321,손승락,롯데,,False,57.667,57,3.90173,1.27,3,5,28,0,0,60,20,1,53,1,26,25,9.36,3.12,3.0,24.0,8.0,1.611,2.18,1.012,CL,1.0
2019,75321,손승락,롯데,,False,52.667,53,3.93038,1.41,4,3,9,2,0,44,19,3,55,3,27,23,7.52,3.25,2.32,18.9,8.2,0.052,0.61,0.994,RP,1.0
2010,76639,손영민,KIA,,False,68.0,67,4.63235,1.44,3,5,1,18,0,48,25,7,73,8,36,35,6.35,3.31,1.92,16.3,8.5,0.0,,1.015,SU,1.0
2011,76639,손영민,KIA,,False,87.667,59,3.07985,1.13,9,6,5,10,0,66,26,11,73,4,34,30,6.78,2.67,2.54,18.3,7.2,0.0,,1.486,RP,1.0
2012,76639,손영민,KIA,,False,15.333,18,7.63043,1.3,2,2,1,1,0,18,2,3,18,2,13,13,10.57,1.17,9.0,26.1,2.9,0.0,,0.852,RP,1.0
2017,76639,손영민,KIA,,False,13.333,15,10.8,2.17,0,1,0,4,0,9,3,1,26,4,16,16,6.07,2.02,3.0,13.6,4.5,-0.198,-0.49,0.889,SU,1.0
2013,63914,손정욱,NC,,False,20.333,32,1.77049,1.18,0,1,0,1,0,10,9,2,15,2,5,4,4.43,3.98,1.11,12.0,10.8,0.0,,0.635,RP,1.0
2014,63914,손정욱,NC,,False,44.0,67,4.70455,1.48,2,1,1,16,0,38,25,1,40,3,24,23,7.77,5.11,1.52,19.6,12.9,0.046,0.19,0.657,RP,1.0
2015,63914,손정욱,NC,,False,23.333,20,6.55714,1.97,1,0,0,0,0,17,9,0,37,3,17,17,6.5600000000000005,3.47,1.89,15.2,8.0,-0.138,-0.14,1.167,RP,1.0
2020,63914,손정욱,NC,,False,12.0,16,5.25,1.75,0,0,0,0,0,5,5,1,16,1,8,7,3.75,3.75,1.0,8.6,8.6,0.228,0.01,0.75,RP,1.0
2021,63914,손정욱,NC,,False,12.333,15,6.56757,1.95,1,0,0,0,0,8,7,0,17,1,9,9,5.84,5.11,1.14,13.1,11.5,-0.423,-0.09,0.822,RP,1.0
2017,67143,손주영,LG,투수,False,6.0,5,4.5,1.17,0,0,0,0,0,5,1,1,6,0,3,3,7.5,1.5,5.0,19.2,3.8,0.138,0.04,1.2,RP,1.0
2018,67143,손주영,LG,투수,False,11.667,4,8.48571,2.31,0,2,0,0,0,7,14,2,13,0,11,11,5.4,10.8,0.5,11.3,22.6,-0.219,-0.24,2.917,RP,1.0
2021,67143,손주영,LG,투수,False,26.667,7,8.4375,1.91,1,3,0,0,1,21,20,1,31,4,25,25,7.09,6.75,1.05,16.5,15.7,-0.567,-0.41,3.81,SP,1.0
2022,67143,손주영,LG,투수,False,12.667,3,4.97368,1.42,0,1,0,0,1,8,8,3,10,0,7,7,5.68,5.68,1.0,13.8,13.8,0.055,0.07,4.222,SP,1.0
2023,67143,손주영,LG,투수,False,8.667,3,5.19231,2.08,1,0,0,0,0,5,6,0,12,0,7,5,5.19,6.23,0.83,10.9,13.0,0.114,-0.02,2.889,RP,1.0
2024,67143,손주영,LG,투수,True,144.667,28,3.79493,1.46,9,10,0,1,11,112,54,10,157,11,71,61,6.97,3.36,2.07,17.6,8.5,2.016,2.72,5.167,SP,1.0
2025,67143,손주영,LG,투수,True,153.0,30,3.411764705882353,1.32,11,6,0,0,14,132,49,4,153,8,67,58,7.76,2.88,2.69,20.5,7.6,2.491,3.28,5.1,SP,1.0
2026,67143,손주영,LG,투수,False,34.0,30,2.1176470588235294,1.38,1,0,23,0,0,36,22,3,25,2,8,8,9.53,5.82,1.64,24.0,14.7,2.841,1.33,1.133,CL,0.757
2024,54904,손주환,NC,투수,False,3.667,4,9.81818,1.09,0,1,0,0,0,4,2,1,2,0,4,4,9.82,4.91,2.0,25.0,12.5,-0.124,-0.08,0.917,RP,1.0
2025,54904,손주환,NC,투수,False,51.667,52,4.35483870967742,1.39,6,1,0,7,0,37,19,1,53,5,29,25,6.45,3.31,1.95,16.5,8.5,0.984,0.22,0.994,RP,1.0
2026,54904,손주환,NC,투수,False,19.667,24,7.322033898305085,1.73,1,0,0,0,0,25,13,1,21,2,21,16,11.44,5.95,1.92,26.0,13.5,-0.012,-0.36,0.819,RP,0.757
2024,54363,손현기,키움,투수,False,14.333,6,7.53488,1.74,0,1,0,0,0,9,8,3,17,2,14,12,5.65,5.02,1.13,13.0,11.6,-0.599,-0.2,2.389,RP,1.0
2025,54363,손현기,키움,투수,False,3.0,2,15.0,3.33,0,0,0,0,0,1,6,1,4,1,5,5,3.0,18.0,0.17,5.6,33.3,-0.151,-0.24,1.5,RP,1.0
2025,55300,손힘찬,키움,투수,False,4.0,4,11.25,2.25,0,0,0,0,0,4,4,1,5,0,5,5,9.0,9.0,1.0,18.2,18.2,-0.077,-0.11,1.0,RP,1.0
2019,69962,송명기,NC,투수,False,3.0,2,9.0,2.0,0,0,0,0,0,1,2,0,4,1,3,3,3.0,6.0,0.5,7.1,14.3,-0.155,-0.11,1.5,RP,1.0
2020,69962,송명기,NC,투수,False,87.667,36,3.69582,1.33,9,3,0,0,2,72,39,2,78,12,37,36,7.39,4.0,1.85,19.4,10.5,0.987,1.67,2.435,SP,1.0
2021,69962,송명기,NC,투수,False,123.333,24,5.91081,1.66,8,9,0,0,6,102,58,9,147,12,83,81,7.44,4.23,1.76,17.8,10.1,0.42,0.78,5.139,SP,1.0
2022,69962,송명기,NC,투수,False,107.667,25,4.51393,1.58,5,7,0,0,5,106,54,15,116,14,67,54,8.86,4.51,1.96,21.4,10.9,0.76,0.16,4.307,SP,1.0
2023,69962,송명기,NC,투수,False,104.333,35,4.83067,1.47,4,9,0,0,3,65,47,11,106,12,64,56,5.61,4.05,1.38,13.7,9.9,-0.155,0.06,2.981,SP,1.0
2024,69962,송명기,NC,투수,False,38.333,33,5.86957,1.49,2,1,0,4,0,31,17,3,40,4,27,25,7.28,3.99,1.82,17.9,9.8,-0.092,0.03,1.162,RP,1.0
2026,69962,송명기,NC,투수,False,12.667,12,7.8157894736842115,2.29,0,0,0,0,0,13,10,2,19,3,11,11,9.24,7.11,1.3,18.6,14.3,-0.642,-0.21,1.056,RP,0.757
2022,51111,송승기,LG,투수,False,8.333,7,5.4,1.8,0,1,0,0,0,10,6,0,9,1,5,5,10.8,6.48,1.67,25.0,15.0,-0.241,-0.02,1.19,RP,1.0
2023,51111,송승기,LG,투수,False,1.0,1,0.0,2.0,0,0,0,0,0,0,1,0,1,0,0,0,0.0,9.0,0.0,0.0,20.0,0.0,0.01,1.0,RP,1.0
2025,51111,송승기,LG,투수,True,144.0,28,3.5,1.38,11,6,0,0,10,125,49,1,149,15,61,56,7.81,3.06,2.55,19.9,7.8,2.17,2.68,5.143,SP,1.0
2026,51111,송승기,LG,투수,False,65.667,15,5.208121827411167,1.54,3,3,0,0,1,52,20,0,81,11,41,38,7.13,2.74,2.6,17.5,6.7,0.249,0.36,4.378,SP,0.757
2010,77591,송승준,롯데,,True,168.0,27,4.39286,1.29,14,6,0,0,14,113,60,9,156,20,90,82,6.05,3.21,1.88,15.9,8.5,0.0,,6.222,SP,1.0
2011,77591,송승준,롯데,,True,172.333,30,4.17795,1.39,13,10,0,0,18,126,59,7,181,17,84,80,6.58,3.08,2.14,17.3,8.1,0.0,,5.744,SP,1.0
2012,77591,송승준,롯데,,True,163.0,28,3.31288,1.32,7,11,0,0,15,117,57,8,158,12,73,60,6.46,3.15,2.05,17.0,8.3,0.0,,5.821,SP,1.0
2013,77591,송승준,롯데,,True,167.667,29,3.75746,1.4,12,6,0,0,13,133,64,4,171,11,74,70,7.14,3.44,2.08,18.5,8.9,0.0,,5.782,SP,1.0
2014,77591,송승준,롯데,,False,122.0,24,5.97541,1.71,8,11,0,0,6,89,43,10,166,16,91,81,6.57,3.17,2.07,15.6,7.5,-1.864,1.92,5.083,SP,1.0
2015,77591,송승준,롯데,,False,125.0,25,4.752,1.42,8,7,0,0,10,112,46,4,131,17,71,66,8.06,3.31,2.43,20.3,8.3,0.842,2.43,5.0,SP,1.0
2016,77591,송승준,롯데,,False,41.333,10,8.70968,2.01,1,2,0,0,1,35,21,2,62,6,43,40,7.62,4.57,1.67,17.4,10.4,-1.621,-0.13,4.133,SP,1.0
2017,77591,송승준,롯데,,False,130.333,30,4.21228,1.33,11,5,0,1,6,113,41,4,132,19,63,61,7.8,2.83,2.76,20.3,7.3,0.515,3.04,4.344,SP,1.0
2018,77591,송승준,롯데,,False,79.0,22,6.1519,1.62,3,4,0,0,0,68,35,4,93,8,58,54,7.75,3.99,1.94,18.8,9.7,-1.081,0.93,3.591,SP,1.0
2019,77591,송승준,롯데,,False,14.333,11,4.39535,1.53,0,1,0,0,0,13,6,0,16,2,7,7,8.16,3.77,2.17,20.3,9.4,-0.326,0.07,1.303,RP,1.0
2020,77591,송승준,롯데,,False,24.667,22,6.2027,1.78,2,2,0,1,0,25,14,3,30,2,17,17,9.12,5.11,1.79,21.0,11.8,-0.977,0.18,1.121,RP,1.0
2010,99314,송신영,넥센,,False,77.0,65,4.20779,1.49,5,5,1,14,0,63,40,3,75,5,38,36,7.36,4.68,1.5699999999999998,18.5,11.7,0.0,,1.185,RP,1.0
2011,99314,송신영,LG,,False,72.333,62,2.23963,1.2,3,3,19,7,0,57,20,5,67,4,19,18,7.09,2.49,2.85,18.9,6.6,0.0,,1.167,CL,1.0
2012,99314,송신영,한화,,False,23.667,24,4.94366,1.9,1,3,0,2,0,17,8,4,37,3,16,13,6.46,3.04,2.13,14.5,6.8,0.0,,0.986,RP,1.0
2013,99314,송신영,넥센,,False,61.667,61,3.21081,1.38,4,3,1,15,0,43,33,8,52,1,22,22,6.28,4.82,1.3,16.2,12.4,0.0,,1.011,RP,1.0
2014,99314,송신영,넥센,,False,42.333,41,6.59055,1.72,2,1,0,2,0,28,16,4,57,7,33,31,5.95,3.4,1.75,14.2,8.1,-0.554,-0.09,1.033,RP,1.0
2015,99314,송신영,넥센,,False,69.0,18,5.34783,1.43,7,4,0,0,5,46,22,2,77,12,42,41,6.0,2.87,2.09,15.4,7.4,-0.266,0.77,3.833,SP,1.0
2016,99314,송신영,한화,,False,14.333,11,5.02326,1.81,0,1,0,0,0,7,2,1,24,1,8,8,4.4,1.26,3.5,10.8,3.1,-0.408,0.24,1.303,RP,1.0
2017,99314,송신영,한화,,False,6.333,5,4.26316,0.95,0,0,0,0,0,6,0,2,6,0,3,3,8.53,0.0,99.99,23.1,0.0,-0.314,0.16,1.267,RP,1.0
2023,53898,송영진,SSG,투수,False,47.333,17,5.70423,1.63,3,3,0,0,1,38,31,2,46,3,35,30,7.23,5.89,1.23,17.3,14.1,-0.378,-0.22,2.784,SP,1.0
2024,53898,송영진,SSG,투수,False,99.333,26,5.79866,1.64,5,10,0,0,3,67,51,1,112,10,74,64,6.07,4.62,1.31,14.7,11.2,-0.426,0.15,3.82,SP,1.0
2025,53898,송영진,SSG,투수,False,63.333,21,5.826315789473684,1.71,2,5,0,0,1,40,31,3,77,10,45,41,5.68,4.41,1.29,13.9,10.8,-0.049,-0.43,3.016,SP,1.0
2013,61156,송윤준,LG,,False,1.0,1,9.0,2.0,0,0,0,0,0,1,0,0,2,0,1,1,9.0,0.0,99.99,20.0,0.0,0.0,,1.0,RP,1.0
2020,61156,송윤준,한화,,False,23.0,26,4.30435,1.5699999999999998,0,0,0,1,0,16,13,1,23,1,11,11,6.26,5.09,1.23,15.1,12.3,-0.237,0.25,0.885,RP,1.0
2021,61156,송윤준,한화,,False,12.667,17,3.55263,1.42,0,0,0,2,0,8,6,2,12,1,5,5,5.68,4.26,1.33,14.5,10.9,0.01,0.11,0.745,RP,1.0
2022,61156,송윤준,한화,,False,4.333,3,6.23077,1.15,0,0,0,0,0,3,2,2,3,0,3,3,6.23,4.15,1.5,14.3,9.5,0.024,-0.03,1.444,RP,1.0
2023,61156,송윤준,한화,,False,4.333,4,8.30769,1.38,0,0,0,0,0,3,2,0,4,0,4,4,6.23,4.15,1.5,15.8,10.5,-0.03,-0.06,1.083,RP,1.0
2010,73801,송은범,SK,,False,125.0,44,2.304,1.21,8,5,8,4,7,91,48,6,103,12,38,32,6.55,3.46,1.9,17.5,9.2,0.0,,2.841,SP,1.0
2011,73801,송은범,SK,,False,78.667,38,3.4322,1.47,8,8,1,4,2,55,45,2,71,10,34,30,6.29,5.15,1.22,16.0,13.1,0.0,,2.07,SP,1.0
2012,73801,송은범,SK,,False,97.667,20,4.14676,1.45,8,3,0,0,6,72,44,2,98,6,45,45,6.63,4.05,1.64,17.4,10.7,0.0,,4.883,SP,1.0
2013,73801,송은범,KIA,,False,49.0,41,7.34694,2.0,1,7,5,6,1,29,27,0,71,4,41,40,5.33,4.96,1.07,12.1,11.3,0.0,,1.195,SP,1.0
2014,73801,송은범,KIA,,False,78.667,27,7.32203,2.0,4,8,0,0,3,60,43,5,114,11,73,64,6.86,4.92,1.4,15.4,11.0,-2.492,0.58,2.914,SP,1.0
2015,73801,송은범,한화,,False,70.333,33,7.03791,1.89,2,9,4,1,0,48,30,4,103,10,59,55,6.14,3.84,1.6,14.1,8.8,-2.5380000000000003,0.09,2.131,RP,1.0
2016,73801,송은범,한화,,False,122.0,30,6.41803,1.7,2,11,0,1,4,85,49,5,159,13,95,87,6.27,3.61,1.73,15.1,8.7,-2.949,1.42,4.067,SP,1.0
2017,73801,송은범,한화,,False,37.333,13,6.50893,1.82,0,4,1,0,2,15,23,3,45,4,30,27,3.62,5.54,0.65,8.5,13.0,-0.346,-0.13,2.872,SP,1.0
2018,73801,송은범,한화,,False,79.333,68,2.4958,1.39,7,4,1,10,0,61,33,5,77,2,29,22,6.92,3.74,1.85,17.9,9.7,1.554,2.32,1.167,RP,1.0
2019,73801,송은범,LG,,False,60.0,63,5.25,1.72,2,6,1,9,0,36,23,3,80,6,38,35,5.4,3.45,1.5699999999999998,12.8,8.2,-0.515,-0.71,0.952,RP,1.0
2020,73801,송은범,LG,,False,56.0,56,4.5,1.52,4,2,2,6,0,28,19,3,66,4,29,28,4.5,3.05,1.47,11.3,7.7,0.607,0.31,1.0,RP,1.0
2021,73801,송은범,LG,,False,37.333,35,4.09821,1.26,2,2,0,4,0,19,13,2,34,1,18,17,4.58,3.13,1.46,12.3,8.4,0.931,0.39,1.067,RP,1.0
2022,73801,송은범,LG,,False,26.667,25,4.05,1.46,1,1,0,2,0,13,10,0,29,3,13,12,4.39,3.38,1.3,11.2,8.6,0.219,0.06,1.067,RP,1.0
2023,73801,송은범,LG,,False,3.667,4,2.45455,2.45,0,0,0,0,0,2,3,0,6,0,1,1,4.91,7.36,0.67,11.8,17.6,-0.186,0.05,0.917,RP,1.0
2024,73801,송은범,삼성,,False,8.333,9,1.08,1.08,0,0,0,2,0,2,1,0,8,0,1,1,2.16,1.08,2.0,6.3,3.1,0.096,0.29,0.926,RP,1.0
2025,73801,송은범,삼성,,False,6.0,5,4.5,2.0,0,0,0,0,0,2,3,0,9,0,3,3,3.0,4.5,0.67,7.1,10.7,-0.049,0.04,1.2,RP,1.0
2021,51594,송재영,롯데,투수,False,14.667,19,13.5,2.45,0,2,0,1,0,13,12,1,24,3,23,22,7.98,7.36,1.08,16.5,15.2,-0.327,-0.74,0.772,RP,1.0
2024,51594,송재영,롯데,투수,False,8.333,19,10.8,1.6800000000000002,0,1,1,3,0,9,5,1,9,2,10,10,9.72,5.4,1.8,22.5,12.5,0.131,-0.31,0.439,RP,1.0
2025,51594,송재영,롯데,투수,False,27.0,46,4.0,1.59,1,0,0,3,0,28,24,0,19,3,13,12,9.33,8.0,1.17,23.1,19.8,0.02,0.13,0.587,RP,1.0
2022,52391,송정인,키움,투수,False,2.0,1,22.5,3.5,0,0,0,0,0,0,3,0,4,0,5,5,0.0,13.5,0.0,0.0,23.1,-0.009,-0.14,2.0,RP,1.0
2010,74731,송창식,한화,,False,17.667,12,4.07547,1.25,0,0,0,0,0,11,5,0,17,1,8,8,5.6,2.55,2.2,14.7,6.7,0.0,,1.472,RP,1.0
2011,74731,송창식,한화,,False,61.0,34,6.34426,1.61,4,3,0,0,0,52,23,7,75,11,43,43,7.67,3.39,2.26,18.3,8.1,0.0,,1.794,RP,1.0
2012,74731,송창식,한화,,False,74.333,47,2.90583,0.96,4,3,1,12,0,66,26,5,45,7,24,24,7.99,3.15,2.54,22.1,8.7,0.0,,1.582,SU,1.0
2013,74731,송창식,한화,,False,71.0,57,3.42254,1.39,4,6,20,0,0,67,36,4,63,3,27,27,8.49,4.5600000000000005,1.86,21.6,11.6,0.0,,1.246,CL,1.0
2014,74731,송창식,한화,,False,29.0,26,7.44828,1.69,1,3,1,3,0,21,14,3,35,9,24,24,6.52,4.34,1.5,15.2,10.1,-1.121,-0.4,1.115,RP,1.0
2015,74731,송창식,한화,,False,109.0,64,6.44037,1.64,8,7,0,11,2,87,64,7,115,29,82,78,7.18,5.28,1.36,17.3,12.7,-1.641,-0.67,1.703,SP,1.0
2016,74731,송창식,한화,,False,97.667,66,4.97611,1.45,8,5,0,8,0,77,45,10,97,10,61,54,7.1,4.15,1.71,17.6,10.3,1.036,0.65,1.48,RP,1.0
2017,74731,송창식,한화,,False,73.333,63,6.62727,1.5,5,6,0,15,0,64,33,5,77,13,56,54,7.85,4.05,1.94,19.3,10.0,-1.087,-0.5,1.164,RP,1.0
2018,74731,송창식,한화,,False,12.667,12,4.97368,1.5,1,0,0,1,0,8,4,1,15,2,7,7,5.68,2.84,2.0,13.8,6.9,0.044,0.08,1.056,RP,1.0
2019,74731,송창식,한화,,False,0.333,1,54.0,9.0,0,0,0,0,0,1,0,0,3,0,2,2,27.0,0.0,99.99,25.0,0.0,-0.271,-0.1,0.333,RP,1.0
2013,63791,송창현,한화,,False,82.667,30,3.70161,1.27,2,8,0,0,4,46,47,5,58,9,40,34,5.01,5.12,0.98,13.2,13.5,0.0,,2.756,SP,1.0
2014,63791,송창현,한화,,False,79.333,20,6.69328,2.07,1,9,0,0,3,30,60,3,104,11,69,59,3.4,6.8100000000000005,0.5,7.7,15.4,-1.992,0.06,3.967,SP,1.0
2016,63791,송창현,한화,,False,10.667,11,5.0625,1.41,0,0,0,0,0,11,6,0,9,0,6,6,9.28,5.06,1.83,23.9,13.0,-0.138,0.12,0.97,RP,1.0
2019,63791,송창현,한화,,False,12.667,3,6.39474,1.5,0,1,0,0,0,5,4,0,15,4,9,9,3.55,2.84,1.25,8.8,7.0,-0.166,-0.14,4.222,SP,1.0
2022,67606,송후섭,KIA,,False,0.333,1,162.0,15.0,0,0,0,0,0,0,1,1,4,0,6,6,0.0,27.0,0.0,0.0,14.3,0.0,-0.23,0.333,RP,1.0
2021,51136,수아레즈,LG,투수,False,115.333,23,2.18497,1.14,10,2,0,0,10,126,41,4,91,4,33,28,9.83,3.2,3.07,26.6,8.7,3.651,4.27,5.014,SP,1.0
2022,52457,수아레즈,삼성,투수,True,173.667,30,2.48752,1.16,6,8,0,0,19,159,50,4,151,7,61,48,8.24,2.59,3.18,22.3,7.0,5.398,5.1,5.789,SP,1.0
2023,52457,수아레즈,삼성,투수,False,108.0,19,3.91667,1.49,4,7,0,0,10,88,32,2,129,3,54,47,7.33,2.67,2.75,18.4,6.7,1.777,2.16,5.684,SP,1.0
2023,53040,슐서,KT,투수,False,49.667,9,5.61745,1.61,1,7,0,0,3,35,14,0,66,6,32,31,6.34,2.54,2.5,15.8,6.3,-0.232,0.23,5.519,SP,1.0
2026,56011,스기모토,KT,투수,False,55.0,54,5.236363636363636,1.53,1,2,0,17,0,54,16,5,68,6,39,32,8.84,2.62,3.38,21.5,6.4,0.067,0.19,1.019,SU,0.757
2021,51334,스미스,키움,,False,10.0,2,6.3,1.4,1,0,0,0,1,5,5,0,9,1,7,7,4.5,4.5,1.0,11.6,11.6,-0.042,0.01,5.0,SP,1.0
2023,53734,스미스,한화,투수,False,2.667,1,6.75,1.13,0,0,0,0,0,2,0,1,3,0,2,2,6.75,0.0,99.99,16.7,0.0,0.118,0.01,2.667,RP,1.0
2015,65219,스와잭,두산,,False,92.333,20,5.26354,1.52,5,7,0,1,5,72,30,4,110,9,57,54,7.02,2.92,2.4,17.4,7.2,-0.916,1.07,4.617,SP,1.0
2024,54615,스타우트,KIA,,False,16.0,4,5.0625,1.38,1,1,0,0,0,20,5,3,17,2,10,9,11.25,2.81,4.0,27.4,6.8,-0.032,0.2,4.0,SP,1.0
2022,52234,스탁,두산,투수,True,165.0,29,3.6,1.48,9,10,0,0,15,138,83,10,162,9,87,66,7.53,4.53,1.66,19.1,11.5,1.037,1.5,5.69,SP,1.0
2015,65931,스튜어트,NC,,False,117.667,19,2.67705,1.21,8,2,0,0,10,109,26,6,116,7,37,35,8.34,1.99,4.19,22.3,5.3,1.894,4.12,6.193,SP,1.0
2016,65931,스튜어트,NC,,True,150.0,27,4.56,1.43,12,8,0,0,12,118,55,8,160,11,79,76,7.08,3.3,2.15,18.1,8.4,0.225,2.87,5.556,SP,1.0
2020,50558,스트레일리,롯데,,True,194.667,31,2.49658,1.02,15,4,0,0,21,205,51,7,148,10,61,54,9.48,2.36,4.02,26.4,6.6,5.843,7.8,6.28,SP,1.0
2021,50558,스트레일리,롯데,,True,165.667,31,4.07445,1.38,10,12,0,0,14,164,67,7,162,12,85,75,8.91,3.64,2.45,23.0,9.4,2.075,3.29,5.344,SP,1.0
2022,50558,스트레일리,롯데,,False,62.333,11,2.31016,1.22,4,2,0,0,6,55,22,6,54,5,24,16,7.94,3.18,2.5,21.2,8.5,1.755,1.31,5.667,SP,1.0
2023,50558,스트레일리,롯데,,False,80.333,16,4.36929,1.48,3,5,0,0,4,70,37,10,82,6,43,39,7.84,4.15,1.89,19.2,10.2,0.557,0.91,5.021,SP,1.0
2015,65658,스틴슨,KIA,,True,167.0,32,4.95808,1.52,11,10,0,0,12,93,64,14,190,15,100,92,5.01,3.45,1.45,12.3,8.5,-0.892,2.33,5.219,SP,1.0
2022,52557,스파크맨,롯데,,False,84.667,19,5.31496,1.65,2,4,0,0,5,89,43,4,97,6,55,50,9.46,4.57,2.07,23.1,11.1,0.111,0.49,4.456,SP,1.0
2024,54843,시라카와,두산,투수,False,57.333,12,5.65116,1.6,4,5,0,0,2,46,33,3,59,6,41,36,7.22,5.18,1.39,17.4,12.5,-0.298,0.17,4.778,SP,1.0
2026,54843,시라카와,KIA,투수,False,44.333,10,4.87218045112782,1.58,3,4,0,0,0,37,29,1,41,5,25,24,7.51,5.89,1.28,18.3,14.4,-0.013,0.34,4.433,SP,0.757
2015,64049,시스코,KT,,False,39.0,17,6.23077,1.74,0,6,0,2,1,42,25,4,43,5,34,27,9.69,5.77,1.6800000000000002,22.7,13.5,-1.6,0.21,2.294,SP,1.0
2026,56567,신동건,롯데,투수,False,1.0,1,18.0,5.0,0,0,0,0,0,1,4,0,1,0,2,2,9.0,36.0,0.25,12.5,50.0,-0.001,-0.05,1.0,RP,0.757
2012,62160,신동훈,LG,,False,4.0,3,2.25,0.75,0,0,0,0,0,6,2,1,1,0,1,1,13.5,4.5,3.0,37.5,12.5,0.0,,1.333,RP,1.0
2014,62160,신동훈,LG,,False,10.333,5,3.48387,1.45,1,0,0,0,0,4,5,3,10,0,5,4,3.48,4.35,0.8,8.9,11.1,0.151,-0.03,2.067,RP,1.0
2020,68902,신민혁,NC,투수,False,42.0,17,5.78571,1.67,2,3,0,0,1,26,13,3,57,10,27,27,5.57,2.79,2.0,13.3,6.6,-0.299,0.05,2.471,SP,1.0
2021,68902,신민혁,NC,투수,True,145.0,30,4.4069,1.37,9,6,0,0,9,107,44,5,155,17,75,71,6.64,2.73,2.43,17.1,7.0,1.361,2.24,4.833,SP,1.0
2022,68902,신민혁,NC,투수,False,118.333,26,4.56338,1.34,4,9,0,0,8,105,31,10,128,15,64,60,7.99,2.36,3.39,20.2,6.0,1.211,1.1,4.551,SP,1.0
2023,68902,신민혁,NC,투수,False,122.0,29,3.98361,1.2,5,5,0,0,5,97,25,6,122,14,63,54,7.16,1.84,3.88,18.7,4.8,1.028,1.49,4.207,SP,1.0
2024,68902,신민혁,NC,투수,False,121.0,25,4.31405,1.29,8,9,0,0,10,74,16,7,140,20,67,58,5.5,1.19,4.63,14.1,3.1,0.83,1.62,4.84,SP,1.0
2025,68902,신민혁,NC,투수,False,132.0,28,4.7727272727272725,1.32,6,3,0,0,5,84,26,6,148,23,76,70,5.73,1.77,3.23,14.8,4.6,0.531,0.73,4.714,SP,1.0
2026,68902,신민혁,NC,투수,False,35.667,8,4.794392523364486,1.26,0,3,0,0,0,17,13,3,32,6,21,19,4.29,3.28,1.31,11.2,8.6,0.221,0.12,4.458,SP,0.757
2018,68067,신병률,KT,,False,25.667,21,7.01299,1.64,0,0,1,2,0,14,7,3,35,6,22,20,4.91,2.45,2.0,11.7,5.8,-0.547,-0.2,1.222,RP,1.0
2026,56808,신상연,SSG,투수,False,2.0,2,27.0,4.5,0,0,0,0,0,1,6,0,3,1,6,6,4.5,27.0,0.17,6.7,40.0,-0.01,-0.16,1.0,RP,0.757
2011,70839,신승현,SK,,False,4.0,4,9.0,2.25,1,0,0,0,0,3,0,0,9,0,4,4,6.75,0.0,99.99,15.0,0.0,0.0,,1.0,RP,1.0
2012,70839,신승현,SK,,False,6.0,5,10.5,1.67,0,1,0,0,0,2,2,1,8,0,7,7,3.0,3.0,1.0,6.9,6.9,0.0,,1.2,RP,1.0
2013,70839,신승현,KIA,,False,51.667,55,4.87742,1.63,1,1,0,8,0,55,35,8,49,5,35,28,9.58,6.1,1.5699999999999998,22.5,14.3,0.0,,0.939,RP,1.0
2014,70839,신승현,LG,,False,15.333,11,5.86957,1.96,0,0,0,1,0,12,9,4,21,2,15,10,7.04,5.28,1.33,14.8,11.1,-0.159,-0.16,1.394,RP,1.0
2015,70839,신승현,LG,,False,35.667,37,4.79439,1.4,0,1,0,3,0,30,18,5,32,3,19,19,7.57,4.54,1.67,19.4,11.6,-0.386,-0.07,0.964,RP,1.0
2016,70839,신승현,LG,,False,45.333,49,4.96324,1.43,3,1,1,9,0,31,24,4,41,3,26,25,6.15,4.76,1.29,15.6,12.1,-0.426,-0.14,0.925,RP,1.0
2017,70839,신승현,LG,,False,3.667,3,0.0,0.27,0,0,0,0,0,1,0,1,1,0,0,0,2.45,0.0,99.99,8.3,0.0,-0.016,0.14,1.222,RP,1.0
2024,53919,신영우,NC,투수,False,9.333,4,10.6071,2.57,0,1,0,0,0,6,15,2,9,0,11,11,5.79,14.46,0.4,11.5,28.8,-0.403,-0.25,2.333,RP,1.0
2025,53919,신영우,NC,투수,False,14.333,8,7.534883720930232,1.67,1,3,0,0,0,19,16,3,8,2,13,12,11.93,10.05,1.19,27.9,23.5,-0.52,-0.29,1.792,RP,1.0
2026,53919,신영우,NC,투수,False,20.333,18,2.6557377049180326,1.52,1,1,0,3,0,31,25,2,6,1,7,6,13.72,11.07,1.24,33.3,26.9,-0.101,0.39,1.13,RP,0.757
2011,72649,신용운,KIA,,False,5.333,4,1.6875,1.13,0,0,0,0,0,3,4,1,2,0,2,1,5.06,6.75,0.75,13.0,17.4,0.0,,1.333,RP,1.0
2013,72649,신용운,삼성,,False,40.0,44,2.03,1.05,2,0,0,2,0,36,16,0,26,5,9,9,8.1,3.6,2.25,23.1,10.3,0.0,,0.909,RP,1.0
2015,72649,신용운,삼성,,False,25.667,35,7.01299,1.99,1,1,0,2,0,22,16,2,35,2,23,20,7.71,5.61,1.38,16.8,12.2,-0.587,-0.28,0.733,RP,1.0
2016,72649,신용운,삼성,,False,8.0,13,3.38,2.0,0,0,0,2,0,7,4,3,12,0,7,3,7.88,4.5,1.75,16.3,9.3,-0.41,-0.06,0.615,RP,1.0
2014,94126,신윤호,SK,,False,3.0,2,9.0,3.33,0,0,0,0,0,1,2,0,8,1,3,3,3.0,6.0,0.5,5.9,11.8,-0.115,-0.07,1.5,RP,1.0
2016,62937,신재영,넥센,,True,168.667,30,3.89526,1.26,15,7,0,0,11,99,21,11,192,19,76,73,5.28,1.12,4.71,13.8,2.9,1.248,5.05,5.622,SP,1.0
2017,62937,신재영,넥센,,False,125.0,34,4.536,1.3,6,7,1,2,7,75,25,16,137,14,68,63,5.4,1.8,3.0,14.0,4.7,0.912,2.14,3.676,SP,1.0
2018,62937,신재영,넥센,,False,101.333,26,6.75,1.54,8,9,0,1,6,53,23,8,133,31,80,76,4.71,2.04,2.3,11.7,5.1,-1.022,-0.28,3.897,SP,1.0
2019,62937,신재영,키움,,False,29.333,12,3.68182,1.47,1,0,0,0,0,21,9,4,34,1,14,12,6.44,2.76,2.33,15.9,6.8,0.604,0.44,2.444,RP,1.0
2020,62937,신재영,키움,,False,5.0,7,12.6,3.4,0,0,0,0,0,1,4,0,13,2,8,7,1.8,7.2,0.25,2.9,11.8,-0.486,-0.27,0.714,RP,1.0
2021,62937,신재영,SSG,,False,28.333,20,5.71765,1.31,0,0,0,0,0,27,2,4,35,3,18,18,8.58,0.64,13.5,21.8,1.6,-0.417,0.07,1.417,RP,1.0
2022,62937,신재영,SSG,,False,4.333,4,12.4615,2.08,0,0,0,0,0,4,0,0,9,2,6,6,8.31,0.0,99.99,19.0,0.0,-0.044,-0.21,1.083,RP,1.0
2012,75138,신재웅,LG,,False,57.667,12,3.5896,1.32,5,2,0,0,3,30,23,3,53,5,23,23,4.68,3.59,1.3,12.4,9.5,0.0,,4.806,SP,1.0
2013,75138,신재웅,LG,,False,56.0,18,3.05357,1.25,4,4,0,0,3,21,18,3,52,4,21,19,3.38,2.89,1.17,9.3,7.9,0.0,,3.111,SP,1.0
2014,75138,신재웅,LG,,False,64.0,57,3.79688,1.38,8,3,0,8,0,46,26,2,62,7,29,27,6.47,3.66,1.77,17.0,9.6,-1.115,-0.03,1.123,RP,1.0
2015,75138,신재웅,SK,,False,50.333,61,4.11258,1.77,0,1,0,9,0,49,17,4,72,5,28,23,8.76,3.04,2.88,20.8,7.2,0.206,0.12,0.825,RP,1.0
2016,75138,신재웅,SK,,False,18.0,35,5.5,1.83,0,1,0,4,0,17,17,3,16,4,12,11,8.5,8.5,1.0,18.7,18.7,-0.9,-0.18,0.514,RP,1.0
2017,75138,신재웅,SK,,False,31.0,32,3.19355,1.23,0,1,2,4,0,29,15,0,23,3,11,11,8.42,4.35,1.93,23.0,11.9,0.656,0.63,0.969,RP,1.0
2018,75138,신재웅,SK,,False,52.0,54,2.76923,1.48,2,3,16,6,0,43,28,1,49,5,23,16,7.44,4.85,1.54,19.0,12.4,0.891,0.89,0.963,RP,1.0
2019,75138,신재웅,SK,,False,21.667,20,3.32308,1.11,1,0,0,0,0,14,10,1,14,1,8,8,5.82,4.15,1.4,15.9,11.4,0.407,0.24,1.083,RP,1.0
2020,75138,신재웅,SK,,False,19.333,24,9.31034,2.07,2,0,0,0,0,11,14,0,26,5,20,20,5.12,6.52,0.79,11.8,15.1,-0.059,-0.36,0.806,RP,1.0
2021,75138,신재웅,SSG,,False,8.333,8,4.32,1.32,0,0,0,0,0,9,5,0,6,0,4,4,9.72,5.4,1.8,24.3,13.5,0.057,0.09,1.042,RP,1.0
2010,60140,신정락,LG,,False,25.667,24,6.31169,1.83,0,1,0,2,0,24,22,6,25,1,23,18,8.42,7.71,1.09,18.6,17.1,0.0,,1.069,RP,1.0
2011,60140,신정락,LG,,False,17.667,11,1.01887,1.13,0,0,0,1,0,19,8,1,12,0,4,2,9.68,4.08,2.38,25.7,10.8,0.0,,1.606,RP,1.0
2012,60140,신정락,LG,,False,0.667,1,0.0,1.5,0,0,0,0,0,0,1,0,0,0,1,0,0.0,13.5,0.0,0.0,33.3,0.0,,0.667,RP,1.0
2013,60140,신정락,LG,,False,122.667,26,4.25543,1.29,9,5,0,0,7,82,30,16,128,8,62,58,6.02,2.2,2.73,15.6,5.7,0.0,,4.718,SP,1.0
2014,60140,신정락,LG,,False,51.333,15,6.66234,1.34,1,3,0,0,1,39,16,5,53,8,38,38,6.84,2.81,2.44,17.7,7.3,-0.233,0.08,3.422,SP,1.0
2017,60140,신정락,LG,,False,59.0,63,5.33898,1.44,3,5,10,12,0,58,24,10,61,4,42,35,8.85,3.66,2.42,21.9,9.1,-0.035,-0.96,0.937,RP,1.0
2018,60140,신정락,LG,,False,50.667,49,5.86184,1.5,3,7,0,5,0,56,17,6,59,5,37,33,9.95,3.02,3.29,24.7,7.5,-0.612,-0.51,1.034,RP,1.0
2019,60140,신정락,한화,,False,44.667,44,5.84328,1.54,5,1,0,5,0,35,21,6,48,6,33,29,7.05,4.23,1.67,16.9,10.1,-0.145,-1.11,1.015,RP,1.0
2020,60140,신정락,한화,,False,12.0,16,9.0,1.83,0,1,0,0,0,14,7,2,15,2,12,12,10.5,5.25,2.0,24.6,12.3,-0.144,-0.21,0.75,RP,1.0
2021,60140,신정락,한화,,False,20.0,20,8.55,2.0,0,2,0,2,0,14,15,3,25,3,24,19,6.3,6.75,0.93,13.7,14.7,-0.731,-0.79,1.0,RP,1.0
2022,60140,신정락,한화,,False,47.0,44,4.02128,1.45,2,1,1,4,0,23,16,7,52,4,25,21,4.4,3.06,1.44,10.7,7.4,-0.191,0.08,1.068,RP,1.0
2023,60140,신정락,롯데,,False,29.0,34,4.65517,1.48,4,0,0,1,0,28,11,3,32,4,15,15,8.69,3.41,2.55,21.9,8.6,-0.613,0.17,0.853,RP,1.0
2012,61830,신정익,SK,,False,3.333,3,5.4,0.9,0,0,0,0,0,0,0,1,3,1,2,2,0.0,0.0,99.99,0.0,0.0,0.0,,1.111,RP,1.0
2013,61830,신정익,SK,,False,1.333,1,6.75,2.25,0,0,0,0,0,0,1,0,2,1,2,1,0.0,6.75,0.0,0.0,12.5,0.0,,1.333,RP,1.0
2011,72739,신주영,한화,,False,35.0,42,6.42857,1.77,4,2,2,1,0,22,12,1,50,1,27,25,5.66,3.09,1.83,13.3,7.2,0.0,,0.833,RP,1.0
2012,72739,신주영,한화,,False,3.333,3,16.2,1.8,0,0,0,0,0,2,1,1,5,2,7,6,5.4,2.7,2.0,11.8,5.9,0.0,,1.111,RP,1.0
2025,55860,신지환,SSG,투수,False,1.0,1,0.0,0.0,0,0,0,0,0,1,0,1,0,0,0,0,9.0,0.0,99.99,25.0,0.0,0.005,0.02,1.0,RP,1.0
2021,50758,신지후,한화,,False,0.333,2,0.0,3.0,0,0,0,0,0,0,1,0,0,0,2,0,0.0,27.0,0.0,0.0,33.3,-0.004,-0.06,0.166,RP,1.0
2012,76140,신창호,KIA,,False,6.667,7,9.45,2.25,0,0,0,0,0,5,5,0,10,1,7,7,6.75,6.75,1.0,15.2,15.2,0.0,,0.952,RP,1.0
2013,76140,신창호,KIA,,False,21.333,18,5.90625,2.06,0,2,0,0,0,17,15,0,29,3,14,14,7.17,6.33,1.13,15.6,13.8,0.0,,1.185,RP,1.0
2014,76140,신창호,KIA,,False,38.0,27,6.15789,1.6800000000000002,0,1,0,0,0,33,24,2,40,3,29,26,7.82,5.68,1.38,18.2,13.3,-0.469,0.23,1.407,RP,1.0
2015,76140,신창호,KIA,,False,5.667,5,7.94118,1.41,0,0,0,0,0,4,4,0,4,1,5,5,6.35,6.35,1.0,16.0,16.0,-0.004,-0.06,1.133,RP,1.0
2010,76763,신해수,한화,,False,2.0,2,0.0,1.0,0,0,0,0,0,1,0,0,2,0,0,0,4.5,0.0,99.99,14.3,0.0,0.0,,1.0,RP,1.0
2022,52873,신헌민,SSG,투수,False,1.0,1,9.0,3.0,0,0,0,0,0,1,0,0,3,0,2,1,9.0,0.0,99.99,20.0,0.0,-0.011,-0.03,1.0,RP,1.0
2023,52873,신헌민,SSG,투수,False,12.0,11,6.0,2.08,0,0,0,0,0,8,6,0,19,1,10,8,6.0,4.5,1.33,12.9,9.7,0.132,-0.11,1.091,RP,1.0
2024,52873,신헌민,SSG,투수,False,3.0,3,18.0,3.33,0,0,0,0,0,0,3,1,7,2,7,6,0.0,9.0,0.0,0.0,16.7,-0.031,-0.18,1.0,RP,1.0
2014,64594,심규범,롯데,투수,False,1.0,1,0.0,0.0,0,0,0,0,0,1,0,0,0,0,0,0,9.0,0.0,99.99,33.3,0.0,0.0,0.03,1.0,RP,1.0
2015,64594,심규범,롯데,투수,False,6.333,16,7.10526,2.05,0,1,0,1,0,6,6,0,7,1,5,5,8.53,8.53,1.0,19.4,19.4,-0.239,-0.04,0.396,RP,1.0
2018,64594,심규범,NC,투수,False,0.667,1,0.0,1.5,0,0,0,0,0,0,0,0,1,0,0,0,0.0,0.0,99.99,0.0,0.0,0.006,0.02,0.667,RP,1.0
2010,60636,심동섭,KIA,,False,2.667,5,6.75,1.88,0,0,0,1,0,0,2,0,3,0,2,2,0.0,6.75,0.0,0.0,15.4,0.0,,0.533,RP,1.0
2011,60636,심동섭,KIA,,False,55.333,57,2.76506,1.23,3,1,2,7,0,67,31,4,37,1,21,17,10.9,5.04,2.16,28.3,13.1,0.0,,0.971,RP,1.0
2012,60636,심동섭,KIA,,False,17.333,10,6.23077,2.02,0,2,0,1,0,10,13,0,22,2,17,12,5.19,6.75,0.77,11.6,15.1,0.0,,1.733,RP,1.0
2013,60636,심동섭,KIA,,False,25.0,28,3.24,1.56,0,2,0,3,0,27,19,4,20,1,13,9,9.72,6.84,1.42,22.9,16.1,0.0,,0.893,RP,1.0
2014,60636,심동섭,KIA,,False,45.667,57,5.51825,1.58,1,5,4,9,0,46,28,3,44,3,30,28,9.07,5.52,1.64,22.0,13.4,-0.864,0.65,0.801,RP,1.0
2015,60636,심동섭,KIA,,False,57.333,69,5.02326,1.5699999999999998,3,1,1,21,0,71,43,3,47,7,35,32,11.15,6.75,1.65,27.6,16.7,1.385,0.31,0.831,SU,1.0
2016,60636,심동섭,KIA,,False,37.667,54,6.45133,1.75,5,2,1,13,0,33,21,4,45,5,30,27,7.88,5.02,1.5699999999999998,18.1,11.5,-0.178,-0.39,0.698,RP,1.0
2017,60636,심동섭,KIA,,False,50.667,52,5.68421,1.6800000000000002,2,2,2,11,0,50,21,0,64,6,34,32,8.88,3.73,2.38,21.5,9.0,0.809,0.32,0.974,RP,1.0
2018,60636,심동섭,KIA,,False,5.667,7,6.35294,1.76,0,0,0,1,0,5,3,0,7,0,4,4,7.94,4.76,1.67,18.5,11.1,-0.436,0.03,0.81,RP,1.0
2010,74167,심수창,LG,,False,35.667,12,7.57009,2.05,0,4,0,1,1,7,15,4,58,3,30,30,1.77,3.79,0.47,4.0,8.6,0.0,,2.972,SP,1.0
2011,74167,심수창,넥센,,False,109.667,28,5.00608,1.64,2,13,0,0,9,52,42,6,138,12,67,61,4.27,3.45,1.24,10.4,8.4,0.0,,3.917,SP,1.0
2012,74167,심수창,넥센,,False,40.667,21,7.30328,1.94,0,5,0,0,0,24,21,2,58,3,36,33,5.31,4.65,1.14,12.1,10.6,0.0,,1.937,RP,1.0
2014,74167,심수창,롯데,,False,19.667,11,9.15254,1.63,0,0,2,0,0,14,8,0,24,7,20,20,6.41,3.66,1.75,15.7,9.0,-0.014,-0.26,1.788,RP,1.0
2015,74167,심수창,롯데,,False,73.333,39,6.01364,1.75,4,6,5,3,1,76,29,3,99,9,56,49,9.33,3.56,2.62,22.4,8.5,-0.55,0.38,1.88,SP,1.0
2016,74167,심수창,한화,,False,113.333,66,5.95588,1.73,5,5,2,6,0,76,58,4,138,14,86,75,6.04,4.61,1.31,14.4,11.0,-1.488,0.12,1.717,RP,1.0
2017,74167,심수창,한화,,False,57.0,48,4.73684,1.63,3,1,2,2,0,54,22,2,71,8,32,30,8.53,3.47,2.45,20.8,8.5,-1.22,0.59,1.188,RP,1.0
2018,74167,심수창,한화,,False,2.333,3,15.4286,3.0,0,0,0,0,0,2,0,0,7,2,4,4,7.71,0.0,99.99,15.4,0.0,-0.446,-0.27,0.778,RP,1.0
2019,74167,심수창,LG,,False,11.667,5,6.17143,2.06,1,1,0,0,0,12,7,0,17,1,8,8,9.26,5.4,1.71,21.1,12.3,0.084,-0.2,2.333,RP,1.0
2015,64017,심재민,KT,,False,56.333,50,6.86982,1.93,2,3,0,1,0,29,41,7,68,3,45,43,4.63,6.55,0.71,10.7,15.2,-0.331,0.11,1.127,RP,1.0
2016,64017,심재민,KT,,False,54.333,59,5.46626,1.82,2,3,0,7,0,30,24,5,75,4,36,33,4.97,3.98,1.25,11.8,9.4,-0.452,0.25,0.921,RP,1.0
2017,64017,심재민,KT,,False,74.667,64,5.18304,1.5699999999999998,1,7,0,13,0,69,31,4,86,11,48,43,8.32,3.74,2.23,20.1,9.0,-2.075,0.84,1.167,RP,1.0
2018,64017,심재민,KT,,False,41.0,44,4.60976,1.56,4,5,2,3,0,36,17,2,47,5,25,21,7.9,3.73,2.12,20.1,9.5,-0.327,0.57,0.932,RP,1.0
2021,64017,심재민,KT,,False,46.667,28,2.89286,1.11,0,1,0,1,0,35,11,0,41,4,15,15,6.75,2.12,3.18,18.5,5.8,0.261,0.99,1.667,RP,1.0
2022,64017,심재민,KT,,False,43.333,44,3.73846,1.32,4,1,0,6,0,21,16,2,41,4,19,18,4.36,3.32,1.31,11.4,8.7,0.689,0.38,0.985,RP,1.0
2023,64017,심재민,롯데,,False,47.667,33,3.77622,1.5699999999999998,3,1,0,6,0,29,18,1,57,2,23,20,5.48,3.4,1.61,13.3,8.3,0.589,0.71,1.444,RP,1.0
2025,64017,심재민,롯데,,False,3.0,4,3.0,2.0,1,0,0,0,0,2,1,0,5,0,2,1,6.0,3.0,2.0,13.3,6.7,0.157,0.01,0.75,RP,1.0
2012,61411,심창민,삼성,,False,39.333,37,1.83051,1.09,2,2,1,5,0,41,17,2,26,0,8,8,9.38,3.89,2.41,25.8,10.7,0.0,,1.063,RP,1.0
2013,61411,심창민,삼성,,False,50.333,50,2.68212,1.07,1,0,2,14,0,57,19,4,35,3,15,15,10.19,3.4,3.0,28.4,9.5,0.0,,1.007,SU,1.0
2014,61411,심창민,삼성,,False,38.333,52,6.8087,1.77,5,2,0,8,0,38,26,4,42,7,33,29,8.92,6.1,1.46,20.2,13.8,-1.399,-0.28,0.737,RP,1.0
2015,61411,심창민,삼성,,False,67.333,61,4.27723,1.16,6,3,0,9,0,91,24,5,54,7,32,32,12.16,3.21,3.79,32.5,8.6,0.786,1.11,1.104,RP,1.0
2016,61411,심창민,삼성,,False,72.667,62,2.97248,1.17,2,6,25,4,0,76,26,4,59,6,29,24,9.41,3.22,2.92,25.1,8.6,0.841,1.96,1.172,CL,1.0
2017,61411,심창민,삼성,,False,75.333,66,4.18142,1.31,4,7,6,16,0,103,44,7,55,12,36,35,12.31,5.26,2.34,30.9,13.2,2.171,1.37,1.141,RP,1.0
2018,61411,심창민,삼성,,False,66.333,59,4.07035,1.19,5,2,17,5,0,68,22,9,57,12,32,30,9.23,2.98,3.09,23.9,7.7,2.447,1.24,1.124,RP,1.0
2020,61411,심창민,삼성,,False,20.333,23,7.52459,1.77,2,2,0,3,0,21,18,2,18,3,20,17,9.3,7.97,1.17,21.4,18.4,-0.313,-0.26,0.884,RP,1.0
2021,61411,심창민,삼성,,False,51.333,59,5.08442,1.54,3,2,0,16,0,58,32,6,47,8,32,29,10.17,5.61,1.81,24.4,13.4,0.054,-0.16,0.87,SU,1.0
2022,61411,심창민,NC,,False,6.333,11,14.2105,2.53,1,2,0,0,0,6,7,3,9,0,10,10,8.53,9.95,0.86,16.2,18.9,-0.487,-0.38,0.576,RP,1.0
2023,61411,심창민,NC,,False,3.333,5,2.7,2.1,0,1,0,0,0,5,5,1,2,0,2,1,13.5,13.5,1.0,27.8,27.8,0.07,-0.02,0.667,RP,1.0
2013,63940,아담,NC,,False,91.667,17,4.12364,1.31,4,8,0,0,8,70,27,1,93,12,48,42,6.87,2.65,2.59,18.3,7.0,0.0,,5.392,SP,1.0
2018,68435,아델만,삼성,,True,171.0,31,5.05263,1.5,8,12,0,0,15,137,54,11,202,20,101,96,7.21,2.84,2.54,18.1,7.1,1.107,3.43,5.516,SP,1.0
2026,56801,아빌라,SSG,투수,False,35.0,6,1.542857142857143,1.2,4,0,0,0,5,40,15,0,27,0,9,6,10.29,3.86,2.67,28.2,10.6,1.291,1.49,5.833,SP,0.757
2011,61215,안규영,두산,,False,22.333,6,8.86567,1.84,0,2,0,0,0,11,8,1,33,7,22,22,4.43,3.22,1.38,10.5,7.6,0.0,,3.722,SP,1.0
2012,61215,안규영,두산,,False,13.667,10,3.95122,1.54,0,0,0,1,0,6,6,0,15,0,6,6,3.95,3.95,1.0,10.0,10.0,0.0,,1.367,RP,1.0
2013,61215,안규영,두산,,False,5.667,3,14.2941,3.0,0,0,0,0,0,3,6,0,11,3,9,9,4.76,9.53,0.5,9.4,18.8,0.0,,1.889,RP,1.0
2016,61215,안규영,두산,,False,47.667,16,6.60839,2.03,1,2,0,0,1,24,24,4,73,6,36,35,4.53,4.53,1.0,10.5,10.5,-1.216,0.0,2.979,SP,1.0
2017,61215,안규영,두산,,False,5.333,5,13.5,2.81,0,0,0,0,0,4,8,0,7,0,8,8,6.75,13.5,0.5,12.9,25.8,-0.105,-0.18,1.067,RP,1.0
2017,64462,안규현,삼성,,False,2.0,1,9.0,2.5,0,0,0,0,0,1,3,1,2,0,2,2,4.5,13.5,0.33,9.1,27.3,-0.061,-0.03,2.0,RP,1.0
2017,63027,안성무,삼성,,False,11.667,5,7.71429,2.06,1,1,0,0,0,8,10,1,14,2,10,10,6.17,7.71,0.8,13.8,17.2,-0.304,-0.07,2.333,RP,1.0
2018,63027,안성무,삼성,,False,2.333,2,11.5714,1.71,0,0,0,0,0,5,1,0,3,2,3,3,19.29,3.86,5.0,45.5,9.1,-0.003,-0.08,1.166,RP,1.0
2010,60713,안승민,한화,,False,63.0,25,5.42857,1.51,4,4,0,0,3,28,15,2,80,10,43,38,4.0,2.14,1.87,10.0,5.4,0.0,,2.52,SP,1.0
2011,60713,안승민,한화,,True,139.0,29,5.89209,1.49,7,9,0,0,11,90,30,8,177,22,101,91,5.83,1.94,3.0,14.6,4.9,0.0,,4.793,SP,1.0
2012,60713,안승민,한화,,False,72.0,62,4.75,1.25,3,7,16,5,0,53,21,5,69,6,41,38,6.63,2.63,2.52,17.4,6.9,0.0,,1.161,RP,1.0
2013,60713,안승민,한화,,False,33.667,18,7.48515,1.78,3,4,0,2,1,12,9,1,51,5,31,28,3.21,2.41,1.33,7.5,5.6,0.0,,1.87,SP,1.0
2010,73738,안영명,KIA,,False,69.333,47,6.75,1.66,6,8,3,3,0,82,35,3,80,15,54,52,10.64,4.54,2.34,25.7,11.0,0.0,,1.475,RP,1.0
2011,73738,안영명,한화,,False,4.333,3,4.15385,2.08,0,0,0,0,0,4,2,0,7,2,6,2,8.31,4.15,2.0,16.7,8.3,0.0,,1.444,RP,1.0
2014,73738,안영명,한화,,False,97.667,48,4.51536,1.54,7,6,4,6,1,64,36,13,114,8,59,49,5.9,3.32,1.78,14.3,8.1,-1.181,1.41,2.035,SP,1.0
2015,73738,안영명,한화,,False,125.333,35,5.0984,1.5699999999999998,10,6,0,1,4,82,60,11,137,15,77,71,5.89,4.31,1.37,14.4,10.6,0.07,1.62,3.581,SP,1.0
2016,73738,안영명,한화,,False,2.667,2,20.25,4.88,0,1,0,0,0,1,4,0,9,0,10,6,3.38,13.5,0.25,4.5,18.2,-0.376,-0.3,1.334,RP,1.0
2017,73738,안영명,한화,,False,87.667,25,5.74905,1.72,1,8,0,0,4,54,28,5,123,11,62,56,5.54,2.87,1.93,13.2,6.8,-1.313,0.61,3.507,SP,1.0
2018,73738,안영명,한화,,False,66.0,53,5.72727,1.48,8,2,0,8,0,48,15,4,83,12,44,42,6.55,2.05,3.2,16.5,5.2,1.389,0.29,1.245,RP,1.0
2019,73738,안영명,한화,,False,62.0,67,3.91935,1.53,4,7,0,13,0,48,13,3,82,5,27,27,6.97,1.89,3.69,17.6,4.8,-0.805,0.92,0.925,RP,1.0
2020,73738,안영명,한화,,False,45.667,39,5.91241,1.51,1,1,0,1,0,34,18,2,51,9,32,30,6.7,3.55,1.89,16.9,9.0,-0.586,-0.21,1.171,RP,1.0
2021,73738,안영명,KT,,False,35.333,35,4.07547,0.99,0,1,0,4,0,32,11,1,24,2,17,16,8.15,2.8,2.91,22.1,7.6,0.093,0.52,1.01,RP,1.0
2022,73738,안영명,KT,,False,3.333,4,2.7,0.9,0,0,0,0,0,1,0,0,3,0,1,1,2.7,0.0,99.99,7.7,0.0,-0.004,0.06,0.833,RP,1.0
2011,76758,안영진,한화,,False,5.667,5,3.17647,1.24,0,0,0,0,0,1,2,1,5,1,2,2,1.59,3.18,0.5,4.2,8.3,0.0,,1.133,RP,1.0
2012,76758,안영진,한화,,False,5.333,4,6.75,2.44,0,0,0,0,0,4,6,1,7,0,10,4,6.75,10.13,0.67,13.3,20.0,0.0,,1.333,RP,1.0
2018,68341,안우진,넥센,투수,False,41.333,20,7.18548,1.79,2,4,0,1,0,46,28,3,46,6,35,33,10.02,6.1,1.64,23.2,14.1,-1.129,-0.08,2.067,RP,1.0
2019,68341,안우진,키움,투수,False,88.333,19,5.19623,1.51,7,5,0,0,7,80,36,3,97,8,56,51,8.15,3.67,2.22,20.3,9.1,-0.054,0.56,4.649,SP,1.0
2020,68341,안우진,키움,투수,False,36.0,42,3.0,1.03,2,3,2,13,0,41,17,0,20,3,12,12,10.25,4.25,2.41,28.7,11.9,-0.521,1.03,0.857,SU,1.0
2021,68341,안우진,키움,투수,False,107.667,21,3.26006,1.2,8,8,0,0,8,110,41,7,88,13,47,39,9.2,3.43,2.68,24.4,9.1,1.905,2.23,5.127,SP,1.0
2022,68341,안우진,키움,투수,True,196.0,30,2.11224,0.95,15,8,0,0,24,224,55,4,131,4,51,46,10.29,2.53,4.07,29.2,7.2,7.143,7.95,6.533,SP,1.0
2023,68341,안우진,키움,투수,True,150.667,24,2.38938,1.06,9,7,0,0,16,164,38,1,121,5,44,40,9.8,2.27,4.32,27.0,6.3,5.162,5.64,6.278,SP,1.0
2026,68341,안우진,키움,투수,False,78.0,17,3.692307692307692,1.27,2,6,0,0,4,95,27,2,72,6,34,32,10.96,3.12,3.52,28.2,8.0,0.873,1.96,4.588,SP,0.757
2020,50901,안인산,NC,내야수,False,1.0,1,0.0,0.0,0,0,0,0,0,0,0,0,0,0,0,0,0.0,0.0,99.99,0.0,0.0,0.04,0.04,1.0,RP,1.0
2021,50901,안인산,NC,내야수,False,6.667,7,5.4,1.5,0,0,0,0,0,9,7,3,3,0,5,4,12.15,9.45,1.29,26.5,20.6,-0.165,-0.04,0.952,RP,1.0
2010,72463,안지만,삼성,,False,92.0,67,2.73913,1.08,9,3,9,8,0,95,25,7,74,6,32,28,9.29,2.45,3.8,26.2,6.9,0.0,,1.373,RP,1.0
2011,72463,안지만,삼성,,False,86.0,47,2.82558,1.09,11,5,0,17,2,77,20,4,74,3,30,27,8.06,2.09,3.85,21.9,5.7,0.0,,1.83,SU,1.0
2012,72463,안지만,삼성,,False,63.333,56,1.70526,0.98,1,2,0,28,0,58,20,0,42,1,12,12,8.24,2.84,2.9,23.6,8.1,0.0,,1.131,SU,1.0
2013,72463,안지만,삼성,,False,63.667,54,3.10995,1.08,6,2,0,22,0,60,23,3,46,3,23,22,8.48,3.25,2.61,23.6,9.1,0.0,,1.179,SU,1.0
2014,72463,안지만,삼성,,False,62.333,55,3.75401,1.3,6,3,1,27,0,67,30,4,51,5,27,26,9.67,4.33,2.23,25.5,11.4,1.34,1.09,1.133,SU,1.0
2015,72463,안지만,삼성,,False,78.333,66,3.33191,1.3,4,3,0,37,0,96,26,2,76,8,29,29,11.03,2.99,3.69,29.7,8.0,2.205,2.21,1.187,SU,1.0
2016,72463,안지만,삼성,,False,37.333,31,5.78571,1.58,2,5,5,5,0,41,15,4,44,9,26,24,9.88,3.62,2.73,23.7,8.7,-1.109,-0.23,1.204,RP,1.0
2015,64041,안현준,KT,,False,16.0,13,5.0625,2.19,0,0,0,0,0,25,12,1,23,1,13,9,14.06,6.75,2.08,29.8,14.3,-0.072,0.07,1.231,RP,1.0
2016,64041,안현준,KT,,False,12.0,11,6.0,1.67,0,0,0,0,0,12,9,2,11,2,8,8,9.0,6.75,1.33,21.1,15.8,-0.02,-0.01,1.091,RP,1.0
2020,64041,안현준,KT,,False,0.333,1,108.0,12.0,0,0,0,0,0,0,2,0,2,0,4,4,0.0,54.0,0.0,0.0,40.0,-0.002,-0.13,0.333,RP,1.0
2024,54664,알드레드,KIA,,False,43.667,9,4.53435,1.26,3,2,0,0,3,52,17,2,38,4,24,22,10.72,3.5,3.06,28.3,9.2,0.392,0.84,4.852,SP,1.0
2019,69045,알칸타라,KT,투수,True,172.667,27,4.01351,1.25,11,11,0,0,18,100,27,8,189,15,80,77,5.21,1.41,3.7,13.8,3.7,2.735,3.5,6.395,SP,1.0
2020,69045,알칸타라,두산,투수,True,198.667,31,2.53691,1.03,20,2,0,0,27,182,30,9,174,12,58,56,8.24,1.36,6.07,22.9,3.8,6.486,6.52,6.409,SP,1.0
2023,69045,알칸타라,두산,투수,True,192.0,31,2.67188,1.07,13,9,0,0,22,162,35,5,171,16,67,57,7.59,1.64,4.63,20.8,4.5,4.822,4.9399999999999995,6.194,SP,1.0
2024,69045,알칸타라,두산,투수,False,64.333,12,4.75648,1.24,2,2,0,0,5,34,22,2,58,10,35,34,4.76,3.08,1.55,12.6,8.1,0.789,0.56,5.361,SP,1.0
2025,69045,알칸타라,키움,투수,False,121.0,19,3.2727272727272725,1.12,8,4,0,0,14,92,10,4,125,11,50,44,6.84,0.74,9.2,18.7,2.0,2.604,2.79,6.368,SP,1.0
2026,69045,알칸타라,키움,투수,True,117.0,19,3.846153846153846,1.11,8,7,0,0,10,103,14,5,116,17,51,50,7.92,1.08,7.36,21.5,2.9,1.6840000000000002,2.36,6.158,SP,0.757
2017,67559,애디튼,롯데,,False,70.0,15,5.91429,1.5699999999999998,2,7,0,0,2,60,25,5,85,7,54,46,7.71,3.21,2.4,18.5,7.7,-0.14,0.7,4.667,SP,1.0
2022,52308,애플러,키움,투수,False,140.333,33,4.29691,1.51,6,8,0,0,8,86,40,6,172,13,69,67,5.52,2.57,2.15,13.8,6.4,1.821,1.61,4.253,SP,1.0
2023,53664,앤더슨,KIA,투수,False,79.0,14,3.75949,1.29,4,7,0,0,8,64,26,2,76,6,42,33,7.29,2.96,2.46,19.0,7.7,0.942,1.02,5.643,SP,1.0
2024,54833,앤더슨,SSG,투수,False,115.667,24,3.89049,1.31,11,3,0,0,9,158,53,8,98,11,55,50,12.29,4.12,2.98,31.9,10.7,2.174,2.83,4.819,SP,1.0
2025,54833,앤더슨,SSG,투수,True,171.667,30,2.254368932038835,1.0,12,7,0,0,17,245,51,9,121,13,53,43,12.84,2.67,4.8,35.3,7.3,4.681,6.14,5.722,SP,1.0
2012,62644,앤서니,KIA,,True,171.667,32,3.82718,1.4,11,13,1,0,14,94,67,7,174,15,84,73,4.93,3.51,1.4,12.6,9.0,0.0,,5.365,SP,1.0
2013,62644,앤서니,KIA,,False,36.0,30,4.5,1.58,0,3,20,0,0,25,15,3,42,1,18,18,6.25,3.75,1.67,15.7,9.4,0.0,,1.2,CL,1.0
2014,64737,앨버스,한화,,True,151.333,28,5.88767,1.59,6,13,0,0,10,107,40,4,200,18,108,99,6.36,2.38,2.67,15.9,5.9,-3.18,3.18,5.405,SP,1.0
2020,50813,양선률,SK,투수,False,1.0,1,9.0,3.0,0,0,0,0,0,0,2,0,1,1,1,1,0.0,18.0,0.0,0.0,40.0,-0.017,-0.05,1.0,RP,1.0
2021,50813,양선률,SSG,투수,False,1.0,1,27.0,6.0,0,1,0,0,0,1,3,1,3,0,3,3,9.0,27.0,0.33,10.0,30.0,-0.245,-0.13,1.0,RP,1.0
2010,76759,양승진,한화,,False,45.333,17,8.93382,2.05,1,5,0,0,2,37,33,4,60,10,49,45,7.35,6.55,1.12,15.9,14.2,0.0,,2.667,SP,1.0
2011,76759,양승진,LG,,False,2.333,5,3.85714,3.0,0,0,0,0,0,3,5,0,2,0,1,1,11.57,19.29,0.6,21.4,35.7,0.0,,0.467,RP,1.0
2012,76759,양승진,LG,,False,0.667,1,40.5,7.5,0,0,0,0,0,0,2,0,3,0,3,3,0.0,27.0,0.0,0.0,28.6,0.0,,0.667,RP,1.0
2019,69646,양승철,KIA,,False,16.333,11,12.1224,2.33,1,1,0,0,0,11,15,0,23,3,22,22,6.06,8.27,0.73,12.9,17.6,-0.287,-0.66,1.485,RP,1.0
2020,69646,양승철,KIA,,False,28.667,15,7.84884,2.27,0,0,0,0,0,13,24,3,41,4,26,25,4.08,7.53,0.54,9.0,16.7,0.095,-0.53,1.911,RP,1.0
2026,56165,양우진,LG,투수,False,0.667,1,27.0,6.0,0,0,0,0,0,0,1,0,3,1,3,2,0.0,13.5,0.0,0.0,14.3,-0.001,-0.08,0.667,RP,0.757
2025,55215,양재훈,두산,투수,False,23.333,19,4.242857142857143,1.16,0,0,1,0,0,19,8,0,19,3,11,11,7.33,3.09,2.38,20.4,8.6,0.181,0.13,1.228,RP,1.0
2026,55215,양재훈,두산,투수,False,24.333,26,5.917808219178082,1.6800000000000002,2,3,0,2,0,31,14,4,27,3,18,16,11.47,5.18,2.21,26.7,12.1,-0.757,-0.07,0.936,RP,0.757
2019,67365,양지율,키움,,False,5.333,4,15.1875,2.44,0,0,0,0,0,3,1,0,12,0,10,9,5.06,1.69,3.0,10.0,3.3,0.004,-0.3,1.333,RP,1.0
2020,67365,양지율,키움,,False,23.333,24,3.85714,1.46,0,1,0,1,0,12,10,1,24,3,10,10,4.63,3.86,1.2,12.1,10.1,0.287,0.2,0.972,RP,1.0
2023,67365,양지율,키움,,False,0.667,1,13.5,6.0,0,0,0,0,0,2,3,0,1,0,1,1,27.0,40.5,0.67,33.3,50.0,-0.043,-0.03,0.667,RP,1.0
2024,67365,양지율,키움,,False,18.667,21,6.26786,1.55,0,2,0,3,0,7,13,2,16,1,13,13,3.38,6.27,0.54,8.4,15.7,-0.328,-0.08,0.889,RP,1.0
2025,67365,양지율,키움,,False,14.0,18,8.357142857142858,1.79,0,2,0,1,0,10,7,3,18,3,13,13,6.43,4.5,1.43,14.5,10.1,-0.879,-0.42,0.778,RP,1.0
2018,68415,양창섭,삼성,투수,False,87.333,19,5.04962,1.53,7,6,0,0,6,49,34,10,100,12,52,49,5.05,3.5,1.44,12.3,8.5,0.312,1.28,4.596,SP,1.0
2020,68415,양창섭,삼성,투수,False,6.667,7,2.7,1.35,0,0,0,0,0,4,3,0,6,1,2,2,5.4,4.05,1.33,13.8,10.3,0.253,0.15,0.952,RP,1.0
2021,68415,양창섭,삼성,투수,False,15.0,9,6.6,1.93,1,1,0,1,0,13,8,0,21,3,11,11,7.8,4.8,1.63,17.8,11.0,-0.225,-0.16,1.667,RP,1.0
2022,68415,양창섭,삼성,투수,False,20.333,6,8.40984,1.77,2,3,0,0,2,10,12,1,24,3,19,19,4.43,5.31,0.83,10.4,12.5,-0.438,-0.39,3.389,SP,1.0
2023,68415,양창섭,삼성,투수,False,28.667,15,9.10465,2.13,0,3,0,2,0,12,16,1,45,7,29,29,3.77,5.02,0.75,8.5,11.3,-0.716,-0.71,1.911,RP,1.0
2025,68415,양창섭,삼성,투수,False,63.0,33,3.4285714285714284,1.37,3,3,0,2,0,45,19,9,67,3,29,24,6.43,2.71,2.37,16.3,6.9,0.364,0.93,1.909,RP,1.0
2026,68415,양창섭,삼성,투수,False,83.333,19,4.32,1.42,8,2,0,0,4,65,27,6,91,8,42,40,7.02,2.92,2.41,17.8,7.4,0.908,1.43,4.386,SP,0.757
2011,61268,양현,두산,투수,False,5.0,3,5.4,2.2,0,1,0,0,0,2,3,0,8,1,3,3,3.6,5.4,0.67,8.0,12.0,0.0,,1.667,RP,1.0
2015,61268,양현,두산,투수,False,10.333,13,5.22581,1.84,0,0,0,0,0,7,0,3,19,2,7,6,6.1,0.0,99.99,14.0,0.0,-0.004,-0.05,0.795,RP,1.0
2018,61268,양현,넥센,투수,False,32.667,33,3.58163,1.35,1,1,0,5,0,20,13,1,31,4,13,13,5.51,3.58,1.54,15.2,9.8,-0.581,0.55,0.99,RP,1.0
2019,61268,양현,키움,투수,False,40.667,29,1.9918,1.03,1,0,0,1,0,25,11,1,31,1,10,9,5.53,2.43,2.27,15.7,6.9,0.719,0.97,1.402,RP,1.0
2020,61268,양현,키움,투수,False,60.0,58,3.3,1.25,8,3,2,11,0,33,17,3,58,4,23,22,4.95,2.55,1.94,13.5,6.9,0.328,1.23,1.034,RP,1.0
2021,61268,양현,키움,투수,False,48.0,45,4.6875,1.77,1,2,0,5,0,22,26,1,59,3,31,25,4.13,4.88,0.85,9.8,11.6,-0.13,-0.1,1.067,RP,1.0
2022,61268,양현,키움,투수,False,36.667,25,5.15455,1.53,3,2,2,5,0,14,17,1,39,4,23,21,3.44,4.17,0.82,8.4,10.2,0.081,-0.24,1.467,RP,1.0
2023,61268,양현,키움,투수,False,57.0,54,5.05263,1.82,0,5,0,8,0,16,21,0,83,5,38,32,2.53,3.32,0.76,6.1,8.0,-0.863,-0.46,1.056,RP,1.0
2024,61268,양현,삼성,투수,False,13.0,18,7.61538,2.0,0,1,0,2,0,10,5,1,21,4,11,11,6.92,3.46,2.0,15.6,7.8,-0.178,-0.19,0.722,RP,1.0
2025,61268,양현,삼성,투수,False,3.333,4,0.0,1.5,0,0,0,0,0,1,3,0,2,0,0,0,2.7,8.1,0.33,6.7,20.0,-0.101,0.1,0.833,RP,1.0
2026,61268,양현,삼성,투수,False,0.333,1,0.0,0.0,0,0,0,0,0,0,0,0,0,0,0,0,0.0,0.0,99.99,0.0,0.0,0.015,0.01,0.333,RP,0.757
2010,77637,양현종,KIA,투수,True,169.333,30,4.25197,1.58,16,8,0,0,14,145,98,6,169,9,84,80,7.71,5.21,1.48,19.4,13.1,0.0,,5.644,SP,1.0
2011,77637,양현종,KIA,투수,False,106.333,28,6.17868,1.74,7,9,0,0,7,74,69,4,116,9,74,73,6.26,5.84,1.07,15.0,14.0,0.0,,3.798,SP,1.0
2012,77637,양현종,KIA,투수,False,41.0,28,5.04878,2.0,1,2,0,2,0,26,31,4,51,3,25,23,5.71,6.8,0.84,12.9,15.4,0.0,,1.464,RP,1.0
2013,77637,양현종,KIA,투수,False,104.667,19,3.09554,1.36,9,3,0,0,9,95,43,6,99,10,38,36,8.17,3.7,2.21,21.4,9.7,0.0,,5.509,SP,1.0
2014,77637,양현종,KIA,투수,True,171.333,29,4.25486,1.39,16,8,0,0,17,165,77,4,162,12,85,81,8.67,4.04,2.14,22.5,10.5,2.561,4.62,5.908,SP,1.0
2015,77637,양현종,KIA,투수,True,184.333,32,2.44123,1.24,15,6,0,1,19,157,78,7,150,18,52,50,7.67,3.81,2.01,20.8,10.3,4.764,6.46,5.76,SP,1.0
2016,77637,양현종,KIA,투수,True,200.333,31,3.68386,1.34,10,12,0,0,22,146,77,2,191,19,96,82,6.5600000000000005,3.46,1.9,17.2,9.1,0.83,5.0,6.462,SP,1.0
2017,77637,양현종,KIA,투수,True,193.333,31,3.44483,1.31,20,6,0,0,20,158,45,0,209,17,88,74,7.36,2.09,3.51,19.6,5.6,4.008,5.2,6.237,SP,1.0
2018,77637,양현종,KIA,투수,True,184.333,29,4.15009,1.31,13,11,0,0,17,152,43,2,199,21,88,85,7.42,2.1,3.53,19.7,5.6,1.054,4.47,6.356,SP,1.0
2019,77637,양현종,KIA,투수,True,184.667,29,2.29061,1.07,16,8,0,0,22,163,33,2,165,6,56,47,7.94,1.61,4.9399999999999995,22.3,4.5,5.955,6.57,6.368,SP,1.0
2020,77637,양현종,KIA,투수,True,172.333,31,4.70019,1.42,11,10,0,0,15,149,64,5,180,13,99,90,7.78,3.34,2.33,20.0,8.6,1.288,2.61,5.559,SP,1.0
2022,77637,양현종,KIA,투수,True,175.333,30,3.84981,1.25,12,7,0,0,16,141,50,3,170,14,86,75,7.24,2.57,2.82,19.0,6.7,2.106,2.6,5.844,SP,1.0
2023,77637,양현종,KIA,투수,True,171.0,29,3.57895,1.34,9,11,0,0,14,133,48,1,181,13,78,68,7.0,2.53,2.77,18.2,6.6,2.025,3.15,5.897,SP,1.0
2024,77637,양현종,KIA,투수,True,171.333,29,4.09728,1.25,11,5,0,0,15,129,41,6,174,21,86,78,6.78,2.15,3.15,17.7,5.6,2.116,3.11,5.908,SP,1.0
2025,77637,양현종,KIA,투수,True,153.0,30,5.058823529411765,1.49,7,9,0,0,11,109,57,4,171,12,101,86,6.41,3.35,1.91,16.1,8.4,-0.293,0.74,5.1,SP,1.0
2026,77637,양현종,KIA,투수,False,95.667,20,4.327526132404182,1.47,8,6,0,0,2,63,50,2,91,12,52,46,5.93,4.7,1.26,14.8,11.7,0.913,0.82,4.783,SP,0.757
2010,75750,양훈,한화,투수,False,46.0,46,6.45652,1.63,4,5,8,3,0,38,21,6,54,8,35,33,7.43,4.11,1.81,17.7,9.8,0.0,,1.0,RP,1.0
2011,75750,양훈,한화,투수,True,143.0,27,4.27972,1.43,6,10,0,0,11,110,60,5,145,15,75,68,6.92,3.78,1.83,17.6,9.6,0.0,,5.296,SP,1.0
2012,75750,양훈,한화,투수,False,93.333,25,5.30357,1.49,4,7,0,1,7,44,44,1,95,7,58,55,4.24,4.24,1.0,10.9,10.9,0.0,,3.733,SP,1.0
2015,75750,양훈,넥센,투수,False,38.333,16,1.4087,1.23,2,1,0,0,1,15,14,0,33,1,9,6,3.52,3.29,1.07,9.8,9.2,0.881,1.22,2.396,SP,1.0
2016,75750,양훈,넥센,투수,False,70.667,20,8.2783,2.07,1,6,0,0,2,24,27,1,119,10,71,65,3.06,3.44,0.89,6.9,7.8,-2.124,-0.27,3.533,SP,1.0
2017,75750,양훈,넥센,투수,False,16.333,7,7.16327,1.78,2,1,0,1,0,5,5,2,24,1,13,13,2.76,2.76,1.0,6.6,6.6,-0.006,0.05,2.333,RP,1.0
2014,64641,어센시오,KIA,,False,46.667,46,4.05,1.35,4,1,20,0,0,56,14,2,49,5,24,21,10.8,2.7,4.0,27.1,6.8,0.013,1.18,1.014,CL,1.0
2015,65036,어윈,KT,,False,56.0,12,8.67857,1.98,1,7,0,0,2,41,21,2,90,10,57,54,6.59,3.38,1.95,15.1,7.7,-1.736,0.12,4.667,SP,1.0
2015,65056,엄상백,KT,투수,False,100.0,28,6.66,1.77,5,6,0,0,3,78,50,10,127,15,77,74,7.02,4.5,1.56,16.8,10.8,-1.83,1.15,3.571,SP,1.0
2016,65056,엄상백,KT,투수,False,73.333,52,6.75,1.81,1,5,1,8,0,57,40,4,93,8,61,55,7.0,4.91,1.43,16.5,11.6,-0.921,0.08,1.41,RP,1.0
2017,65056,엄상백,KT,투수,False,52.0,52,4.15385,1.35,1,3,0,8,0,39,22,4,48,3,28,24,6.75,3.81,1.77,17.0,9.6,0.587,0.83,1.0,RP,1.0
2018,65056,엄상백,KT,투수,False,46.333,55,5.43885,1.47,1,8,2,12,0,44,17,8,51,4,33,28,8.55,3.3,2.59,20.9,8.1,-0.408,0.52,0.842,RP,1.0
2019,65056,엄상백,KT,투수,False,31.333,26,8.04255,2.04,2,3,0,0,0,20,24,0,40,6,29,28,5.74,6.89,0.83,13.0,15.6,-1.316,-0.81,1.205,RP,1.0
2021,65056,엄상백,KT,투수,False,52.667,10,4.10127,1.31,4,1,0,0,3,45,28,3,41,7,24,24,7.69,4.78,1.61,19.7,12.3,0.745,0.89,5.267,SP,1.0
2022,65056,엄상백,KT,투수,False,140.333,33,2.95012,1.22,11,2,0,0,10,139,46,4,125,14,52,46,8.91,2.95,3.02,23.9,7.9,3.234,3.07,4.253,SP,1.0
2023,65056,엄상백,KT,투수,False,111.667,20,3.62687,1.16,7,6,0,0,9,89,29,2,100,6,46,45,7.17,2.34,3.07,19.6,6.4,2.206,2.61,5.583,SP,1.0
2024,65056,엄상백,KT,투수,True,156.667,29,4.88298,1.31,13,10,0,0,9,159,42,7,164,26,88,85,9.13,2.41,3.79,23.6,6.2,1.03,2.34,5.402,SP,1.0
2025,65056,엄상백,한화,투수,False,80.667,28,6.582644628099174,1.79,2,7,0,1,2,74,38,8,106,13,60,59,8.26,4.24,1.95,19.5,10.0,-0.574,-0.39,2.881,SP,1.0
2026,65056,엄상백,한화,투수,False,0.333,1,27.0,6.0,0,0,0,0,0,0,0,1,2,0,1,1,0.0,0.0,99.99,0.0,0.0,-0.13,-0.04,0.333,RP,0.757
2010,70855,엄정욱,SK,,False,66.0,34,6.27273,1.55,4,3,0,0,0,67,40,3,62,6,46,46,9.14,5.45,1.6800000000000002,22.7,13.6,0.0,,1.941,RP,1.0
2011,70855,엄정욱,SK,,False,50.667,20,2.13158,1.03,3,2,6,0,2,64,19,1,33,4,12,12,11.37,3.38,3.37,32.2,9.5,0.0,,2.533,CL,1.0
2012,70855,엄정욱,SK,,False,56.333,49,3.19527,1.24,4,5,3,12,0,44,24,4,46,5,21,20,7.03,3.83,1.83,19.0,10.3,0.0,,1.15,RP,1.0
2014,70855,엄정욱,SK,,False,3.0,5,9.0,2.67,0,1,0,0,0,3,4,0,4,1,3,3,9.0,12.0,0.75,17.6,23.5,-0.627,-0.08,0.6,RP,1.0
2024,54119,에르난데스,LG,투수,False,47.0,11,4.02128,1.21,3,2,1,1,2,55,16,2,41,5,21,21,10.53,3.06,3.44,28.2,8.2,0.763,1.18,4.273,SP,1.0
2025,54119,에르난데스,LG,투수,False,66.0,14,4.2272727272727275,1.17,4,4,0,0,7,73,24,5,53,7,32,31,9.95,3.27,3.04,26.4,8.7,0.937,1.04,4.714,SP,1.0
2026,56712,에르난데스,한화,,False,71.333,16,4.920560747663552,1.47,3,6,0,0,5,47,27,3,78,8,42,39,5.93,3.41,1.74,15.3,8.8,0.599,0.67,4.458,SP,0.757
2015,65630,에반,KIA,,False,26.333,16,4.44304,1.63,4,0,0,4,1,25,13,1,30,0,15,13,8.54,4.44,1.92,21.7,11.3,-0.139,0.44,1.646,SU,1.0
2024,54134,엔스,LG,투수,True,167.667,30,4.18688,1.31,13,6,0,0,13,157,50,6,169,16,84,78,8.43,2.68,3.14,22.0,7.0,1.363,3.35,5.589,SP,1.0
2023,53825,엘리아스,SSG,투수,False,131.333,22,3.70051,1.32,8,6,0,0,12,93,33,6,140,12,58,54,6.37,2.26,2.82,17.0,6.0,3.289,2.26,5.97,SP,1.0
2024,53825,엘리아스,SSG,투수,False,123.667,22,4.07547,1.26,7,7,0,0,10,104,30,6,126,13,59,56,7.57,2.18,3.47,19.8,5.7,2.346,2.69,5.621,SP,1.0
2013,79825,여건욱,SK,,False,25.0,10,8.64,2.0,1,3,0,0,1,12,21,2,29,5,24,24,4.32,7.56,0.57,9.7,16.9,0.0,,2.5,SP,1.0
2014,79825,여건욱,SK,,False,69.667,28,6.20096,1.56,3,3,0,0,3,50,28,0,81,16,50,48,6.46,3.62,1.79,16.1,9.0,-1.956,-0.24,2.488,SP,1.0
2017,79825,여건욱,LG,,False,3.333,3,0.0,2.1,0,0,0,1,0,3,3,0,4,0,0,0,8.1,8.1,1.0,17.6,17.6,-0.022,0.15,1.111,SU,1.0
2018,79825,여건욱,LG,,False,22.667,18,4.76471,1.54,0,0,0,0,0,15,8,4,27,1,13,12,5.96,3.18,1.88,14.6,7.8,-0.073,-0.01,1.259,RP,1.0
2019,79825,여건욱,LG,,False,29.667,25,3.94382,1.45,0,0,0,0,0,24,8,1,35,2,14,13,7.28,2.43,3.0,18.5,6.2,-0.165,0.01,1.187,RP,1.0
2020,79825,여건욱,LG,,False,27.667,25,7.15663,1.45,1,3,1,2,0,18,4,3,36,8,24,22,5.86,1.3,4.5,14.5,3.2,-0.826,-0.7,1.107,RP,1.0
2017,67748,오간도,한화,,False,110.0,19,3.92727,1.32,10,5,0,0,10,74,30,11,115,8,53,48,6.05,2.45,2.47,15.6,6.3,0.436,2.55,5.789,SP,1.0
2011,61726,오넬리,한화,,False,29.333,27,5.82955,1.4,4,1,6,1,0,24,12,2,29,4,19,19,7.36,3.68,2.0,18.5,9.2,0.0,,1.086,RP,1.0
2026,56464,오러클린,삼성,,False,83.333,17,4.86,1.39,5,5,0,0,7,81,38,10,78,7,48,45,8.75,4.1,2.13,22.1,10.4,-0.033,1.1,4.902,SP,0.757
2010,97815,오상민,LG,,False,47.0,65,4.40426,1.3,1,1,0,15,0,28,9,3,52,9,23,23,5.36,1.72,3.11,13.9,4.5,0.0,,0.723,RP,1.0
2011,97815,오상민,LG,,False,5.0,11,1.8,1.0,0,0,0,1,0,3,1,0,4,0,1,1,5.4,1.8,3.0,15.0,5.0,0.0,,0.455,RP,1.0
2023,53300,오상원,키움,,False,15.0,11,6.6,1.8,0,0,0,0,0,7,9,3,18,0,11,11,4.2,5.4,0.78,9.5,12.2,-0.298,-0.12,1.364,RP,1.0
2019,67116,오석주,LG,투수,False,5.0,3,5.4,1.8,0,0,0,0,0,4,3,0,6,2,3,3,7.2,5.4,1.33,16.7,12.5,0.004,-0.1,1.667,RP,1.0
2021,67116,오석주,LG,투수,False,8.333,9,6.48,1.8,0,0,0,0,0,7,6,0,9,0,6,6,7.56,6.48,1.17,18.4,15.8,-0.051,-0.03,0.926,RP,1.0
2022,67116,오석주,LG,투수,False,3.667,4,2.45455,1.09,0,0,0,0,0,2,0,0,4,1,1,1,4.91,0.0,99.99,13.3,0.0,-0.122,0.03,0.917,RP,1.0
2023,67116,오석주,LG,투수,False,10.0,9,6.3,1.5,0,0,0,0,0,11,3,0,12,2,7,7,9.9,2.7,3.67,25.0,6.8,-0.091,-0.08,1.111,RP,1.0
2024,67116,오석주,키움,투수,False,17.0,17,11.1176,2.29,1,1,0,0,0,16,11,3,28,0,21,21,8.47,5.82,1.45,17.4,12.0,-0.81,-0.31,1.0,RP,1.0
2025,67116,오석주,키움,투수,False,58.333,53,3.7028571428571433,1.39,2,1,0,7,0,44,29,7,52,4,24,24,6.79,4.47,1.52,17.5,11.5,0.261,0.63,1.101,RP,1.0
2026,67116,오석주,키움,투수,False,24.667,14,5.472972972972974,1.86,0,1,0,0,0,19,19,3,27,0,16,15,6.93,6.93,1.0,15.3,15.3,0.319,0.1,1.762,RP,0.757
2017,67312,오설리반,넥센,,False,8.0,3,15.75,2.38,0,2,0,0,0,6,2,1,17,2,14,14,6.75,2.25,3.0,14.0,4.7,-1.009,-0.31,2.667,RP,1.0
2011,75347,오성민,SK,,False,4.0,3,0.0,1.25,0,0,0,0,0,3,3,0,2,0,0,0,6.75,6.75,1.0,18.8,18.8,0.0,,1.333,RP,1.0
2010,75421,오승환,삼성,,False,14.0,16,4.5,1.29,0,0,4,0,0,19,5,0,13,4,7,7,12.21,3.21,3.8,31.7,8.3,0.0,,0.875,RP,1.0
2011,75421,오승환,삼성,,False,57.0,54,0.631579,0.67,1,0,47,0,0,76,11,0,27,2,4,4,12.0,1.74,6.91,37.3,5.4,0.0,,1.056,CL,1.0
2012,75421,오승환,삼성,,False,55.667,50,1.94012,0.83,2,1,37,0,0,81,13,3,33,1,12,12,13.1,2.1,6.23,37.7,6.0,0.0,,1.113,CL,1.0
2013,75421,오승환,삼성,,False,51.667,48,1.74194,0.83,4,1,28,0,0,54,10,2,33,4,13,10,9.41,1.74,5.4,27.6,5.1,0.0,,1.076,CL,1.0
2020,75421,오승환,삼성,,False,47.667,45,2.64336,1.24,3,2,18,2,0,39,15,2,44,2,14,14,7.36,2.83,2.6,19.4,7.5,2.736,2.3,1.059,CL,1.0
2021,75421,오승환,삼성,,False,62.0,64,2.03226,1.16,0,2,44,0,0,57,16,2,56,3,17,14,8.27,2.32,3.56,22.6,6.3,5.431,2.62,0.969,CL,1.0
2022,75421,오승환,삼성,,False,57.0,57,3.31579,1.26,6,2,31,2,0,51,13,1,59,8,23,21,8.05,2.05,3.92,21.3,5.4,2.038,1.11,1.0,CL,1.0
2023,75421,오승환,삼성,,False,62.667,58,3.44681,1.15,4,5,30,2,0,44,15,2,57,9,26,24,6.32,2.15,2.93,16.7,5.7,1.791,0.95,1.08,CL,1.0
2024,75421,오승환,삼성,,False,55.0,58,4.90909,1.69,3,9,27,2,0,42,18,3,75,9,36,30,6.87,2.95,2.33,16.0,6.9,-1.222,0.27,0.948,CL,1.0
2025,75421,오승환,삼성,,False,9.0,12,8.0,2.0,0,0,0,0,0,7,3,0,15,1,8,8,7.0,3.0,2.33,15.6,6.7,-0.088,-0.1,0.75,RP,1.0
2020,50859,오원석,SK,투수,False,9.667,8,5.58621,1.86,0,1,0,0,0,9,6,1,12,1,10,6,8.38,5.59,1.5,18.0,12.0,-0.133,-0.12,1.208,RP,1.0
2021,50859,오원석,SSG,투수,False,110.0,33,5.89091,1.8,7,6,0,2,5,95,73,10,125,11,84,72,7.77,5.97,1.3,17.9,13.8,-1.381,-0.2,3.333,SP,1.0
2022,50859,오원석,SSG,투수,True,144.0,31,4.5,1.5,6,8,0,0,11,112,58,3,158,16,79,72,7.0,3.63,1.93,17.7,9.2,0.747,1.05,4.645,SP,1.0
2023,50859,오원석,SSG,투수,True,144.667,28,5.22581,1.5699999999999998,8,10,0,0,7,88,69,9,158,11,92,84,5.47,4.29,1.28,13.6,10.6,1.025,0.33,5.167,SP,1.0
2024,50859,오원석,SSG,투수,False,121.667,29,5.03014,1.54,6,9,0,1,2,112,65,13,122,17,72,68,8.28,4.8100000000000005,1.72,20.4,11.8,0.537,1.13,4.195,SP,1.0
2025,50859,오원석,KT,투수,False,132.333,25,3.672544080604534,1.38,11,8,0,0,12,113,52,4,130,10,60,54,7.69,3.54,2.17,20.0,9.2,1.96,2.52,5.293,SP,1.0
2026,50859,오원석,KT,투수,False,86.333,18,6.254826254826255,1.55,5,7,0,0,5,84,29,3,105,9,63,60,8.76,3.02,2.9,21.8,7.5,0.468,0.47,4.796,SP,0.757
2021,64504,오윤석,KT,내야수,False,0.667,1,0.0,0.0,0,0,0,0,0,0,0,0,0,0,0,0,0.0,0.0,99.99,0.0,0.0,0.01,0.0,0.667,RP,1.0
2017,67360,오윤성,넥센,,False,7.667,6,11.7391,2.35,0,1,0,0,0,4,9,1,9,0,10,10,4.7,10.57,0.44,9.5,21.4,-0.371,-0.17,1.278,RP,1.0
2015,79544,오장훈,두산,,False,1.0,1,0.0,2.0,0,0,0,0,0,2,1,0,1,0,0,0,18.0,9.0,2.0,40.0,20.0,0.003,0.0,1.0,RP,1.0
2010,74359,오주원,넥센,,False,45.333,69,2.38235,1.19,1,1,0,9,0,28,15,2,39,4,15,12,5.5600000000000005,2.98,1.87,15.0,8.0,0.0,,0.657,RP,1.0
2011,74359,오주원,넥센,,False,43.333,64,3.53077,1.29,2,2,1,20,0,29,18,1,38,4,19,17,6.02,3.74,1.61,16.3,10.1,0.0,,0.677,SU,1.0
2012,74359,오주원,넥센,,False,26.0,26,5.19231,1.5,1,3,1,4,0,18,13,1,26,6,15,15,6.23,4.5,1.38,15.9,11.5,0.0,,1.0,RP,1.0
2013,74359,오주원,넥센,,False,41.333,10,2.39516,1.11,4,0,0,1,1,31,18,1,28,1,13,11,6.75,3.92,1.72,18.3,10.7,0.0,,4.133,SP,1.0
2014,74359,오주원,넥센,,False,74.0,21,6.44595,1.78,5,6,0,0,1,31,33,3,99,14,59,53,3.77,4.01,0.94,9.1,9.7,-1.234,-0.14,3.524,SP,1.0
2015,74359,오주원,넥센,,False,18.333,9,9.32727,2.35,0,2,0,0,0,11,12,1,31,4,19,19,5.4,5.89,0.92,11.5,12.5,-1.034,-0.29,2.037,RP,1.0
2016,74359,오주원,넥센,,False,51.0,55,4.41176,1.31,3,2,2,7,0,40,17,4,50,3,25,25,7.06,3.0,2.35,18.2,7.7,0.693,0.78,0.927,RP,1.0
2017,74359,오주원,넥센,,False,73.667,57,4.76471,1.51,2,7,1,18,0,56,15,2,96,10,44,39,6.84,1.83,3.73,17.0,4.6,0.826,0.94,1.292,SU,1.0
2018,74359,오주원,넥센,,False,52.333,61,6.19108,1.41,3,6,1,15,0,36,13,1,61,8,37,36,6.19,2.24,2.77,15.9,5.8,-0.209,0.08,0.858,RP,1.0
2019,74359,오주원,키움,,False,54.333,57,2.31902,1.12,3,3,18,3,0,41,7,3,54,1,17,14,6.79,1.16,5.86,18.4,3.1,2.045,1.49,0.953,CL,1.0
2020,74359,오주원,키움,,False,18.333,25,5.4,1.2,3,1,0,2,0,13,0,0,22,6,12,11,6.38,0.0,99.99,16.7,0.0,-0.003,-0.15,0.733,RP,1.0
2021,74359,오주원,키움,,False,19.333,22,9.31034,2.02,1,1,1,0,0,11,4,0,35,3,20,20,5.12,1.86,2.75,11.7,4.3,-0.301,-0.4,0.879,RP,1.0
2012,77641,오준형,KIA,,False,2.0,1,0.0,0.5,0,0,0,0,0,0,0,0,1,0,0,0,0.0,0.0,99.99,0.0,0.0,0.0,,2.0,RP,1.0
2013,77641,오준형,KIA,,False,5.0,3,7.2,1.8,0,0,0,0,0,5,1,1,8,1,4,4,9.0,1.8,5.0,20.0,4.0,0.0,,1.667,RP,1.0
2010,60156,오카모토,LG,,False,48.0,46,3.0,1.35,5,3,16,1,0,40,29,4,36,6,17,16,7.5,5.44,1.38,19.5,14.1,0.0,,1.043,CL,1.0
2010,79293,오현택,두산,,False,15.333,12,6.45652,1.5699999999999998,1,0,0,0,0,11,6,0,18,2,12,11,6.46,3.52,1.83,15.9,8.7,0.0,,1.278,RP,1.0
2013,79293,오현택,두산,,False,73.333,67,2.7,1.15,5,3,5,7,0,65,19,8,65,6,23,22,7.98,2.33,3.42,21.5,6.3,0.0,,1.095,RP,1.0
2014,79293,오현택,두산,,False,66.667,58,3.65,1.49,4,3,0,4,0,56,18,5,81,6,28,27,7.56,2.43,3.11,18.7,6.0,-0.716,0.87,1.149,RP,1.0
2015,79293,오현택,두산,,False,56.0,61,5.30357,1.34,1,3,0,13,0,45,16,4,59,6,33,33,7.23,2.57,2.81,18.8,6.7,-0.448,0.26,0.918,RP,1.0
2016,79293,오현택,두산,,False,20.667,20,6.09677,1.55,1,0,0,4,0,17,3,2,29,3,14,14,7.4,1.31,5.67,18.7,3.3,0.333,-0.04,1.033,RP,1.0
2018,79293,오현택,롯데,,False,64.667,72,3.75773,1.21,3,2,0,25,0,63,12,3,66,11,32,27,8.77,1.67,5.25,23.5,4.5,0.813,1.19,0.898,SU,1.0
2019,79293,오현택,롯데,,False,12.667,15,4.97368,1.34,1,0,0,0,0,8,2,1,15,6,9,7,5.68,1.42,4.0,14.3,3.6,0.317,-0.35,0.844,RP,1.0
2020,79293,오현택,롯데,,False,36.0,48,3.75,1.25,3,1,0,7,0,17,8,2,37,5,15,15,4.25,2.0,2.13,11.2,5.3,0.159,0.6,0.75,RP,1.0
2021,79293,오현택,롯데,,False,16.333,20,6.61224,2.2,0,1,0,1,0,8,8,1,28,2,13,12,4.41,4.41,1.0,9.2,9.2,-0.596,-0.18,0.817,RP,1.0
2013,77199,옥스프링,롯데,,True,183.333,30,3.28909,1.27,13,7,0,0,22,144,69,11,164,10,79,67,7.07,3.39,2.09,18.6,8.9,0.0,,6.111,SP,1.0
2014,77199,옥스프링,롯데,,True,184.333,32,4.19892,1.34,10,8,0,0,16,130,63,5,184,20,93,86,6.35,3.08,2.06,16.6,8.1,-0.168,3.77,5.76,SP,1.0
2015,77199,옥스프링,KT,,True,185.0,31,4.47568,1.44,12,10,0,0,15,142,66,10,200,23,104,92,6.91,3.21,2.15,17.6,8.2,-0.942,4.59,5.968,SP,1.0
2025,55633,올러,KIA,투수,True,149.0,26,3.624161073825503,1.15,11,7,0,0,16,169,47,8,125,8,64,60,10.21,2.84,3.6,27.3,7.6,2.902,3.72,5.731,SP,1.0
2026,55633,올러,KIA,투수,True,122.667,21,3.154891304347826,1.08,11,8,0,0,13,128,41,6,92,11,47,43,9.39,3.01,3.12,25.7,8.2,2.748,3.22,5.841,SP,0.757
2013,63230,올슨,두산,,False,38.667,10,6.51724,1.76,1,1,0,0,1,35,27,5,41,2,30,28,8.15,6.28,1.3,19.4,15.0,0.0,,3.867,SP,1.0
2023,53927,와이드너,삼성,,False,115.0,21,4.53913,1.32,7,5,0,0,11,99,40,6,112,7,65,58,7.75,3.13,2.48,20.0,8.1,1.067,1.44,5.476,SP,1.0
2024,54755,와이스,한화,투수,False,91.667,16,3.73091,1.16,5,5,0,0,11,98,29,3,77,8,43,38,9.62,2.85,3.38,25.5,7.6,1.331,2.25,5.729,SP,1.0
2025,54755,와이스,한화,투수,True,178.667,30,2.871268656716418,1.02,16,5,0,0,21,207,56,13,127,13,63,57,10.43,2.82,3.7,28.6,7.7,4.598,5.27,5.956,SP,1.0
2026,56334,와일스,키움,,False,25.0,5,5.4,1.6,0,4,0,0,2,18,3,1,37,3,17,15,6.48,1.08,6.0,15.4,2.6,-0.11,0.16,5.0,SP,0.757
2010,75155,왈론드,두산,,False,129.0,29,4.95349,1.53,7,9,0,0,8,100,54,10,143,13,84,71,6.98,3.77,1.85,17.1,9.2,0.0,,4.448,SP,1.0
2026,56719,왕옌청,한화,투수,True,115.333,22,3.433526011560694,1.43,10,4,0,0,7,92,46,6,119,11,58,44,7.18,3.59,2.0,18.3,9.2,1.639,1.86,5.242,SP,0.757
2018,68948,왕웨이중,NC,투수,False,141.667,25,4.25647,1.48,7,10,0,0,13,108,40,2,169,16,83,67,6.86,2.54,2.7,17.6,6.5,1.954,2.06,5.667,SP,1.0
2019,69343,요키시,키움,,True,181.333,30,3.12684,1.13,13,9,0,0,19,141,39,11,166,9,72,63,7.0,1.94,3.62,18.9,5.2,3.191,4.63,6.044,SP,1.0
2020,69343,요키시,키움,,True,159.667,27,2.14196,1.06,12,7,0,0,20,115,25,6,144,6,53,38,6.48,1.41,4.6,18.0,3.9,4.9559999999999995,5.38,5.914,SP,1.0
2021,69343,요키시,키움,,True,181.333,31,2.92831,1.2,16,9,0,0,17,131,46,4,171,12,71,59,6.5,2.28,2.85,17.7,6.2,3.964,4.88,5.849,SP,1.0
2022,69343,요키시,키움,,True,185.333,30,2.57374,1.09,10,8,0,0,22,154,33,5,169,8,61,53,7.48,1.6,4.67,20.6,4.4,5.864,5.67,6.178,SP,1.0
2023,69343,요키시,키움,,False,65.667,12,4.38579,1.46,5,3,0,0,6,51,14,3,82,3,37,32,6.99,1.92,3.64,17.8,4.9,0.91,0.94,5.472,SP,1.0
2024,69343,요키시,NC,,False,39.333,8,5.72034,1.81,3,4,0,0,2,32,20,2,51,5,29,25,7.32,4.58,1.6,16.9,10.6,-0.061,0.12,4.917,SP,1.0
2023,51526,우강훈,롯데,투수,False,6.0,3,6.0,1.67,0,0,0,0,0,5,4,1,6,0,5,4,7.5,6.0,1.25,17.2,13.8,-0.096,-0.05,2.0,RP,1.0
2024,51526,우강훈,LG,투수,False,11.667,14,3.08571,1.63,1,0,0,0,0,10,8,6,11,0,6,4,7.71,6.17,1.25,17.5,14.0,-0.187,0.13,0.833,RP,1.0
2025,51526,우강훈,LG,투수,False,9.667,11,4.655172413793103,1.86,0,0,0,0,0,5,6,2,12,0,5,5,4.66,5.59,0.83,10.9,13.0,-0.039,0.02,0.879,RP,1.0
2026,51526,우강훈,LG,투수,False,43.667,52,4.534351145038168,1.37,0,1,0,18,0,42,17,4,43,3,26,22,8.66,3.5,2.47,21.6,8.8,-0.157,0.44,0.84,SU,0.757
2012,73117,우규민,LG,투수,False,92.667,58,3.30216,1.28,4,4,1,9,1,57,23,9,96,2,41,34,5.54,2.23,2.48,14.4,5.8,0.0,,1.598,SP,1.0
2013,73117,우규민,LG,투수,True,147.333,30,3.9095,1.31,10,8,0,2,9,92,31,12,162,5,67,64,5.62,1.89,2.97,14.5,4.9,0.0,,4.911,SP,1.0
2014,73117,우규민,LG,투수,True,153.667,29,4.04121,1.33,11,5,0,0,13,103,34,12,170,11,78,69,6.03,1.99,3.03,15.8,5.2,1.001,2.87,5.299,SP,1.0
2015,73117,우규민,LG,투수,True,152.667,25,3.41921,1.18,11,9,0,0,13,119,17,12,163,13,64,58,7.02,1.0,7.0,19.2,2.7,2.022,3.18,6.107,SP,1.0
2016,73117,우규민,LG,투수,False,132.0,28,4.90909,1.53,6,11,0,1,11,81,36,18,166,16,89,72,5.52,2.45,2.25,13.5,6.0,-1.901,0.52,4.714,SP,1.0
2017,73117,우규민,삼성,투수,False,133.0,27,5.21053,1.38,7,10,0,0,10,100,23,16,161,19,95,77,6.77,1.56,4.35,16.9,3.9,-0.502,1.31,4.926,SP,1.0
2018,73117,우규민,삼성,투수,False,58.667,48,4.29545,1.4,4,1,0,10,0,48,12,5,70,6,28,28,7.36,1.84,4.0,19.5,4.9,0.329,1.14,1.222,RP,1.0
2019,73117,우규민,삼성,투수,False,59.0,54,2.74576,1.15,2,7,15,7,0,40,10,6,58,7,20,18,6.1,1.53,4.0,16.2,4.0,2.161,1.47,1.093,RP,1.0
2020,73117,우규민,삼성,투수,False,48.0,52,6.1875,1.46,3,3,7,11,0,30,9,1,61,3,34,33,5.63,1.69,3.33,14.3,4.3,0.81,0.66,0.923,RP,1.0
2021,73117,우규민,삼성,투수,False,49.0,60,3.30612,1.37,3,3,2,24,0,35,9,2,58,5,22,18,6.43,1.65,3.89,16.4,4.2,0.029,0.82,0.817,SU,1.0
2022,73117,우규민,삼성,투수,False,47.0,60,3.25532,1.3,4,3,1,16,0,31,6,4,55,3,21,17,5.9399999999999995,1.15,5.17,15.4,3.0,0.971,0.95,0.783,SU,1.0
2023,73117,우규민,삼성,투수,False,43.0,56,4.81395,1.4,3,1,0,13,0,28,5,3,55,3,25,23,5.86,1.05,5.6,14.9,2.7,0.266,0.31,0.768,RP,1.0
2024,73117,우규민,KT,투수,False,43.333,45,2.49231,1.13,4,1,1,4,0,39,2,2,47,1,14,12,8.1,0.42,19.5,21.5,1.1,0.782,1.34,0.963,RP,1.0
2025,73117,우규민,KT,투수,False,44.333,53,2.43609022556391,1.08,1,2,0,9,0,24,3,4,45,2,12,12,4.87,0.61,8.0,13.0,1.6,0.133,1.24,0.836,RP,1.0
2026,73117,우규민,KT,투수,False,30.0,38,3.0,1.37,1,0,0,4,0,13,4,1,37,3,12,10,3.9,1.2,3.25,10.1,3.1,0.254,0.54,0.789,RP,0.757
2014,64824,울프,SK,,False,85.333,23,4.85156,1.35,2,2,4,0,3,41,27,6,88,10,48,46,4.32,2.85,1.52,11.3,7.4,-0.068,0.75,3.71,SP,1.0
2024,54063,원상현,KT,투수,False,65.333,22,7.02551,2.08,2,5,0,1,1,59,31,2,105,6,54,51,8.13,4.27,1.9,18.2,9.6,-1.17,-0.03,2.97,SP,1.0
2025,54063,원상현,KT,투수,False,57.0,52,5.2105263157894735,1.6,0,3,0,14,0,45,35,1,56,8,35,33,7.11,5.53,1.29,17.4,13.5,0.799,-0.19,1.096,SU,1.0
2010,76262,원용묵,두산,,False,7.333,9,4.90909,1.5,0,0,0,0,0,4,4,0,7,0,5,4,4.91,4.91,1.0,12.1,12.1,0.0,,0.815,RP,1.0
2013,76262,원용묵,두산,,False,1.0,1,9.0,3.0,0,0,0,0,0,0,2,0,1,0,1,1,0.0,18.0,0.0,0.0,33.3,0.0,,1.0,RP,1.0
2026,54906,원종해,NC,투수,False,26.0,16,5.192307692307692,1.58,0,1,0,1,0,14,12,5,29,2,17,15,4.85,4.15,1.17,11.4,9.8,-0.378,0.04,1.625,RP,0.757
2025,54702,원종혁,한화,투수,False,1.667,2,16.2,3.0,0,0,0,0,0,1,2,0,3,1,3,3,5.4,10.8,0.5,10.0,20.0,-0.015,-0.1,0.834,RP,1.0
2026,54702,원종혁,한화,투수,False,6.667,10,9.45,3.3,1,0,0,0,0,3,8,1,14,1,10,7,4.05,10.8,0.38,6.8,18.2,-0.071,-0.25,0.667,RP,0.757
2014,76118,원종현,NC,투수,False,71.0,73,4.05634,1.31,5,3,1,11,0,73,31,8,62,7,36,32,9.25,3.93,2.35,23.5,10.0,-0.009,0.44,0.973,RP,1.0
2016,76118,원종현,NC,투수,False,70.667,54,3.18396,0.98,3,3,3,17,0,75,18,3,51,4,26,25,9.55,2.29,4.17,26.5,6.4,1.734,1.62,1.309,SU,1.0
2017,76118,원종현,NC,투수,False,80.0,68,4.3875,1.31,3,6,0,22,0,69,19,7,86,4,44,39,7.76,2.14,3.63,19.9,5.5,1.75,0.91,1.176,SU,1.0
2018,76118,원종현,NC,투수,False,64.333,59,5.17617,1.55,3,6,2,17,0,36,22,2,78,7,38,37,5.04,3.08,1.64,13.1,8.0,0.044,0.15,1.09,SU,1.0
2019,76118,원종현,NC,투수,False,60.0,60,3.9,1.32,3,3,31,0,0,59,17,3,62,4,31,26,8.85,2.55,3.47,23.0,6.6,2.368,0.63,1.0,CL,1.0
2020,76118,원종현,NC,투수,False,57.0,58,4.26316,1.33,3,5,30,0,0,41,20,2,56,4,30,27,6.47,3.16,2.05,16.7,8.2,1.479,1.2,0.983,CL,1.0
2021,76118,원종현,NC,투수,False,53.0,61,4.24528,1.7,2,2,14,6,0,45,23,3,67,5,27,25,7.64,3.91,1.96,18.4,9.4,-0.283,0.61,0.869,RP,1.0
2022,76118,원종현,NC,투수,False,63.333,68,2.98421,1.14,5,0,1,13,0,50,17,1,55,5,22,21,7.11,2.42,2.94,19.2,6.5,1.15,1.43,0.931,RP,1.0
2023,76118,원종현,키움,투수,False,18.667,20,5.78571,1.55,1,1,0,6,0,17,5,1,24,3,16,12,8.2,2.41,3.4,19.5,5.7,0.065,-0.37,0.933,SU,1.0
2024,76118,원종현,키움,투수,False,3.667,4,4.90909,1.91,0,0,0,0,0,4,3,0,4,0,2,2,9.82,7.36,1.33,22.2,16.7,0.229,0.05,0.917,RP,1.0
2025,76118,원종현,키움,투수,False,54.333,61,6.128834355828221,1.58,2,4,5,11,0,40,18,3,68,5,42,37,6.63,2.98,2.22,16.1,7.3,0.323,-0.6,0.891,RP,1.0
2026,76118,원종현,키움,투수,False,41.667,43,3.456,1.3,1,3,7,7,0,30,12,1,42,0,19,16,6.48,2.59,2.5,16.9,6.7,1.576,1.01,0.969,RP,0.757
2019,69446,원태인,삼성,투수,False,112.0,26,4.82143,1.41,4,8,0,2,8,68,39,5,119,12,65,60,5.46,3.13,1.74,13.8,7.9,-0.104,1.41,4.308,SP,1.0
2020,69446,원태인,삼성,투수,False,140.0,27,4.88571,1.56,6,10,0,0,11,78,56,5,162,19,84,76,5.01,3.6,1.39,12.5,8.9,0.453,2.15,5.185,SP,1.0
2021,69446,원태인,삼성,투수,True,158.667,26,3.06303,1.25,14,7,0,0,16,129,51,5,147,11,59,54,7.32,2.89,2.53,19.7,7.8,4.383,4.5,6.103,SP,1.0
2022,69446,원태인,삼성,투수,True,165.333,27,3.91935,1.29,10,8,0,0,11,130,38,4,175,16,75,72,7.08,2.07,3.42,18.6,5.4,2.262,3.0,6.123,SP,1.0
2023,69446,원태인,삼성,투수,True,150.0,26,3.24,1.27,7,7,0,0,17,102,34,6,157,15,61,54,6.12,2.04,3.0,16.1,5.4,2.639,3.1,5.769,SP,1.0
2024,69446,원태인,삼성,투수,True,159.667,28,3.66388,1.2,15,6,0,0,13,119,42,7,150,17,68,65,6.71,2.37,2.83,17.8,6.3,3.322,3.9,5.702,SP,1.0
2025,69446,원태인,삼성,투수,True,166.667,27,3.24,1.1,12,4,0,0,20,108,27,6,157,20,66,60,5.83,1.46,4.0,16.1,4.0,3.898,3.58,6.173,SP,1.0
2026,69446,원태인,삼성,투수,False,101.333,18,4.440789473684211,1.4,6,5,0,0,7,85,23,7,119,4,52,50,7.55,2.04,3.7,19.1,5.2,0.772,2.25,5.63,SP,0.757
2014,64956,웨버,NC,,False,118.0,24,4.57627,1.47,9,6,0,0,11,85,42,3,132,13,66,60,6.48,3.2,2.02,16.6,8.2,0.319,1.38,4.917,SP,1.0
2025,55348,웰스,키움,투수,False,20.0,4,3.15,1.2,1,1,0,0,2,16,6,1,18,0,8,7,7.2,2.7,2.67,18.8,7.1,0.493,0.54,5.0,SP,1.0
2026,55348,웰스,LG,투수,False,96.333,19,4.110726643598616,1.25,5,5,0,0,7,83,30,2,90,13,50,44,7.75,2.8,2.77,20.2,7.3,1.092,1.28,5.07,SP,0.757
2016,66402,웹스터,삼성,,False,71.0,12,5.70423,1.6800000000000002,4,4,0,0,7,59,47,3,72,10,48,45,7.48,5.96,1.26,18.2,14.5,-0.845,0.74,5.917,SP,1.0
2019,69656,윌랜드,KIA,투수,True,165.0,28,4.74545,1.52,8,10,0,0,14,137,59,5,191,17,95,87,7.47,3.22,2.32,18.9,8.1,0.983,1.38,5.893,SP,1.0
2018,68135,윌슨,LG,,True,170.0,26,3.07059,1.14,9,4,0,0,20,149,35,6,158,11,63,58,7.89,1.85,4.26,21.6,5.1,4.288,4.54,6.538,SP,1.0
2019,68135,윌슨,LG,,True,185.0,30,2.91892,1.16,14,7,0,0,22,137,44,10,171,7,77,60,6.66,2.14,3.11,18.0,5.8,4.742,3.11,6.167,SP,1.0
2020,68135,윌슨,LG,,True,144.667,25,4.41705,1.38,10,8,0,0,14,109,39,8,161,13,81,71,6.78,2.43,2.79,17.4,6.2,1.432,1.22,5.787,SP,1.0
2023,53546,윌커슨,롯데,투수,False,79.667,13,2.25941,1.09,7,2,0,0,11,81,20,2,67,3,28,20,9.15,2.26,4.05,24.8,6.1,2.585,2.55,6.128,SP,1.0
2024,53546,윌커슨,롯데,투수,True,196.667,32,3.84407,1.21,12,8,0,0,18,167,27,2,210,18,90,84,7.64,1.24,6.19,20.5,3.3,3.014,5.32,6.146,SP,1.0
2010,60164,유경국,LG,,False,1.0,1,18.0,4.0,0,0,0,0,0,1,1,0,3,0,2,2,9.0,9.0,1.0,14.3,14.3,0.0,,1.0,RP,1.0
2016,60164,유경국,LG,,False,5.333,2,6.75,2.06,0,0,0,0,0,0,4,0,7,1,4,4,0.0,6.75,0.0,0.0,16.0,-0.265,-0.07,2.666,RP,1.0
2010,99639,유동훈,KIA,,False,47.333,48,2.85211,1.18,3,2,14,1,0,32,10,7,46,1,20,15,6.08,1.9,3.2,16.3,5.1,0.0,,0.986,RP,1.0
2011,99639,유동훈,KIA,,False,48.0,47,3.9375,1.31,3,3,7,2,0,21,12,4,51,4,23,21,3.94,2.25,1.75,10.4,6.0,0.0,,1.021,RP,1.0
2012,99639,유동훈,KIA,,False,34.0,43,5.29412,1.26,1,0,6,5,0,29,10,2,33,0,20,20,7.68,2.65,2.9,20.6,7.1,0.0,,0.791,RP,1.0
2013,99639,유동훈,KIA,,False,52.333,49,2.92357,1.28,1,3,0,5,0,38,11,8,56,3,22,17,6.54,1.89,3.45,16.8,4.9,0.0,,1.068,RP,1.0
2012,62597,유먼,롯데,,True,179.667,29,2.55473,1.18,13,7,0,1,18,142,56,1,156,10,58,51,7.11,2.81,2.54,19.6,7.7,0.0,,6.195,SP,1.0
2013,62597,유먼,롯데,,True,193.333,31,3.53793,1.37,13,4,0,0,24,141,78,5,186,19,81,76,6.5600000000000005,3.63,1.81,17.0,9.4,0.0,,6.237,SP,1.0
2014,62597,유먼,롯데,,True,151.667,28,5.93407,1.71,12,10,0,0,10,84,63,3,196,20,109,100,4.98,3.74,1.33,12.0,9.0,-2.761,2.06,5.417,SP,1.0
2015,62597,유먼,한화,,False,91.667,17,4.51636,1.46,4,6,0,0,6,56,38,4,96,9,52,46,5.5,3.73,1.47,13.8,9.4,0.455,1.67,5.392,SP,1.0
2018,67640,유승철,KIA,투수,False,47.333,39,4.37324,1.65,1,0,1,3,0,44,29,4,49,5,25,23,8.37,5.51,1.52,20.0,13.2,-0.723,0.29,1.214,RP,1.0
2019,67640,유승철,KIA,투수,False,4.0,3,11.25,1.5,0,0,0,0,0,5,2,2,4,2,5,5,11.25,4.5,2.5,25.0,10.0,-0.177,-0.26,1.333,RP,1.0
2022,67640,유승철,KIA,투수,False,19.0,21,7.57895,1.95,3,0,0,0,0,14,16,0,21,5,20,16,6.63,7.58,0.88,15.1,17.2,0.119,-0.87,0.905,RP,1.0
2023,67640,유승철,KIA,투수,False,1.0,1,0.0,1.0,0,0,0,0,0,0,1,0,0,0,0,0,0.0,9.0,0.0,0.0,25.0,0.002,0.01,1.0,RP,1.0
2024,67640,유승철,KIA,투수,False,5.0,5,5.4,2.0,0,0,0,0,0,4,7,0,3,0,3,3,7.2,12.6,0.57,17.4,30.4,-0.023,0.0,1.0,RP,1.0
2025,67640,유승철,KIA,투수,False,2.0,1,4.5,2.5,0,0,0,0,0,3,2,0,3,0,1,1,13.5,9.0,1.5,27.3,18.2,-0.001,0.01,2.0,RP,1.0
2023,50106,유영찬,LG,투수,False,68.0,67,3.44118,1.4,6,3,1,12,0,55,40,7,55,4,27,26,7.28,5.29,1.38,18.0,13.1,0.614,0.78,1.015,RP,1.0
2024,50106,유영찬,LG,투수,False,63.667,62,2.96859,1.43,7,5,26,1,0,77,30,3,61,2,24,21,10.88,4.24,2.57,26.9,10.5,1.424,2.4,1.027,CL,1.0
2025,50106,유영찬,LG,투수,False,41.0,39,2.6341463414634148,1.32,2,2,21,1,0,52,23,3,31,2,14,12,11.41,5.05,2.26,29.4,13.0,3.844,1.59,1.051,CL,1.0
2026,50106,유영찬,LG,투수,False,12.0,13,0.75,0.83,0,1,11,0,0,12,6,0,4,0,1,1,9.0,4.5,2.0,26.7,13.3,1.409,0.86,0.923,CL,0.757
2010,76757,유원상,한화,,True,142.333,29,5.50117,1.64,5,14,0,0,6,82,69,2,164,20,89,87,5.19,4.36,1.19,12.7,10.7,0.0,,4.908,SP,1.0
2011,76757,유원상,LG,,False,63.0,34,6.28571,1.51,1,5,0,3,0,44,20,2,75,10,46,44,6.29,2.86,2.2,15.8,7.2,0.0,,1.853,RP,1.0
2012,76757,유원상,LG,,False,74.0,58,2.18919,1.12,4,2,3,21,0,43,13,2,70,4,20,18,5.23,1.58,3.31,14.3,4.3,0.0,,1.276,SU,1.0
2013,76757,유원상,LG,,False,37.667,37,4.77876,1.5699999999999998,2,1,1,8,0,19,11,2,48,2,23,20,4.54,2.63,1.73,11.4,6.6,0.0,,1.018,RP,1.0
2014,76757,유원상,LG,,False,68.0,66,4.36765,1.32,4,5,0,16,0,49,23,2,67,6,35,33,6.49,3.04,2.13,17.0,8.0,0.039,0.42,1.03,RP,1.0
2015,76757,유원상,LG,,False,37.0,25,5.59459,1.51,1,1,0,1,0,22,12,2,44,6,26,23,5.35,2.92,1.83,13.5,7.4,-0.602,-0.65,1.48,RP,1.0
2016,76757,유원상,LG,,False,24.0,19,6.38,1.83,2,1,0,1,0,15,13,2,31,3,18,17,5.63,4.88,1.15,13.0,11.3,-0.907,-0.5,1.263,RP,1.0
2017,76757,유원상,LG,,False,7.333,6,6.13636,1.64,0,0,0,0,0,1,4,2,8,0,6,5,1.23,4.91,0.25,2.8,11.1,-0.24,-0.16,1.222,RP,1.0
2018,76757,유원상,NC,,False,47.333,41,6.46479,1.69,1,4,0,5,0,30,17,5,63,5,37,34,5.7,3.23,1.76,13.3,7.6,-1.117,-0.37,1.154,RP,1.0
2019,76757,유원상,NC,,False,20.667,15,5.22581,1.45,0,3,1,0,0,14,9,1,21,2,15,12,6.1,3.92,1.56,15.1,9.7,-0.348,-0.22,1.378,RP,1.0
2020,76757,유원상,KT,,False,64.0,62,3.79688,1.25,2,1,2,9,0,37,28,1,52,8,32,27,5.2,3.94,1.32,13.7,10.3,0.356,0.57,1.032,RP,1.0
2021,76757,유원상,KT,,False,13.333,11,6.08,1.65,1,1,0,1,0,13,7,0,15,0,10,9,8.77,4.72,1.86,21.0,11.3,0.017,0.01,1.212,RP,1.0
2016,66160,유재유,LG,,False,6.667,7,13.5,2.55,0,1,0,0,0,3,7,0,10,2,10,10,4.05,9.45,0.43,8.3,19.4,-0.308,-0.35,0.952,RP,1.0
2017,66160,유재유,LG,,False,5.0,3,3.6,2.0,0,0,0,0,0,1,4,0,6,0,2,2,1.8,7.2,0.25,4.0,16.0,-0.005,0.01,1.667,RP,1.0
2018,66160,유재유,두산,,False,6.333,5,7.10526,2.21,0,1,0,0,0,5,3,3,11,1,5,5,7.11,4.26,1.67,14.7,8.8,-0.268,-0.08,1.267,RP,1.0
2021,66160,유재유,두산,,False,3.333,4,10.8,2.7,0,0,0,0,0,1,5,0,4,2,4,4,2.7,13.5,0.2,5.3,26.3,-0.035,-0.19,0.833,RP,1.0
2016,66359,유재훈,넥센,,False,0.333,1,0.0,6.0,0,0,0,0,0,1,2,0,0,0,0,0,27.0,54.0,0.5,33.3,66.7,-0.005,0.0,0.333,RP,1.0
2024,50604,유지성,KIA,투수,False,2.333,3,7.71429,2.14,0,0,0,0,0,3,0,1,5,1,4,2,11.57,0.0,99.99,21.4,0.0,-0.022,-0.09,0.778,RP,1.0
2025,50604,유지성,KIA,투수,False,1.0,1,0.0,0.0,0,0,0,0,0,0,0,0,0,0,0,0,0.0,0.0,99.99,0.0,0.0,0.001,0.02,1.0,RP,1.0
2011,61715,유창식,한화,,False,39.0,26,6.69231,1.85,1,3,0,1,0,27,25,0,47,2,39,29,6.23,5.77,1.08,14.3,13.2,0.0,,1.5,RP,1.0
2012,61715,유창식,한화,,False,111.333,27,4.76946,1.62,6,8,0,1,6,82,79,1,101,13,61,59,6.63,6.39,1.04,16.3,15.7,0.0,,4.123,SP,1.0
2013,61715,유창식,한화,,False,71.667,25,6.7814,2.0,5,10,0,2,2,47,54,5,89,4,56,54,5.9,6.78,0.87,13.2,15.2,0.0,,2.867,SP,1.0
2014,61715,유창식,한화,,False,91.333,21,4.13869,1.88,4,4,0,0,6,53,72,3,100,2,54,42,5.22,7.09,0.74,12.2,16.5,-0.048,1.44,4.349,SP,1.0
2015,61715,유창식,KIA,,False,54.667,27,7.90244,1.96,0,8,0,0,1,34,40,3,67,9,53,48,5.6,6.59,0.85,12.7,14.9,-2.43,-0.6,2.025,SP,1.0
2016,61715,유창식,KIA,,False,1.333,1,20.25,6.0,0,0,0,0,0,0,6,0,2,1,3,3,0.0,40.5,0.0,0.0,54.5,-0.069,-0.1,1.333,RP,1.0
2013,63295,유창준,두산,,False,9.0,5,4.0,1.33,0,1,0,0,0,5,3,0,9,1,4,4,5.0,3.0,1.67,13.2,7.9,0.0,,1.8,RP,1.0
2014,63295,유창준,두산,,False,4.0,4,11.25,3.25,0,0,0,1,0,1,4,0,9,0,5,5,2.25,9.0,0.25,4.2,16.7,-0.03,-0.01,1.0,SU,1.0
2026,56348,유토,키움,투수,False,40.667,45,3.319672131147541,1.23,5,4,13,10,0,43,11,0,39,3,15,15,9.52,2.43,3.91,25.9,6.6,1.277,1.5,0.904,RP,0.757
2010,79229,유희관,두산,,False,3.333,5,10.8,1.8,0,0,0,0,0,1,1,1,5,0,4,4,2.7,2.7,1.0,5.9,5.9,0.0,,0.667,RP,1.0
2013,79229,유희관,두산,,True,145.333,41,3.52982,1.33,10,7,1,3,7,96,52,7,141,7,60,57,5.9399999999999995,3.22,1.85,15.7,8.5,0.0,,3.545,SP,1.0
2014,79229,유희관,두산,,True,177.333,30,4.41541,1.43,12,9,0,0,14,112,51,8,202,21,98,87,5.68,2.59,2.2,14.4,6.5,0.194,2.28,5.911,SP,1.0
2015,79229,유희관,두산,,True,189.667,30,3.93849,1.25,18,5,0,0,17,126,44,4,193,23,84,83,5.98,2.09,2.86,16.0,5.6,1.721,3.99,6.322,SP,1.0
2016,79229,유희관,두산,,True,185.667,30,4.41113,1.45,15,6,0,0,15,102,58,6,212,22,95,91,4.9399999999999995,2.81,1.76,12.6,7.2,0.523,3.4,6.189,SP,1.0
2017,79229,유희관,두산,,True,188.667,30,4.5318,1.43,11,6,0,1,15,106,41,10,228,20,104,95,5.06,1.96,2.59,12.9,5.0,1.168,2.17,6.289,SP,1.0
2018,79229,유희관,두산,,False,141.0,29,6.70213,1.7,10,10,0,0,10,81,42,4,197,23,108,105,5.17,2.68,1.93,12.5,6.5,-0.785,-0.33,4.862,SP,1.0
2019,79229,유희관,두산,,True,166.333,28,3.24649,1.28,11,8,0,0,17,64,42,3,171,8,67,60,3.46,2.27,1.52,9.2,6.1,3.849,2.74,5.94,SP,1.0
2020,79229,유희관,두산,,False,136.333,27,5.01711,1.6800000000000002,10,11,0,0,9,56,39,3,190,14,91,76,3.7,2.57,1.44,9.0,6.3,-0.096,-0.28,5.049,SP,1.0
2021,79229,유희관,두산,,False,63.0,15,7.71429,2.08,4,7,0,0,3,23,24,3,107,10,57,54,3.29,3.43,0.96,7.3,7.6,-1.008,-0.87,4.2,SP,1.0
2024,54404,육선엽,삼성,투수,False,17.0,11,5.29412,2.12,0,0,0,0,0,11,17,2,19,3,11,10,5.82,9.0,0.65,12.6,19.5,-0.061,-0.05,1.545,RP,1.0
2025,54404,육선엽,삼성,투수,False,28.667,27,5.337209302325581,1.64,0,1,0,1,0,19,24,0,23,4,21,17,5.97,7.53,0.79,14.3,18.0,-0.006,-0.3,1.062,RP,1.0
2026,54404,육선엽,삼성,투수,False,2.333,2,11.571428571428571,2.14,0,0,0,0,0,3,3,1,2,1,3,3,11.57,11.57,1.0,23.1,23.1,-0.121,-0.09,1.166,RP,0.757
2024,54064,육청명,KT,투수,False,44.667,13,5.4403,1.61,1,5,0,0,0,20,20,6,52,6,31,27,4.03,4.03,1.0,9.6,9.6,0.034,0.11,3.436,SP,1.0
2013,63936,윤강민,NC,,False,1.0,1,27.0,4.0,0,0,0,0,0,0,1,0,3,0,3,3,0.0,9.0,0.0,0.0,14.3,0.0,,1.0,RP,1.0
2015,63936,윤강민,NC,,False,1.0,2,45.0,5.0,0,0,0,0,0,1,3,1,2,0,5,5,9.0,27.0,0.33,12.5,37.5,0.0,-0.18,0.5,RP,1.0
2018,63936,윤강민,NC,,False,5.667,6,17.4706,3.35,0,0,0,0,0,4,5,2,14,1,11,11,6.35,7.94,0.8,11.1,13.9,-0.126,-0.26,0.944,RP,1.0
2019,63936,윤강민,NC,,False,7.667,5,8.21739,2.35,0,1,0,0,0,5,6,2,12,1,8,7,5.87,7.04,0.83,11.9,14.3,-0.062,-0.18,1.533,RP,1.0
2020,63936,윤강민,SK,,False,0.667,1,67.5,7.5,0,0,0,0,0,1,1,1,4,0,5,5,13.5,13.5,1.0,12.5,12.5,-0.009,-0.11,0.667,RP,1.0
2010,74761,윤경영,한화,,False,3.0,2,6.0,1.33,0,0,0,0,0,4,0,1,4,0,2,2,12.0,0.0,99.99,28.6,0.0,0.0,,1.5,RP,1.0
2010,73750,윤규진,한화,,False,58.667,47,3.38,1.59,1,2,0,4,0,45,36,5,57,3,28,22,6.9,5.52,1.25,16.7,13.4,0.0,,1.248,RP,1.0
2011,73750,윤규진,한화,,False,19.0,17,8.52632,2.68,1,1,0,0,0,20,21,3,30,2,18,18,9.47,9.95,0.95,18.5,19.4,0.0,,1.118,RP,1.0
2014,73750,윤규진,한화,,False,72.0,43,4.63,1.39,7,2,9,3,0,73,31,1,69,11,39,37,9.13,3.88,2.35,23.5,10.0,-0.282,0.72,1.674,RP,1.0
2015,73750,윤규진,한화,,False,50.667,40,2.66447,1.18,3,2,10,3,0,48,21,0,39,3,15,15,8.53,3.73,2.29,23.4,10.2,0.964,1.5699999999999998,1.267,RP,1.0
2016,73750,윤규진,한화,,False,100.333,41,6.81728,1.78,7,7,1,3,2,74,54,8,125,19,78,76,6.64,4.84,1.37,15.7,11.4,-1.764,0.25,2.447,SP,1.0
2017,73750,윤규진,한화,,False,119.0,36,5.21849,1.53,8,7,0,2,6,93,44,4,138,19,71,69,7.03,3.33,2.11,17.7,8.4,0.91,1.3,3.306,SP,1.0
2018,73750,윤규진,한화,,False,84.0,18,5.89286,1.54,2,6,0,0,4,81,30,6,99,14,63,55,8.68,3.21,2.7,21.3,7.9,-0.384,0.84,4.667,SP,1.0
2019,73750,윤규진,한화,,False,4.333,3,10.3846,1.62,0,0,0,0,0,1,1,0,6,0,5,5,2.08,2.08,1.0,5.0,5.0,-0.037,-0.08,1.444,RP,1.0
2020,73750,윤규진,한화,,False,3.667,2,7.36364,2.18,0,0,0,0,0,4,1,0,7,1,5,3,9.82,2.45,4.0,21.1,5.3,-0.04,-0.1,1.834,RP,1.0
2010,75730,윤근영,한화,,False,16.333,25,7.16327,2.14,0,0,0,0,0,8,13,0,22,1,13,13,4.41,7.16,0.62,9.8,15.9,0.0,,0.653,RP,1.0
2011,75730,윤근영,한화,,False,25.667,23,3.85714,1.64,0,0,0,1,0,25,16,1,26,1,11,11,8.77,5.61,1.56,21.0,13.4,0.0,,1.116,RP,1.0
2012,75730,윤근영,한화,,False,38.667,18,3.72414,1.34,2,2,0,2,0,25,19,2,33,2,20,16,5.82,4.42,1.32,15.4,11.7,0.0,,2.148,RP,1.0
2013,75730,윤근영,한화,,False,72.0,49,6.25,1.79,2,5,0,5,0,45,45,5,84,6,50,50,5.63,5.63,1.0,13.6,13.6,0.0,,1.469,RP,1.0
2014,75730,윤근영,한화,,False,49.0,36,7.16327,1.92,2,3,0,5,0,28,23,7,71,6,41,39,5.14,4.22,1.22,11.7,9.6,-0.848,0.08,1.361,RP,1.0
2015,75730,윤근영,KT,,False,32.0,17,5.63,1.75,1,4,0,2,0,21,21,4,35,3,23,20,5.91,5.91,1.0,13.5,13.5,-0.566,0.4,1.882,RP,1.0
2016,75730,윤근영,KT,,False,4.0,3,6.75,2.75,0,0,0,0,0,1,5,1,6,0,6,3,2.25,11.25,0.2,4.0,20.0,0.01,-0.1,1.333,RP,1.0
2017,75730,윤근영,KT,,False,18.0,12,3.5,1.56,0,0,0,1,0,11,5,0,23,4,9,7,5.5,2.5,2.2,14.1,6.4,0.099,0.13,1.5,RP,1.0
2018,75730,윤근영,KT,,False,16.667,17,9.72,2.16,1,0,0,0,0,17,10,0,26,3,19,18,9.18,5.4,1.7,19.8,11.6,-0.105,-0.29,0.98,RP,1.0
2010,78730,윤기호,한화,,False,0.0,1,0.0,0.0,0,0,0,0,0,0,0,0,2,0,1,1,0.0,0.0,99.99,0.0,0.0,0.0,,0.0,RP,1.0
2011,78730,윤기호,한화,,False,2.0,1,4.5,1.5,0,0,0,0,0,0,0,0,3,0,1,1,0.0,0.0,99.99,0.0,0.0,0.0,,2.0,RP,1.0
2014,78730,윤기호,한화,,False,0.0,1,0.0,0.0,0,0,0,0,0,0,0,0,3,0,2,2,0.0,0.0,99.99,0.0,0.0,-0.023,0.0,0.0,RP,1.0
2015,78730,윤기호,한화,,False,2.667,3,6.75,1.13,0,0,0,0,0,0,1,0,2,1,2,2,0.0,3.38,0.0,0.0,10.0,0.03,-0.04,0.889,RP,1.0
2012,72862,윤길현,SK,,False,3.333,5,10.8,2.7,0,0,0,0,0,1,3,0,6,1,4,4,2.7,8.1,0.33,5.6,16.7,0.0,,0.667,RP,1.0
2013,72862,윤길현,SK,,False,43.333,45,3.32308,1.29,3,1,0,8,0,47,21,2,35,5,17,16,9.76,4.36,2.24,26.4,11.8,0.0,,0.963,RP,1.0
2014,72862,윤길현,SK,,False,57.667,59,3.90173,1.34,3,3,7,9,0,63,28,1,49,7,27,25,9.83,4.37,2.25,25.5,11.3,-1.289,0.66,0.977,RP,1.0
2015,72862,윤길현,SK,,False,62.667,70,3.15957,1.5,0,4,13,17,0,62,36,2,58,7,25,22,8.9,5.17,1.72,21.8,12.7,0.15,1.07,0.895,RP,1.0
2016,72862,윤길현,롯데,,False,60.0,62,6.0,1.62,7,7,2,16,0,50,22,2,75,8,42,40,7.5,3.3,2.27,18.2,8.0,-2.935,0.1,0.968,SU,1.0
2017,72862,윤길현,롯데,,False,39.333,40,6.40678,1.58,1,4,0,13,0,43,16,5,46,3,29,28,9.84,3.66,2.69,23.6,8.8,-0.482,0.3,0.983,SU,1.0
2018,72862,윤길현,롯데,,False,33.0,32,4.63636,1.45,1,2,0,4,0,29,15,0,33,4,18,17,7.91,4.09,1.93,20.0,10.3,-0.09,0.4,1.031,RP,1.0
2019,72862,윤길현,롯데,,False,5.0,6,10.8,4.2,1,1,0,0,0,5,4,2,17,2,14,6,9.0,7.2,1.25,12.8,10.3,-0.494,-0.61,0.833,RP,1.0
2020,63464,윤대경,한화,,False,51.0,55,1.58824,1.43,5,0,0,7,0,42,25,3,48,3,16,9,7.41,4.41,1.6800000000000002,18.7,11.1,0.965,1.34,0.927,RP,1.0
2021,63464,윤대경,한화,,False,77.667,43,3.93991,1.38,2,5,0,7,0,54,34,6,73,8,35,34,6.26,3.94,1.59,16.0,10.1,1.419,0.92,1.806,RP,1.0
2022,63464,윤대경,한화,,False,75.333,25,7.52655,1.63,4,9,0,0,5,51,17,7,106,6,63,63,6.09,2.03,3.0,14.6,4.9,-1.441,-0.54,3.013,SP,1.0
2023,63464,윤대경,한화,,False,47.667,47,2.45455,1.15,5,1,0,2,0,28,19,6,36,4,18,13,5.29,3.59,1.47,14.1,9.5,0.921,0.43,1.014,RP,1.0
2024,63464,윤대경,한화,,False,7.667,7,10.5652,2.09,0,0,0,0,0,7,6,1,10,1,9,9,8.22,7.04,1.17,17.5,15.0,-0.259,-0.18,1.095,RP,1.0
2012,62242,윤명준,두산,,False,1.333,3,20.25,6.0,0,0,0,0,0,0,3,0,5,0,3,3,0.0,20.25,0.0,0.0,25.0,0.0,,0.444,RP,1.0
2013,62242,윤명준,두산,,False,45.0,34,4.0,1.44,4,1,4,7,0,35,15,4,50,0,20,20,7.0,3.0,2.33,17.9,7.7,0.0,,1.324,RP,1.0
2014,62242,윤명준,두산,,False,71.667,61,5.27442,1.41,7,3,0,16,0,55,23,1,78,10,44,42,6.91,2.89,2.39,17.9,7.5,-0.298,0.17,1.175,SU,1.0
2015,62242,윤명준,두산,,False,68.0,60,3.97059,1.5,4,6,6,7,0,48,30,5,72,9,33,30,6.35,3.97,1.6,15.9,9.9,-1.527,0.41,1.133,RP,1.0
2016,62242,윤명준,두산,,False,57.0,55,3.94737,1.19,4,0,2,11,0,39,17,3,51,5,25,25,6.16,2.68,2.29,16.3,7.1,0.144,0.72,1.036,RP,1.0
2019,62242,윤명준,두산,,False,68.333,69,2.63415,1.21,6,2,1,14,0,40,20,3,63,3,23,20,5.27,2.63,2.0,14.3,7.2,1.008,0.96,0.99,RP,1.0
2020,62242,윤명준,두산,,False,41.0,42,4.82927,1.56,1,0,2,7,0,20,13,1,51,4,24,22,4.39,2.85,1.54,10.8,7.0,0.878,-0.12,0.976,RP,1.0
2021,62242,윤명준,두산,,False,45.667,45,4.72993,1.6,1,0,0,1,0,26,20,4,53,3,28,24,5.12,3.94,1.3,12.5,9.6,0.046,-0.07,1.015,RP,1.0
2022,62242,윤명준,두산,,False,22.333,20,8.46269,1.84,1,1,0,0,0,15,8,1,33,8,24,21,6.04,3.22,1.88,13.8,7.3,-0.277,-0.79,1.117,RP,1.0
2023,62242,윤명준,롯데,,False,19.333,21,6.51724,2.12,0,1,0,5,0,11,10,4,31,4,14,14,5.12,4.66,1.1,11.2,10.2,-0.946,-0.37,0.921,RP,1.0
2021,69213,윤산흠,한화,투수,False,3.0,5,6.0,3.0,0,0,0,0,0,2,2,2,7,0,2,2,6.0,6.0,1.0,10.5,10.5,-0.057,-0.01,0.6,RP,1.0
2022,69213,윤산흠,한화,투수,False,33.667,37,2.67327,1.5699999999999998,1,1,0,3,0,46,30,2,23,1,12,10,12.3,8.02,1.53,29.7,19.4,0.199,0.67,0.91,RP,1.0
2023,69213,윤산흠,한화,투수,False,3.0,5,6.0,3.0,0,0,0,0,0,3,6,0,3,0,2,2,9.0,18.0,0.5,16.7,33.3,-0.367,-0.08,0.6,RP,1.0
2025,69213,윤산흠,한화,투수,False,16.667,12,3.78,1.26,0,0,0,0,0,17,5,3,16,1,7,7,9.18,2.7,3.4,23.3,6.8,-0.447,0.29,1.389,RP,1.0
2026,69213,윤산흠,한화,투수,False,22.0,22,5.7272727272727275,1.55,1,1,0,2,0,16,13,1,21,3,17,14,6.55,5.32,1.23,16.0,13.0,-0.133,-0.2,1.0,RP,0.757
2010,75620,윤석민,KIA,,False,101.0,23,3.83168,1.3,6,3,3,0,8,94,36,3,95,5,48,43,8.38,3.21,2.61,21.8,8.3,0.0,,4.391,SP,1.0
2011,75620,윤석민,KIA,,True,172.333,27,2.45455,1.05,17,5,1,0,18,178,44,6,137,10,53,47,9.3,2.3,4.05,26.2,6.5,0.0,,6.383,SP,1.0
2012,75620,윤석민,KIA,,True,153.0,28,3.11765,1.0,9,8,0,0,15,137,33,8,120,9,60,53,8.06,1.94,4.15,22.1,5.3,0.0,,5.464,SP,1.0
2013,75620,윤석민,KIA,,False,87.667,30,4.0038,1.36,3,6,7,2,5,76,28,1,91,9,41,39,7.8,2.87,2.71,20.4,7.5,0.0,,2.922,SP,1.0
2015,75620,윤석민,KIA,,False,70.0,51,2.95714,1.33,2,6,30,0,0,68,24,2,69,4,23,23,8.74,3.09,2.83,22.9,8.1,1.259,2.93,1.373,CL,1.0
2016,75620,윤석민,KIA,,False,31.0,16,3.19355,1.42,2,2,1,6,2,26,8,5,36,1,14,11,7.55,2.32,3.25,18.7,5.8,0.495,0.83,1.938,SU,1.0
2018,75620,윤석민,KIA,,False,40.0,28,6.75,1.63,0,8,11,0,0,29,10,0,55,9,32,30,6.53,2.25,2.9,15.9,5.5,-1.445,-0.07,1.429,CL,1.0
2023,52395,윤석원,키움,투수,False,24.0,21,4.5,1.54,2,0,0,2,0,8,8,0,29,2,17,12,3.0,3.0,1.0,7.3,7.3,0.112,-0.17,1.143,RP,1.0
2024,52395,윤석원,키움,투수,False,17.333,11,11.4231,2.19,0,1,0,0,0,1,7,2,31,3,24,22,0.52,3.63,0.14,1.1,8.0,-0.275,-0.51,1.576,RP,1.0
2025,52395,윤석원,키움,투수,False,37.333,37,5.544642857142857,1.42,1,1,0,8,0,27,12,2,41,3,23,23,6.51,2.89,2.25,16.9,7.5,0.095,0.06,1.009,RP,1.0
2026,52395,윤석원,키움,투수,False,7.0,7,9.0,1.71,0,0,0,0,0,5,2,0,10,1,7,7,6.43,2.57,2.5,16.1,6.5,-0.245,-0.11,1.0,RP,0.757
2015,79840,윤석주,SK,,False,1.333,1,0.0,1.5,0,0,0,0,0,0,0,0,2,0,0,0,0.0,0.0,99.99,0.0,0.0,0.007,0.03,1.333,RP,1.0
2018,67588,윤성빈,롯데,투수,False,50.667,18,6.39474,1.72,2,5,0,0,1,65,36,3,51,5,36,36,11.55,6.39,1.81,27.7,15.3,-0.503,0.68,2.815,SP,1.0
2019,67588,윤성빈,롯데,투수,False,0.333,1,81.0,9.0,0,1,0,0,0,0,3,0,0,0,3,3,0.0,81.0,0.0,0.0,75.0,-0.136,-0.15,0.333,RP,1.0
2021,67588,윤성빈,롯데,투수,False,1.0,1,0.0,1.0,0,0,0,0,0,0,1,0,0,0,0,0,0.0,9.0,0.0,0.0,20.0,0.001,0.02,1.0,RP,1.0
2024,67588,윤성빈,롯데,투수,False,1.0,1,45.0,6.0,0,1,0,0,0,1,2,0,4,1,5,5,9.0,18.0,0.5,11.1,22.2,-0.346,-0.21,1.0,RP,1.0
2025,67588,윤성빈,롯데,투수,False,27.0,31,7.666666666666667,1.7,1,2,0,0,0,44,20,4,26,3,23,23,14.67,6.67,2.2,33.8,15.4,-0.543,-0.13,0.871,RP,1.0
2026,67588,윤성빈,롯데,투수,False,3.333,4,13.5,3.0,0,0,0,0,0,2,6,0,4,0,5,5,5.4,16.2,0.33,10.0,30.0,-0.089,-0.11,0.833,RP,0.757
2010,74454,윤성환,삼성,,False,80.667,28,5.91322,1.52,3,6,0,1,4,54,19,2,104,12,55,53,6.02,2.12,2.84,14.9,5.2,0.0,,2.881,SP,1.0
2011,74454,윤성환,삼성,,True,137.333,24,3.53884,1.32,14,5,0,0,11,83,30,3,151,8,62,54,5.44,1.97,2.77,14.2,5.1,0.0,,5.722,SP,1.0
2012,74454,윤성환,삼성,,False,114.0,19,2.84211,1.21,9,6,0,0,13,81,26,4,112,6,36,36,6.39,2.05,3.12,17.3,5.5,0.0,,6.0,SP,1.0
2013,74454,윤성환,삼성,,True,170.667,27,3.26953,1.2,13,8,0,0,17,122,37,4,167,16,69,62,6.43,1.95,3.3,17.4,5.3,0.0,,6.321,SP,1.0
2014,74454,윤성환,삼성,,True,170.333,28,4.38552,1.37,12,7,0,0,13,133,37,8,196,18,87,83,7.03,1.95,3.59,18.3,5.1,0.35,3.68,6.083,SP,1.0
2015,74454,윤성환,삼성,,True,194.0,30,3.75773,1.18,17,8,0,0,17,164,30,10,199,27,86,81,7.61,1.39,5.47,20.3,3.7,1.994,4.76,6.467,SP,1.0
2016,74454,윤성환,삼성,,True,180.0,28,4.35,1.35,11,10,0,0,16,85,41,13,202,25,95,87,4.25,2.05,2.07,11.1,5.3,-0.569,3.51,6.429,SP,1.0
2017,74454,윤성환,삼성,,True,174.333,28,4.28489,1.25,12,9,0,0,15,130,37,15,181,22,86,83,6.71,1.91,3.51,17.8,5.1,2.853,3.87,6.226,SP,1.0
2018,74454,윤성환,삼성,,False,117.333,24,6.98011,1.67,5,9,0,0,5,89,32,9,164,28,99,91,6.83,2.45,2.78,16.4,5.9,-2.06,0.26,4.889,SP,1.0
2019,74454,윤성환,삼성,,True,145.333,27,4.76835,1.5,8,13,0,0,10,65,50,7,168,14,87,77,4.03,3.1,1.3,10.1,7.8,1.288,1.7,5.383,SP,1.0
2020,74454,윤성환,삼성,,False,18.667,5,5.78571,1.61,0,2,0,0,0,4,11,3,19,0,14,12,1.93,5.3,0.36,4.8,13.1,-0.118,0.16,3.733,SP,1.0
2017,65064,윤수호,NC,,False,47.0,40,5.3617,1.51,2,1,0,1,0,42,30,4,41,3,31,28,8.04,5.74,1.4,19.7,14.1,-0.129,-0.11,1.175,RP,1.0
2018,65064,윤수호,두산,,False,25.333,17,9.23684,1.97,0,1,0,0,0,19,17,1,33,4,31,26,6.75,6.04,1.12,15.0,13.4,-0.422,-0.81,1.49,RP,1.0
2014,61456,윤영삼,넥센,,False,4.0,1,27.0,4.25,0,0,0,0,0,4,6,0,11,3,12,12,9.0,13.5,0.67,14.8,22.2,-0.007,-0.14,4.0,SP,1.0
2017,61456,윤영삼,넥센,,False,49.667,28,5.61745,1.69,1,4,1,0,0,46,17,0,67,8,31,31,8.34,3.08,2.71,20.1,7.4,-0.777,0.4,1.774,RP,1.0
2018,61456,윤영삼,넥센,,False,29.667,22,4.85393,1.31,1,0,2,0,0,32,8,1,31,2,18,16,9.71,2.43,4.0,25.2,6.3,0.379,0.37,1.348,RP,1.0
2019,61456,윤영삼,키움,,False,62.667,54,2.87234,1.18,3,3,1,3,0,56,14,1,60,5,23,20,8.04,2.01,4.0,22.0,5.5,0.018,1.07,1.16,RP,1.0
2023,53613,윤영철,KIA,투수,False,122.667,25,4.03533,1.4,8,7,0,0,7,74,48,1,124,10,59,55,5.43,3.52,1.54,14.0,9.1,2.276,1.6,4.907,SP,1.0
2024,53613,윤영철,KIA,투수,False,81.667,18,4.18776,1.53,7,4,0,0,3,58,43,1,82,8,44,38,6.39,4.74,1.35,16.0,11.9,1.04,1.12,4.537,SP,1.0
2025,53613,윤영철,KIA,투수,False,50.0,13,5.58,1.64,2,7,0,0,1,43,30,1,52,4,37,31,7.74,5.4,1.43,18.9,13.2,-0.54,-0.07,3.846,SP,1.0
2019,69399,윤정현,키움,,False,2.0,3,9.0,2.0,0,0,0,0,0,2,2,0,2,0,2,2,9.0,9.0,1.0,20.0,20.0,-0.025,-0.04,0.667,RP,1.0
2020,69399,윤정현,키움,,False,27.333,15,8.89024,2.34,0,1,0,0,0,11,10,2,54,3,32,27,3.62,3.29,1.1,7.5,6.8,-0.816,-0.67,1.822,RP,1.0
2021,69399,윤정현,키움,,False,12.333,10,1.45946,1.3,0,0,0,1,0,7,5,1,11,0,2,2,5.11,3.65,1.4,13.2,9.4,0.106,0.31,1.233,RP,1.0
2022,69399,윤정현,키움,,False,22.667,17,6.35294,1.72,1,1,0,4,0,17,12,5,27,2,17,16,6.75,4.76,1.42,16.0,11.3,0.494,-0.3,1.333,RP,1.0
2023,69399,윤정현,키움,,False,6.0,5,1.5,1.83,0,0,0,0,0,2,6,0,5,0,2,1,3.0,9.0,0.33,7.7,23.1,-0.107,0.05,1.2,RP,1.0
2024,69399,윤정현,키움,,False,3.0,2,9.0,2.0,0,0,0,0,0,1,2,0,4,0,3,3,3.0,6.0,0.5,6.7,13.3,0.001,-0.02,1.5,RP,1.0
2021,68619,윤중현,KIA,투수,False,82.667,30,3.91935,1.48,5,6,0,2,1,33,31,14,91,7,44,36,3.59,3.38,1.06,8.8,8.3,0.76,0.62,2.756,SP,1.0
2022,68619,윤중현,KIA,투수,False,53.667,47,5.03106,1.43,3,1,0,5,0,27,14,5,63,4,32,30,4.53,2.35,1.93,11.3,5.8,0.196,0.0,1.142,RP,1.0
2023,68619,윤중현,KIA,투수,False,28.0,31,3.85714,1.39,2,1,0,0,0,8,10,1,29,2,13,12,2.57,3.21,0.8,7.0,8.7,0.148,0.15,0.903,RP,1.0
2024,68619,윤중현,KIA,투수,False,10.333,11,13.9355,3.0,0,0,0,0,0,4,9,3,22,4,17,16,3.48,7.84,0.44,6.5,14.5,-0.223,-0.63,0.939,RP,1.0
2025,68619,윤중현,KIA,투수,False,10.333,13,4.35483870967742,1.65,1,0,0,0,0,7,7,0,10,2,5,5,6.1,6.1,1.0,14.6,14.6,0.098,0.01,0.795,RP,1.0
2011,61329,윤지웅,넥센,,False,28.667,53,4.0814,1.67,2,0,0,9,0,19,14,0,34,4,15,13,5.97,4.4,1.36,15.1,11.1,0.0,,0.541,RP,1.0
2014,61329,윤지웅,LG,,False,36.0,53,4.25,1.56,1,2,0,6,0,34,16,3,40,4,20,17,8.5,4.0,2.13,20.5,9.6,-0.538,0.08,0.679,RP,1.0
2015,61329,윤지웅,LG,,False,62.0,78,3.77419,1.03,3,1,0,12,0,54,17,1,47,3,26,26,7.84,2.47,3.18,22.0,6.9,1.308,0.85,0.795,RP,1.0
2016,61329,윤지웅,LG,,False,44.0,59,6.54545,1.5,4,2,0,11,0,37,18,4,48,4,33,32,7.57,3.68,2.06,18.9,9.2,0.028,-0.63,0.746,RP,1.0
2017,61329,윤지웅,LG,,False,35.0,34,3.85714,1.4,1,1,1,3,0,22,10,4,39,4,20,15,5.66,2.57,2.2,14.3,6.5,0.477,-0.11,1.029,RP,1.0
2018,61329,윤지웅,LG,,False,6.333,10,4.26316,1.89,0,0,0,0,0,4,3,3,9,0,4,3,5.68,4.26,1.33,12.1,9.1,-0.133,-0.04,0.633,RP,1.0
2019,61329,윤지웅,NC,,False,12.667,13,4.97368,1.42,1,0,0,0,0,9,4,1,14,3,8,7,6.39,2.84,2.25,16.4,7.3,-0.182,-0.18,0.974,RP,1.0
2022,52867,윤태현,SSG,투수,False,2.0,3,9.0,2.0,0,0,0,0,0,2,2,0,2,0,2,2,9.0,9.0,1.0,20.0,20.0,-0.481,-0.04,0.667,RP,1.0
2025,52202,윤태호,두산,투수,False,17.333,10,6.75,1.21,0,1,0,1,0,16,5,0,16,2,14,13,8.31,2.6,3.2,21.9,6.8,0.0,-0.12,1.733,RP,1.0
2026,52202,윤태호,두산,투수,False,11.333,13,1.5882352941176472,1.24,1,0,1,1,0,9,6,0,8,0,2,2,7.15,4.76,1.5,19.1,12.8,-0.02,0.46,0.872,RP,0.757
2025,55396,윤현,키움,투수,False,22.0,17,8.59090909090909,2.45,2,1,0,0,0,15,23,5,31,2,28,21,6.14,9.41,0.65,12.0,18.4,-0.554,-0.94,1.294,RP,1.0
2014,63961,윤호솔,NC,,False,3.333,2,13.5,2.4,0,0,0,0,0,3,0,1,8,3,5,5,8.1,0.0,99.99,16.7,0.0,-0.02,-0.16,1.666,RP,1.0
2019,63961,윤호솔,한화,,False,3.667,3,17.1818,3.0,0,0,0,0,0,2,3,0,8,1,7,7,4.91,7.36,0.67,9.1,13.6,-0.005,-0.18,1.222,RP,1.0
2020,63961,윤호솔,한화,,False,6.0,6,10.5,2.33,0,1,0,0,0,4,6,0,8,2,8,7,6.0,9.0,0.67,12.5,18.8,-0.763,-0.23,1.0,RP,1.0
2021,63961,윤호솔,한화,,False,48.667,55,4.62329,1.46,3,0,0,8,0,42,30,3,41,7,29,25,7.77,5.55,1.4,19.6,14.0,0.937,-0.18,0.885,RP,1.0
2022,63961,윤호솔,한화,,False,42.333,52,4.03937,1.6800000000000002,3,5,0,7,0,33,28,0,43,2,26,19,7.02,5.95,1.18,16.6,14.1,-0.991,-0.01,0.814,RP,1.0
2023,63961,윤호솔,LG,,False,3.667,4,2.45455,1.64,0,0,0,0,0,4,3,0,3,0,1,1,9.82,7.36,1.33,23.5,17.6,0.047,0.07,0.917,RP,1.0
2024,63961,윤호솔,LG,,False,4.333,7,4.15385,2.77,0,0,0,0,0,5,8,0,4,0,2,2,10.38,16.62,0.63,20.8,33.3,-0.03,0.02,0.619,RP,1.0
2010,74838,윤희상,SK,,False,5.0,4,3.6,1.6,0,0,0,0,0,2,2,0,6,0,2,2,3.6,3.6,1.0,9.1,9.1,0.0,,1.25,RP,1.0
2011,74838,윤희상,SK,,False,46.667,20,4.82143,1.44,3,1,0,0,0,32,12,3,55,8,27,25,6.17,2.31,2.67,15.5,5.8,0.0,,2.333,RP,1.0
2012,74838,윤희상,SK,,True,163.333,28,3.36122,1.3,10,9,0,0,16,100,49,6,164,10,66,61,5.51,2.7,2.04,14.4,7.1,0.0,,5.833,SP,1.0
2013,74838,윤희상,SK,,True,151.333,25,3.86564,1.26,8,6,0,0,15,120,44,7,147,17,72,65,7.14,2.62,2.73,18.7,6.9,0.0,,6.053,SP,1.0
2014,74838,윤희상,SK,,False,28.333,7,5.08235,1.59,0,1,0,0,2,18,9,3,36,1,17,16,5.72,2.86,2.0,13.8,6.9,-0.209,0.7,4.048,SP,1.0
2015,74838,윤희상,SK,,False,93.333,21,5.88214,1.58,5,9,0,0,6,67,34,3,113,15,65,61,6.46,3.28,1.97,16.1,8.2,-1.803,0.38,4.444,SP,1.0
2016,74838,윤희상,SK,,False,122.667,23,4.84239,1.52,9,6,0,0,9,74,44,6,143,18,69,66,5.43,3.23,1.6800000000000002,13.7,8.1,-0.334,1.98,5.333,SP,1.0
2017,74838,윤희상,SK,,False,120.0,23,6.0,1.52,6,7,0,0,7,82,33,10,149,16,85,80,6.15,2.48,2.48,15.2,6.1,-0.563,0.85,5.217,SP,1.0
2018,74838,윤희상,SK,,False,51.0,46,5.11765,1.22,1,2,1,7,0,44,7,2,55,8,29,29,7.76,1.24,6.29,20.9,3.3,0.215,0.52,1.109,RP,1.0
2020,74838,윤희상,SK,,False,3.0,4,3.0,1.0,0,0,0,0,0,2,2,0,1,0,1,1,6.0,6.0,1.0,18.2,18.2,-0.019,0.1,0.75,RP,1.0
2020,50036,이강준,KT,투수,False,5.667,4,6.35294,2.47,0,0,0,0,0,3,5,3,9,1,4,4,4.76,7.94,0.6,9.1,15.2,-0.062,-0.05,1.417,RP,1.0
2021,50036,이강준,롯데,투수,False,8.333,15,10.8,2.88,1,0,0,0,0,4,13,2,11,1,11,10,4.32,14.04,0.31,8.3,27.1,-0.241,-0.38,0.556,RP,1.0
2022,50036,이강준,롯데,투수,False,9.667,13,10.2414,3.0,0,0,0,1,0,6,20,0,9,1,11,11,5.59,18.62,0.3,10.5,35.1,-0.172,-0.34,0.744,RP,1.0
2025,50036,이강준,키움,투수,False,24.667,29,6.5675675675675675,1.86,0,3,0,2,0,26,17,2,29,3,22,18,9.49,6.2,1.53,21.8,14.3,-0.685,-0.42,0.851,RP,1.0
2016,64861,이건욱,SK,투수,False,0.667,1,27.0,3.0,0,0,0,0,0,1,0,0,2,0,2,2,13.5,0.0,99.99,25.0,0.0,-0.001,-0.04,0.667,RP,1.0
2017,64861,이건욱,SK,투수,False,1.333,2,33.75,5.25,0,0,0,0,0,1,3,0,4,1,5,5,6.75,20.25,0.33,9.1,27.3,-0.023,-0.17,0.666,RP,1.0
2020,64861,이건욱,SK,투수,False,122.0,27,5.68033,1.52,6,12,0,0,5,91,81,6,105,11,77,77,6.71,5.98,1.12,16.8,14.9,-0.147,1.18,4.519,SP,1.0
2021,64861,이건욱,SSG,투수,False,12.667,5,11.3684,2.76,0,1,0,0,0,5,19,1,16,4,16,16,3.55,13.5,0.26,6.9,26.4,-0.644,-0.56,2.533,RP,1.0
2022,64861,이건욱,SSG,투수,False,3.0,1,9.0,2.0,0,1,0,0,0,2,4,0,2,1,3,3,6.0,12.0,0.5,14.3,28.6,-0.132,-0.12,3.0,SP,1.0
2023,64861,이건욱,SSG,투수,False,38.667,27,2.09483,1.45,1,0,0,0,0,31,25,2,31,0,13,9,7.22,5.82,1.24,18.3,14.8,0.149,0.58,1.432,RP,1.0
2024,64861,이건욱,SSG,투수,False,19.0,10,11.3684,2.58,1,2,0,0,0,17,15,2,34,5,25,24,8.05,7.11,1.13,16.0,14.2,-0.761,-0.6,1.9,RP,1.0
2026,64861,이건욱,SSG,투수,False,31.333,31,3.7340425531914896,1.28,0,2,0,1,0,28,12,1,28,3,16,13,8.04,3.45,2.33,21.1,9.0,0.2,0.35,1.011,RP,0.757
2012,61569,이경우,롯데,,False,3.667,1,14.7273,2.18,0,0,0,0,0,3,4,2,4,1,6,6,7.36,9.82,0.75,14.3,19.0,0.0,,3.667,SP,1.0
2015,61569,이경우,롯데,,False,1.667,1,10.8,1.8,0,0,0,0,0,0,1,0,2,1,2,2,0.0,5.4,0.0,0.0,12.5,0.013,-0.05,1.667,RP,1.0
2016,61569,이경우,롯데,,False,2.0,1,13.5,1.5,0,0,0,0,0,1,0,0,3,1,3,3,4.5,0.0,99.99,11.1,0.0,-0.046,-0.06,2.0,RP,1.0
2020,69205,이교훈,두산,투수,False,4.333,5,10.3846,2.31,0,0,0,0,0,3,4,0,6,1,6,5,6.23,8.31,0.75,12.5,16.7,-0.038,-0.18,0.867,RP,1.0
2021,69205,이교훈,두산,투수,False,8.333,11,10.8,1.92,0,0,0,0,0,8,3,1,13,2,10,10,8.64,3.24,2.67,18.6,7.0,0.037,-0.24,0.758,RP,1.0
2024,69205,이교훈,두산,투수,False,35.333,33,7.38679,1.7,1,1,0,1,0,27,17,2,43,7,32,29,6.88,4.33,1.59,16.3,10.2,-0.366,-0.64,1.071,RP,1.0
2025,69205,이교훈,두산,투수,False,7.667,10,1.173913043478261,1.04,1,0,0,0,0,7,4,1,4,0,2,1,8.22,4.7,1.75,24.1,13.8,-0.166,0.21,0.767,RP,1.0
2026,69205,이교훈,한화,투수,False,3.667,3,12.272727272727272,2.73,0,0,0,0,0,4,5,0,5,1,7,5,9.82,12.27,0.8,19.0,23.8,-0.106,-0.2,1.222,RP,0.757
2011,60439,이규대,삼성,,False,3.333,2,0.0,1.2,0,0,0,0,0,0,1,0,3,0,0,0,0.0,2.7,0.0,0.0,7.7,0.0,,1.666,RP,1.0
2023,52868,이기순,SSG,투수,False,3.0,2,9.0,2.33,0,0,0,0,0,3,4,0,3,1,3,3,9.0,12.0,0.75,18.8,25.0,-0.009,-0.08,1.5,RP,1.0
2024,52868,이기순,SSG,투수,False,19.667,10,3.66102,1.78,1,1,0,0,0,24,23,1,12,2,10,8,10.98,10.53,1.04,25.5,24.5,0.033,0.14,1.967,RP,1.0
2026,52868,이기순,SSG,투수,False,9.667,9,8.379310344827585,2.79,1,1,0,0,0,8,13,3,14,0,9,9,7.45,12.1,0.62,13.8,22.4,-0.541,-0.17,1.074,RP,0.757
2019,67008,이대은,KT,,False,86.0,44,4.0814,1.49,4,2,17,0,2,59,39,6,89,10,48,39,6.17,4.08,1.51,15.1,10.0,2.222,0.68,1.955,CL,1.0
2020,67008,이대은,KT,,False,29.333,20,5.82955,1.67,0,4,1,0,0,15,13,5,36,4,23,19,4.6,3.99,1.15,10.6,9.2,-2.002,-0.18,1.467,RP,1.0
2021,67008,이대은,KT,,False,31.0,31,3.48387,1.23,3,2,1,9,0,22,11,1,27,4,15,12,6.39,3.19,2.0,17.2,8.6,0.87,0.26,1.0,SU,1.0
2010,93626,이대진,KIA,,False,22.0,14,6.54545,2.27,0,0,0,2,0,14,19,5,31,1,21,16,5.73,7.77,0.74,12.1,16.4,0.0,,1.571,RP,1.0
2011,93626,이대진,LG,,False,1.0,2,0.0,2.0,0,0,0,0,0,1,2,0,0,0,0,0,9.0,18.0,0.5,20.0,40.0,0.0,,0.5,RP,1.0
2012,93626,이대진,LG,,False,3.333,1,13.5,2.7,0,1,0,0,0,0,4,1,5,0,6,5,0.0,10.8,0.0,0.0,21.1,0.0,,3.333,SP,1.0
2022,71564,이대호,롯데,,False,0.333,1,0.0,0.0,0,0,0,1,0,0,0,0,0,0,0,0,0.0,0.0,99.99,0.0,0.0,0.133,0.0,0.333,SU,1.0
2010,72333,이대환,넥센,,False,11.0,9,4.90909,1.27,0,0,0,0,0,9,3,0,11,3,6,6,7.36,2.45,3.0,19.1,6.4,0.0,,1.222,RP,1.0
2011,72333,이대환,LG,,False,21.333,16,5.0625,1.45,0,1,0,0,0,15,6,2,25,2,12,12,6.33,2.53,2.5,15.3,6.1,0.0,,1.333,RP,1.0
2012,72333,이대환,LG,,False,7.667,6,3.52174,1.17,0,0,0,0,0,4,1,2,8,1,4,3,4.7,1.17,4.0,11.8,2.9,0.0,,1.278,RP,1.0
2013,72333,이대환,KIA,,False,15.333,12,4.1087,1.5699999999999998,0,0,0,0,0,12,7,1,17,0,7,7,7.04,4.11,1.71,17.9,10.4,0.0,,1.278,RP,1.0
2015,72333,이대환,NC,,False,0.333,1,54.0,6.0,0,0,0,0,0,0,0,1,2,0,2,2,0.0,0.0,99.99,0.0,0.0,-0.017,-0.06,0.333,RP,1.0
2022,65703,이도윤,한화,내야수,False,1.333,2,20.25,3.0,0,0,0,0,0,0,0,0,4,0,3,3,0.0,0.0,99.99,0.0,0.0,0.0,0.0,0.666,RP,1.0
2025,53615,이도현,KIA,투수,False,13.0,6,6.923076923076923,1.92,1,1,0,0,0,9,8,1,17,1,11,10,6.23,5.54,1.13,13.8,12.3,0.035,-0.08,2.167,RP,1.0
2011,77452,이동걸,삼성,,False,1.333,2,0.0,0.0,0,0,0,0,0,0,0,0,0,0,0,0,0.0,0.0,99.99,0.0,0.0,0.0,,0.666,RP,1.0
2012,77452,이동걸,삼성,,False,1.0,1,9.0,1.0,0,0,0,1,0,1,0,0,1,0,1,1,9.0,0.0,99.99,25.0,0.0,0.0,,1.0,SU,1.0
2013,77452,이동걸,삼성,,False,16.333,10,7.16327,1.65,0,0,0,0,0,11,7,2,20,1,13,13,6.06,3.86,1.5699999999999998,14.9,9.5,0.0,,1.633,RP,1.0
2014,77452,이동걸,한화,,False,20.0,8,4.5,1.4,0,1,0,0,0,16,7,3,21,4,15,10,7.2,3.15,2.29,19.0,8.3,0.141,-0.02,2.5,RP,1.0
2015,77452,이동걸,한화,,False,44.333,32,4.46617,1.94,2,0,0,0,0,25,28,4,58,8,28,22,5.08,5.68,0.89,11.4,12.8,-1.213,-0.04,1.385,RP,1.0
2016,77452,이동걸,한화,,False,5.0,5,5.4,1.6,0,0,0,0,0,1,2,0,6,2,3,3,1.8,3.6,0.5,4.3,8.7,-0.012,-0.04,1.0,RP,1.0
2017,77452,이동걸,한화,,False,36.667,24,4.17273,1.12,0,0,1,2,0,22,5,3,36,5,18,17,5.4,1.23,4.4,15.1,3.4,0.822,0.35,1.528,RP,1.0
2018,77452,이동걸,한화,,False,2.0,1,18.0,2.5,0,0,0,0,0,2,0,0,5,1,4,4,9.0,0.0,99.99,18.2,0.0,-0.005,-0.07,2.0,RP,1.0
2020,62294,이동원,두산,,False,0.0,1,0.0,0.0,0,0,0,0,0,0,2,0,0,0,2,2,0.0,0.0,0.0,0.0,100.0,-0.005,0.0,0.0,RP,1.0
2010,70356,이동학,넥센,,False,16.333,8,7.16327,2.02,0,1,0,0,0,9,8,1,25,1,17,13,4.96,4.41,1.13,11.1,9.9,0.0,,2.042,RP,1.0
2010,74620,이동현,한화,,False,25.333,21,4.26316,1.89,1,3,0,0,0,19,23,0,25,2,19,12,6.75,8.17,0.83,15.6,18.9,0.0,,1.206,RP,1.0
2010,71118,이동현,LG,,False,74.0,68,3.52703,1.34,7,3,4,15,0,58,34,3,65,5,38,29,7.05,4.14,1.71,18.6,10.9,0.0,,1.088,RP,1.0
2011,71118,이동현,LG,,False,33.0,38,6.27273,1.85,1,1,2,7,0,30,22,3,39,3,29,23,8.18,6.0,1.36,18.9,13.8,0.0,,0.868,RP,1.0
2012,71118,이동현,LG,,False,56.667,52,3.01765,1.08,2,2,0,6,0,56,18,0,43,1,20,19,8.89,2.86,3.11,24.2,7.8,0.0,,1.09,RP,1.0
2013,71118,이동현,LG,,False,72.0,64,3.0,1.32,6,3,1,25,0,53,25,3,70,4,29,24,6.63,3.13,2.12,17.5,8.3,0.0,,1.125,SU,1.0
2014,71118,이동현,LG,,False,59.333,61,2.73034,1.26,5,1,2,23,0,38,21,8,54,2,18,18,5.76,3.19,1.81,15.2,8.4,0.613,0.58,0.973,SU,1.0
2015,71118,이동현,LG,,False,59.333,60,4.39888,1.43,5,5,4,11,0,55,20,2,65,4,33,29,8.34,3.03,2.75,21.3,7.8,-0.281,0.19,0.989,RP,1.0
2016,71118,이동현,LG,,False,43.333,46,5.4,1.5699999999999998,4,3,2,5,0,38,14,3,54,5,26,26,7.89,2.91,2.71,19.5,7.2,-1.761,-0.08,0.942,RP,1.0
2017,71118,이동현,LG,,False,50.667,45,4.79605,1.22,3,6,7,5,0,39,10,3,52,4,30,27,6.93,1.78,3.9,18.5,4.7,2.5620000000000003,-0.08,1.126,RP,1.0
2018,71118,이동현,LG,,False,36.333,36,7.92661,1.54,2,1,0,4,0,23,7,3,49,6,35,32,5.7,1.73,3.29,13.8,4.2,-0.173,-1.05,1.009,RP,1.0
2019,71118,이동현,LG,,False,5.0,5,0.0,1.2,0,0,0,0,0,5,0,0,6,0,0,0,9.0,0.0,99.99,25.0,0.0,0.036,0.17,1.0,RP,1.0
2023,53892,이로운,SSG,투수,False,57.667,50,5.6185,1.66,6,1,0,5,0,52,29,1,67,7,39,36,8.12,4.53,1.79,19.4,10.8,0.674,-0.31,1.153,RP,1.0
2024,53892,이로운,SSG,투수,False,56.0,63,5.94643,1.96,1,3,1,9,0,41,43,3,67,4,43,37,6.59,6.91,0.95,14.8,15.5,-2.62,-0.23,0.889,RP,1.0
2025,53892,이로운,SSG,투수,False,77.0,75,1.987012987012987,1.06,6,5,1,33,0,66,26,0,56,7,19,17,7.71,3.04,2.54,21.6,8.5,4.223,2.52,1.027,SU,1.0
2026,53892,이로운,SSG,투수,False,40.667,45,7.081967213114754,1.75,5,3,0,7,0,38,25,1,46,6,32,32,8.41,5.53,1.52,20.0,13.2,-1.622,-0.34,0.904,RP,0.757
2010,72535,이명우,롯데,,False,33.333,6,6.75,1.74,1,3,0,0,2,18,8,1,50,4,25,25,4.86,2.16,2.25,11.8,5.3,0.0,,5.555,SP,1.0
2011,72535,이명우,롯데,,False,22.333,37,3.62687,1.61,0,0,0,3,0,19,7,2,29,1,11,9,7.66,2.82,2.71,19.0,7.0,0.0,,0.604,RP,1.0
2012,72535,이명우,롯데,,False,52.667,74,2.56329,1.29,2,1,0,10,0,32,17,2,51,1,16,15,5.47,2.91,1.88,14.4,7.7,0.0,,0.712,RP,1.0
2013,72535,이명우,롯데,,False,55.667,74,3.07186,1.19,2,4,1,20,0,32,25,1,41,2,19,19,5.17,4.04,1.28,14.2,11.1,0.0,,0.752,SU,1.0
2014,72535,이명우,롯데,,False,42.333,64,7.01575,2.06,0,6,0,11,0,31,23,1,64,1,37,33,6.59,4.89,1.35,14.8,11.0,-1.183,0.91,0.661,RP,1.0
2015,72535,이명우,롯데,,False,59.0,59,5.64407,1.66,2,1,0,6,0,34,20,2,78,5,44,37,5.19,3.05,1.7,12.6,7.4,-0.563,0.28,1.0,RP,1.0
2016,72535,이명우,롯데,,False,33.0,45,9.27273,1.79,2,3,0,6,0,25,18,1,41,5,37,34,6.82,4.91,1.39,15.9,11.5,-0.339,-0.62,0.733,RP,1.0
2017,72535,이명우,롯데,,False,26.667,34,5.7375,1.54,2,0,0,4,0,15,7,2,34,3,19,17,5.06,2.36,2.14,12.1,5.6,0.72,0.09,0.784,RP,1.0
2018,72535,이명우,롯데,,False,44.0,59,5.31818,1.55,0,1,0,2,0,25,9,0,59,1,36,26,5.11,1.84,2.78,12.5,4.5,-0.49,0.24,0.746,RP,1.0
2022,52397,이명종,키움,투수,False,27.333,27,5.26829,1.61,4,1,0,4,0,20,16,2,28,3,17,16,6.59,5.27,1.25,15.9,12.7,0.115,-0.12,1.012,RP,1.0
2023,52397,이명종,키움,투수,False,57.0,45,5.21053,1.58,5,5,0,1,0,26,24,6,66,5,34,33,4.11,3.79,1.08,10.0,9.2,-0.364,-0.16,1.267,RP,1.0
2024,52397,이명종,키움,투수,False,11.0,10,8.18182,2.27,0,1,0,0,0,4,5,0,20,4,10,10,3.27,4.09,0.8,6.9,8.6,-0.297,-0.18,1.1,RP,1.0
2022,52530,이민석,롯데,투수,False,33.667,27,5.88119,1.84,1,1,0,5,0,37,19,2,43,4,27,22,9.89,5.08,1.95,22.2,11.4,-0.199,-0.32,1.247,RP,1.0
2023,52530,이민석,롯데,투수,False,1.333,1,0.0,0.75,0,0,0,0,0,1,1,0,0,0,0,0,6.75,6.75,1.0,20.0,20.0,0.126,0.04,1.333,RP,1.0
2024,52530,이민석,롯데,투수,False,31.0,18,7.25806,2.03,0,2,0,1,0,20,25,2,38,3,27,25,5.8100000000000005,7.26,0.8,13.1,16.3,-0.678,-0.23,1.722,RP,1.0
2025,52530,이민석,롯데,투수,False,87.333,20,5.255725190839695,1.83,2,5,0,0,4,61,56,2,104,10,56,51,6.29,5.77,1.09,14.6,13.4,0.265,0.21,4.367,SP,1.0
2026,52530,이민석,롯데,투수,False,49.667,19,5.617449664429531,1.67,1,2,0,1,1,37,28,2,55,3,34,31,6.7,5.07,1.32,16.2,12.3,0.216,0.26,2.614,SP,0.757
2017,65616,이민우,KIA,투수,False,12.667,4,2.84211,1.11,1,1,0,0,1,9,0,1,14,2,4,4,6.39,0.0,99.99,17.0,0.0,0.118,0.35,3.167,SP,1.0
2018,65616,이민우,KIA,투수,False,37.667,30,7.16814,1.99,2,3,0,4,0,28,23,5,52,4,34,30,6.6899999999999995,5.5,1.22,14.9,12.2,-0.614,-0.41,1.256,RP,1.0
2019,65616,이민우,KIA,투수,False,61.333,32,5.42935,1.63,2,6,1,2,1,56,26,4,74,4,42,37,8.22,3.82,2.15,19.8,9.2,-0.125,-0.09,1.917,SP,1.0
2020,65616,이민우,KIA,투수,False,106.0,22,6.79245,1.66,6,10,0,0,6,67,47,6,129,11,87,80,5.6899999999999995,3.99,1.43,13.8,9.7,-1.345,-0.3,4.818,SP,1.0
2021,65616,이민우,KIA,투수,False,57.0,16,8.05263,1.91,1,6,0,0,1,28,31,5,78,8,53,51,4.42,4.89,0.9,10.2,11.3,-1.257,-0.85,3.562,SP,1.0
2022,65616,이민우,한화,투수,False,44.667,25,6.24627,1.72,1,1,0,0,0,23,17,3,60,3,33,31,4.63,3.43,1.35,11.2,8.3,-0.599,-0.25,1.787,RP,1.0
2023,65616,이민우,한화,투수,False,13.667,17,2.63415,1.02,2,1,0,2,0,11,6,0,8,2,6,4,7.24,3.95,1.83,19.3,10.5,0.027,0.08,0.804,RP,1.0
2024,65616,이민우,한화,투수,False,55.0,64,3.76364,1.44,2,1,1,10,0,49,23,1,56,5,25,23,8.02,3.76,2.13,20.9,9.8,0.391,0.98,0.859,RP,1.0
2026,65616,이민우,한화,투수,False,46.333,46,4.661870503597123,1.42,1,4,7,6,0,23,16,5,50,2,24,24,4.47,3.11,1.44,11.2,7.8,-0.828,0.69,1.007,RP,0.757
2020,50126,이민호,LG,투수,False,97.667,20,3.68601,1.41,4,4,0,0,7,67,44,10,94,5,46,40,6.17,4.05,1.52,15.4,10.1,1.669,1.19,4.883,SP,1.0
2021,50126,이민호,LG,투수,False,115.0,25,4.30435,1.17,8,9,0,0,7,100,45,14,89,13,58,55,7.83,3.52,2.22,21.0,9.4,1.372,1.49,4.6,SP,1.0
2022,50126,이민호,LG,투수,False,119.333,26,5.50559,1.58,12,8,0,0,5,73,43,7,146,14,77,73,5.51,3.24,1.7,13.5,8.0,0.381,-0.13,4.59,SP,1.0
2023,50126,이민호,LG,투수,False,19.667,5,5.0339,1.63,0,2,0,0,0,7,10,0,22,1,13,11,3.2,4.58,0.7,7.7,11.0,0.17,-0.01,3.933,SP,1.0
2026,50126,이민호,LG,투수,False,1.0,1,0.0,1.0,0,0,0,0,0,1,1,0,0,0,0,0,9.0,9.0,1.0,25.0,25.0,0.001,0.02,1.0,RP,0.757
2024,51110,이믿음,LG,투수,False,4.0,1,15.75,3.75,0,1,0,0,0,2,4,0,11,0,7,7,4.5,9.0,0.5,7.4,14.8,-0.301,-0.17,4.0,SP,1.0
2010,78119,이범준,LG,,False,28.0,14,9.64286,2.0,1,2,0,0,0,13,19,4,37,5,31,30,4.18,6.11,0.68,9.1,13.3,0.0,,2.0,RP,1.0
2011,78119,이범준,LG,,False,23.0,12,3.91304,1.39,0,0,0,0,0,12,11,1,21,0,13,10,4.7,4.3,1.09,12.2,11.2,0.0,,1.917,RP,1.0
2022,52204,이병헌,두산,투수,False,5.0,9,3.6,2.4,0,0,0,0,0,5,7,1,5,0,2,2,9.0,12.6,0.71,17.9,25.0,-0.055,0.01,0.556,RP,1.0
2023,52204,이병헌,두산,투수,False,27.0,36,4.66667,1.74,0,0,0,5,0,28,22,1,25,2,16,14,9.33,7.33,1.27,22.2,17.5,-0.644,-0.1,0.75,RP,1.0
2024,52204,이병헌,두산,투수,False,65.333,77,2.89286,1.45,6,1,1,22,0,57,34,3,61,3,25,21,7.85,4.68,1.6800000000000002,20.0,11.9,1.283,1.69,0.848,SU,1.0
2025,52204,이병헌,두산,투수,False,13.0,22,6.230769230769231,1.62,0,0,0,4,0,9,10,0,11,1,9,9,6.23,6.92,0.9,16.1,17.9,0.072,-0.12,0.591,RP,1.0
2026,52204,이병헌,두산,투수,False,37.667,49,4.539823008849558,1.7,1,1,0,7,0,32,16,2,48,4,29,19,7.65,3.82,2.0,17.6,8.8,-1.223,-0.21,0.769,RP,0.757
2010,75342,이보근,넥센,,False,75.0,52,4.32,1.55,1,2,0,4,0,35,45,5,71,5,38,36,4.2,5.4,0.78,10.8,13.9,0.0,,1.442,RP,1.0
2011,75342,이보근,넥센,,False,87.667,56,3.49049,1.53,5,3,1,5,0,52,42,1,92,5,37,34,5.34,4.31,1.24,13.5,10.9,0.0,,1.565,RP,1.0
2012,75342,이보근,넥센,,False,41.0,27,5.26829,1.46,3,1,0,0,0,17,18,4,42,3,26,24,3.73,3.95,0.94,9.2,9.8,0.0,,1.519,RP,1.0
2013,75342,이보근,넥센,,False,39.667,28,4.31092,1.36,1,3,0,1,0,18,11,3,43,2,19,19,4.08,2.5,1.64,10.7,6.5,0.0,,1.417,RP,1.0
2016,75342,이보근,넥센,,False,64.667,67,4.45361,1.48,5,7,0,25,0,56,27,6,69,3,36,32,7.79,3.76,2.07,19.3,9.3,0.207,1.07,0.965,SU,1.0
2017,75342,이보근,넥센,,False,52.667,55,5.46835,1.5,6,2,6,18,0,58,17,0,62,9,32,32,9.91,2.91,3.41,24.6,7.2,1.486,0.6,0.958,SU,1.0
2018,75342,이보근,넥센,,False,61.0,64,4.27869,1.31,7,6,0,24,0,54,14,4,66,6,36,29,7.97,2.07,3.86,20.5,5.3,0.549,0.88,0.953,SU,1.0
2019,75342,이보근,키움,,False,16.667,19,9.72,1.98,0,2,0,3,0,12,4,0,29,1,18,18,6.48,2.16,3.0,15.0,5.0,-0.822,-0.45,0.877,RP,1.0
2020,75342,이보근,KT,,False,46.667,49,2.50714,1.16,3,1,6,9,0,27,12,2,42,2,17,13,5.21,2.31,2.25,14.1,6.3,0.568,1.29,0.952,RP,1.0
2021,75342,이보근,KT,,False,11.0,16,15.5455,3.18,0,1,0,1,0,9,7,0,28,4,20,19,7.36,5.73,1.29,13.2,10.3,-0.826,-0.85,0.688,RP,1.0
2013,63737,이브랜드,한화,,True,172.333,32,5.53578,1.48,6,14,0,0,12,129,65,10,190,7,110,106,6.74,3.39,1.98,17.0,8.6,0.0,,5.385,SP,1.0
2019,65117,이상규,LG,투수,False,0.333,1,0.0,3.0,0,0,0,0,0,0,1,1,0,0,0,0,0.0,27.0,0.0,0.0,33.3,0.0,0.0,0.333,RP,1.0
2020,65117,이상규,LG,투수,False,31.0,28,6.67742,2.13,2,3,4,1,0,18,21,1,45,4,23,23,5.23,6.1,0.86,11.8,13.8,-0.717,-0.59,1.107,RP,1.0
2021,65117,이상규,LG,투수,False,6.0,7,9.0,1.67,0,0,0,0,0,4,2,1,8,1,6,6,6.0,3.0,2.0,13.8,6.9,0.035,-0.12,0.857,RP,1.0
2023,65117,이상규,LG,투수,False,7.667,8,2.34783,1.5699999999999998,0,0,0,0,0,6,5,0,7,0,2,2,7.04,5.87,1.2,17.6,14.7,0.206,0.14,0.958,RP,1.0
2024,65117,이상규,한화,투수,False,32.0,21,5.63,1.69,1,4,0,0,0,27,15,1,39,5,20,20,7.59,4.22,1.8,18.1,10.1,-0.229,0.12,1.524,RP,1.0
2025,65117,이상규,한화,투수,False,9.0,5,8.0,2.22,0,1,0,0,0,5,4,0,16,0,9,8,5.0,4.0,1.25,10.6,8.5,-0.55,-0.15,1.8,RP,1.0
2026,65117,이상규,한화,투수,False,47.667,45,4.72027972027972,1.32,3,3,0,9,0,37,16,4,47,4,31,25,6.99,3.02,2.31,17.5,7.5,0.065,0.26,1.059,RP,0.757
2019,69054,이상동,KT,투수,False,6.333,6,14.2105,1.89,0,0,0,0,0,0,2,1,10,2,10,10,0.0,2.84,0.0,0.0,6.7,-0.114,-0.3,1.056,RP,1.0
2020,69054,이상동,KT,투수,False,6.0,5,9.0,2.33,0,0,0,0,0,3,3,0,11,0,6,6,4.5,4.5,1.0,10.0,10.0,-0.041,-0.05,1.2,RP,1.0
2021,69054,이상동,KT,투수,False,6.333,6,8.52632,1.58,0,1,0,1,0,5,3,0,7,0,6,6,7.11,4.26,1.67,17.2,10.3,-0.155,-0.11,1.056,RP,1.0
2023,69054,이상동,KT,투수,False,40.667,36,3.98361,1.48,4,1,0,1,0,43,15,0,45,4,19,18,9.52,3.32,2.87,24.0,8.4,0.938,0.46,1.13,RP,1.0
2024,69054,이상동,KT,투수,False,32.0,29,5.34375,1.75,0,1,0,3,0,30,14,3,42,3,20,19,8.44,3.94,2.14,19.7,9.2,-0.654,0.22,1.103,RP,1.0
2025,69054,이상동,KT,투수,False,43.333,41,2.4923076923076923,0.92,3,0,0,5,0,34,9,2,31,4,12,12,7.06,1.87,3.78,20.2,5.4,1.003,0.98,1.057,RP,1.0
2026,69054,이상동,KT,투수,False,20.333,25,7.524590163934426,1.43,0,1,0,8,0,14,8,1,21,4,18,17,6.2,3.54,1.75,15.9,9.1,-0.269,-0.32,0.813,SU,0.757
2013,63960,이상민,NC,,False,2.0,8,9.0,3.0,0,0,0,1,0,5,1,1,5,0,2,2,22.5,4.5,5.0,38.5,7.7,0.0,,0.25,RP,1.0
2014,63960,이상민,넥센,,False,3.333,6,8.1,2.4,0,0,0,0,0,4,4,0,4,0,4,3,10.8,10.8,1.0,21.1,21.1,-0.037,0.02,0.556,RP,1.0
2015,63960,이상민,넥센,,False,19.333,23,10.7069,2.02,0,1,0,1,0,12,10,3,29,4,23,23,5.59,4.66,1.2,12.1,10.1,-0.261,-0.49,0.841,RP,1.0
2018,63960,이상민,넥센,,False,4.667,4,0.0,0.86,0,0,0,0,0,2,1,0,3,0,0,0,3.86,1.93,2.0,12.5,6.3,0.116,0.16,1.167,RP,1.0
2020,63960,이상민,삼성,,False,14.0,17,6.42857,2.0,0,1,0,1,0,13,11,1,17,4,10,10,8.36,7.07,1.18,18.8,15.9,-0.455,-0.03,0.824,RP,1.0
2021,63960,이상민,삼성,,False,24.667,30,4.74324,1.7,1,1,0,3,0,14,14,0,28,2,15,13,5.11,5.11,1.0,12.7,12.7,0.44,-0.01,0.822,RP,1.0
2022,63960,이상민,삼성,,False,29.333,46,3.68182,1.53,0,0,0,9,0,23,15,3,30,5,13,12,7.06,4.6,1.53,16.7,10.9,0.448,0.17,0.638,RP,1.0
2023,63960,이상민,삼성,,False,18.0,23,8.5,1.94,2,1,0,1,0,17,3,0,32,2,17,17,8.5,1.5,5.67,20.5,3.6,-0.407,-0.29,0.783,RP,1.0
2024,63960,이상민,삼성,,False,30.0,37,3.9,1.23,2,1,1,8,0,12,6,4,31,2,13,13,3.6,1.8,2.0,9.9,5.0,0.63,0.5,0.811,RP,1.0
2025,63960,이상민,삼성,,False,1.0,1,0.0,2.0,0,0,0,0,0,1,0,0,2,0,0,0,9.0,0.0,99.99,20.0,0.0,0.0,0.03,1.0,RP,1.0
2014,60864,이상백,SK,,False,14.333,16,4.39535,1.33,0,0,1,0,0,14,6,2,13,3,7,7,8.79,3.77,2.33,21.5,9.2,0.437,-0.09,0.896,RP,1.0
2010,96720,이상열,LG,,False,59.667,76,3.31844,1.21,2,2,0,16,0,44,20,2,52,3,23,22,6.64,3.02,2.2,18.2,8.3,0.0,,0.785,RP,1.0
2011,96720,이상열,LG,,False,44.0,77,3.88636,1.3,0,6,3,18,0,27,12,1,45,2,23,19,5.52,2.45,2.25,14.4,6.4,0.0,,0.571,RP,1.0
2012,96720,이상열,LG,,False,55.667,73,3.71856,1.13,1,3,0,15,0,29,16,2,47,5,24,23,4.6899999999999995,2.59,1.81,12.8,7.0,0.0,,0.763,RP,1.0
2013,96720,이상열,LG,,False,33.0,64,3.27273,1.67,2,3,0,13,0,22,12,3,43,1,15,12,6.0,3.27,1.83,14.5,7.9,0.0,,0.516,RP,1.0
2014,96720,이상열,LG,,False,8.0,12,7.88,1.75,0,0,0,1,0,5,3,1,11,1,7,7,5.63,3.38,1.67,13.2,7.9,-0.03,-0.06,0.667,RP,1.0
2019,69168,이상영,LG,투수,False,2.667,3,16.875,3.38,0,0,0,0,0,1,0,1,9,1,5,5,3.38,0.0,99.99,6.3,0.0,-0.018,-0.2,0.889,RP,1.0
2021,69168,이상영,LG,투수,False,50.0,21,4.32,1.6,1,1,0,0,0,30,32,8,48,7,28,24,5.4,5.76,0.94,13.2,14.0,0.188,-0.04,2.381,RP,1.0
2023,69168,이상영,LG,투수,False,11.0,6,3.27273,1.82,0,1,0,0,0,4,8,3,12,0,5,4,3.27,6.55,0.5,7.4,14.8,-0.008,0.02,1.833,RP,1.0
2024,69168,이상영,LG,투수,False,16.333,8,3.30612,1.41,0,1,0,1,0,8,8,4,15,1,6,6,4.41,4.41,1.0,10.7,10.7,0.171,0.35,2.042,RP,1.0
2026,69168,이상영,LG,투수,False,7.333,3,12.272727272727272,3.0,0,1,0,0,0,2,5,1,17,1,11,10,2.45,6.14,0.4,4.9,12.2,-0.182,-0.26,2.444,RP,0.757
2022,52063,이상우,KT,투수,False,3.333,2,2.7,1.5,0,0,0,0,0,1,2,0,3,0,1,1,2.7,5.4,0.5,7.1,14.3,-0.019,0.04,1.666,RP,1.0
2010,74647,이상화,KIA,,False,8.667,9,3.11538,1.73,0,1,0,0,0,7,6,0,9,0,6,3,7.27,6.23,1.17,16.3,14.0,0.0,,0.963,RP,1.0
2011,74647,이상화,KIA,,False,14.0,10,4.5,1.29,0,0,1,1,0,8,5,1,13,1,9,7,5.14,3.21,1.6,12.9,8.1,0.0,,1.4,RP,1.0
2012,77563,이상화,롯데,,False,3.333,1,5.4,2.4,0,1,0,0,0,1,2,0,6,0,2,2,2.7,5.4,0.5,6.3,12.5,0.0,,3.333,SP,1.0
2013,77563,이상화,롯데,,False,25.333,12,4.97368,1.62,2,1,0,1,0,18,9,0,32,4,17,14,6.39,3.2,2.0,15.8,7.9,0.0,,2.111,RP,1.0
2014,77563,이상화,롯데,,False,27.0,10,9.33333,2.11,1,3,0,0,0,16,15,3,42,4,28,28,5.33,5.0,1.07,11.9,11.1,-0.659,0.15,2.7,RP,1.0
2015,77563,이상화,롯데,,False,55.0,14,6.54545,1.71,3,8,0,0,2,35,25,1,69,7,43,40,5.73,4.09,1.4,13.7,9.8,-1.307,0.37,3.929,SP,1.0
2016,77563,이상화,KT,,False,32.667,16,7.9898,1.99,0,0,0,0,0,24,10,0,55,7,32,29,6.61,2.76,2.4,15.0,6.3,-0.205,-0.31,2.042,RP,1.0
2017,77563,이상화,KT,,False,66.0,70,3.95455,1.27,4,3,6,4,0,57,16,4,68,4,32,29,7.77,2.18,3.56,20.6,5.8,1.616,1.55,0.943,RP,1.0
2018,77563,이상화,KT,,False,10.333,11,2.6129,1.06,0,0,2,3,0,14,5,1,6,0,3,3,12.19,4.35,2.8,32.6,11.6,-0.501,0.5,0.939,SU,1.0
2020,77563,이상화,KT,,False,15.0,18,5.4,1.4,1,1,0,1,0,7,10,0,11,2,9,9,4.2,6.0,0.7,10.8,15.4,-0.045,0.01,0.833,RP,1.0
2011,78847,이상훈,SK,,False,0.333,1,0.0,0.0,0,0,0,1,0,0,0,1,0,0,0,0,0.0,0.0,99.99,0.0,0.0,0.0,,0.333,SU,1.0
2019,69068,이선우,KT,,False,1.667,3,5.4,1.2,0,0,0,0,0,2,1,0,1,1,1,1,10.8,5.4,2.0,28.6,14.3,-0.01,-0.03,0.556,RP,1.0
2020,69068,이선우,KT,,False,2.0,2,13.5,3.5,0,0,0,0,0,1,1,0,6,1,3,3,4.5,4.5,1.0,7.7,7.7,0.002,-0.1,1.0,RP,1.0
2023,69068,이선우,KT,,False,37.333,22,4.33929,1.5,0,2,0,0,0,24,9,4,47,5,20,18,5.79,2.17,2.67,14.2,5.3,-0.341,0.14,1.697,RP,1.0
2024,69068,이선우,KT,,False,10.0,6,5.4,1.4,0,0,0,0,0,4,4,2,10,0,6,6,3.6,3.6,1.0,8.9,8.9,0.006,0.06,1.667,RP,1.0
2013,63935,이성민,NC,,False,57.667,40,5.15029,1.6,3,4,0,4,2,33,27,7,65,8,35,33,5.15,4.21,1.22,12.4,10.2,0.0,,1.442,SP,1.0
2014,63935,이성민,NC,,False,28.0,9,5.78571,1.89,1,2,0,0,1,14,16,1,37,0,22,18,4.5,5.14,0.88,10.4,11.9,-0.291,0.38,3.111,SP,1.0
2015,63935,이성민,롯데,,False,72.667,61,4.58257,1.72,5,7,4,7,0,58,33,4,92,11,44,37,7.18,4.09,1.76,16.9,9.6,-2.103,0.69,1.191,RP,1.0
2016,63935,이성민,롯데,,False,68.667,36,7.07767,1.91,6,5,0,1,1,47,42,4,89,11,59,54,6.16,5.5,1.12,14.4,12.8,-1.465,-0.31,1.907,SP,1.0
2025,55632,이성원,KIA,투수,False,2.667,4,16.875,2.63,0,0,0,0,0,3,4,3,3,0,7,5,10.13,13.5,0.75,15.8,21.1,-0.035,-0.18,0.667,RP,1.0
2012,60198,이성진,LG,,False,2.333,2,19.2857,2.57,0,0,0,0,0,1,3,1,3,2,5,5,3.86,11.57,0.33,7.7,23.1,0.0,,1.166,RP,1.0
2014,64464,이수민,삼성,,False,7.333,5,2.45455,2.32,1,0,0,1,0,7,10,1,7,0,2,2,8.59,12.27,0.7,17.9,25.6,0.113,-0.01,1.467,RP,1.0
2017,64464,이수민,삼성,,False,2.667,1,10.125,1.88,0,0,0,0,0,1,1,1,4,0,3,3,3.38,3.38,1.0,7.1,7.1,-0.101,-0.07,2.667,RP,1.0
2022,64464,이수민,삼성,,False,4.667,4,5.78571,1.71,0,0,0,0,0,2,5,1,3,1,3,3,3.86,9.64,0.4,8.7,21.7,-0.088,-0.08,1.167,RP,1.0
2021,68797,이승관,한화,,False,5.667,8,27.0,4.76,0,2,0,0,0,5,16,0,11,1,20,17,7.94,25.41,0.31,11.4,36.4,-0.503,-0.75,0.708,RP,1.0
2022,68797,이승관,한화,,False,5.333,7,10.125,2.25,0,0,0,0,0,3,4,1,8,0,6,6,5.06,6.75,0.75,10.7,14.3,0.038,-0.14,0.762,RP,1.0
2020,50464,이승민,삼성,투수,False,26.333,7,6.83544,2.01,1,3,0,0,1,16,19,0,34,5,21,20,5.47,6.49,0.84,12.5,14.8,-0.331,0.09,3.762,SP,1.0
2021,50464,이승민,삼성,투수,False,35.667,11,8.57944,1.91,1,4,0,0,1,22,18,3,50,6,34,34,5.55,4.54,1.22,12.7,10.4,-0.741,-0.49,3.242,SP,1.0
2022,50464,이승민,삼성,투수,False,5.333,2,1.6875,1.31,0,0,0,0,0,2,5,0,2,0,1,1,3.38,8.44,0.4,8.7,21.7,0.135,0.08,2.666,RP,1.0
2024,50464,이승민,삼성,투수,False,47.333,25,8.55634,2.05,1,4,0,0,0,23,26,3,71,14,48,45,4.37,4.9399999999999995,0.88,9.7,11.0,-1.385,-0.97,1.893,RP,1.0
2025,50464,이승민,삼성,투수,False,64.333,62,3.77720207253886,1.35,3,2,0,8,0,53,26,3,61,5,37,27,7.41,3.64,2.04,18.9,9.3,0.64,0.44,1.038,RP,1.0
2026,50464,이승민,삼성,투수,False,48.0,53,2.0625,1.33,4,0,1,17,0,41,23,1,41,2,15,11,7.69,4.31,1.78,20.0,11.2,1.179,1.49,0.906,SU,0.757
2012,77154,이승우,LG,,False,82.333,21,5.90283,1.65,2,9,0,0,1,46,32,5,104,9,57,54,5.03,3.5,1.44,12.3,8.6,0.0,,3.921,SP,1.0
2021,51668,이승재,KIA,투수,False,24.0,25,7.5,1.83,2,1,0,5,0,17,18,3,26,5,20,20,6.38,6.75,0.94,14.4,15.3,-0.039,-0.66,0.96,RP,1.0
2022,51668,이승재,KIA,투수,False,1.0,1,0.0,0.0,0,0,0,0,0,1,0,1,0,0,0,0,9.0,0.0,99.99,25.0,0.0,0.071,0.04,1.0,RP,1.0
2018,64805,이승진,SK,,False,41.333,34,4.57258,1.48,0,1,0,0,0,37,20,4,41,6,25,21,8.06,4.35,1.85,19.6,10.6,-0.416,0.24,1.216,RP,1.0
2019,64805,이승진,SK,,False,19.0,17,8.05263,1.74,0,0,0,1,0,14,12,1,21,3,17,17,6.63,5.68,1.17,15.7,13.5,-0.575,-0.4,1.118,RP,1.0
2020,64805,이승진,두산,,False,51.333,33,5.61039,1.5,2,4,0,5,1,54,22,2,55,3,33,32,9.47,3.86,2.45,23.7,9.6,0.12,0.22,1.556,SP,1.0
2021,64805,이승진,두산,,False,48.333,47,3.91034,1.49,1,4,2,13,0,28,31,2,41,3,24,21,5.21,5.77,0.9,13.3,14.8,0.831,0.16,1.028,SU,1.0
2022,64805,이승진,두산,,False,31.333,35,6.60638,1.5,3,1,0,2,0,29,12,1,35,5,25,23,8.33,3.45,2.42,20.7,8.6,0.39,-0.47,0.895,RP,1.0
2023,64805,이승진,두산,,False,0.667,1,0.0,3.0,0,0,0,0,0,1,1,1,1,0,4,0,13.5,13.5,1.0,16.7,16.7,-0.002,-0.16,0.667,RP,1.0
2019,68529,이승헌,롯데,투수,False,2.0,1,31.5,5.0,0,1,0,0,0,0,3,1,7,0,7,7,0.0,13.5,0.0,0.0,18.8,-0.308,-0.25,2.0,RP,1.0
2020,68910,이승헌,NC,,False,2.0,3,9.0,2.0,0,0,0,0,0,2,1,1,3,1,2,2,9.0,4.5,2.0,18.2,9.1,-0.055,-0.05,0.667,RP,1.0
2020,68529,이승헌,롯데,투수,False,36.667,8,4.66364,1.23,3,2,0,0,2,34,11,2,34,1,25,19,8.35,2.7,3.09,21.7,7.0,0.0,0.63,4.583,SP,1.0
2021,68910,이승헌,NC,,False,5.333,5,6.75,1.88,0,0,0,0,0,7,1,0,9,0,5,4,11.81,1.69,7.0,25.9,3.7,-0.024,-0.02,1.067,RP,1.0
2021,68529,이승헌,롯데,투수,False,57.667,16,5.77457,1.87,0,3,0,0,1,31,43,7,65,2,39,37,4.84,6.71,0.72,11.2,15.5,-0.472,0.14,3.604,SP,1.0
2022,68529,이승헌,롯데,투수,False,0.667,1,54.0,9.0,0,1,0,0,0,1,3,0,3,0,4,4,13.5,40.5,0.33,12.5,37.5,-0.417,-0.19,0.667,RP,1.0
2026,68529,이승헌,롯데,투수,False,4.667,5,3.8571428571428568,1.93,0,0,0,0,0,2,3,0,6,0,3,2,3.86,5.79,0.67,8.7,13.0,-0.02,0.02,0.933,RP,0.757
2015,60146,이승현,LG,투수,False,15.333,15,5.86957,1.5699999999999998,0,0,0,0,0,21,10,1,14,1,10,10,12.33,5.87,2.1,29.6,14.1,0.089,-0.05,1.022,RP,1.0
2016,60146,이승현,LG,투수,False,41.0,38,5.4878,1.6800000000000002,3,1,0,3,0,29,23,4,46,5,28,25,6.37,5.05,1.26,15.2,12.0,0.136,-0.55,1.079,RP,1.0
2017,60146,이승현,삼성,투수,False,31.667,30,5.11579,1.83,2,0,0,0,0,25,22,1,36,9,21,18,7.11,6.25,1.14,16.0,14.1,0.093,-0.17,1.056,RP,1.0
2018,60146,이승현,삼성,투수,False,17.0,19,7.94118,1.76,1,1,0,2,0,14,7,2,23,4,15,15,7.41,3.71,2.0,17.1,8.5,-0.215,-0.17,0.895,RP,1.0
2019,60146,이승현,삼성,투수,False,37.0,34,1.94595,1.05,2,1,0,8,0,31,11,1,28,2,11,8,7.54,2.68,2.82,21.1,7.5,0.481,1.01,1.088,RP,1.0
2020,60146,이승현,삼성,투수,False,54.333,65,3.47853,1.29,1,2,0,14,0,52,25,0,45,11,22,21,8.61,4.14,2.08,23.0,11.1,0.817,1.1,0.836,RP,1.0
2021,60146,이승현,삼성,투수,False,17.0,21,9.52941,2.24,1,1,0,1,0,7,8,0,30,6,18,18,3.71,4.24,0.88,8.1,9.3,-0.402,-0.55,0.81,RP,1.0
2021,51454,이승현,삼성,투수,False,39.333,41,5.26271,1.47,1,4,0,7,0,46,23,3,35,3,24,23,10.53,5.26,2.0,26.4,13.2,0.149,0.17,0.959,RP,1.0
2022,60146,이승현,삼성,투수,False,50.0,54,4.68,1.4,0,2,0,13,0,39,22,3,48,5,26,26,7.02,3.96,1.77,18.0,10.1,1.423,0.29,0.926,RP,1.0
2022,51454,이승현,삼성,투수,False,47.667,58,4.53147,1.34,2,4,1,14,0,57,21,3,43,5,28,24,10.76,3.97,2.71,26.9,9.9,-0.81,0.28,0.822,RP,1.0
2023,51454,이승현,삼성,투수,False,43.333,48,4.98462,1.62,1,5,5,7,0,37,29,2,41,6,26,24,7.68,6.02,1.28,18.6,14.6,-0.62,-0.25,0.903,RP,1.0
2023,60146,이승현,삼성,투수,False,60.0,60,3.6,1.38,4,4,0,14,0,42,15,0,68,5,29,24,6.3,2.25,2.8,15.9,5.7,0.848,0.69,1.0,RP,1.0
2024,60146,이승현,삼성,투수,False,60.333,60,4.47514,1.51,6,2,1,9,0,51,23,3,68,6,31,30,7.61,3.43,2.22,19.2,8.7,-0.071,0.84,1.006,RP,1.0
2024,51454,이승현,삼성,투수,False,87.333,17,4.22519,1.43,6,4,0,0,5,68,37,6,88,9,44,41,7.01,3.81,1.84,17.7,9.6,1.146,1.56,5.137,SP,1.0
2025,60146,이승현,삼성,투수,False,35.667,42,6.308411214953272,1.51,2,1,0,11,0,29,11,1,43,9,26,25,7.32,2.78,2.64,18.0,6.8,-0.495,-0.46,0.849,SU,1.0
2025,51454,이승현,삼성,투수,False,101.333,25,5.417763157894737,1.65,4,9,0,0,2,74,46,9,121,10,64,61,6.57,4.09,1.61,15.7,9.8,0.555,0.56,4.053,SP,1.0
2026,51454,이승현,삼성,투수,False,27.0,12,7.0,1.67,0,2,0,0,0,27,15,1,30,3,22,21,9.0,5.0,1.8,21.6,12.0,-0.038,-0.08,2.25,RP,0.757
2026,60146,이승현,삼성,투수,False,37.0,49,4.621621621621622,1.65,5,1,1,11,0,35,17,0,44,5,21,19,8.51,4.14,2.06,20.6,10.0,0.193,0.37,0.755,RP,0.757
2010,70820,이승호,SK,,False,89.667,65,4.21561,1.47,6,4,20,5,1,96,51,4,81,12,44,42,9.64,5.12,1.88,24.3,12.9,0.0,,1.379,CL,1.0
2010,99137,이승호,SK,,False,31.0,16,2.03226,1.16,2,0,0,1,0,30,13,1,23,3,9,7,8.71,3.77,2.31,24.8,10.7,0.0,,1.938,RP,1.0
2011,99137,이승호,SK,,False,60.0,26,4.2,1.42,6,3,0,0,1,51,39,4,46,7,29,28,7.65,5.85,1.31,19.5,14.9,0.0,,2.308,SP,1.0
2011,70820,이승호,SK,,False,64.333,51,3.49741,1.48,6,3,2,2,0,50,47,1,48,3,28,25,6.99,6.58,1.06,17.6,16.5,0.0,,1.261,RP,1.0
2012,70820,이승호,롯데,,False,48.667,41,3.69863,1.54,2,3,0,1,0,27,35,1,40,1,23,20,4.99,6.47,0.77,12.5,16.2,0.0,,1.187,RP,1.0
2013,70820,이승호,NC,,False,9.333,12,9.64286,2.14,0,1,0,0,0,5,7,0,13,2,11,10,4.82,6.75,0.71,11.1,15.6,0.0,,0.778,RP,1.0
2015,70820,이승호,NC,,False,1.0,1,36.0,4.0,0,1,0,0,0,1,1,0,3,0,4,4,9.0,9.0,1.0,14.3,14.3,-0.226,-0.16,1.0,RP,1.0
2018,67603,이승호,넥센,투수,False,45.0,32,5.6,1.47,1,3,0,4,0,38,22,5,44,8,28,28,7.6,4.4,1.73,18.7,10.8,0.007,0.24,1.406,RP,1.0
2019,67603,이승호,키움,투수,False,122.667,23,4.47554,1.51,8,5,0,0,14,82,51,1,134,10,70,61,6.02,3.74,1.61,15.4,9.6,0.938,1.13,5.333,SP,1.0
2020,67603,이승호,키움,투수,False,118.667,24,5.08146,1.45,6,6,0,0,8,73,40,5,132,15,71,67,5.54,3.03,1.83,14.1,7.7,1.486,0.85,4.944,SP,1.0
2021,67603,이승호,키움,투수,False,47.333,38,5.51408,1.82,1,3,0,5,0,37,31,1,55,4,39,29,7.04,5.89,1.19,16.5,13.8,-0.625,-0.42,1.246,RP,1.0
2022,67603,이승호,키움,투수,False,50.333,53,3.57616,1.41,3,2,10,10,0,44,27,3,44,7,20,20,7.87,4.83,1.63,20.5,12.6,2.315,0.52,0.95,RP,1.0
2023,67603,이승호,키움,투수,False,5.0,4,5.4,1.8,0,0,0,1,0,1,4,0,5,1,3,3,1.8,7.2,0.25,4.2,16.7,0.017,-0.02,1.25,SU,1.0
2011,73825,이영욱,SK,,False,66.667,20,4.59,1.13,4,4,0,0,3,46,17,7,58,8,35,34,6.21,2.29,2.71,16.8,6.2,0.0,,3.333,SP,1.0
2012,73825,이영욱,SK,,False,32.333,11,5.56701,1.39,0,2,0,0,0,15,17,5,28,3,20,20,4.18,4.73,0.88,10.6,12.0,0.0,,2.939,RP,1.0
2013,73825,이영욱,SK,,False,1.0,1,27.0,2.0,0,0,0,0,0,1,0,1,2,1,3,3,9.0,0.0,99.99,16.7,0.0,0.0,,1.0,RP,1.0
2025,55503,이영재,롯데,투수,False,2.0,3,9.0,2.5,0,0,0,0,0,2,0,1,5,1,2,2,9.0,0.0,99.99,18.2,0.0,-0.01,-0.04,0.667,RP,1.0
2026,55503,이영재,롯데,투수,False,3.333,6,0.0,1.5,0,0,0,0,0,4,1,1,4,0,0,0,10.8,2.7,4.0,23.5,5.9,-0.059,0.13,0.556,RP,0.757
2017,64051,이영준,넥센,,False,8.333,10,5.4,1.6800000000000002,1,0,0,0,0,4,4,2,10,0,5,5,4.32,4.32,1.0,9.3,9.3,-0.168,0.06,0.833,RP,1.0
2018,64051,이영준,넥센,,False,2.0,2,22.5,4.5,0,0,0,0,0,2,3,0,6,0,5,5,9.0,13.5,0.67,13.3,20.0,-0.101,-0.16,1.0,RP,1.0
2019,64051,이영준,키움,,False,33.333,29,2.97,1.32,1,1,0,1,0,19,5,0,39,0,11,11,5.13,1.35,3.8,14.0,3.7,1.087,0.75,1.149,RP,1.0
2020,64051,이영준,키움,,False,40.0,52,4.73,1.5,2,3,0,25,0,32,19,2,41,5,21,21,7.2,4.28,1.6800000000000002,18.2,10.8,1.249,0.26,0.769,SU,1.0
2022,64051,이영준,키움,,False,21.0,26,4.28571,1.9,2,2,0,4,0,16,13,2,27,0,12,10,6.86,5.57,1.23,15.7,12.7,-0.957,0.1,0.808,RP,1.0
2023,64051,이영준,키움,,False,1.667,2,21.6,3.0,0,1,0,0,0,0,1,0,4,0,4,4,0.0,5.4,0.0,0.0,10.0,-0.447,-0.2,0.834,RP,1.0
2017,66291,이영하,두산,투수,False,35.667,20,5.5514,1.65,3,3,0,0,1,26,16,3,43,8,22,22,6.5600000000000005,4.04,1.63,16.3,10.0,0.0,-0.22,1.783,SP,1.0
2018,66291,이영하,두산,투수,False,122.667,40,5.28261,1.58,10,3,0,2,6,90,54,9,140,15,75,72,6.6,3.96,1.67,16.2,9.7,0.406,0.51,3.067,SP,1.0
2019,66291,이영하,두산,투수,True,163.333,29,3.63673,1.28,17,4,0,0,17,90,61,10,148,5,70,66,4.96,3.36,1.48,13.0,8.8,4.808,2.54,5.632,SP,1.0
2020,66291,이영하,두산,투수,False,132.0,42,4.63636,1.62,5,11,6,0,7,85,66,5,148,9,78,68,5.8,4.5,1.29,14.0,10.9,0.71,0.65,3.143,SP,1.0
2021,66291,이영하,두산,투수,False,78.667,35,6.29237,1.75,5,6,1,2,1,53,57,1,81,9,58,55,6.06,6.52,0.93,14.6,15.7,-0.618,-0.25,2.248,SP,1.0
2022,66291,이영하,두산,투수,False,98.667,21,4.92568,1.6800000000000002,6,8,0,0,6,83,57,6,109,5,65,54,7.57,5.2,1.46,18.0,12.3,0.172,0.04,4.698,SP,1.0
2023,66291,이영하,두산,투수,False,39.333,36,5.49153,1.55,5,3,0,4,0,28,21,4,40,2,27,24,6.41,4.8100000000000005,1.33,15.2,11.4,-0.505,-0.35,1.093,RP,1.0
2024,66291,이영하,두산,투수,False,65.333,59,3.9949,1.5,5,4,2,5,0,59,36,2,62,4,34,29,8.13,4.96,1.64,19.8,12.1,-0.086,0.83,1.107,RP,1.0
2025,66291,이영하,두산,투수,False,66.667,73,4.05,1.53,4,4,0,14,0,72,39,6,63,4,33,30,9.72,5.26,1.85,24.1,13.0,-0.035,0.68,0.913,RP,1.0
2026,66291,이영하,두산,투수,False,50.333,42,3.576158940397351,1.23,5,4,18,0,0,63,24,2,38,3,20,20,11.26,4.29,2.63,29.2,11.1,2.128,1.61,1.198,CL,0.757
2021,51948,이용준,NC,투수,False,1.667,2,21.6,4.2,0,0,0,0,0,1,4,0,3,0,4,4,5.4,21.6,0.25,8.3,33.3,-0.021,-0.1,0.834,RP,1.0
2022,51948,이용준,NC,투수,False,22.0,10,8.59091,2.09,0,1,0,0,0,19,13,3,33,4,23,21,7.77,5.32,1.46,16.4,11.2,-0.592,-0.58,2.2,RP,1.0
2023,51948,이용준,NC,투수,False,67.0,24,4.29851,1.55,3,4,0,0,1,50,44,2,60,5,39,32,6.72,5.91,1.14,16.4,14.5,-0.289,0.24,2.792,SP,1.0
2024,51948,이용준,NC,투수,False,33.667,9,6.68317,1.66,2,3,0,0,1,26,14,1,42,5,28,25,6.95,3.74,1.86,16.6,8.9,-0.193,-0.07,3.741,SP,1.0
2026,51948,이용준,NC,투수,False,5.667,7,7.9411764705882355,1.76,1,1,0,0,0,2,3,0,7,0,6,5,3.18,4.76,0.67,7.4,11.1,-0.633,-0.18,0.81,RP,0.757
2010,77211,이용찬,두산,투수,False,41.667,47,3.24,1.06,2,1,25,0,0,28,10,1,34,7,16,15,6.05,2.16,2.8,16.9,6.0,0.0,,0.887,CL,1.0
2011,77211,이용찬,두산,투수,False,129.0,28,4.18605,1.52,6,10,0,0,7,99,60,8,136,7,67,60,6.91,4.19,1.65,17.2,10.4,0.0,,4.607,SP,1.0
2012,77211,이용찬,두산,투수,True,162.0,26,3.0,1.34,10,11,0,0,17,113,63,6,154,5,58,54,6.28,3.5,1.79,16.6,9.3,0.0,,6.231,SP,1.0
2013,77211,이용찬,두산,투수,False,3.333,5,2.7,3.0,0,0,0,0,0,4,3,0,7,0,1,1,10.8,8.1,1.33,21.1,15.8,0.0,,0.667,RP,1.0
2014,77211,이용찬,두산,투수,False,51.0,48,4.23529,1.41,5,5,17,0,0,47,16,3,56,3,28,24,8.29,2.82,2.94,21.3,7.2,-0.777,0.96,1.062,CL,1.0
2016,77211,이용찬,두산,투수,False,6.667,5,2.7,1.05,1,0,0,2,0,5,0,0,7,0,2,2,6.75,0.0,99.99,19.2,0.0,0.033,0.22,1.333,SU,1.0
2017,77211,이용찬,두산,투수,False,71.667,68,4.39535,1.53,5,5,22,2,0,57,27,4,83,5,38,35,7.16,3.39,2.11,17.6,8.3,3.285,0.6,1.054,CL,1.0
2018,77211,이용찬,두산,투수,True,144.0,25,3.63,1.3,15,3,0,0,16,102,36,8,151,14,62,58,6.38,2.25,2.83,16.8,5.9,1.865,3.14,5.76,SP,1.0
2019,77211,이용찬,두산,투수,True,148.333,26,4.06517,1.44,7,10,0,0,14,102,45,6,168,15,75,67,6.19,2.73,2.27,15.7,6.9,2.14,1.27,5.705,SP,1.0
2020,77211,이용찬,두산,투수,False,26.667,5,8.4375,1.76,1,3,0,0,1,15,6,0,41,7,25,25,5.06,2.02,2.5,12.0,4.8,-0.485,-0.6,5.333,SP,1.0
2021,77211,이용찬,NC,투수,False,37.0,39,2.18919,1.03,1,3,16,3,0,35,11,1,27,2,11,9,8.51,2.68,3.18,23.2,7.3,0.956,1.45,0.949,CL,1.0
2022,77211,이용찬,NC,투수,False,60.667,59,2.07692,1.14,3,3,22,0,0,61,13,3,56,3,16,14,9.05,1.93,4.6899999999999995,24.1,5.1,3.858,2.36,1.028,CL,1.0
2023,77211,이용찬,NC,투수,False,61.0,60,4.13115,1.18,4,4,29,0,0,51,19,3,53,5,28,28,7.52,2.8,2.68,20.1,7.5,2.231,0.94,1.017,CL,1.0
2024,77211,이용찬,NC,투수,False,54.333,57,6.12883,1.9,3,9,16,2,0,49,21,2,82,6,48,37,8.12,3.48,2.33,18.7,8.0,-0.454,-0.55,0.953,RP,1.0
2025,77211,이용찬,NC,투수,False,15.333,12,10.565217391304348,2.28,1,2,0,1,0,14,12,4,23,1,18,18,8.22,7.04,1.17,16.9,14.5,-0.681,-0.45,1.278,RP,1.0
2026,77211,이용찬,두산,투수,False,31.0,34,4.64516129032258,1.26,3,0,1,6,0,30,8,3,31,7,16,16,8.71,2.32,3.75,22.2,5.9,1.084,0.16,0.912,RP,0.757
2015,77253,이용호,두산,,False,0.333,2,81.0,12.0,0,0,0,0,0,0,2,0,2,0,3,3,0.0,54.0,0.0,0.0,40.0,-0.012,-0.09,0.166,RP,1.0
2016,77253,이용호,두산,,False,1.667,1,5.4,2.4,0,0,0,0,0,0,1,0,3,0,1,1,0.0,5.4,0.0,0.0,11.1,-0.001,0.0,1.667,RP,1.0
2017,77253,이용호,두산,,False,0.333,1,27.0,12.0,0,0,0,0,0,0,2,0,2,0,1,1,0.0,54.0,0.0,0.0,50.0,-0.013,-0.03,0.333,RP,1.0
2010,70434,이용훈,롯데,,False,16.333,7,8.26531,1.9,0,2,0,0,1,8,4,1,27,3,15,15,4.41,2.2,2.0,10.4,5.2,0.0,,2.333,SP,1.0
2011,70434,이용훈,롯데,,False,4.0,4,11.25,2.25,0,1,0,0,0,1,0,0,9,0,5,5,2.25,0.0,99.99,5.3,0.0,0.0,,1.0,RP,1.0
2012,70434,이용훈,롯데,,False,101.667,25,3.00984,1.25,8,5,1,1,8,57,25,3,102,4,44,34,5.05,2.21,2.28,13.6,6.0,0.0,,4.067,SP,1.0
2018,65964,이우석,NC,,False,0.333,1,0.0,3.0,0,0,0,0,0,1,1,0,0,0,0,0,27.0,27.0,1.0,50.0,50.0,0.005,0.01,0.333,RP,1.0
2019,65964,이우석,NC,,False,5.333,6,10.125,2.25,0,0,0,1,0,4,5,0,7,0,6,6,6.75,8.44,0.8,15.4,19.2,-0.2,-0.16,0.889,RP,1.0
2021,65964,이우석,NC,,False,9.667,10,5.58621,2.07,1,0,0,0,0,8,7,3,13,1,6,6,7.45,6.52,1.14,16.3,14.3,0.083,-0.04,0.967,RP,1.0
2022,65964,이우석,NC,,False,1.667,3,21.6,2.4,0,1,0,0,0,1,3,2,1,0,4,4,5.4,16.2,0.33,9.1,27.3,-0.182,-0.19,0.556,RP,1.0
2023,65964,이우석,NC,,False,0.667,1,0.0,1.5,0,0,0,0,0,0,1,0,0,0,0,0,0.0,13.5,0.0,0.0,50.0,0.0,0.0,0.667,RP,1.0
2010,79442,이우선,삼성,,False,68.333,32,4.34634,1.35,1,3,1,0,0,42,24,2,68,10,34,33,5.53,3.16,1.75,14.4,8.2,0.0,,2.135,RP,1.0
2011,79442,이우선,삼성,,False,51.0,35,3.35294,1.2,0,0,0,0,0,35,14,3,47,5,19,19,6.18,2.47,2.5,16.6,6.6,0.0,,1.457,RP,1.0
2012,79442,이우선,삼성,,False,5.667,4,1.58824,0.88,0,0,0,0,0,5,3,0,2,1,1,1,7.94,4.76,1.67,22.7,13.6,0.0,,1.417,RP,1.0
2013,79442,이우선,삼성,,False,11.0,10,3.27273,1.45,0,1,0,0,0,2,5,1,11,0,4,4,1.64,4.09,0.4,4.1,10.2,0.0,,1.1,RP,1.0
2014,79442,이우선,삼성,,False,0.333,1,0.0,3.0,0,0,0,0,0,0,1,0,0,0,0,0,0.0,27.0,0.0,0.0,50.0,0.002,-0.01,0.333,RP,1.0
2016,61145,이우찬,LG,투수,False,0.0,1,0.0,0.0,0,0,0,0,0,0,2,0,2,1,4,4,0.0,0.0,0.0,0.0,50.0,-0.231,0.0,0.0,RP,1.0
2018,61145,이우찬,LG,투수,False,0.667,3,54.0,9.0,0,0,0,0,0,0,3,1,3,0,4,4,0.0,40.5,0.0,0.0,33.3,-0.157,-0.23,0.222,RP,1.0
2019,61145,이우찬,LG,투수,False,91.0,30,4.84615,1.58,5,4,0,2,4,58,66,4,78,5,55,49,5.74,6.53,0.88,14.6,16.6,0.768,-0.83,3.033,SP,1.0
2020,61145,이우찬,LG,투수,False,4.667,4,11.5714,3.43,0,0,0,0,0,4,7,2,9,1,6,6,7.71,13.5,0.57,13.3,23.3,0.005,-0.21,1.167,RP,1.0
2021,61145,이우찬,LG,투수,False,34.0,15,5.55882,1.79,0,1,0,0,0,27,25,1,36,3,25,21,7.15,6.62,1.08,16.8,15.5,-0.117,-0.25,2.267,RP,1.0
2022,61145,이우찬,LG,투수,False,44.667,36,1.81343,1.12,5,0,0,2,0,42,21,1,29,2,10,9,8.46,4.23,2.0,23.1,11.5,1.203,1.13,1.241,RP,1.0
2023,61145,이우찬,LG,투수,False,38.333,38,3.52174,1.38,1,3,0,5,0,30,18,2,35,1,15,15,7.04,4.23,1.67,19.1,11.5,0.687,0.52,1.009,RP,1.0
2024,61145,이우찬,LG,투수,False,33.667,42,8.82178,2.14,3,2,0,6,0,31,30,1,42,2,35,33,8.29,8.02,1.03,18.0,17.4,-0.191,-0.72,0.802,RP,1.0
2025,61145,이우찬,LG,투수,False,19.0,23,1.8947368421052633,1.42,0,1,0,0,0,20,14,1,13,0,6,4,9.47,6.63,1.43,23.3,16.3,-0.187,0.36,0.826,RP,1.0
2026,61145,이우찬,LG,투수,False,12.667,16,2.131578947368421,1.26,0,0,0,0,0,12,3,0,13,1,3,3,8.53,2.13,4.0,22.6,5.7,0.101,0.33,0.792,RP,0.757
2010,77229,이원재,두산,,False,1.0,1,27.0,5.0,0,0,0,0,0,1,1,0,4,2,3,3,9.0,9.0,1.0,14.3,14.3,0.0,,1.0,RP,1.0
2012,77229,이원재,두산,,False,3.0,4,12.0,2.33,0,0,0,0,0,2,3,0,4,0,4,4,6.0,9.0,0.67,12.5,18.8,0.0,,0.75,RP,1.0
2015,77229,이원재,두산,,False,10.667,12,12.6563,3.09,1,0,0,0,0,5,12,1,21,2,15,15,4.22,10.13,0.42,7.9,19.0,0.056,-0.38,0.889,RP,1.0
2023,52295,이원재,두산,투수,False,1.0,1,27.0,6.0,0,0,0,0,0,0,3,0,3,0,3,3,0.0,27.0,0.0,0.0,33.3,-0.271,-0.14,1.0,RP,1.0
2018,67863,이원준,SK,외야수,False,3.667,3,29.4545,3.82,0,1,0,0,0,2,1,0,13,3,12,12,4.91,2.45,2.0,8.0,4.0,-0.796,-0.44,1.222,RP,1.0
2019,67863,이원준,SK,외야수,False,2.333,2,19.2857,3.0,0,1,0,0,0,2,4,0,3,1,5,5,7.71,15.43,0.5,14.3,28.6,-0.206,-0.2,1.166,RP,1.0
2020,67863,이원준,SK,외야수,False,19.333,17,7.44828,2.28,0,1,0,0,0,17,16,0,28,3,17,16,7.91,7.45,1.06,17.0,16.0,-0.872,-0.14,1.137,RP,1.0
2015,63137,이윤학,KT,,False,3.0,2,24.0,3.67,0,0,0,0,0,4,2,0,9,2,8,8,12.0,6.0,2.0,20.0,10.0,0.023,-0.15,1.5,RP,1.0
2021,51648,이의리,KIA,투수,False,94.667,19,3.61268,1.32,4,5,0,0,4,93,56,2,69,6,42,38,8.84,5.32,1.66,23.0,13.9,1.363,1.96,4.982,SP,1.0
2022,51648,이의리,KIA,투수,True,154.0,29,3.85714,1.31,10,10,0,0,12,161,74,9,128,18,79,66,9.41,4.32,2.18,24.0,11.0,1.279,1.52,5.31,SP,1.0
2023,51648,이의리,KIA,투수,False,131.667,28,3.96456,1.49,11,7,0,0,6,156,93,8,103,4,64,58,10.66,6.36,1.6800000000000002,26.1,15.6,1.744,2.17,4.702,SP,1.0
2024,51648,이의리,KIA,투수,False,13.333,4,5.4,2.33,1,0,0,0,0,14,14,0,17,3,10,8,9.45,9.45,1.0,20.3,20.3,-0.043,-0.08,3.333,SP,1.0
2025,51648,이의리,KIA,투수,False,39.667,10,7.9411764705882355,1.82,1,4,0,0,2,42,31,3,41,6,37,35,9.53,7.03,1.35,21.8,16.1,-0.767,-0.63,3.967,SP,1.0
2026,51648,이의리,KIA,투수,False,46.333,19,7.575539568345324,1.81,2,6,2,1,0,49,37,2,47,8,39,39,9.52,7.19,1.32,22.2,16.7,-0.606,-0.37,2.439,RP,0.757
2026,56503,이이무라,롯데,투수,False,17.333,16,7.788461538461538,1.5,2,2,0,5,0,14,1,1,25,1,15,15,7.27,0.52,14.0,18.2,1.3,0.505,-0.01,1.083,SU,0.757
2014,64565,이인복,롯데,,False,4.667,3,15.4286,2.57,0,0,0,0,0,2,4,1,8,2,9,8,3.86,7.71,0.5,7.1,14.3,-0.075,-0.1,1.556,RP,1.0
2015,64565,이인복,롯데,,False,20.333,9,10.1803,2.16,0,0,0,0,0,9,8,2,36,4,25,23,3.98,3.54,1.13,8.6,7.6,-0.267,-0.43,2.259,RP,1.0
2019,64565,이인복,롯데,,False,12.333,11,11.6757,3.0,0,0,0,0,0,7,8,0,29,2,18,16,5.11,5.84,0.88,9.5,10.8,-0.433,-0.59,1.121,RP,1.0
2020,64565,이인복,롯데,,False,45.333,47,3.97059,1.52,1,4,0,2,0,21,12,1,57,2,22,20,4.17,2.38,1.75,10.6,6.0,-0.316,0.71,0.965,RP,1.0
2021,64565,이인복,롯데,,False,61.333,25,4.1087,1.45,3,0,0,1,1,45,14,5,75,5,31,28,6.6,2.05,3.21,16.6,5.2,0.832,1.12,2.453,SP,1.0
2022,64565,이인복,롯데,,False,126.667,26,4.19211,1.44,9,9,0,1,8,71,30,4,153,6,63,59,5.04,2.13,2.37,13.0,5.5,1.517,1.95,4.872,SP,1.0
2023,64565,이인복,롯데,,False,33.333,10,6.48,1.92,1,4,0,0,0,15,10,5,54,3,32,24,4.05,2.7,1.5,8.9,6.0,-0.535,-0.47,3.333,SP,1.0
2024,64565,이인복,롯데,,False,33.0,8,9.54545,1.88,0,3,0,0,1,20,13,3,49,10,35,35,5.45,3.55,1.54,12.6,8.2,-1.234,-0.62,4.125,SP,1.0
2010,77566,이재곤,롯데,투수,False,124.0,22,4.1371,1.27,8,3,0,0,10,44,31,10,126,11,63,57,3.19,2.25,1.42,8.6,6.0,0.0,,5.636,SP,1.0
2011,77566,이재곤,롯데,투수,False,56.667,39,6.35294,1.75,3,5,1,2,1,16,25,5,74,9,52,40,2.54,3.97,0.64,6.1,9.5,0.0,,1.453,SP,1.0
2012,77566,이재곤,롯데,투수,False,7.667,8,9.3913,2.48,0,0,0,0,0,4,7,1,12,1,8,8,4.7,8.22,0.57,9.3,16.3,0.0,,0.958,RP,1.0
2013,77566,이재곤,롯데,투수,False,30.0,10,6.9,1.77,3,3,0,0,2,17,20,9,33,3,23,23,5.1,6.0,0.85,11.5,13.5,0.0,,3.0,SP,1.0
2015,77566,이재곤,롯데,투수,False,13.0,5,6.23077,2.54,0,2,0,0,0,9,18,4,15,1,10,9,6.23,12.46,0.5,12.7,25.4,-0.236,-0.02,2.6,RP,1.0
2022,52715,이재민,한화,,False,2.0,2,36.0,4.0,0,0,0,0,0,0,5,1,3,0,8,8,0.0,22.5,0.0,0.0,33.3,-0.076,-0.24,1.0,RP,1.0
2010,72216,이재영,SK,,False,10.667,8,6.75,2.34,0,0,0,0,0,6,10,2,15,2,9,8,5.06,8.44,0.6,10.9,18.2,0.0,,1.333,RP,1.0
2011,72216,이재영,SK,,False,29.0,21,2.7931,0.93,2,0,0,2,0,15,8,0,19,3,9,9,4.66,2.48,1.88,13.8,7.3,0.0,,1.381,RP,1.0
2012,72216,이재영,SK,,False,65.0,48,4.29231,1.54,6,3,1,10,0,46,35,5,65,6,32,31,6.37,4.85,1.31,15.7,11.9,0.0,,1.354,RP,1.0
2013,72216,이재영,SK,,False,43.667,44,5.56489,1.44,2,4,0,3,0,35,24,5,39,5,30,27,7.21,4.95,1.46,18.1,12.4,0.0,,0.992,RP,1.0
2014,72216,이재영,SK,,False,48.0,38,6.1875,1.52,1,0,0,4,0,42,28,0,45,7,35,33,7.88,5.25,1.5,20.1,13.4,-0.616,-0.13,1.263,RP,1.0
2015,72216,이재영,SK,,False,31.0,26,4.64516,1.58,1,0,0,1,0,26,13,3,36,4,18,16,7.55,3.77,2.0,17.9,9.0,0.606,0.04,1.192,RP,1.0
2010,71260,이재우,두산,,False,6.667,2,1.35,0.3,1,0,0,0,1,4,0,0,2,0,1,1,5.4,0.0,99.99,19.0,0.0,0.0,,3.334,SP,1.0
2012,71260,이재우,두산,,False,2.667,3,0.0,0.75,0,0,0,0,0,2,1,0,1,0,0,0,6.75,3.38,2.0,22.2,11.1,0.0,,0.889,RP,1.0
2013,71260,이재우,두산,,False,66.667,30,4.73,1.61,5,2,0,0,0,44,48,4,59,5,36,35,5.9399999999999995,6.48,0.92,14.6,15.9,0.0,,2.222,RP,1.0
2014,71260,이재우,두산,,False,37.667,11,5.0177,1.67,1,2,0,1,0,30,22,3,41,5,21,21,7.17,5.26,1.36,17.0,12.5,-0.292,0.17,3.424,SP,1.0
2015,71260,이재우,두산,,False,46.0,37,6.26087,1.5699999999999998,0,2,0,9,0,47,28,5,44,9,33,32,9.2,5.48,1.6800000000000002,22.1,13.1,-0.431,-0.48,1.243,RP,1.0
2016,71260,이재우,한화,,False,25.333,15,6.03947,1.89,0,1,0,0,0,18,14,3,34,9,20,17,6.39,4.97,1.29,14.8,11.5,-0.48,-0.22,1.689,RP,1.0
2020,63492,이재익,삼성,투수,False,0.667,4,135.0,15.0,0,0,0,0,0,1,2,0,8,2,11,10,13.5,27.0,0.5,7.7,15.4,-0.045,-0.27,0.167,RP,1.0
2021,63492,이재익,삼성,투수,False,10.0,11,4.5,2.3,2,0,0,0,0,5,12,0,11,1,6,5,4.5,10.8,0.42,9.8,23.5,-0.046,-0.06,0.909,RP,1.0
2022,63492,이재익,삼성,투수,False,33.333,42,5.94,1.5,3,2,0,7,0,21,9,1,41,4,25,22,5.67,2.43,2.33,14.1,6.0,-0.461,-0.28,0.794,RP,1.0
2023,63492,이재익,삼성,투수,False,41.0,51,3.95122,1.54,1,3,0,11,0,26,17,0,46,3,19,18,5.71,3.73,1.53,14.4,9.4,-0.141,0.47,0.804,RP,1.0
2024,63492,이재익,삼성,투수,False,9.667,9,17.6897,3.41,1,0,0,0,0,6,4,0,29,2,19,19,5.59,3.72,1.5,10.3,6.9,-0.217,-0.51,1.074,RP,1.0
2025,63492,이재익,삼성,투수,False,7.333,7,1.2272727272727273,1.36,1,0,0,0,0,6,2,0,8,0,1,1,7.36,2.45,3.0,19.4,6.5,0.23,0.27,1.048,RP,1.0
2026,63492,이재익,삼성,투수,False,4.333,4,0.0,1.15,0,0,0,0,0,5,1,0,4,0,0,0,10.38,2.08,5.0,27.8,5.6,-0.031,0.21,1.083,RP,0.757
2010,60263,이재학,두산,투수,False,23.333,16,5.01429,1.46,1,1,0,0,0,18,13,6,21,3,14,13,6.9399999999999995,5.01,1.38,16.8,12.1,0.0,,1.458,RP,1.0
2013,60263,이재학,NC,투수,True,156.0,27,2.88462,1.17,10,5,1,0,17,144,59,14,123,12,53,50,8.31,3.4,2.44,22.3,9.1,0.0,,5.778,SP,1.0
2014,60263,이재학,NC,투수,True,156.0,29,4.21154,1.41,10,9,0,0,13,131,68,8,152,16,77,73,7.56,3.92,1.93,19.6,10.2,0.218,1.87,5.379,SP,1.0
2015,60263,이재학,NC,투수,False,125.0,29,4.104,1.38,10,8,0,1,5,116,58,9,115,17,58,57,8.35,4.18,2.0,21.3,10.6,0.752,1.83,4.31,SP,1.0
2016,60263,이재학,NC,투수,False,127.667,26,4.58225,1.52,12,4,0,0,6,134,54,6,140,19,72,65,9.45,3.81,2.48,23.6,9.5,-0.338,1.75,4.91,SP,1.0
2017,60263,이재학,NC,투수,False,119.0,28,5.67227,1.54,5,7,0,0,7,117,41,13,142,22,88,75,8.85,3.1,2.85,21.4,7.5,-0.786,-0.21,4.25,SP,1.0
2018,60263,이재학,NC,투수,True,152.333,29,4.78556,1.35,5,13,0,0,10,116,49,10,157,13,87,81,6.85,2.89,2.37,17.6,7.4,0.747,2.4,5.253,SP,1.0
2019,60263,이재학,NC,투수,False,129.667,24,3.74807,1.36,10,4,0,0,8,91,43,9,133,6,62,54,6.32,2.98,2.12,16.3,7.7,1.748,2.18,5.403,SP,1.0
2020,60263,이재학,NC,투수,False,90.667,19,6.55147,1.63,5,6,0,0,5,61,43,5,105,14,66,66,6.06,4.27,1.42,14.9,10.5,-0.668,0.14,4.772,SP,1.0
2021,60263,이재학,NC,투수,False,83.0,17,5.20482,1.52,6,6,0,0,4,65,52,6,74,14,50,48,7.05,5.64,1.25,17.6,14.1,0.559,0.29,4.882,SP,1.0
2022,60263,이재학,NC,투수,False,91.0,26,4.74725,1.42,3,8,0,0,5,72,54,8,75,5,56,48,7.12,5.34,1.33,17.7,13.3,0.76,0.31,3.5,SP,1.0
2023,60263,이재학,NC,투수,False,67.333,15,4.54455,1.31,5,5,0,0,5,43,33,5,55,6,36,34,5.75,4.41,1.3,14.7,11.3,0.556,0.53,4.489,SP,1.0
2024,60263,이재학,NC,투수,False,104.333,21,5.52077,1.44,3,12,0,0,7,97,42,4,108,17,68,64,8.37,3.62,2.31,21.0,9.1,-0.422,0.78,4.968,SP,1.0
2021,51460,이재희,삼성,투수,False,21.667,5,5.4,1.5699999999999998,0,1,0,0,0,17,10,0,24,2,13,13,7.06,4.15,1.7,17.9,10.5,0.15,0.24,4.333,SP,1.0
2023,51460,이재희,삼성,투수,False,8.0,2,3.38,1.13,0,0,0,0,0,5,5,0,4,1,3,3,5.63,5.63,1.0,15.2,15.2,0.041,0.07,4.0,SP,1.0
2025,51460,이재희,삼성,투수,False,9.0,11,3.0,1.33,0,2,0,4,0,9,5,0,7,0,3,3,9.0,5.0,1.8,23.1,12.8,0.263,0.28,0.818,SU,1.0
2026,51460,이재희,삼성,투수,False,13.333,18,2.7,1.8,0,0,1,3,0,14,13,4,11,1,5,4,9.45,8.78,1.08,21.2,19.7,-0.069,0.22,0.741,RP,0.757
2016,61557,이정담,SK,,False,5.333,6,5.0625,1.5,0,0,0,0,0,0,2,0,6,1,3,3,0.0,3.38,0.0,0.0,8.3,0.011,-0.01,0.889,RP,1.0
2010,72551,이정민,롯데,,False,29.667,20,6.67416,1.89,1,0,0,1,0,11,14,1,42,3,24,22,3.34,4.25,0.79,7.6,9.7,0.0,,1.483,RP,1.0
2011,72551,이정민,롯데,,False,9.667,9,3.72414,1.66,0,0,0,1,0,6,4,0,12,3,4,4,5.59,3.72,1.5,14.0,9.3,0.0,,1.074,RP,1.0
2012,72551,이정민,롯데,,False,33.0,14,5.18182,1.7,1,3,0,0,1,14,12,1,44,2,21,19,3.82,3.27,1.17,9.3,8.0,0.0,,2.357,SP,1.0
2014,72551,이정민,롯데,,False,33.333,25,2.43,1.71,1,1,0,8,0,25,15,0,42,1,14,9,6.75,4.05,1.67,16.4,9.9,0.624,0.81,1.333,SU,1.0
2015,72551,이정민,롯데,,False,44.667,34,5.84328,2.01,1,4,1,5,0,36,31,2,59,4,34,29,7.25,6.25,1.16,17.0,14.6,-0.11,-0.11,1.314,RP,1.0
2016,72551,이정민,롯데,,False,77.0,67,3.15584,1.35,5,2,2,9,0,60,21,5,83,6,29,27,7.01,2.45,2.86,18.4,6.4,1.108,1.73,1.149,RP,1.0
2017,72551,이정민,롯데,,False,26.667,24,5.4,1.54,3,1,0,2,0,11,9,2,32,5,17,16,3.71,3.04,1.22,9.3,7.6,-0.819,0.02,1.111,RP,1.0
2020,69134,이정용,LG,투수,False,34.0,34,3.70588,1.35,3,0,0,4,0,33,14,2,32,6,15,14,8.74,3.71,2.36,22.4,9.5,0.477,0.16,1.0,RP,1.0
2021,69134,이정용,LG,투수,False,69.667,66,2.97129,1.12,3,3,0,15,0,74,23,1,55,4,25,23,9.56,2.97,3.22,26.1,8.1,1.743,1.71,1.056,RP,1.0
2022,69134,이정용,LG,투수,False,59.333,65,3.33708,1.2,4,4,1,22,0,40,18,2,53,3,26,22,6.07,2.73,2.22,16.0,7.2,0.594,0.92,0.913,SU,1.0
2023,69134,이정용,LG,투수,False,86.667,37,4.15385,1.37,7,2,3,1,5,50,19,2,100,5,45,40,5.19,1.97,2.63,13.1,5.0,0.413,0.99,2.342,SP,1.0
2025,69134,이정용,LG,투수,False,34.0,39,5.029411764705882,1.29,6,1,1,7,0,26,12,2,32,3,19,19,6.88,3.18,2.17,18.7,8.6,0.937,0.13,0.872,RP,1.0
2026,69134,이정용,LG,투수,False,48.333,22,6.889655172413793,1.9,1,3,0,1,0,23,20,3,72,4,42,37,4.28,3.72,1.15,9.7,8.5,-0.519,-0.34,2.197,RP,0.757
2019,67048,이정현,KT,투수,False,12.0,9,9.75,1.67,0,2,0,0,0,9,8,0,12,3,13,13,6.75,6.0,1.13,16.4,14.5,-0.185,-0.29,1.333,RP,1.0
2021,67048,이정현,KT,투수,False,8.667,2,9.34615,1.96,0,1,0,0,0,1,5,0,12,3,9,9,1.04,5.19,0.2,2.6,13.2,-0.277,-0.24,4.334,SP,1.0
2022,67048,이정현,KT,투수,False,3.667,3,2.45455,1.91,0,0,0,0,0,1,4,1,3,1,1,1,2.45,9.82,0.25,5.6,22.2,0.011,-0.01,1.222,RP,1.0
2025,67048,이정현,KT,투수,False,4.333,6,16.615384615384617,3.0,0,0,0,0,0,3,4,1,9,0,8,8,6.23,8.31,0.75,11.1,14.8,-0.044,-0.16,0.722,RP,1.0
2026,67048,이정현,KT,투수,False,2.333,3,3.8571428571428568,0.86,0,0,0,0,0,3,0,1,2,1,1,1,11.57,0.0,99.99,30.0,0.0,0.006,0.0,0.778,RP,0.757
2010,71433,이정호,넥센,,False,9.667,4,5.58621,1.76,0,0,0,1,0,7,8,1,9,2,6,6,6.52,7.45,0.88,15.9,18.2,0.0,,2.417,SU,1.0
2013,61262,이정호,두산,,False,33.0,13,9.54545,2.0,0,3,1,0,0,25,20,3,46,4,35,35,6.82,5.45,1.25,15.4,12.3,0.0,,2.538,RP,1.0
2014,61262,이정호,두산,,False,1.0,1,0.0,0.0,0,0,0,0,0,0,0,0,0,0,0,0,0.0,0.0,99.99,0.0,0.0,0.001,0.01,1.0,RP,1.0
2010,97541,이정훈,롯데,,False,46.0,43,6.84783,1.63,3,9,1,5,0,27,19,4,56,4,39,35,5.28,3.72,1.42,12.6,8.9,0.0,,1.07,RP,1.0
2011,97541,이정훈,넥센,,False,52.333,44,3.78344,1.32,3,3,1,7,0,31,19,6,50,1,24,22,5.33,3.27,1.63,13.5,8.3,0.0,,1.189,RP,1.0
2012,60635,이정훈,KIA,,False,1.333,2,20.25,3.75,0,0,0,0,0,1,1,0,4,0,3,3,6.75,6.75,1.0,11.1,11.1,0.0,,0.666,RP,1.0
2012,97541,이정훈,넥센,,False,44.333,40,4.66917,1.4,4,4,1,8,0,32,17,5,45,2,28,23,6.5,3.45,1.88,16.2,8.6,0.0,,1.108,RP,1.0
2013,97541,이정훈,넥센,,False,69.0,56,3.0,1.35,5,2,1,11,0,29,24,2,69,5,25,23,3.78,3.13,1.21,10.4,8.6,0.0,,1.232,RP,1.0
2014,97541,이정훈,넥센,,False,7.333,7,12.2727,2.73,0,0,0,0,0,2,5,0,15,2,10,10,2.45,6.14,0.4,5.0,12.5,-0.405,-0.13,1.048,RP,1.0
2015,97541,이정훈,넥센,,False,2.0,2,4.5,1.5,0,0,0,0,0,0,0,0,3,0,2,1,0.0,0.0,99.99,0.0,0.0,-0.139,-0.01,1.0,RP,1.0
2016,97541,이정훈,넥센,,False,18.0,15,7.0,2.06,0,3,0,1,0,8,5,0,32,3,14,14,4.0,2.5,1.6,9.2,5.7,-1.003,-0.07,1.2,RP,1.0
2021,50354,이종민,키움,투수,False,2.333,2,23.1429,4.71,0,0,0,0,0,3,7,0,4,1,6,6,11.57,27.0,0.43,17.6,41.2,-0.007,-0.21,1.166,RP,1.0
2023,50354,이종민,키움,투수,False,13.667,11,7.2439,2.05,0,1,0,0,0,10,6,1,22,0,13,11,6.59,3.95,1.67,13.9,8.3,-0.462,-0.2,1.242,RP,1.0
2024,50354,이종민,키움,투수,False,43.667,12,7.62595,1.79,1,8,0,0,0,21,22,5,56,9,39,37,4.33,4.53,0.95,9.9,10.4,-0.392,-0.54,3.639,SP,1.0
2015,65661,이종석,KIA,,False,4.0,2,15.75,3.0,0,0,0,0,0,3,2,0,10,2,8,7,6.75,4.5,1.5,12.5,8.3,0.052,-0.18,2.0,RP,1.0
2024,50904,이종준,LG,투수,False,26.0,27,4.15385,1.62,1,2,0,1,0,28,16,0,26,4,13,12,9.69,5.54,1.75,23.5,13.4,-0.302,0.18,0.963,RP,1.0
2025,50904,이종준,LG,투수,False,1.667,2,0.0,0.6,0,0,0,0,0,2,1,0,0,0,0,0,10.8,5.4,2.0,33.3,16.7,-0.001,0.05,0.834,RP,1.0
2026,50904,이종준,LG,투수,False,3.0,2,3.0,0.33,0,0,0,0,0,3,0,1,1,0,1,1,9.0,0.0,99.99,27.3,0.0,0.004,0.06,1.5,RP,0.757
2020,50262,이주엽,두산,투수,False,3.333,4,8.1,3.0,0,0,0,0,0,2,7,0,3,0,3,3,5.4,18.9,0.29,10.5,36.8,-0.013,-0.08,0.833,RP,1.0
2026,51702,이준기,SSG,투수,False,3.0,2,6.0,2.0,0,0,0,0,0,1,2,0,4,0,2,2,3.0,6.0,0.5,6.7,13.3,-0.004,0.0,1.5,RP,0.757
2026,56554,이준서,롯데,투수,False,1.0,1,0.0,1.0,0,0,0,0,0,0,0,0,1,0,0,0,0.0,0.0,99.99,0.0,0.0,0.001,0.03,1.0,RP,0.757
2016,65665,이준영,KIA,투수,False,17.667,13,8.66038,1.87,0,2,0,1,0,7,11,0,22,4,17,17,3.57,5.6,0.64,8.0,12.6,-0.659,-0.33,1.359,RP,1.0
2019,65665,이준영,KIA,투수,False,51.0,37,6.35294,1.76,1,0,0,1,0,43,26,2,64,3,42,36,7.59,4.59,1.65,17.6,10.7,0.41,-0.64,1.378,RP,1.0
2020,65665,이준영,KIA,투수,False,23.667,48,5.32394,1.86,0,2,0,13,0,22,13,0,31,1,14,14,8.37,4.9399999999999995,1.69,19.5,11.5,-0.15,0.27,0.493,SU,1.0
2021,65665,이준영,KIA,투수,False,35.667,50,5.5514,1.37,3,2,1,9,0,26,19,0,30,3,25,22,6.5600000000000005,4.79,1.37,16.4,11.9,-0.304,-0.11,0.713,RP,1.0
2022,65665,이준영,KIA,투수,False,46.333,75,2.91367,1.45,1,1,1,17,0,42,26,0,41,3,17,15,8.16,5.05,1.62,20.8,12.9,1.2,0.84,0.618,RP,1.0
2023,65665,이준영,KIA,투수,False,33.667,64,3.20792,1.46,1,0,0,10,0,30,23,2,26,0,12,12,8.02,6.15,1.3,20.1,15.4,0.303,0.71,0.526,RP,1.0
2024,65665,이준영,KIA,투수,False,35.0,56,3.85714,1.54,4,0,0,9,0,33,17,2,37,5,21,15,8.49,4.37,1.94,20.6,10.6,0.691,0.2,0.625,RP,1.0
2025,65665,이준영,KIA,투수,False,34.0,57,4.764705882352941,1.38,3,1,0,7,0,34,11,1,36,6,18,18,9.0,2.91,3.09,23.4,7.6,0.093,0.15,0.596,RP,1.0
2025,55301,이준우,키움,투수,False,23.0,31,8.608695652173912,2.13,1,4,0,3,0,22,12,1,37,6,23,22,8.61,4.7,1.83,18.6,10.2,-0.908,-0.71,0.742,RP,1.0
2026,55301,이준우,키움,투수,False,8.0,8,10.125,2.5,0,1,0,0,0,7,8,1,12,0,10,9,7.88,9.0,0.88,16.7,19.0,-0.25,-0.19,1.0,RP,0.757
2025,52992,이준혁,NC,투수,False,37.0,25,7.297297297297297,1.7,1,3,0,0,0,30,20,6,43,8,33,30,7.3,4.86,1.5,17.6,11.8,-1.402,-0.84,1.48,RP,1.0
2026,52992,이준혁,NC,투수,False,18.0,19,3.0,1.72,0,0,0,1,0,14,13,4,18,0,10,6,7.0,6.5,1.08,15.6,14.4,-0.15,0.14,0.947,RP,0.757
2015,62463,이준형,LG,,False,5.667,4,6.35294,2.82,0,2,0,0,0,5,9,1,7,1,7,4,7.94,14.29,0.56,14.3,25.7,-0.42,-0.22,1.417,RP,1.0
2016,62463,이준형,LG,,False,71.333,25,6.18224,1.81,2,6,0,0,0,35,45,4,84,4,54,49,4.42,5.68,0.78,10.4,13.4,-1.974,-0.27,2.853,RP,1.0
2023,53996,이준호,NC,,False,31.667,17,4.83158,1.48,3,2,0,0,0,19,15,4,32,3,22,17,5.4,4.26,1.27,13.2,10.4,0.242,-0.23,1.863,RP,1.0
2024,53996,이준호,NC,,False,49.333,38,7.47973,1.97,3,5,0,2,0,42,26,3,71,7,41,41,7.66,4.74,1.62,17.3,10.7,-1.459,-0.33,1.298,RP,1.0
2022,69108,이지강,LG,투수,False,11.0,4,4.90909,2.27,0,0,0,0,0,6,13,0,12,0,6,6,4.91,10.64,0.46,10.7,23.2,0.17,0.05,2.75,RP,1.0
2023,69108,이지강,LG,투수,False,68.0,22,3.97059,1.29,2,5,0,2,1,38,28,9,60,4,45,30,5.03,3.71,1.36,12.7,9.4,0.636,-0.08,3.091,SP,1.0
2024,69108,이지강,LG,투수,False,53.667,46,4.52795,1.62,2,3,1,1,0,39,26,2,61,5,35,27,6.54,4.36,1.5,15.6,10.4,-1.364,0.17,1.167,RP,1.0
2025,69108,이지강,LG,투수,False,47.333,43,5.323943661971831,1.56,1,2,3,4,0,39,24,1,50,4,29,28,7.42,4.5600000000000005,1.63,18.5,11.4,0.068,0.12,1.101,RP,1.0
2013,62522,이지모,롯데,,False,6.667,6,5.4,1.35,0,0,0,0,0,5,5,3,4,0,4,4,6.75,6.75,1.0,15.6,15.6,0.0,,1.111,RP,1.0
2023,53562,이진하,롯데,투수,False,8.0,9,3.38,0.88,0,0,0,0,0,2,3,1,4,0,3,3,2.25,3.38,0.67,6.5,9.7,-0.022,0.08,0.889,RP,1.0
2026,53562,이진하,롯데,투수,False,10.333,10,5.225806451612903,1.55,1,0,0,0,0,8,2,1,14,0,6,6,6.97,1.74,4.0,17.4,4.3,0.035,0.11,1.033,RP,0.757
2014,77854,이창욱,SK,,False,7.333,7,8.59091,1.91,1,0,0,0,0,3,5,0,9,0,9,7,3.68,6.14,0.6,7.9,13.2,0.097,0.03,1.048,RP,1.0
2015,77854,이창욱,SK,,False,3.0,2,6.0,1.33,0,0,0,0,0,1,2,0,2,0,2,2,3.0,6.0,0.5,7.7,15.4,0.009,0.0,1.5,RP,1.0
2015,65057,이창재,KT,,False,33.0,38,6.81818,1.52,0,1,0,3,0,32,12,2,38,8,30,25,8.73,3.27,2.67,21.2,7.9,-0.068,-0.15,0.868,RP,1.0
2016,65057,이창재,KT,,False,40.333,47,5.13223,1.56,3,1,1,2,0,38,15,2,48,6,24,23,8.48,3.35,2.53,20.9,8.2,-0.475,0.33,0.858,RP,1.0
2020,65057,이창재,KT,,False,8.0,10,5.63,1.75,0,0,0,1,0,7,4,0,10,0,6,5,7.88,4.5,1.75,18.4,10.5,0.108,0.03,0.8,RP,1.0
2021,65057,이창재,KT,,False,26.667,32,2.7,1.2,2,0,0,0,0,19,10,0,22,0,8,8,6.41,3.38,1.9,17.6,9.3,0.382,0.63,0.833,RP,1.0
2022,65057,이창재,KT,,False,1.333,4,33.75,5.25,0,1,0,0,0,2,2,1,5,0,5,5,13.5,13.5,1.0,16.7,16.7,-0.386,-0.19,0.333,RP,1.0
2021,68896,이채호,SSG,투수,False,5.0,3,7.2,2.2,0,0,0,0,0,3,3,0,8,2,7,4,5.4,5.4,1.0,11.1,11.1,-0.013,-0.18,1.667,RP,1.0
2022,68896,이채호,KT,투수,False,36.667,38,2.94545,1.12,5,0,0,3,0,32,13,6,28,0,13,12,7.85,3.19,2.46,20.5,8.3,0.979,0.79,0.965,RP,1.0
2023,68896,이채호,KT,투수,False,24.667,25,6.93243,1.42,0,1,0,1,0,8,9,3,26,6,19,19,2.92,3.28,0.89,7.3,8.2,-0.468,-0.49,0.987,RP,1.0
2024,68896,이채호,KT,투수,False,6.667,9,9.45,2.4,0,0,0,0,0,5,3,1,13,2,7,7,6.75,4.05,1.67,13.5,8.1,-0.44,-0.15,0.741,RP,1.0
2025,68896,이채호,KT,투수,False,11.667,10,6.171428571428572,1.46,0,0,0,0,0,8,5,2,12,1,8,8,6.17,3.86,1.6,15.1,9.4,-0.143,-0.06,1.167,RP,1.0
2017,63749,이충호,한화,,False,11.333,21,13.5,2.91,1,1,0,1,0,8,12,3,21,3,18,17,6.35,9.53,0.67,11.9,17.9,-0.072,-0.64,0.54,RP,1.0
2019,63749,이충호,한화,,False,1.0,1,45.0,7.0,0,0,0,0,0,0,1,0,6,1,5,5,0.0,9.0,0.0,0.0,10.0,-0.001,-0.14,1.0,RP,1.0
2021,63749,이충호,한화,,False,16.333,17,7.71429,2.02,1,0,0,0,0,11,13,3,20,1,17,14,6.06,7.16,0.85,12.9,15.3,0.109,-0.41,0.961,RP,1.0
2022,63749,이충호,한화,,False,4.667,5,9.64286,2.57,1,0,0,0,0,4,5,1,7,1,5,5,7.71,9.64,0.8,14.8,18.5,-0.113,-0.15,0.933,RP,1.0
2023,63749,이충호,한화,,False,8.667,11,9.34615,1.96,0,0,0,0,0,7,5,1,12,2,9,9,7.27,5.19,1.4,17.1,12.2,-0.26,-0.26,0.788,RP,1.0
2024,63749,이충호,한화,,False,2.333,3,3.85714,3.0,0,0,0,0,0,3,3,0,4,0,1,1,11.57,11.57,1.0,23.1,23.1,-0.069,0.05,0.778,RP,1.0
2019,66444,이케빈,SK,,False,3.0,1,3.0,1.67,0,0,0,0,0,3,3,0,2,0,1,1,9.0,9.0,1.0,21.4,21.4,0.001,0.08,3.0,SP,1.0
2011,61323,이태양,넥센,,False,5.667,5,4.76471,1.24,0,0,0,0,0,3,3,3,4,0,3,3,4.76,4.76,1.0,11.1,11.1,0.0,,1.133,RP,1.0
2012,60768,이태양,한화,투수,False,2.0,1,13.5,3.0,0,0,0,0,0,1,1,0,5,0,3,3,4.5,4.5,1.0,8.3,8.3,0.0,,2.0,RP,1.0
2012,61323,이태양,넥센,,False,3.0,4,6.0,1.67,0,1,0,1,0,3,4,2,1,0,2,2,9.0,12.0,0.75,18.8,25.0,0.0,,0.75,SU,1.0
2013,60768,이태양,한화,투수,False,60.667,31,6.23077,1.62,0,3,0,0,1,39,23,6,75,10,44,42,5.79,3.41,1.7,14.0,8.3,0.0,,1.957,SP,1.0
2013,61323,이태양,NC,,False,74.667,22,5.66518,1.45,4,8,0,0,5,49,30,10,78,7,51,47,5.91,3.62,1.63,14.8,9.1,0.0,,3.394,SP,1.0
2014,60768,이태양,한화,투수,True,153.0,30,5.29412,1.46,7,10,0,0,14,96,41,7,183,27,100,90,5.65,2.41,2.34,14.2,6.1,-0.471,1.65,5.1,SP,1.0
2014,61323,이태양,NC,,False,15.333,9,6.45652,2.09,0,1,0,1,0,9,13,4,19,3,11,11,5.28,7.63,0.69,11.3,16.3,-0.668,-0.39,1.704,RP,1.0
2015,61323,이태양,NC,,False,137.333,29,3.6699,1.32,10,5,0,0,7,113,40,19,141,19,59,56,7.41,2.62,2.83,19.1,6.8,0.938,2.4,4.736,SP,1.0
2016,60768,이태양,한화,투수,False,112.333,29,4.96736,1.69,5,8,1,0,6,60,62,3,128,15,66,62,4.8100000000000005,4.97,0.97,11.7,12.1,-0.73,1.76,3.874,SP,1.0
2016,61323,이태양,NC,,False,47.0,10,4.21277,1.49,2,2,0,0,2,27,26,8,44,7,22,22,5.17,4.98,1.04,12.9,12.4,-0.168,0.56,4.7,SP,1.0
2017,60768,이태양,한화,투수,False,59.0,16,7.16949,1.78,3,6,0,0,2,29,26,2,79,12,49,47,4.42,3.97,1.12,10.5,9.5,-1.143,-0.23,3.688,SP,1.0
2018,60768,이태양,한화,투수,False,79.333,63,2.83613,1.12,4,2,0,12,0,85,23,4,66,10,30,25,9.64,2.61,3.7,26.2,7.1,1.702,2.17,1.259,RP,1.0
2019,60768,이태양,한화,투수,False,66.667,55,5.81,1.3,1,6,0,10,0,64,13,3,74,8,44,43,8.64,1.75,4.92,22.6,4.6,-0.635,-0.1,1.212,RP,1.0
2020,60768,이태양,SK,투수,False,56.0,53,5.46429,1.5,2,1,0,4,0,45,16,1,68,8,35,34,7.23,2.57,2.81,18.0,6.4,0.732,0.39,1.057,RP,1.0
2021,60768,이태양,SSG,투수,False,103.667,40,5.7299,1.5,5,10,0,4,4,62,32,1,123,25,66,66,5.38,2.78,1.94,13.6,7.0,-0.057,-0.19,2.592,SP,1.0
2022,60768,이태양,SSG,투수,False,112.0,30,3.61607,1.25,8,3,0,1,9,61,24,5,116,15,50,45,4.9,1.93,2.54,12.9,5.1,2.382,1.33,3.733,SP,1.0
2023,60768,이태양,한화,투수,False,100.333,50,3.22924,1.21,3,3,0,2,1,72,21,3,100,7,44,36,6.46,1.88,3.43,17.1,5.0,1.719,1.63,2.007,SP,1.0
2024,60768,이태양,한화,투수,False,9.333,10,11.5714,2.04,0,2,0,0,0,2,2,0,17,4,13,12,1.93,1.93,1.0,4.2,4.2,-0.627,-0.41,0.933,RP,1.0
2025,60768,이태양,한화,투수,False,11.333,14,3.9705882352941178,1.6800000000000002,0,1,0,0,0,8,5,1,14,0,5,5,6.35,3.97,1.6,15.7,9.8,-0.118,0.15,0.81,RP,1.0
2026,56366,이태양,키움,투수,False,1.0,1,9.0,2.0,0,0,0,0,0,0,1,2,1,0,1,1,0.0,9.0,0.0,0.0,16.7,0.0,-0.02,1.0,RP,0.757
2026,60768,이태양,KIA,투수,False,23.0,20,2.7391304347826084,1.13,1,0,0,3,0,15,6,1,20,2,7,7,5.87,2.35,2.5,16.1,6.5,0.298,0.45,1.15,RP,0.757
2023,53594,이태연,롯데,투수,False,5.667,15,15.8824,3.71,0,0,0,1,0,4,9,0,12,1,10,10,6.35,14.29,0.44,10.8,24.3,-0.332,-0.48,0.378,RP,1.0
2010,76822,이한진,SK,,False,3.667,6,0.0,2.45,0,0,0,0,0,0,2,0,7,0,1,0,0.0,4.91,0.0,0.0,10.5,0.0,,0.611,RP,1.0
2013,76822,이한진,SK,,False,2.667,4,13.5,1.88,0,0,0,0,0,1,0,1,5,0,4,4,3.38,0.0,99.99,7.1,0.0,0.0,,0.667,RP,1.0
2014,76822,이한진,SK,,False,8.333,4,8.64,2.52,0,0,0,0,0,3,4,0,17,2,17,8,3.24,4.32,0.75,5.8,7.7,-0.192,-0.06,2.083,RP,1.0
2015,76822,이한진,SK,,False,4.667,3,3.85714,1.93,0,0,0,0,0,1,5,0,4,0,3,2,1.93,9.64,0.2,4.2,20.8,0.028,-0.02,1.556,RP,1.0
2010,76329,이현승,두산,,False,77.667,46,4.75107,1.35,3,6,2,4,2,50,25,3,80,8,45,41,5.79,2.9,2.0,15.3,7.6,0.0,,1.688,SP,1.0
2011,76329,이현승,두산,,False,74.667,50,4.82143,1.49,3,5,4,6,0,50,26,5,85,8,43,40,6.03,3.13,1.92,15.4,8.0,0.0,,1.493,RP,1.0
2014,76329,이현승,두산,,False,55.0,65,5.07273,1.65,3,3,0,15,0,39,23,3,68,2,34,31,6.38,3.76,1.7,15.1,8.9,0.371,0.86,0.846,RP,1.0
2015,76329,이현승,두산,,False,46.667,41,2.89286,1.18,3,1,18,2,0,41,10,2,45,3,16,15,7.91,1.93,4.1,21.5,5.2,2.948,1.53,1.138,CL,1.0
2016,76329,이현승,두산,,False,57.667,56,4.83815,1.42,1,4,25,1,0,41,17,7,65,8,36,31,6.4,2.65,2.41,15.8,6.5,-0.798,-0.1,1.03,CL,1.0
2017,76329,이현승,두산,,False,52.0,57,3.98077,1.5,3,2,5,9,0,38,16,4,62,4,23,23,6.58,2.77,2.38,16.2,6.8,0.391,0.78,0.912,RP,1.0
2018,76329,이현승,두산,,False,30.667,39,4.98913,1.73,1,0,0,6,0,21,14,1,39,4,18,17,6.16,4.11,1.5,15.0,10.0,0.273,-0.04,0.786,RP,1.0
2019,76329,이현승,두산,,False,6.0,9,3.0,0.67,0,1,0,2,0,4,0,0,4,0,2,2,6.0,0.0,99.99,18.2,0.0,0.313,0.16,0.667,RP,1.0
2020,76329,이현승,두산,,False,42.333,62,5.31496,1.63,2,1,2,10,0,42,21,2,48,2,27,25,8.93,4.46,2.0,21.5,10.8,0.192,-0.05,0.683,RP,1.0
2021,76329,이현승,두산,,False,23.333,38,1.92857,0.94,5,1,0,7,0,20,6,0,16,1,6,5,7.71,2.31,3.33,22.2,6.7,1.001,0.85,0.614,RP,1.0
2022,76329,이현승,두산,,False,8.667,23,6.23077,1.96,1,0,0,2,0,9,4,1,13,2,6,6,9.35,4.15,2.25,20.9,9.3,-0.546,-0.16,0.377,RP,1.0
2011,61214,이현호,두산,,False,0.0,1,0.0,0.0,0,0,0,0,0,0,1,0,1,0,2,2,0.0,0.0,0.0,0.0,50.0,0.0,,0.0,RP,1.0
2012,61214,이현호,두산,,False,2.0,2,0.0,1.5,0,0,0,0,0,1,1,0,2,0,0,0,4.5,4.5,1.0,14.3,14.3,0.0,,1.0,RP,1.0
2015,61214,이현호,두산,,False,86.0,49,4.18605,1.37,6,1,0,2,2,87,35,4,83,8,43,40,9.1,3.66,2.49,23.1,9.3,0.455,1.22,1.755,SP,1.0
2016,61214,이현호,두산,,False,47.0,41,7.08511,1.77,0,2,0,0,0,32,20,5,63,5,37,37,6.13,3.83,1.6,14.3,9.0,-1.575,-0.37,1.146,RP,1.0
2017,61214,이현호,두산,,False,30.0,24,5.7,2.07,1,0,0,0,0,19,14,0,48,6,27,19,5.7,4.2,1.36,12.9,9.5,-0.637,-0.57,1.25,RP,1.0
2018,61214,이현호,두산,,False,28.0,15,6.10714,1.79,0,0,1,0,1,23,13,1,37,4,19,19,7.39,4.18,1.77,17.2,9.7,-0.066,-0.02,1.867,SP,1.0
2019,61214,이현호,두산,,False,40.333,16,5.13223,1.74,1,0,0,0,0,22,19,1,51,2,25,23,4.91,4.24,1.16,11.5,9.9,0.235,-0.05,2.521,RP,1.0
2020,61214,이현호,한화,,False,15.333,16,6.45652,1.83,0,2,0,0,0,15,10,1,18,4,12,11,8.8,5.87,1.5,20.0,13.3,-0.997,-0.16,0.958,RP,1.0
2013,62951,이형범,NC,투수,False,4.667,2,7.71429,2.36,0,0,0,0,0,2,3,0,8,1,4,4,3.86,5.79,0.67,9.1,13.6,0.0,,2.334,RP,1.0
2017,62951,이형범,NC,투수,False,29.333,14,3.06818,1.33,1,2,0,0,1,14,13,5,26,2,12,10,4.3,3.99,1.08,11.1,10.3,-0.25,0.23,2.095,SP,1.0
2018,62951,이형범,NC,투수,False,54.0,23,5.16667,1.59,1,1,0,0,0,22,24,1,62,5,36,31,3.67,4.0,0.92,9.2,10.1,-0.1,-0.01,2.348,RP,1.0
2019,62951,이형범,두산,투수,False,61.0,67,2.65574,1.25,6,3,19,10,0,31,19,9,57,4,25,18,4.57,2.8,1.63,12.0,7.4,3.484,0.23,0.91,RP,1.0
2020,62951,이형범,두산,투수,False,25.667,27,7.71429,1.79,1,2,1,1,0,13,16,2,30,5,22,22,4.5600000000000005,5.61,0.81,10.7,13.1,-1.966,-0.89,0.951,RP,1.0
2021,62951,이형범,두산,투수,False,2.667,4,0.0,2.63,0,0,0,0,0,2,5,1,2,0,2,0,6.75,16.88,0.4,12.5,31.3,-0.355,-0.07,0.667,RP,1.0
2022,62951,이형범,두산,투수,False,31.0,31,4.35484,1.45,0,1,0,0,0,17,11,4,34,1,17,15,4.9399999999999995,3.19,1.55,12.0,7.7,-0.757,0.07,1.0,RP,1.0
2023,62951,이형범,두산,투수,False,27.667,23,6.50602,1.88,1,0,0,1,0,13,12,3,40,2,23,20,4.23,3.9,1.08,9.7,9.0,-0.318,-0.51,1.203,RP,1.0
2024,62951,이형범,KIA,투수,False,15.0,16,7.8,2.2,0,1,0,2,0,9,7,5,26,2,17,13,5.4,4.2,1.29,10.8,8.4,-0.572,-0.34,0.938,RP,1.0
2025,62951,이형범,KIA,투수,False,10.0,12,11.7,2.6,0,0,0,0,0,6,5,0,21,0,16,13,5.4,4.5,1.2,10.7,8.9,-0.233,-0.38,0.833,RP,1.0
2026,62951,이형범,한화,투수,False,25.667,22,4.207792207792208,1.6800000000000002,0,0,0,0,0,16,14,2,29,3,20,12,5.61,4.91,1.14,13.1,11.5,-0.866,-0.27,1.167,RP,0.757
2010,78135,이형종,LG,외야수,False,9.667,2,6.51724,1.66,1,0,0,0,0,5,5,0,11,1,7,7,4.66,4.66,1.0,11.6,11.6,0.0,,4.834,SP,1.0
2011,98259,이혜천,두산,,False,34.0,32,6.35294,1.41,1,4,1,4,0,30,17,4,31,2,27,24,7.94,4.5,1.76,19.7,11.2,0.0,,1.062,RP,1.0
2012,98259,이혜천,두산,,False,38.667,48,7.44828,1.63,1,3,0,7,0,25,21,5,42,2,33,32,5.82,4.89,1.19,14.0,11.7,0.0,,0.806,RP,1.0
2013,98259,이혜천,두산,,False,9.333,13,11.5714,2.46,0,1,0,0,0,7,7,5,16,0,12,12,6.75,6.75,1.0,13.0,13.0,0.0,,0.718,RP,1.0
2014,98259,이혜천,NC,,False,18.0,25,3.0,1.67,1,0,0,2,0,17,8,2,22,0,7,6,8.5,4.0,2.13,20.0,9.4,0.457,0.36,0.72,RP,1.0
2015,98259,이혜천,NC,,False,17.333,29,5.19231,1.27,0,0,0,3,0,10,7,2,15,3,11,10,5.19,3.63,1.43,13.5,9.5,0.344,-0.14,0.598,RP,1.0
2025,55663,이호민,KIA,투수,False,14.667,13,8.59090909090909,2.05,1,0,0,0,0,7,9,2,21,0,14,14,4.3,5.52,0.78,9.7,12.5,0.031,-0.25,1.128,RP,1.0
2023,53455,이호성,삼성,투수,False,17.0,5,2.64706,1.24,1,0,0,0,0,11,10,0,11,1,5,5,5.82,5.29,1.1,15.5,14.1,0.249,0.34,3.4,SP,1.0
2024,53455,이호성,삼성,투수,False,45.0,16,7.4,2.04,2,4,0,0,0,28,26,2,66,9,39,37,5.6,5.2,1.08,12.5,11.6,-1.026,-0.38,2.812,RP,1.0
2025,53455,이호성,삼성,투수,False,55.333,58,6.343373493975903,1.5,7,4,9,3,0,69,29,2,54,7,44,39,11.22,4.72,2.38,27.4,11.5,0.277,-0.47,0.954,RP,1.0
2020,65937,이호중,NC,,False,4.333,4,6.23077,2.08,0,0,0,0,0,3,2,1,7,1,3,3,6.23,4.15,1.5,13.0,8.7,-0.018,-0.02,1.083,RP,1.0
2012,61357,이희성,LG,,False,5.333,4,8.4375,1.5,0,1,0,0,0,1,1,0,7,0,5,5,1.69,1.69,1.0,4.3,4.3,0.0,,1.333,RP,1.0
2010,98521,임경완,롯데,,False,43.667,47,3.29771,1.42,3,4,7,1,0,19,16,4,46,4,24,16,3.92,3.3,1.19,10.2,8.6,0.0,,0.929,RP,1.0
2011,98521,임경완,롯데,,False,65.667,72,3.15228,1.14,4,3,0,18,0,34,15,6,60,4,28,23,4.66,2.06,2.27,12.7,5.6,0.0,,0.912,SU,1.0
2012,98521,임경완,SK,,False,31.667,32,5.4,1.55,0,2,0,3,0,16,13,4,36,4,20,19,4.55,3.69,1.23,11.3,9.2,0.0,,0.99,RP,1.0
2013,98521,임경완,SK,,False,17.333,23,5.71154,1.85,0,2,0,1,0,10,10,2,22,0,12,11,5.19,5.19,1.0,11.8,11.8,0.0,,0.754,RP,1.0
2014,98521,임경완,SK,,False,16.667,16,5.4,1.62,0,0,0,0,0,5,6,2,21,4,14,10,2.7,3.24,0.83,6.5,7.8,-0.32,-0.27,1.042,RP,1.0
2015,98521,임경완,한화,,False,0.0,1,0.0,0.0,0,0,0,0,0,0,2,0,0,0,1,1,0.0,0.0,0.0,0.0,100.0,-0.019,0.0,0.0,RP,1.0
2019,65398,임규빈,키움,,False,1.0,1,0.0,1.0,0,0,0,0,0,2,0,0,1,0,0,0,18.0,0.0,99.99,50.0,0.0,0.0,0.06,1.0,RP,1.0
2020,65398,임규빈,키움,,False,37.667,33,4.53982,1.49,2,0,0,2,0,20,10,2,46,11,20,19,4.78,2.39,2.0,12.3,6.2,-0.122,-0.19,1.141,RP,1.0
2021,65398,임규빈,키움,,False,8.667,5,10.3846,1.96,0,0,0,0,0,6,4,0,13,3,10,10,6.23,4.15,1.5,14.0,9.3,0.001,-0.27,1.733,RP,1.0
2012,62754,임기영,한화,투수,False,0.667,1,0.0,0.0,0,0,0,0,0,0,0,0,0,0,0,0,0.0,0.0,99.99,0.0,0.0,0.0,,0.667,RP,1.0
2013,62754,임기영,한화,투수,False,34.0,26,4.5,1.79,1,2,0,1,0,30,17,3,44,3,18,17,7.94,4.5,1.76,18.8,10.6,0.0,,1.308,RP,1.0
2014,62754,임기영,한화,투수,False,22.667,14,6.75,2.07,1,1,0,0,0,17,9,2,38,6,24,17,6.75,3.57,1.89,14.7,7.8,-0.01,-0.13,1.619,RP,1.0
2017,62754,임기영,KIA,투수,False,118.333,23,3.6507,1.32,8,6,0,0,11,73,18,6,138,9,54,48,5.55,1.37,4.06,14.7,3.6,1.612,3.08,5.145,SP,1.0
2018,62754,임기영,KIA,투수,False,105.0,29,6.25714,1.7,8,9,0,2,2,68,34,12,145,20,79,73,5.83,2.91,2.0,13.8,6.9,-0.561,0.22,3.621,SP,1.0
2019,62754,임기영,KIA,투수,False,48.667,12,5.73288,1.77,2,4,0,0,3,37,19,2,67,7,33,31,6.84,3.51,1.95,16.4,8.4,0.265,-0.05,4.056,SP,1.0
2020,62754,임기영,KIA,투수,False,127.667,25,5.14621,1.45,9,10,0,0,7,106,33,9,152,12,80,73,7.47,2.33,3.21,19.0,5.9,0.527,1.5,5.107,SP,1.0
2021,62754,임기영,KIA,투수,True,153.0,28,4.88235,1.31,8,8,0,0,13,129,45,11,155,15,85,83,7.59,2.65,2.87,19.5,6.8,1.474,2.15,5.464,SP,1.0
2022,62754,임기영,KIA,투수,False,129.333,26,4.24485,1.34,4,13,1,0,10,82,36,5,137,18,63,61,5.71,2.51,2.28,14.8,6.5,1.183,1.19,4.974,SP,1.0
2023,62754,임기영,KIA,투수,False,82.0,64,2.96341,0.91,4,4,3,16,0,57,19,6,56,6,29,27,6.26,2.09,3.0,17.6,5.9,1.303,1.52,1.281,SU,1.0
2024,62754,임기영,KIA,투수,False,45.667,37,6.30657,1.71,6,2,0,2,0,36,17,1,61,8,35,32,7.09,3.35,2.12,16.5,7.8,-1.021,-0.16,1.234,RP,1.0
2025,62754,임기영,KIA,투수,False,9.0,10,13.0,3.0,1,1,0,0,0,5,4,0,23,2,13,13,5.0,4.0,1.25,9.6,7.7,-0.45,-0.42,0.9,RP,1.0
2026,62754,임기영,삼성,투수,False,40.0,30,4.275,1.3,0,1,0,1,0,26,9,3,43,6,21,19,5.85,2.02,2.89,15.0,5.2,-0.091,0.28,1.333,RP,0.757
2012,60634,임기준,KIA,,False,3.0,3,18.0,2.67,0,0,0,0,0,3,3,0,5,1,6,6,9.0,9.0,1.0,18.8,18.8,0.0,,1.0,RP,1.0
2015,60634,임기준,KIA,,False,34.0,17,6.61765,1.94,1,3,0,0,0,26,27,12,39,4,32,25,6.88,7.15,0.96,14.9,15.4,-1.092,-0.42,2.0,RP,1.0
2016,60634,임기준,KIA,,False,31.333,19,6.03191,2.23,0,2,1,1,0,15,33,4,37,2,23,21,4.31,9.48,0.45,9.5,20.9,-0.516,-0.1,1.649,RP,1.0
2017,60634,임기준,KIA,,False,22.0,15,3.27273,1.82,0,1,1,2,0,12,15,0,25,1,9,8,4.91,6.14,0.8,11.5,14.4,0.103,0.49,1.467,RP,1.0
2018,60634,임기준,KIA,,False,56.0,55,3.53571,1.46,5,1,2,8,0,45,23,3,59,7,27,22,7.23,3.7,1.96,18.5,9.5,1.62,0.65,1.018,RP,1.0
2019,60634,임기준,KIA,,False,36.667,52,3.43636,1.31,2,2,0,6,0,24,16,4,32,1,17,14,5.89,3.93,1.5,14.8,9.9,0.02,0.22,0.705,RP,1.0
2016,66493,임대한,삼성,,False,28.0,26,5.14286,1.6800000000000002,0,1,0,0,0,13,14,2,33,2,18,16,4.18,4.5,0.93,10.3,11.1,-0.597,0.01,1.077,RP,1.0
2017,66493,임대한,삼성,,False,14.0,12,9.0,2.93,0,0,0,0,0,13,15,0,26,3,17,14,8.36,9.64,0.87,16.0,18.5,-0.201,-0.34,1.167,RP,1.0
2022,66493,임대한,삼성,,False,13.667,12,5.26829,1.54,2,1,0,1,0,8,9,1,12,1,11,8,5.27,5.93,0.89,12.3,13.8,-0.475,-0.18,1.139,RP,1.0
2024,54900,임상현,NC,,False,40.333,12,6.47107,1.71,1,5,0,0,1,21,23,2,46,5,35,29,4.6899999999999995,5.13,0.91,11.6,12.7,-0.565,-0.32,3.361,SP,1.0
2025,54900,임상현,NC,,False,1.0,1,18.0,5.0,0,0,0,0,0,0,3,0,2,0,2,2,0.0,27.0,0.0,0.0,37.5,-0.035,-0.07,1.0,RP,1.0
2016,66990,임서준,NC,,False,6.333,2,5.68421,2.05,0,1,0,0,0,4,3,0,10,0,5,4,5.68,4.26,1.33,12.9,9.7,-0.119,0.0,3.166,SP,1.0
2010,78843,임성헌,SK,,False,8.667,8,10.3846,2.19,0,0,0,0,0,3,3,0,16,5,10,10,3.12,3.12,1.0,6.8,6.8,0.0,,1.083,RP,1.0
2011,61891,임정우,SK,,False,5.667,4,0.0,1.06,0,0,1,0,0,4,3,0,3,0,0,0,6.35,4.76,1.33,18.2,13.6,0.0,,1.417,RP,1.0
2012,61891,임정우,LG,,False,41.667,14,6.264,1.7,1,2,0,0,1,26,18,5,53,1,31,29,5.62,3.89,1.44,13.3,9.2,0.0,,2.976,SP,1.0
2013,61891,임정우,LG,,False,50.333,46,4.4702,1.29,2,1,0,3,0,39,24,3,41,3,26,25,6.97,4.29,1.63,18.8,11.6,0.0,,1.094,RP,1.0
2014,61891,임정우,LG,,False,73.333,25,4.17273,1.43,2,5,0,0,0,54,26,5,79,6,35,34,6.63,3.19,2.08,17.0,8.2,-0.742,0.86,2.933,RP,1.0
2015,61891,임정우,LG,,False,109.0,54,5.0367,1.59,6,9,5,3,0,99,50,14,123,8,65,61,8.17,4.13,1.98,19.8,10.0,-0.454,0.08,2.019,RP,1.0
2016,61891,임정우,LG,,False,70.667,67,3.82075,1.54,3,8,28,0,0,87,36,6,73,5,31,30,11.08,4.58,2.42,27.4,11.4,0.827,1.04,1.055,CL,1.0
2017,61891,임정우,LG,,False,16.667,17,2.7,1.2,0,0,0,1,0,17,6,1,14,1,6,5,9.18,3.24,2.83,24.3,8.6,-0.285,0.23,0.98,RP,1.0
2018,61891,임정우,LG,,False,0.667,2,0.0,4.5,0,0,0,0,0,1,2,0,1,0,0,0,13.5,27.0,0.5,20.0,40.0,-0.017,0.01,0.334,RP,1.0
2015,63959,임정호,NC,투수,False,48.0,80,3.75,1.21,1,2,0,14,0,54,27,5,31,2,21,20,10.13,5.06,2.0,27.0,13.5,0.624,0.68,0.6,RP,1.0
2016,63959,임정호,NC,투수,False,23.333,42,5.4,1.54,1,1,1,7,0,29,11,6,25,0,17,14,11.19,4.24,2.64,26.1,9.9,-0.515,-0.06,0.556,RP,1.0
2017,63959,임정호,NC,투수,False,30.333,59,4.45055,1.45,1,0,0,7,0,33,14,2,30,3,19,15,9.79,4.15,2.36,24.6,10.4,-0.01,0.04,0.514,RP,1.0
2019,63959,임정호,NC,투수,False,4.667,6,3.85714,1.07,0,1,0,0,0,6,2,0,3,0,2,2,11.57,3.86,3.0,31.6,10.5,0.19,0.11,0.778,RP,1.0
2020,63959,임정호,NC,투수,False,41.0,69,4.60976,1.27,2,2,0,22,0,38,20,7,32,3,23,21,8.34,4.39,1.9,21.7,11.4,1.922,0.48,0.594,SU,1.0
2021,63959,임정호,NC,투수,False,34.667,60,4.15385,1.79,0,4,0,12,0,24,25,3,37,2,20,16,6.23,6.49,0.96,14.5,15.2,-0.044,0.06,0.578,RP,1.0
2022,63959,임정호,NC,투수,False,25.0,33,3.24,1.12,1,2,0,6,0,30,7,2,21,1,11,9,10.8,2.52,4.29,28.8,6.7,0.671,0.54,0.758,RP,1.0
2023,63959,임정호,NC,투수,False,50.0,65,4.68,1.36,4,4,0,15,0,49,17,4,51,3,30,26,8.82,3.06,2.88,22.7,7.9,0.666,0.23,0.769,RP,1.0
2024,63959,임정호,NC,투수,False,55.0,65,4.41818,1.44,1,6,2,9,0,46,25,3,54,3,32,27,7.53,4.09,1.84,18.9,10.3,1.145,0.72,0.846,RP,1.0
2025,63959,임정호,NC,투수,False,18.667,31,4.821428571428571,1.45,1,1,0,4,0,15,9,4,18,3,13,10,7.23,4.34,1.67,17.0,10.2,-1.093,-0.26,0.602,RP,1.0
2026,63959,임정호,NC,투수,False,10.667,18,7.59375,1.88,0,0,0,1,0,12,6,0,14,1,9,9,10.13,5.06,2.0,23.1,11.5,-0.656,-0.06,0.593,RP,0.757
2013,62611,임준섭,KIA,,False,105.0,36,5.22857,1.74,4,8,0,2,4,55,67,8,116,10,66,61,4.71,5.74,0.82,11.3,13.8,0.0,,2.917,SP,1.0
2014,62611,임준섭,KIA,,True,130.667,29,6.06122,1.71,5,11,0,0,3,54,67,6,157,15,95,88,3.72,4.61,0.81,9.2,11.4,-2.042,0.95,4.506,SP,1.0
2015,62611,임준섭,한화,,False,19.333,22,3.72414,2.02,1,0,0,2,0,18,13,0,26,1,12,8,8.38,6.05,1.38,18.9,13.7,-0.208,0.12,0.879,RP,1.0
2018,62611,임준섭,한화,,False,8.333,10,4.32,1.6800000000000002,1,0,0,0,0,6,6,1,8,1,4,4,6.48,6.48,1.0,17.6,17.6,0.005,0.06,0.833,RP,1.0
2019,62611,임준섭,한화,,False,49.333,34,4.19595,1.7,1,3,0,1,1,26,28,1,56,1,30,23,4.74,5.11,0.93,11.3,12.2,0.083,0.16,1.451,SP,1.0
2020,62611,임준섭,한화,,False,8.667,10,13.5,2.77,0,2,0,1,0,6,6,0,18,1,13,13,6.23,6.23,1.0,12.2,12.2,-0.155,-0.4,0.867,RP,1.0
2021,62611,임준섭,한화,,False,10.667,13,10.9688,2.53,0,0,0,0,0,11,8,4,19,1,18,13,9.28,6.75,1.38,17.2,12.5,-0.302,-0.58,0.821,RP,1.0
2022,62611,임준섭,한화,,False,3.667,5,2.45455,1.64,0,0,0,0,0,0,1,1,5,0,1,1,0.0,2.45,0.0,0.0,5.6,-0.032,0.04,0.733,RP,1.0
2023,62611,임준섭,SSG,,False,32.667,41,5.78571,1.93,0,2,0,4,0,26,19,1,44,1,25,21,7.16,5.23,1.37,16.8,12.3,0.454,-0.26,0.797,RP,1.0
2024,62611,임준섭,롯데,,False,11.333,24,7.94118,2.03,0,0,0,2,0,3,11,3,12,0,11,10,2.38,8.74,0.27,5.4,19.6,-0.078,-0.19,0.472,RP,1.0
2011,73632,임준혁,KIA,,False,4.0,4,6.75,1.75,0,1,0,1,0,3,2,3,5,0,3,3,6.75,4.5,1.5,14.3,9.5,0.0,,1.0,SU,1.0
2012,73632,임준혁,KIA,,False,4.667,7,7.71429,2.79,0,0,0,0,0,4,6,1,7,0,4,4,7.71,11.57,0.67,14.3,21.4,0.0,,0.667,RP,1.0
2013,73632,임준혁,KIA,,False,1.0,1,27.0,5.0,0,0,0,0,0,1,1,0,4,0,3,3,9.0,9.0,1.0,12.5,12.5,0.0,,1.0,RP,1.0
2014,73632,임준혁,KIA,,False,32.0,30,5.0625,1.63,1,3,0,2,0,17,18,2,34,3,24,18,4.78,5.06,0.94,11.7,12.4,-0.615,0.02,1.067,RP,1.0
2015,73632,임준혁,KIA,,False,118.667,27,4.09551,1.42,9,6,0,2,6,73,43,8,125,11,58,54,5.54,3.26,1.7,14.2,8.4,1.251,2.4,4.395,SP,1.0
2016,73632,임준혁,SK,,False,34.0,12,10.0588,1.97,2,6,0,0,0,20,10,2,57,6,41,38,5.29,2.65,2.0,11.8,5.9,-2.361,-0.5,2.833,RP,1.0
2017,73632,임준혁,SK,,False,45.333,43,4.56618,1.83,0,0,1,2,0,30,29,5,54,4,27,23,5.96,5.76,1.03,13.5,13.0,0.241,0.16,1.054,RP,1.0
2018,73632,임준혁,SK,,False,7.333,6,7.36364,2.05,0,0,0,0,0,2,3,0,12,0,6,6,2.45,3.68,0.67,5.7,8.6,-0.104,-0.01,1.222,RP,1.0
2021,69113,임준형,LG,투수,False,23.0,6,3.13043,1.22,1,0,0,0,1,21,4,3,24,0,8,8,8.22,1.5699999999999998,5.25,22.3,4.3,0.588,0.68,3.833,SP,1.0
2022,69113,임준형,LG,투수,False,30.0,10,6.0,1.67,1,3,0,1,1,26,14,3,36,2,22,20,7.8,4.2,1.86,18.6,10.0,-0.442,-0.08,3.0,SP,1.0
2024,69113,임준형,LG,투수,False,13.667,18,6.58537,1.46,0,0,0,0,0,13,4,3,16,2,10,10,8.56,2.63,3.25,21.0,6.5,-0.073,-0.03,0.759,RP,1.0
2025,69113,임준형,KT,투수,False,8.667,10,5.192307692307692,2.08,0,0,0,0,0,6,7,1,11,0,7,5,6.23,7.27,0.86,14.3,16.7,-0.377,-0.11,0.867,RP,1.0
2026,69113,임준형,KT,투수,False,1.0,1,18.0,4.0,0,0,0,0,0,1,0,0,4,0,2,2,9.0,0.0,99.99,14.3,0.0,-0.012,-0.04,1.0,RP,0.757
2023,52902,임지민,NC,투수,False,1.333,2,13.5,4.5,0,0,0,0,0,3,4,0,2,0,2,2,20.25,27.0,0.75,30.0,40.0,-0.002,-0.04,0.666,RP,1.0
2025,52902,임지민,NC,투수,False,4.667,7,3.8571428571428568,1.29,0,1,0,1,0,7,5,0,1,0,2,2,13.5,9.64,1.4,35.0,25.0,-0.513,0.08,0.667,RP,1.0
2026,52902,임지민,NC,투수,False,46.667,49,5.4,1.48,4,5,6,9,0,57,31,2,38,7,32,28,10.99,5.98,1.84,27.4,14.9,-0.887,-0.12,0.952,RP,0.757
2014,64155,임지섭,LG,,False,14.667,4,6.75,2.18,1,2,0,0,0,8,17,1,15,1,11,11,4.91,10.43,0.47,11.0,23.3,-0.886,-0.17,3.667,SP,1.0
2015,64155,임지섭,LG,,False,31.667,8,6.25263,1.71,1,2,0,0,2,37,36,2,18,3,23,22,10.52,10.23,1.03,25.7,25.0,-0.493,-0.31,3.958,SP,1.0
2018,64155,임지섭,LG,,False,4.667,2,25.0714,3.86,0,2,0,0,0,4,7,0,11,3,13,13,7.71,13.5,0.57,12.5,21.9,-0.711,-0.57,2.334,RP,1.0
2019,64155,임지섭,LG,,False,6.667,8,2.7,1.95,0,0,0,0,0,9,8,1,5,0,4,2,12.15,10.8,1.13,27.3,24.2,-0.329,-0.08,0.833,RP,1.0
2025,55382,임진묵,키움,투수,False,3.667,4,24.545454545454547,4.09,0,0,0,0,0,3,5,1,10,0,11,10,7.36,12.27,0.6,10.7,17.9,-0.101,-0.35,0.917,RP,1.0
2010,60441,임진우,삼성,,False,17.0,15,2.64706,1.18,2,1,0,1,0,10,9,2,11,2,5,5,5.29,4.76,1.11,14.5,13.0,0.0,,1.133,RP,1.0
2011,60441,임진우,삼성,,False,14.333,11,4.39535,1.47,0,0,0,0,0,10,4,2,17,1,7,7,6.28,2.51,2.5,15.2,6.1,0.0,,1.303,RP,1.0
2012,60441,임진우,삼성,,False,12.333,12,5.10811,1.05,0,0,0,0,0,12,6,1,7,3,7,7,8.76,4.38,2.0,23.5,11.8,0.0,,1.028,RP,1.0
2017,60441,임진우,두산,,False,1.0,1,27.0,5.0,0,0,0,0,0,1,1,0,4,0,3,3,9.0,9.0,1.0,12.5,12.5,-0.034,-0.08,1.0,RP,1.0
2011,61101,임찬규,LG,투수,False,82.667,65,4.46371,1.62,9,6,7,0,0,62,61,1,73,8,45,41,6.75,6.64,1.02,16.5,16.3,0.0,,1.272,RP,1.0
2012,61101,임찬규,LG,투수,False,55.667,18,4.52695,1.69,1,5,0,1,2,31,23,1,71,5,29,28,5.01,3.72,1.35,12.8,9.5,0.0,,3.093,SP,1.0
2013,61101,임찬규,LG,투수,False,44.0,17,4.70455,1.64,1,1,0,0,0,45,21,0,51,7,24,23,9.2,4.3,2.14,22.4,10.4,0.0,,2.588,RP,1.0
2016,61101,임찬규,LG,투수,False,47.0,15,6.51064,1.66,3,3,0,1,0,38,32,6,46,6,35,34,7.28,6.13,1.19,17.7,14.9,-0.722,-0.25,3.133,SP,1.0
2017,61101,임찬규,LG,투수,False,124.333,27,4.63271,1.43,6,10,0,0,5,113,45,24,133,12,70,64,8.18,3.26,2.51,20.2,8.0,0.024,0.46,4.605,SP,1.0
2018,61101,임찬규,LG,투수,True,146.667,29,5.76818,1.65,11,11,1,0,9,125,47,13,195,23,104,94,7.67,2.88,2.66,18.4,6.9,-0.818,-0.44,5.057,SP,1.0
2019,61101,임찬규,LG,투수,False,88.667,30,4.97368,1.47,3,5,0,2,3,72,46,7,84,10,51,49,7.31,4.67,1.5699999999999998,18.4,11.7,-0.59,-0.58,2.956,SP,1.0
2020,61101,임찬규,LG,투수,True,147.667,27,4.08352,1.41,10,9,0,0,10,138,65,5,143,14,76,67,8.41,3.96,2.12,21.5,10.1,1.758,1.5,5.469,SP,1.0
2021,61101,임찬규,LG,투수,False,90.667,17,3.87132,1.29,1,8,0,0,7,67,41,3,76,7,45,39,6.65,4.07,1.63,17.3,10.6,1.371,1.37,5.333,SP,1.0
2022,61101,임찬규,LG,투수,False,103.667,23,5.03537,1.47,6,11,0,0,3,75,39,7,113,10,60,58,6.51,3.39,1.92,16.3,8.5,0.663,0.47,4.507,SP,1.0
2023,61101,임찬규,LG,투수,True,144.667,30,3.42166,1.35,14,3,0,1,7,103,54,5,142,10,63,55,6.41,3.36,1.91,16.3,8.5,2.765,2.38,4.822,SP,1.0
2024,61101,임찬규,LG,투수,False,134.0,25,3.82836,1.39,10,6,0,1,11,136,42,5,144,12,58,57,9.13,2.82,3.24,23.6,7.3,1.6989999999999998,3.37,5.36,SP,1.0
2025,61101,임찬규,LG,투수,True,160.333,27,3.0311850311850312,1.27,11,7,0,0,15,107,40,6,163,9,61,54,6.01,2.25,2.67,16.0,6.0,3.803,3.82,5.938,SP,1.0
2026,61101,임찬규,LG,투수,True,115.667,21,4.279538904899135,1.43,10,4,0,0,9,67,33,5,132,7,57,55,5.21,2.57,2.03,13.4,6.6,1.258,1.96,5.508,SP,0.757
2012,78352,임창민,넥센,,False,4.0,3,4.5,1.5,0,0,0,0,0,2,3,0,3,0,2,2,4.5,6.75,0.67,11.1,16.7,0.0,,1.333,RP,1.0
2013,78352,임창민,NC,,False,64.667,54,3.75773,1.13,6,6,4,9,0,63,32,2,41,10,29,27,8.77,4.45,1.97,23.9,12.1,0.0,,1.198,RP,1.0
2014,78352,임창민,NC,,False,53.333,41,4.3875,1.48,6,3,1,5,0,53,29,2,50,5,28,26,8.94,4.89,1.83,22.1,12.1,-0.054,0.24,1.301,RP,1.0
2015,78352,임창민,NC,,False,64.0,61,3.79688,1.22,1,5,31,0,0,72,21,1,57,7,28,27,10.13,2.95,3.43,27.1,7.9,2.316,1.11,1.049,CL,1.0
2016,78352,임창민,NC,,False,70.0,65,2.57143,1.3,1,3,26,6,0,91,30,5,61,5,22,20,11.7,3.86,3.03,30.1,9.9,1.479,1.79,1.077,CL,1.0
2017,78352,임창민,NC,,False,66.0,60,3.68182,1.26,4,3,29,0,0,62,23,1,60,10,27,27,8.45,3.14,2.7,22.8,8.5,3.602,1.04,1.1,CL,1.0
2018,78352,임창민,NC,,False,7.0,8,6.42857,1.43,0,1,3,0,0,9,2,0,8,2,6,5,11.57,2.57,4.5,27.3,6.1,-1.02,-0.11,0.875,CL,1.0
2019,78352,임창민,NC,,False,15.0,20,2.4,1.47,0,1,0,2,0,10,8,1,14,1,6,4,6.0,4.8,1.25,15.6,12.5,-0.364,0.11,0.75,RP,1.0
2020,78352,임창민,NC,,False,37.667,44,5.25664,1.65,7,2,0,11,0,44,23,2,39,4,26,22,10.51,5.5,1.91,24.6,12.8,-1.211,0.13,0.856,SU,1.0
2021,78352,임창민,NC,,False,40.333,46,3.79339,1.36,0,3,0,17,0,29,20,4,35,2,23,17,6.47,4.46,1.45,16.3,11.2,0.82,0.23,0.877,SU,1.0
2022,78352,임창민,두산,,False,27.333,32,3.95122,1.32,0,0,2,6,0,21,10,3,26,3,15,12,6.91,3.29,2.1,16.9,8.1,-1.141,0.0,0.854,RP,1.0
2023,78352,임창민,키움,,False,46.667,51,2.50714,1.46,2,2,26,1,0,40,17,2,51,3,16,13,7.71,3.28,2.35,19.1,8.1,1.528,1.34,0.915,CL,1.0
2024,78352,임창민,삼성,,False,54.333,60,3.97546,1.66,2,1,1,28,0,50,30,2,60,4,26,24,8.28,4.97,1.67,19.8,11.9,1.953,1.09,0.906,SU,1.0
2025,78352,임창민,삼성,,False,13.0,16,4.846153846153846,1.85,1,0,0,2,0,6,7,1,17,5,8,7,4.15,4.85,0.86,9.5,11.1,-0.311,-0.29,0.812,RP,1.0
2014,95657,임창용,삼성,,False,44.667,49,5.84328,1.59,5,4,31,0,0,52,21,4,50,4,33,29,10.48,4.23,2.48,25.4,10.2,-1.498,0.83,0.912,CL,1.0
2015,95657,임창용,삼성,,False,54.0,55,2.83333,1.07,5,2,33,0,0,71,13,3,45,2,17,17,11.83,2.17,5.46,32.4,5.9,0.401,2.0,0.982,CL,1.0
2016,95657,임창용,KIA,,False,35.0,34,4.37143,1.5699999999999998,3,3,15,0,0,38,10,1,45,5,18,17,9.77,2.57,3.8,23.9,6.3,-1.406,0.65,1.029,CL,1.0
2017,95657,임창용,KIA,,False,50.0,51,3.78,1.46,8,6,7,9,0,58,22,5,51,3,22,21,10.44,3.96,2.64,25.8,9.8,0.465,1.29,0.98,RP,1.0
2018,95657,임창용,KIA,,False,86.333,37,5.42085,1.4,5,5,4,4,3,84,29,11,92,16,54,52,8.76,3.02,2.9,21.6,7.5,0.066,0.95,2.333,SP,1.0
2012,62868,임치영,SK,,False,10.333,6,4.35484,1.45,1,0,0,0,0,6,6,2,9,3,5,5,5.23,5.23,1.0,13.3,13.3,0.0,,1.722,RP,1.0
2013,62868,임치영,SK,,False,1.0,2,36.0,6.0,0,1,0,0,0,0,1,0,5,0,4,4,0.0,9.0,0.0,0.0,11.1,0.0,,0.5,RP,1.0
2017,62868,임치영,SK,,False,1.0,1,9.0,3.0,0,0,0,0,0,1,0,0,3,0,1,1,9.0,0.0,99.99,16.7,0.0,-0.003,0.0,1.0,RP,1.0
2010,77251,임태훈,두산,,False,130.667,36,5.30357,1.39,9,11,1,1,5,103,47,12,134,27,83,77,7.09,3.24,2.19,17.8,8.1,0.0,,3.63,SP,1.0
2011,77251,임태훈,두산,,False,19.0,19,3.78947,1.21,1,1,7,0,0,13,7,1,16,3,8,8,6.16,3.32,1.86,16.5,8.9,0.0,,1.0,CL,1.0
2012,77251,임태훈,두산,,False,50.333,22,4.64901,1.77,4,4,0,3,2,33,36,1,53,5,30,26,5.9,6.44,0.92,14.2,15.5,0.0,,2.288,SP,1.0
2013,77251,임태훈,두산,,False,10.333,9,11.3226,2.81,1,1,0,0,0,13,11,0,18,1,13,13,11.32,9.58,1.18,21.7,18.3,0.0,,1.148,RP,1.0
2014,77251,임태훈,두산,,False,3.667,6,9.81818,3.55,0,0,0,1,0,4,6,1,7,0,4,4,9.82,14.73,0.67,16.0,24.0,-0.439,-0.02,0.611,RP,1.0
2011,61457,임현준,삼성,,False,17.333,29,3.11538,1.85,2,0,0,2,0,9,12,0,20,1,8,6,4.67,6.23,0.75,11.3,15.0,0.0,,0.598,RP,1.0
2014,61457,임현준,삼성,,False,0.0,1,0.0,0.0,0,0,0,0,0,0,1,0,2,0,0,0,0.0,0.0,0.0,0.0,33.3,-0.022,0.0,0.0,RP,1.0
2015,61457,임현준,삼성,,False,6.333,7,11.3684,2.05,0,0,0,0,0,6,2,0,11,3,10,8,8.53,2.84,3.0,18.2,6.1,0.068,-0.23,0.905,RP,1.0
2016,61457,임현준,삼성,,False,1.0,2,36.0,4.0,0,0,0,0,0,0,0,1,4,1,4,4,0.0,0.0,99.99,0.0,0.0,-0.014,-0.11,0.5,RP,1.0
2017,61457,임현준,삼성,,False,10.667,11,5.0625,1.41,0,0,0,0,0,4,4,2,11,0,7,6,3.38,3.38,1.0,8.3,8.3,-0.121,0.05,0.97,RP,1.0
2018,61457,임현준,삼성,,False,27.667,40,3.90361,1.12,0,1,0,3,0,26,11,5,20,3,12,12,8.46,3.58,2.36,22.4,9.5,0.273,0.39,0.692,RP,1.0
2019,61457,임현준,삼성,,False,42.333,71,3.40157,1.09,1,0,0,8,0,35,12,3,34,2,19,16,7.44,2.55,2.92,19.8,6.8,0.768,0.72,0.596,RP,1.0
2020,61457,임현준,삼성,,False,25.333,51,1.77632,1.22,1,1,0,5,0,18,7,6,24,2,7,5,6.39,2.49,2.57,16.5,6.4,0.639,0.84,0.497,RP,1.0
2021,61457,임현준,삼성,,False,11.0,27,6.54545,1.64,1,2,0,5,0,8,7,4,11,0,8,8,6.55,5.73,1.14,15.4,13.5,-0.66,-0.08,0.407,RP,1.0
2020,50900,임형원,NC,,False,0.0,1,0.0,0.0,0,0,0,0,0,0,0,0,1,0,1,1,0.0,0.0,99.99,0.0,0.0,-0.004,0.0,0.0,RP,1.0
2021,51665,장민기,KIA,투수,False,23.333,21,3.47143,1.8,2,1,0,2,0,22,29,4,13,1,11,9,8.49,11.19,0.76,19.3,25.4,-0.539,0.03,1.111,RP,1.0
2010,60255,장민익,두산,,False,13.667,9,10.5366,2.93,0,0,0,0,0,6,15,0,25,2,16,16,3.95,9.88,0.4,7.6,19.0,0.0,,1.519,RP,1.0
2011,60255,장민익,두산,,False,8.667,4,3.11538,1.62,0,0,0,0,0,6,3,0,11,1,3,3,6.23,3.12,2.0,15.8,7.9,0.0,,2.167,RP,1.0
2014,60255,장민익,두산,,False,5.333,8,3.38,1.69,0,0,0,1,0,1,2,0,7,0,2,2,1.69,3.38,0.5,4.5,9.1,0.191,0.04,0.667,RP,1.0
2015,60255,장민익,두산,,False,4.0,4,29.25,4.75,0,0,0,0,0,4,8,0,11,4,14,13,9.0,18.0,0.5,12.9,25.8,0.082,-0.47,1.0,RP,1.0
2017,60255,장민익,두산,,False,2.0,3,0.0,1.0,0,0,0,0,0,2,2,0,0,0,0,0,9.0,9.0,1.0,25.0,25.0,0.012,0.05,0.667,RP,1.0
2018,60255,장민익,두산,,False,2.0,3,27.0,3.5,0,0,0,0,0,2,2,1,5,3,6,6,9.0,9.0,1.0,14.3,14.3,-0.084,-0.29,0.667,RP,1.0
2010,79764,장민재,한화,,False,16.333,13,4.40816,1.29,1,0,0,0,0,4,5,1,16,1,8,8,2.2,2.76,0.8,5.9,7.4,0.0,,1.256,RP,1.0
2011,79764,장민재,한화,,False,87.667,36,6.05703,1.85,1,7,0,1,1,52,49,4,113,12,62,59,5.34,5.03,1.06,12.4,11.7,0.0,,2.435,SP,1.0
2015,79764,장민재,한화,,False,4.0,4,18.0,4.0,0,0,0,0,0,3,7,0,9,1,8,8,6.75,15.75,0.43,12.0,28.0,0.035,-0.19,1.0,RP,1.0
2016,79764,장민재,한화,,False,119.333,48,4.67598,1.6800000000000002,6,6,0,1,2,92,67,4,133,15,66,62,6.9399999999999995,5.05,1.37,17.0,12.4,-0.923,1.62,2.486,SP,1.0
2017,79764,장민재,한화,,False,62.667,33,7.75532,1.87,2,5,0,0,0,30,23,2,94,11,60,54,4.31,3.3,1.3,9.9,7.6,-2.306,-0.89,1.899,RP,1.0
2018,79764,장민재,한화,,False,59.667,34,4.67598,1.42,6,2,0,1,0,42,23,1,62,7,33,31,6.34,3.47,1.83,15.8,8.6,0.232,0.75,1.755,RP,1.0
2019,79764,장민재,한화,,False,119.333,26,5.43017,1.48,6,8,0,0,7,103,27,6,150,14,76,72,7.77,2.04,3.81,19.6,5.1,0.518,0.99,4.59,SP,1.0
2020,79764,장민재,한화,,False,57.333,24,6.75,1.73,2,7,0,0,2,32,13,2,86,5,44,43,5.02,2.04,2.46,12.0,4.9,-1.389,0.09,2.389,SP,1.0
2021,79764,장민재,한화,,False,29.333,12,2.76136,1.43,0,2,0,0,1,13,8,0,34,4,17,9,3.99,2.45,1.63,10.2,6.3,0.468,0.25,2.444,SP,1.0
2022,79764,장민재,한화,,False,126.667,32,3.55263,1.29,7,8,0,0,3,75,39,4,124,15,54,50,5.33,2.77,1.92,14.1,7.3,1.913,1.66,3.958,SP,1.0
2023,79764,장민재,한화,,False,69.0,25,4.82609,1.46,3,8,0,1,2,61,22,5,79,12,46,37,7.96,2.87,2.77,19.8,7.1,0.214,-0.09,2.76,SP,1.0
2024,79764,장민재,한화,,False,29.0,26,3.10345,1.83,1,1,0,0,0,17,7,1,46,2,10,10,5.28,2.17,2.43,12.3,5.1,-0.341,0.57,1.115,RP,1.0
2023,53596,장세진,롯데,투수,False,1.333,2,13.5,3.0,0,0,0,0,0,1,2,0,2,1,2,2,6.75,13.5,0.5,12.5,25.0,-0.025,-0.14,0.666,RP,1.0
2011,77318,장시환,넥센,투수,False,6.333,4,7.10526,1.89,0,0,0,0,0,6,4,0,8,0,5,5,8.53,5.68,1.5,18.8,12.5,0.0,,1.583,RP,1.0
2012,77318,장시환,넥센,투수,False,61.0,21,5.01639,1.72,0,6,1,1,1,42,42,4,63,3,35,34,6.2,6.2,1.0,15.1,15.1,0.0,,2.905,SP,1.0
2013,77318,장시환,넥센,투수,False,5.667,2,14.2941,2.47,0,0,0,0,0,7,7,0,7,1,9,9,11.12,11.12,1.0,21.9,21.9,0.0,,2.834,RP,1.0
2014,77318,장시환,넥센,투수,False,6.667,6,12.15,1.8,0,0,0,0,0,2,3,0,9,0,9,9,2.7,4.05,0.67,6.3,9.4,-0.123,0.05,1.111,RP,1.0
2015,77318,장시환,KT,투수,False,74.667,47,3.97768,1.35,7,5,12,0,0,75,28,1,73,1,33,33,9.04,3.38,2.68,24.4,9.1,0.661,2.56,1.589,RP,1.0
2016,77318,장시환,KT,투수,False,75.333,40,6.33186,1.81,3,12,6,3,1,67,43,9,93,7,62,53,8.0,5.14,1.56,18.4,11.8,-3.484,0.36,1.883,SP,1.0
2017,77318,장시환,롯데,투수,False,51.333,53,4.38312,1.54,4,4,0,10,0,57,31,4,48,6,28,25,9.99,5.44,1.84,25.0,13.6,-0.85,0.76,0.969,RP,1.0
2018,77318,장시환,롯데,투수,False,36.667,32,4.66364,1.58,1,0,0,2,0,44,19,3,39,5,23,19,10.8,4.66,2.32,25.3,10.9,0.07,0.3,1.146,RP,1.0
2019,77318,장시환,롯데,투수,False,125.333,27,4.95479,1.64,6,13,0,0,9,109,58,2,147,12,78,69,7.83,4.16,1.88,19.1,10.2,0.609,1.35,4.642,SP,1.0
2020,77318,장시환,한화,투수,False,132.667,26,5.0201,1.61,4,14,0,0,11,115,74,8,139,15,81,74,7.8,5.02,1.55,19.1,12.3,-0.046,1.19,5.103,SP,1.0
2021,77318,장시환,한화,투수,False,69.0,19,7.04348,1.96,0,11,0,1,1,47,48,6,87,4,62,54,6.13,6.26,0.98,13.7,14.0,-1.111,-0.59,3.632,SP,1.0
2022,77318,장시환,한화,투수,False,63.667,64,4.3822,1.41,0,5,14,9,0,67,33,1,57,4,37,31,9.47,4.66,2.03,23.9,11.8,0.919,0.41,0.995,RP,1.0
2023,77318,장시환,한화,투수,False,34.667,39,3.38,1.53,2,2,1,7,0,24,21,4,32,1,13,13,6.23,5.45,1.14,15.7,13.7,-0.549,0.49,0.889,RP,1.0
2024,77318,장시환,한화,투수,False,33.333,30,5.13,1.6800000000000002,2,2,0,2,0,28,22,1,34,3,27,19,7.56,5.9399999999999995,1.27,17.9,14.1,0.473,-0.2,1.111,RP,1.0
2011,79334,장영석,넥센,,False,2.0,2,13.5,3.0,0,0,0,0,0,0,4,0,2,0,4,3,0.0,18.0,0.0,0.0,33.3,0.0,,1.0,RP,1.0
2020,50706,장웅정,한화,,False,7.667,2,3.52174,1.7,0,1,0,0,0,5,6,0,7,0,3,3,5.87,7.04,0.83,14.3,17.1,-0.065,0.18,3.834,SP,1.0
2021,50706,장웅정,한화,,False,7.333,4,9.81818,2.32,0,0,0,0,0,4,2,0,15,4,8,8,4.91,2.45,2.0,10.5,5.3,-0.11,-0.21,1.833,RP,1.0
2010,76355,장원삼,삼성,,True,151.0,29,3.45695,1.21,13,5,0,0,12,115,44,5,139,13,62,58,6.85,2.62,2.61,18.2,7.0,0.0,,5.207,SP,1.0
2011,76355,장원삼,삼성,,False,115.0,25,4.14783,1.53,8,8,0,0,9,68,37,0,139,13,58,53,5.32,2.9,1.84,13.4,7.3,0.0,,4.6,SP,1.0
2012,76355,장원삼,삼성,,True,157.0,27,3.55414,1.15,17,6,0,1,14,127,38,9,143,9,64,62,7.28,2.18,3.34,19.6,5.9,0.0,,5.815,SP,1.0
2013,76355,장원삼,삼성,,True,154.0,27,4.38312,1.34,13,10,1,0,14,104,42,9,165,21,85,75,6.08,2.45,2.48,15.8,6.4,0.0,,5.704,SP,1.0
2014,76355,장원삼,삼성,,True,129.333,24,4.10567,1.44,11,5,0,0,11,63,37,5,149,16,70,59,4.38,2.57,1.7,11.2,6.6,-0.237,1.36,5.389,SP,1.0
2015,76355,장원삼,삼성,,False,136.667,26,5.79512,1.47,10,9,0,0,9,107,50,1,151,29,96,88,7.05,3.29,2.14,17.9,8.3,-1.494,0.51,5.256,SP,1.0
2016,76355,장원삼,삼성,,False,78.333,26,7.00851,1.75,5,8,0,2,4,53,23,2,114,16,69,61,6.09,2.64,2.3,14.5,6.3,-2.48,-0.08,3.013,SP,1.0
2017,76355,장원삼,삼성,,False,67.333,49,5.61386,1.6800000000000002,4,5,0,6,1,55,17,5,96,8,48,42,7.35,2.27,3.24,17.7,5.5,-0.252,0.52,1.374,SP,1.0
2018,76355,장원삼,삼성,,False,38.0,8,6.15789,1.58,3,1,0,0,3,27,13,1,47,4,27,26,6.39,3.08,2.08,15.6,7.5,0.143,0.54,4.75,SP,1.0
2019,76355,장원삼,LG,,False,14.667,8,7.97727,1.5699999999999998,0,2,0,0,0,7,3,2,20,3,13,13,4.3,1.84,2.33,10.3,4.4,-0.336,-0.39,1.833,RP,1.0
2020,76355,장원삼,롯데,,False,34.0,13,7.67647,1.74,0,3,0,0,1,15,10,3,49,6,32,29,3.97,2.65,1.5,9.4,6.3,-0.85,-0.31,2.615,SP,1.0
2010,74513,장원준,롯데,,True,144.333,26,4.42725,1.43,12,6,0,0,12,113,48,8,158,24,77,71,7.05,2.99,2.35,18.1,7.7,0.0,,5.551,SP,1.0
2011,74513,장원준,롯데,,True,180.667,29,3.13838,1.42,15,6,0,0,17,129,62,9,195,7,72,63,6.43,3.09,2.08,16.7,8.0,0.0,,6.23,SP,1.0
2014,74513,장원준,롯데,,True,155.0,27,4.5871,1.46,10,9,0,0,13,107,67,3,160,15,87,79,6.21,3.89,1.6,15.9,9.9,-0.586,2.91,5.741,SP,1.0
2015,74513,장원준,두산,,True,169.667,30,4.08448,1.47,12,12,0,0,17,128,68,14,182,13,86,77,6.79,3.61,1.88,17.1,9.1,0.143,3.04,5.656,SP,1.0
2016,74513,장원준,두산,,True,168.0,27,3.32143,1.41,15,6,0,0,19,137,76,9,161,14,66,62,7.34,4.07,1.8,18.8,10.5,1.752,4.63,6.222,SP,1.0
2017,74513,장원준,두산,,True,180.333,29,3.14418,1.24,14,9,0,0,18,125,51,14,172,12,70,63,6.24,2.55,2.45,16.4,6.7,3.479,4.37,6.218,SP,1.0
2018,74513,장원준,두산,,False,71.667,24,9.92093,1.87,3,7,0,2,2,46,33,11,101,12,81,79,5.78,4.14,1.39,13.2,9.5,-2.126,-1.63,2.986,SP,1.0
2019,74513,장원준,두산,,False,2.0,6,9.0,4.0,0,0,0,0,0,1,3,1,5,0,2,2,4.5,13.5,0.33,7.1,21.4,-0.162,-0.11,0.333,RP,1.0
2020,74513,장원준,두산,,False,5.667,2,12.7059,2.65,0,1,0,0,0,2,6,0,9,1,8,8,3.18,9.53,0.33,6.7,20.0,-0.407,-0.31,2.834,RP,1.0
2021,74513,장원준,두산,,False,18.667,32,6.75,2.04,0,1,1,4,0,8,18,2,20,1,15,14,3.86,8.68,0.44,8.4,18.9,-0.425,-0.43,0.583,RP,1.0
2022,74513,장원준,두산,,False,17.0,27,3.70588,1.76,0,1,0,6,0,7,7,1,23,0,8,7,3.71,3.71,1.0,9.0,9.0,-0.181,0.17,0.63,RP,1.0
2023,74513,장원준,두산,,False,41.0,11,5.26829,1.56,3,5,0,0,1,24,11,2,53,4,27,24,5.27,2.41,2.18,13.1,6.0,0.086,0.03,3.727,SP,1.0
2019,69645,장유호,KIA,투수,False,16.333,13,7.71429,1.84,0,0,0,0,0,6,7,2,23,2,16,14,3.31,3.86,0.86,7.5,8.8,-0.083,-0.39,1.256,RP,1.0
2021,69645,장유호,KIA,투수,False,14.333,9,3.13953,1.53,0,0,0,0,0,5,13,3,9,1,6,5,3.14,8.16,0.38,7.5,19.4,-0.046,0.01,1.593,RP,1.0
2022,69645,장유호,KIA,투수,False,2.0,1,0.0,1.5,0,0,0,0,0,1,1,0,2,0,0,0,4.5,4.5,1.0,11.1,11.1,0.123,0.08,2.0,RP,1.0
2023,69645,장유호,한화,투수,False,2.0,1,18.0,3.0,0,0,0,0,0,0,2,0,4,0,5,4,0.0,9.0,0.0,0.0,18.2,-0.006,-0.13,2.0,RP,1.0
2024,69645,장유호,한화,투수,False,14.0,13,10.9286,2.36,0,0,0,0,0,11,10,2,23,0,18,17,7.07,6.43,1.1,14.7,13.3,-0.007,-0.25,1.077,RP,1.0
2026,69645,장유호,한화,투수,False,26.333,22,2.392405063291139,1.29,2,1,0,2,0,20,12,2,22,3,7,7,6.84,4.1,1.67,18.0,10.8,-0.116,0.58,1.197,RP,0.757
2021,51359,장재영,키움,투수,False,17.667,19,9.16981,2.21,0,1,0,0,0,14,24,3,15,0,18,18,7.13,12.23,0.58,15.2,26.1,-0.591,-0.42,0.93,RP,1.0
2022,51359,장재영,키움,투수,False,14.0,14,7.71429,2.14,0,0,0,0,0,19,7,1,23,2,12,12,12.21,4.5,2.71,27.1,10.0,-0.054,-0.15,1.0,RP,1.0
2023,51359,장재영,키움,투수,False,71.667,23,5.52558,1.8,1,5,0,0,2,67,66,8,63,4,46,44,8.41,8.29,1.02,19.8,19.5,-0.127,-0.05,3.116,SP,1.0
2022,50641,장재혁,KIA,투수,False,3.0,3,6.0,2.0,0,0,0,0,0,4,3,0,3,0,2,2,12.0,9.0,1.33,26.7,20.0,-0.046,0.0,1.0,RP,1.0
2024,50641,장재혁,KIA,투수,False,1.333,1,0.0,2.25,0,0,0,0,0,0,1,0,2,0,0,0,0.0,6.75,0.0,0.0,14.3,0.0,0.03,1.333,RP,1.0
2025,50641,장재혁,KIA,투수,False,3.0,3,6.0,2.0,0,0,0,0,0,2,3,0,3,1,2,2,6.0,9.0,0.67,15.4,23.1,-0.176,-0.07,1.0,RP,1.0
2026,50641,장재혁,KIA,투수,False,6.0,4,4.5,1.83,0,0,0,0,0,5,5,0,6,0,3,3,7.5,7.5,1.0,17.2,17.2,0.009,0.05,1.5,RP,0.757
2017,67443,장지훈,삼성,,False,2.333,4,0.0,1.29,0,0,0,0,0,5,1,0,2,0,0,0,19.29,3.86,5.0,50.0,10.0,-0.027,0.1,0.583,RP,1.0
2018,67443,장지훈,삼성,,False,1.0,1,0.0,1.0,0,0,0,0,0,1,0,0,1,0,0,0,9.0,0.0,99.99,25.0,0.0,0.0,0.03,1.0,RP,1.0
2019,67443,장지훈,삼성,,False,14.333,13,6.27907,2.3,0,0,0,0,0,12,11,1,22,0,11,10,7.53,6.91,1.09,15.6,14.3,-0.19,-0.04,1.103,RP,1.0
2020,67443,장지훈,삼성,,False,27.667,29,10.0843,2.17,0,1,0,0,0,24,21,3,39,7,37,31,7.81,6.83,1.14,16.4,14.4,-0.94,-0.68,0.954,RP,1.0
2021,51895,장지훈,SSG,투수,False,80.333,60,3.92116,1.28,2,5,1,10,0,51,19,4,84,6,40,35,5.71,2.13,2.68,14.9,5.6,1.241,1.13,1.339,RP,1.0
2022,51895,장지훈,SSG,투수,False,55.0,40,4.25455,1.22,2,0,0,6,0,33,11,3,56,6,26,26,5.4,1.8,3.0,14.3,4.8,0.388,0.48,1.375,RP,1.0
2024,51895,장지훈,SSG,투수,False,21.333,18,6.75,1.83,0,0,0,0,0,10,10,1,29,3,16,16,4.22,4.22,1.0,9.9,9.9,-0.349,-0.12,1.185,RP,1.0
2026,51895,장지훈,SSG,투수,False,17.333,12,8.307692307692308,1.56,0,0,0,0,0,9,6,2,21,3,16,16,4.67,3.12,1.5,11.3,7.5,-0.016,-0.21,1.444,RP,0.757
2014,74139,장진용,LG,,False,7.333,4,2.45455,1.36,0,2,0,0,0,5,2,1,8,1,6,2,6.14,2.45,2.5,14.7,5.9,-0.356,0.05,1.833,RP,1.0
2015,74139,장진용,LG,,False,32.333,11,6.40206,1.55,1,3,0,0,0,20,7,5,43,5,26,23,5.57,1.95,2.86,13.3,4.7,-0.702,-0.39,2.939,RP,1.0
2016,74139,장진용,LG,,False,5.333,2,20.25,2.81,0,0,0,0,0,2,6,0,9,3,12,12,3.38,10.13,0.33,6.5,19.4,-0.611,-0.48,2.666,RP,1.0
2026,56460,장찬희,삼성,투수,False,60.0,24,4.35,1.33,4,4,0,1,1,45,27,4,53,10,31,29,6.75,4.05,1.67,17.1,10.3,0.317,0.59,2.5,SP,0.757
2015,77927,장필준,삼성,투수,False,4.0,2,15.75,2.5,0,0,0,0,0,4,0,0,10,2,7,7,9.0,0.0,99.99,18.2,0.0,-0.334,-0.2,2.0,RP,1.0
2016,77927,장필준,삼성,투수,False,72.0,56,5.13,1.5,4,6,4,9,0,57,26,5,82,9,42,41,7.13,3.25,2.19,18.0,8.2,-1.884,0.48,1.286,RP,1.0
2017,77927,장필준,삼성,투수,False,67.333,56,4.67822,1.6,4,8,21,3,0,82,26,4,82,6,37,35,10.96,3.48,3.15,26.7,8.5,-0.275,1.39,1.202,CL,1.0
2018,77927,장필준,삼성,투수,False,66.333,61,4.34171,1.36,5,5,6,13,0,74,25,6,65,6,35,32,10.04,3.39,2.96,25.5,8.6,0.759,1.34,1.087,RP,1.0
2019,77927,장필준,삼성,투수,False,69.667,61,3.61722,1.39,3,3,11,15,0,53,33,3,64,7,29,28,6.85,4.26,1.61,17.5,10.9,0.943,1.19,1.142,RP,1.0
2020,77927,장필준,삼성,투수,False,36.0,31,5.75,1.72,0,3,0,4,0,26,16,0,46,6,24,23,6.5,4.0,1.63,15.3,9.4,-0.48,0.31,1.161,RP,1.0
2021,77927,장필준,삼성,투수,False,34.667,41,7.26923,2.11,0,0,0,2,0,24,27,1,46,4,30,28,6.23,7.01,0.89,13.8,15.5,-0.129,-0.61,0.846,RP,1.0
2022,77927,장필준,삼성,투수,False,30.0,19,5.7,1.77,0,3,0,0,0,17,15,3,38,1,20,19,5.1,4.5,1.13,12.2,10.8,-0.566,-0.02,1.579,RP,1.0
2023,77927,장필준,삼성,투수,False,19.333,17,7.91379,2.07,1,1,0,1,0,11,12,2,28,2,17,17,5.12,5.59,0.92,11.5,12.5,-0.214,-0.34,1.137,RP,1.0
2024,77927,장필준,삼성,투수,False,0.333,1,135.0,15.0,0,0,0,0,0,0,0,0,5,0,5,5,0.0,0.0,99.99,0.0,0.0,-0.003,-0.17,0.333,RP,1.0
2013,63950,장현식,NC,투수,False,2.0,2,13.5,3.0,0,0,0,0,0,0,0,0,6,0,3,3,0.0,0.0,99.99,0.0,0.0,0.0,,1.0,RP,1.0
2015,63950,장현식,NC,투수,False,2.0,2,9.0,2.5,0,0,0,0,0,3,2,0,3,0,2,2,13.5,9.0,1.5,27.3,18.2,0.156,-0.04,1.0,RP,1.0
2016,63950,장현식,NC,투수,False,76.333,37,4.48035,1.45,1,3,0,1,1,59,43,2,68,5,40,38,6.96,5.07,1.37,17.8,13.0,-0.183,0.81,2.063,SP,1.0
2017,63950,장현식,NC,투수,False,134.333,31,5.2928,1.53,9,9,0,0,8,120,66,5,139,18,86,79,8.04,4.42,1.82,20.0,11.0,0.336,0.56,4.333,SP,1.0
2018,63950,장현식,NC,투수,False,26.667,21,7.43,1.8,3,2,2,1,0,24,17,0,31,7,22,22,8.1,5.74,1.41,19.0,13.5,-0.556,-0.59,1.27,RP,1.0
2019,63950,장현식,NC,투수,False,54.667,53,4.60976,1.48,5,4,0,9,0,49,23,4,58,9,31,28,8.07,3.79,2.13,19.9,9.3,0.109,-0.4,1.031,RP,1.0
2020,63950,장현식,KIA,투수,False,41.0,37,10.7561,2.1,4,4,0,6,0,26,22,3,64,8,52,49,5.71,4.83,1.18,12.6,10.6,-1.869,-1.49,1.108,RP,1.0
2021,63950,장현식,KIA,투수,False,76.667,69,3.28696,1.42,1,5,1,34,0,80,42,3,67,7,28,28,9.39,4.93,1.9,23.8,12.5,3.227,1.67,1.111,SU,1.0
2022,63950,장현식,KIA,투수,False,52.0,54,3.11538,1.54,2,3,1,19,0,40,26,1,54,4,20,18,6.92,4.5,1.54,17.2,11.2,1.02,0.89,0.963,SU,1.0
2023,63950,장현식,KIA,투수,False,51.0,56,4.05882,1.65,2,2,3,5,0,44,26,1,58,6,26,23,7.76,4.59,1.69,19.5,11.5,-0.257,0.17,0.911,RP,1.0
2024,63950,장현식,KIA,투수,False,75.333,75,3.94248,1.45,5,4,0,16,0,75,34,2,75,8,41,33,8.96,4.06,2.21,22.7,10.3,2.059,0.94,1.004,RP,1.0
2025,63950,장현식,LG,투수,False,49.667,56,4.348993288590604,1.73,3,3,10,5,0,38,21,5,65,4,27,24,6.89,3.81,1.81,16.2,9.0,0.134,0.21,0.887,RP,1.0
2026,63950,장현식,LG,투수,False,50.667,29,4.0855263157894735,1.42,7,3,2,7,0,35,16,1,56,5,23,23,6.22,2.84,2.19,16.2,7.4,0.267,0.93,1.747,RP,0.757
2025,55239,잭로그,두산,투수,True,176.0,30,2.8125,1.05,10,8,0,1,17,156,39,17,146,8,66,55,7.98,1.99,4.0,21.6,5.4,3.403,4.68,5.867,SP,1.0
2026,55239,잭로그,두산,투수,True,113.333,21,3.9705882352941178,1.32,6,6,0,0,9,99,22,8,128,13,58,50,7.86,1.75,4.5,19.9,4.4,1.529,1.81,5.397,SP,0.757
2011,61434,저마노,삼성,,False,45.333,8,2.77941,1.13,5,1,0,0,6,29,6,0,45,3,17,14,5.76,1.19,4.83,16.0,3.3,0.0,,5.667,SP,1.0
2015,61434,저마노,KT,,False,76.667,15,4.93043,1.64,3,6,0,1,5,40,15,3,111,7,46,42,4.7,1.76,2.67,11.5,4.3,-0.464,1.92,5.111,SP,1.0
2022,69204,전루건,두산,투수,False,9.333,9,19.2857,2.68,0,0,0,0,0,3,8,0,17,2,20,20,2.89,7.71,0.38,5.8,15.4,-0.252,-0.64,1.037,RP,1.0
2024,69204,전루건,NC,투수,False,5.667,6,22.2353,4.24,0,0,0,0,0,0,9,4,15,0,14,14,0.0,14.29,0.0,0.0,20.5,-0.134,-0.35,0.944,RP,1.0
2024,54561,전미르,롯데,투수,False,33.667,36,5.88119,1.6,1,5,1,5,0,34,21,1,33,4,28,22,9.09,5.61,1.62,21.9,13.5,-1.584,-0.17,0.935,RP,1.0
2010,73228,전병두,SK,,False,67.667,27,3.05911,1.2,5,2,0,1,1,52,26,2,55,2,27,23,6.92,3.46,2.0,18.5,9.3,0.0,,2.506,SP,1.0
2011,73228,전병두,SK,,False,92.333,51,3.80144,1.33,3,3,3,8,0,87,56,11,67,8,44,39,8.48,5.46,1.55,22.0,14.2,0.0,,1.81,RP,1.0
2016,73228,전병두,SK,,False,0.333,1,0.0,0.0,0,0,0,0,0,0,0,0,0,0,0,0,0.0,0.0,99.99,0.0,0.0,0.022,0.02,0.333,RP,1.0
2019,69969,전사민,NC,투수,False,1.0,1,0.0,2.0,0,0,0,0,0,1,0,0,2,0,0,0,9.0,0.0,99.99,20.0,0.0,0.0,0.04,1.0,RP,1.0
2022,69969,전사민,NC,투수,False,8.333,7,3.24,1.32,0,0,0,0,0,2,6,0,5,1,4,3,2.16,6.48,0.33,5.9,17.6,-0.044,-0.03,1.19,RP,1.0
2023,69969,전사민,NC,투수,False,17.0,9,4.76471,1.82,0,2,1,0,0,6,14,2,17,1,10,9,3.18,7.41,0.43,7.4,17.3,0.013,-0.2,1.889,RP,1.0
2024,69969,전사민,NC,투수,False,23.667,17,9.50704,2.37,0,0,0,0,0,17,17,3,39,3,25,25,6.46,6.46,1.0,13.3,13.3,-0.521,-0.36,1.392,RP,1.0
2025,69969,전사민,NC,투수,False,82.333,74,4.263157894736842,1.45,7,7,2,13,0,62,33,11,86,3,45,39,6.78,3.61,1.88,16.8,8.9,-0.237,0.7,1.113,RP,1.0
2026,69969,전사민,NC,투수,False,46.333,49,3.884892086330935,1.21,3,5,7,5,0,35,21,9,35,2,27,20,6.8,4.08,1.67,17.0,10.2,-0.007,0.4,0.946,RP,0.757
2016,66609,전상현,KIA,투수,False,13.333,8,8.1,2.03,0,2,0,1,0,11,8,0,19,3,13,12,7.43,5.4,1.38,16.4,11.9,-0.703,-0.2,1.667,RP,1.0
2018,66609,전상현,KIA,투수,False,10.333,5,6.09677,2.32,0,0,0,0,0,7,5,0,19,1,7,7,6.1,4.35,1.4,12.7,9.1,-0.146,0.04,2.067,RP,1.0
2019,66609,전상현,KIA,투수,False,60.667,57,3.11538,1.09,1,4,0,15,0,62,21,2,45,3,21,21,9.2,3.12,2.95,25.3,8.6,1.373,1.26,1.064,SU,1.0
2020,66609,전상현,KIA,투수,False,47.667,47,2.45455,1.2,2,2,15,13,0,64,22,0,35,4,21,13,12.08,4.15,2.91,32.3,11.1,2.907,1.38,1.014,CL,1.0
2021,66609,전상현,KIA,투수,False,13.0,15,3.46154,1.62,1,0,0,7,0,8,6,0,15,1,6,5,5.54,4.15,1.33,13.6,10.2,0.573,0.14,0.867,SU,1.0
2022,66609,전상현,KIA,투수,False,46.333,50,3.30216,1.25,5,5,2,16,0,53,16,0,42,2,20,17,10.29,3.11,3.31,27.2,8.2,1.711,1.09,0.927,SU,1.0
2023,66609,전상현,KIA,투수,False,58.667,64,2.14773,1.3,8,3,1,13,0,50,26,1,50,1,20,14,7.67,3.99,1.92,20.0,10.4,2.719,1.58,0.917,RP,1.0
2024,66609,전상현,KIA,투수,False,66.0,66,4.09091,1.14,10,5,7,19,0,54,20,5,55,5,32,30,7.36,2.73,2.7,19.9,7.4,1.326,1.46,1.0,SU,1.0
2025,66609,전상현,KIA,투수,False,70.0,74,3.3428571428571425,1.2,7,5,1,25,0,50,20,2,64,4,30,26,6.43,2.57,2.5,17.2,6.9,2.531,1.42,0.946,SU,1.0
2026,66609,전상현,KIA,투수,False,21.333,23,2.953125,0.89,2,1,0,9,0,17,3,2,16,1,7,7,7.17,1.27,5.67,20.2,3.6,0.513,0.69,0.928,SU,0.757
2022,52809,전영준,SSG,투수,False,5.0,4,7.2,2.0,0,0,0,0,0,7,3,1,7,2,4,4,12.6,5.4,2.33,28.0,12.0,0.068,-0.07,1.25,RP,1.0
2025,52809,전영준,SSG,투수,False,52.667,34,4.613924050632911,1.41,1,5,0,0,0,55,26,5,48,5,28,27,9.4,4.44,2.12,24.1,11.4,0.085,0.4,1.549,RP,1.0
2026,52809,전영준,SSG,투수,False,39.667,43,6.126050420168068,1.36,3,2,1,1,0,44,22,5,32,8,29,27,9.98,4.99,2.0,25.1,12.6,0.409,-0.3,0.922,RP,0.757
2019,69047,전용주,KT,투수,False,3.0,4,15.0,4.0,0,0,0,0,0,1,6,0,6,1,6,5,3.0,18.0,0.17,4.8,28.6,-0.022,-0.18,0.75,RP,1.0
2023,69047,전용주,KT,투수,False,10.333,15,4.35484,1.16,0,1,0,1,0,9,6,1,6,0,5,5,7.84,5.23,1.5,20.9,14.0,0.085,0.09,0.689,RP,1.0
2024,69047,전용주,KT,투수,False,1.667,4,10.8,3.0,0,0,0,0,0,4,3,1,2,0,3,2,21.6,16.2,1.33,36.4,27.3,-0.174,-0.09,0.417,RP,1.0
2025,69047,전용주,KT,투수,False,13.667,21,3.951219512195122,1.83,0,1,0,4,0,11,7,0,18,0,8,6,7.24,4.61,1.5699999999999998,16.7,10.6,0.073,0.11,0.651,RP,1.0
2026,69047,전용주,KT,투수,False,37.667,50,4.300884955752212,1.54,3,2,0,8,0,36,24,3,34,0,18,18,8.6,5.73,1.5,21.3,14.2,0.092,0.75,0.753,RP,0.757
2017,64267,전용훈,두산,,False,9.0,7,6.0,1.44,0,0,0,0,0,6,2,0,11,0,7,6,6.0,2.0,3.0,15.4,5.1,-0.038,-0.01,1.286,RP,1.0
2010,78650,전우엽,KIA,,False,41.0,12,5.70732,1.71,2,5,0,0,1,37,23,6,47,5,29,26,8.12,5.05,1.61,18.8,11.7,0.0,,3.417,SP,1.0
2012,75340,전유수,SK,,False,35.333,25,4.33019,1.42,1,0,0,0,0,21,10,2,40,2,17,17,5.35,2.55,2.1,13.6,6.5,0.0,,1.413,RP,1.0
2013,75340,전유수,SK,,False,57.667,54,4.36994,1.44,2,0,2,3,0,35,23,4,60,6,28,28,5.46,3.59,1.52,13.9,9.1,0.0,,1.068,RP,1.0
2014,75340,전유수,SK,,False,84.667,67,4.99606,1.61,7,4,0,5,0,72,37,3,99,11,51,47,7.65,3.93,1.95,18.8,9.7,-1.487,0.35,1.264,RP,1.0
2015,75340,전유수,SK,,False,77.667,66,4.40343,1.39,3,6,1,5,0,84,42,5,66,9,39,38,9.73,4.87,2.0,24.9,12.5,1.241,0.68,1.177,RP,1.0
2016,75340,전유수,SK,,False,54.333,46,5.13497,1.77,2,4,0,3,0,45,29,0,67,6,38,31,7.45,4.8,1.55,17.6,11.4,-1.525,-0.03,1.181,RP,1.0
2017,75340,전유수,SK,,False,20.667,18,6.53226,1.98,0,0,0,1,0,20,13,3,28,1,16,15,8.71,5.66,1.54,19.4,12.6,-0.442,-0.07,1.148,RP,1.0
2018,75340,전유수,SK,,False,18.0,16,5.5,1.61,0,1,0,0,0,15,8,2,21,3,11,11,7.5,4.0,1.88,18.5,9.9,-0.435,0.02,1.125,RP,1.0
2019,75340,전유수,KT,,False,66.333,62,3.39196,1.27,3,1,1,7,0,46,18,4,66,2,31,25,6.24,2.44,2.56,16.4,6.4,-0.747,0.99,1.07,RP,1.0
2020,75340,전유수,KT,,False,45.667,47,5.12409,1.47,5,4,2,3,0,27,21,3,46,3,26,26,5.32,4.14,1.29,13.5,10.5,0.772,0.44,0.972,RP,1.0
2021,75340,전유수,KT,,False,10.667,11,3.38,1.41,1,0,0,0,0,9,6,0,9,1,6,4,7.59,5.06,1.5,19.6,13.0,0.044,0.04,0.97,RP,1.0
2022,75340,전유수,KT,,False,11.0,8,8.18182,2.0,0,0,0,0,0,2,5,0,17,1,10,10,1.64,4.09,0.4,3.7,9.3,-0.049,-0.14,1.375,RP,1.0
2016,79339,전인환,LG,,False,6.333,5,0.0,1.11,0,0,0,0,0,5,3,1,4,0,0,0,7.11,4.26,1.67,19.2,11.5,0.124,0.17,1.267,RP,1.0
2018,79339,전인환,LG,,False,5.667,5,4.76471,1.76,0,0,0,0,0,4,3,0,7,0,3,3,6.35,4.76,1.33,16.0,12.0,0.004,0.01,1.133,RP,1.0
2024,54362,전준표,키움,투수,False,27.667,18,6.83133,1.99,2,4,0,0,0,18,20,5,35,4,28,21,5.86,6.51,0.9,12.5,13.9,-0.827,-0.52,1.537,RP,1.0
2025,54362,전준표,키움,투수,False,20.333,21,8.852459016393443,2.56,2,2,0,1,0,15,19,3,33,2,22,20,6.64,8.41,0.79,13.2,16.7,-0.636,-0.76,0.968,RP,1.0
2026,54362,전준표,키움,투수,False,23.333,13,5.014285714285714,1.8,0,1,0,0,0,18,22,5,20,2,14,13,6.9399999999999995,8.49,0.82,15.4,18.8,0.011,0.06,1.795,RP,0.757
2010,94364,전준호,SK,,False,15.0,8,3.6,1.0,2,0,0,0,1,12,6,1,9,1,7,6,7.2,3.6,2.0,20.0,10.0,0.0,,1.875,SP,1.0
2011,94364,전준호,SK,,False,10.0,6,3.6,1.1,0,0,0,0,0,5,2,0,9,1,4,4,4.5,1.8,2.5,11.9,4.8,0.0,,1.667,RP,1.0
2015,64769,정광운,한화,,False,1.333,2,6.75,2.25,0,0,0,0,0,1,1,0,2,0,1,1,6.75,6.75,1.0,14.3,14.3,0.003,0.0,0.666,RP,1.0
2022,50995,정구범,NC,투수,False,1.333,2,13.5,1.5,0,0,0,0,0,2,1,0,1,1,2,2,13.5,6.75,2.0,33.3,16.7,-0.013,-0.08,0.666,RP,1.0
2023,50995,정구범,NC,투수,False,12.667,4,7.81579,2.21,0,1,0,0,0,6,12,0,16,3,11,11,4.26,8.53,0.5,9.4,18.8,-0.178,-0.27,3.167,SP,1.0
2026,56345,정다훈,키움,투수,False,21.667,23,5.815384615384615,1.94,1,0,0,0,0,9,16,1,26,4,14,14,3.74,6.65,0.56,8.7,15.5,-0.001,-0.14,0.942,RP,0.757
2010,60264,정대현,두산,,False,14.333,14,6.90698,1.88,0,0,0,1,0,6,11,1,16,1,13,11,3.77,6.91,0.55,8.6,15.7,0.0,,1.024,RP,1.0
2010,71801,정대현,SK,,False,45.0,49,1.4,0.84,4,1,4,8,0,47,7,1,31,1,7,7,9.4,1.4,6.71,27.6,4.1,0.0,,0.918,RP,1.0
2011,60264,정대현,두산,,False,2.667,5,10.125,2.25,0,0,0,0,0,2,2,1,4,0,3,3,6.75,6.75,1.0,13.3,13.3,0.0,,0.533,RP,1.0
2011,71801,정대현,SK,,False,54.667,53,1.48171,1.24,3,3,16,11,0,39,25,3,43,1,12,9,6.42,4.12,1.56,17.2,11.0,0.0,,1.031,CL,1.0
2012,60264,정대현,두산,,False,36.333,23,5.20183,1.6800000000000002,1,2,0,0,0,23,23,3,38,4,23,21,5.7,5.7,1.0,14.0,14.0,0.0,,1.58,RP,1.0
2012,71801,정대현,롯데,,False,28.333,24,0.635294,0.67,2,0,1,5,0,26,7,1,12,0,2,2,8.26,2.22,3.71,25.5,6.9,0.0,,1.181,RP,1.0
2013,60264,정대현,두산,,False,7.333,5,18.4091,3.68,0,0,0,0,0,2,6,0,21,1,15,15,2.45,7.36,0.33,4.2,12.5,0.0,,1.467,RP,1.0
2013,71801,정대현,롯데,,False,51.333,58,3.33117,1.5,5,4,1,16,0,34,21,8,56,3,21,19,5.96,3.68,1.62,15.0,9.3,0.0,,0.885,SU,1.0
2014,60264,정대현,두산,,False,27.333,12,7.90244,1.98,1,1,0,0,0,21,25,1,29,2,27,24,6.91,8.23,0.84,15.4,18.4,-0.554,0.02,2.278,RP,1.0
2014,71801,정대현,롯데,,False,42.0,60,4.07143,1.26,4,2,2,13,0,27,13,6,40,2,19,19,5.79,2.79,2.08,14.9,7.2,0.503,0.76,0.7,RP,1.0
2015,60264,정대현,KT,,False,118.0,30,5.18644,1.69,5,11,0,0,5,82,62,4,138,19,80,68,6.25,4.73,1.32,15.1,11.4,-1.442,1.77,3.933,SP,1.0
2015,71801,정대현,롯데,,False,18.333,19,2.94545,1.25,2,1,3,3,0,17,7,2,16,3,6,6,8.35,3.44,2.43,22.1,9.1,0.387,0.43,0.965,RP,1.0
2016,60264,정대현,KT,,False,91.333,22,7.29197,1.74,4,10,0,0,6,57,44,5,115,13,82,74,5.62,4.34,1.3,13.3,10.3,-2.253,0.42,4.151,SP,1.0
2016,71801,정대현,롯데,,False,17.333,24,5.19231,2.13,1,0,0,8,0,7,13,0,24,3,10,10,3.63,6.75,0.54,8.2,15.3,-0.818,-0.01,0.722,SU,1.0
2017,60264,정대현,넥센,,False,66.333,17,7.05528,1.72,3,8,0,0,2,27,23,3,91,13,55,52,3.66,3.12,1.17,8.8,7.5,-1.113,-0.12,3.902,SP,1.0
2020,60264,정대현,키움,,False,2.667,1,10.125,1.88,0,0,0,0,0,3,0,0,5,1,3,3,10.13,0.0,99.99,23.1,0.0,-0.121,-0.07,2.667,RP,1.0
2012,78760,정대훈,한화,,False,10.333,16,5.22581,0.87,0,0,0,2,0,6,5,3,4,2,6,6,5.23,4.35,1.2,14.3,11.9,0.0,,0.646,RP,1.0
2013,78760,정대훈,한화,,False,15.0,13,3.6,1.67,2,0,0,1,0,2,8,4,17,0,6,6,1.2,4.8,0.25,2.8,11.1,0.0,,1.154,RP,1.0
2014,78760,정대훈,한화,,False,42.333,34,7.22835,1.84,3,2,1,0,0,14,14,9,64,4,38,34,2.98,2.98,1.0,6.8,6.8,-0.646,0.03,1.245,RP,1.0
2015,78760,정대훈,한화,,False,36.0,51,4.75,1.61,1,1,0,2,0,12,14,5,44,4,21,19,3.0,3.5,0.86,7.4,8.6,0.198,0.15,0.706,RP,1.0
2016,78760,정대훈,한화,,False,38.667,36,4.88793,1.47,1,0,0,0,0,26,10,1,47,3,24,21,6.05,2.33,2.6,15.2,5.8,-0.523,0.31,1.074,RP,1.0
2017,66858,정동윤,SK,투수,False,3.0,2,9.0,2.0,0,0,0,0,0,1,1,1,5,1,3,3,3.0,3.0,1.0,6.7,6.7,-0.008,-0.05,1.5,RP,1.0
2018,66858,정동윤,SK,투수,False,2.667,2,3.38,1.5,0,0,0,0,0,3,1,0,3,1,1,1,10.13,3.38,3.0,27.3,9.1,-0.052,0.01,1.334,RP,1.0
2021,66858,정동윤,SSG,투수,False,2.0,1,0.0,1.0,0,0,0,0,0,0,1,0,1,0,0,0,0.0,4.5,0.0,0.0,14.3,0.004,0.04,2.0,RP,1.0
2024,66858,정동윤,SSG,투수,False,1.667,3,0.0,1.2,0,0,0,0,0,2,1,0,1,0,0,0,10.8,5.4,2.0,28.6,14.3,-0.006,0.06,0.556,RP,1.0
2025,66858,정동윤,SSG,투수,False,17.333,12,8.307692307692308,1.9,0,0,0,0,0,17,12,0,21,2,16,16,8.83,6.23,1.42,20.7,14.6,-0.132,-0.25,1.444,RP,1.0
2026,66858,정동윤,SSG,투수,False,4.667,3,3.8571428571428568,1.07,0,0,0,0,0,4,4,1,1,0,2,2,7.71,7.71,1.0,21.1,21.1,-0.045,0.03,1.556,RP,0.757
2016,66659,정동현,KIA,,False,18.0,9,6.0,1.44,1,2,0,0,0,4,6,2,20,2,13,12,2.0,3.0,0.67,5.1,7.6,-0.455,0.07,2.0,RP,1.0
2017,66659,정동현,KIA,,False,2.333,1,11.5714,3.0,0,1,0,0,0,2,2,0,5,1,3,3,7.71,7.71,1.0,14.3,14.3,-0.096,-0.08,2.333,RP,1.0
2025,54467,정민성,삼성,투수,False,1.0,1,36.0,3.0,0,1,0,0,0,0,0,2,3,0,4,4,0.0,0.0,99.99,0.0,0.0,-0.275,-0.17,1.0,RP,1.0
2011,77746,정민혁,한화,,False,9.667,12,8.37931,2.28,0,0,0,0,0,3,2,0,20,3,11,9,2.79,1.86,1.5,5.9,3.9,0.0,,0.806,RP,1.0
2012,77746,정민혁,한화,,False,30.667,25,6.16304,1.34,1,1,0,2,0,19,7,1,34,6,24,21,5.58,2.05,2.71,14.5,5.3,0.0,,1.227,RP,1.0
2013,77746,정민혁,한화,,False,3.0,3,12.0,2.67,0,0,0,0,0,3,3,3,5,0,4,4,9.0,9.0,1.0,15.8,15.8,0.0,,1.0,RP,1.0
2015,65058,정성곤,KT,,False,58.0,20,8.53448,2.28,2,6,0,0,2,41,51,1,81,12,58,55,6.36,7.91,0.8,13.7,17.0,-0.795,-0.12,2.9,SP,1.0
2016,65058,정성곤,KT,,False,66.333,28,5.83417,1.58,0,7,0,0,1,46,33,6,72,4,52,43,6.24,4.48,1.39,15.1,10.9,-0.942,0.12,2.369,SP,1.0
2017,65058,정성곤,KT,,False,107.667,26,8.10836,1.78,3,12,0,0,4,72,41,6,151,20,99,97,6.02,3.43,1.76,14.1,8.0,-2.066,-0.19,4.141,SP,1.0
2018,65058,정성곤,KT,,False,24.333,24,2.9589,1.4,1,0,0,5,0,23,11,0,23,3,8,8,8.51,4.07,2.09,22.1,10.6,0.233,0.64,1.014,RP,1.0
2019,65058,정성곤,KT,,False,53.667,52,5.53416,1.6,3,3,8,11,0,40,22,2,64,7,36,33,6.71,3.69,1.82,16.1,8.9,0.342,-0.37,1.032,RP,1.0
2022,65058,정성곤,SSG,,False,2.667,2,10.125,1.5,0,0,0,0,0,3,3,1,1,1,3,3,10.13,10.13,1.0,23.1,23.1,-0.072,-0.1,1.334,RP,1.0
2023,65058,정성곤,SSG,,False,4.333,6,10.3846,3.46,0,0,0,0,0,3,7,0,8,2,9,5,6.23,14.54,0.43,10.3,24.1,-0.102,-0.29,0.722,RP,1.0
2018,68556,정성종,롯데,투수,False,19.0,10,6.15789,1.42,0,1,0,0,0,12,8,1,19,2,13,13,5.68,3.79,1.5,14.1,9.4,-0.563,0.06,1.9,RP,1.0
2019,68556,정성종,롯데,투수,False,49.667,32,5.43624,1.77,1,1,0,0,0,24,24,4,64,6,33,30,4.35,4.35,1.0,10.4,10.4,0.287,-0.37,1.552,RP,1.0
2021,68556,정성종,롯데,투수,False,12.0,12,8.25,2.25,0,0,0,0,0,4,8,1,19,2,12,11,3.0,6.0,0.5,6.2,12.3,-0.138,-0.23,1.0,RP,1.0
2022,68556,정성종,롯데,투수,False,4.333,5,4.15385,1.85,0,0,0,0,0,5,4,0,4,0,4,2,10.38,8.31,1.25,23.8,19.0,0.021,-0.04,0.867,RP,1.0
2023,68556,정성종,롯데,투수,False,22.0,12,5.31818,1.64,0,1,0,1,0,10,15,1,21,1,14,13,4.09,6.14,0.67,10.2,15.3,-0.067,-0.05,1.833,RP,1.0
2025,68556,정성종,롯데,투수,False,2.333,2,3.8571428571428568,1.29,0,0,0,0,0,0,0,0,3,1,1,1,0.0,0.0,99.99,0.0,0.0,0.001,-0.01,1.166,RP,1.0
2025,55377,정세영,키움,투수,False,2.667,4,16.875,4.88,0,1,0,0,0,2,4,0,9,0,6,5,6.75,13.5,0.5,9.1,18.2,-0.286,-0.2,0.667,RP,1.0
2026,55377,정세영,키움,투수,False,14.667,6,10.431818181818182,2.05,0,2,0,0,0,4,6,1,24,3,19,17,2.45,3.68,0.67,5.3,7.9,-0.446,-0.46,2.444,RP,0.757
2016,66960,정수민,NC,,False,48.0,15,6.1875,1.83,3,3,0,0,1,31,29,5,59,4,34,33,5.8100000000000005,5.44,1.07,13.9,13.0,-0.452,0.03,3.2,SP,1.0
2017,66960,정수민,NC,,False,28.0,15,6.75,1.6800000000000002,1,1,0,0,0,28,16,1,31,7,21,21,9.0,5.14,1.75,21.9,12.5,-0.141,-0.32,1.867,RP,1.0
2018,66960,정수민,NC,,False,58.0,25,6.05172,1.76,2,5,0,1,1,38,33,3,69,10,43,39,5.9,5.12,1.15,13.7,11.9,-0.462,-0.28,2.32,SP,1.0
2019,66960,정수민,NC,,False,9.333,7,16.3929,2.89,0,2,0,0,0,4,10,1,17,1,17,17,3.86,9.64,0.4,7.4,18.5,-0.349,-0.58,1.333,RP,1.0
2020,66960,정수민,SK,,False,15.667,3,1.14894,1.02,1,0,0,0,1,11,5,0,11,0,2,2,6.32,2.87,2.2,18.0,8.2,0.672,0.81,5.222,SP,1.0
2021,66960,정수민,SSG,,False,30.333,10,6.82418,2.01,1,2,0,0,0,22,27,1,34,6,24,23,6.53,8.01,0.81,14.6,17.9,-0.134,-0.26,3.033,SP,1.0
2016,62056,정영일,SK,,False,24.667,21,4.74324,1.14,1,0,0,1,0,18,12,3,16,3,13,13,6.57,4.38,1.5,18.2,12.1,-0.097,0.07,1.175,RP,1.0
2017,62056,정영일,SK,,False,8.0,9,10.125,2.25,0,0,0,0,0,2,6,1,12,3,12,9,2.25,6.75,0.33,4.5,13.6,-0.693,-0.45,0.889,RP,1.0
2018,62056,정영일,SK,,False,44.0,51,5.31818,1.5699999999999998,3,0,0,13,0,33,21,5,48,7,33,26,6.75,4.3,1.5699999999999998,16.1,10.2,0.004,-0.28,0.863,SU,1.0
2019,62056,정영일,SK,,False,42.0,44,3.21429,1.29,1,2,1,8,0,35,22,1,32,1,15,15,7.5,4.71,1.59,20.0,12.6,1.025,0.82,0.955,RP,1.0
2020,62056,정영일,SK,,False,23.333,29,6.55714,1.8,2,2,2,2,0,17,11,3,31,6,20,17,6.5600000000000005,4.24,1.55,14.9,9.6,-0.155,-0.33,0.805,RP,1.0
2021,62056,정영일,SSG,,False,2.0,1,9.0,2.0,0,0,0,0,0,0,0,0,4,1,2,2,0.0,0.0,99.99,0.0,0.0,-0.002,-0.05,2.0,RP,1.0
2010,79617,정용운,KIA,,False,8.0,10,6.75,2.5,0,1,0,0,0,5,9,2,11,1,10,6,5.63,10.13,0.56,10.2,18.4,0.0,,0.8,RP,1.0
2016,79617,정용운,KIA,,False,21.667,12,7.89231,2.35,0,1,0,0,0,12,20,0,31,1,21,19,4.98,8.31,0.6,10.6,17.7,-0.711,-0.21,1.806,RP,1.0
2017,79617,정용운,KIA,,False,59.333,25,5.91573,1.5699999999999998,3,2,0,0,1,32,37,7,56,7,41,39,4.85,5.61,0.86,11.8,13.7,-0.515,0.07,2.373,SP,1.0
2018,79617,정용운,KIA,,False,10.0,3,6.3,1.8,1,0,0,0,0,5,8,0,10,1,7,7,4.5,7.2,0.63,11.1,17.8,-0.053,0.03,3.333,SP,1.0
2020,79617,정용운,LG,,False,1.667,3,16.2,2.4,0,0,0,0,0,3,1,0,3,0,3,3,16.2,5.4,3.0,33.3,11.1,0.005,-0.08,0.556,RP,1.0
2016,65368,정용준,넥센,,False,9.0,5,4.0,1.44,0,0,0,0,0,3,5,0,8,1,5,4,3.0,5.0,0.6,7.5,12.5,-0.028,0.03,1.8,RP,1.0
2010,74857,정우람,SK,,False,102.0,75,3.52941,1.22,8,4,2,18,0,111,44,4,80,7,41,40,9.79,3.88,2.52,25.9,10.3,0.0,,1.36,RP,1.0
2011,74857,정우람,SK,,False,94.333,68,1.81272,0.89,4,0,7,25,0,68,23,2,61,3,21,19,6.49,2.19,2.96,19.0,6.4,0.0,,1.387,SU,1.0
2012,74857,정우람,SK,,False,49.0,53,2.20408,0.86,2,4,30,0,0,55,9,4,33,0,12,12,10.1,1.65,6.11,28.5,4.7,0.0,,0.925,CL,1.0
2015,74857,정우람,SK,,False,70.0,69,3.21429,1.14,7,5,16,11,0,90,28,1,52,3,25,25,11.57,3.6,3.21,31.4,9.8,1.767,2.45,1.014,RP,1.0
2016,74857,정우람,한화,,False,81.0,61,3.33333,1.11,8,5,16,1,0,85,26,4,64,7,33,30,9.44,2.89,3.27,25.7,7.9,1.202,2.21,1.328,RP,1.0
2017,74857,정우람,한화,,False,59.0,56,2.74576,1.12,6,4,26,0,0,78,19,4,47,5,20,18,11.9,2.9,4.11,31.6,7.7,0.952,2.2,1.054,CL,1.0
2018,74857,정우람,한화,,False,53.0,55,3.39623,1.15,5,3,35,0,0,56,12,2,49,6,22,20,9.51,2.04,4.67,25.5,5.5,2.429,1.64,0.964,CL,1.0
2019,74857,정우람,한화,,False,58.333,57,1.54286,1.25,4,3,26,0,0,48,16,1,57,4,11,10,7.41,2.47,3.0,20.3,6.8,4.031,2.39,1.023,CL,1.0
2020,74857,정우람,한화,,False,54.333,50,4.80368,1.29,3,5,16,0,0,53,12,5,58,4,29,29,8.78,1.99,4.42,23.0,5.2,2.005,1.05,1.087,CL,1.0
2021,74857,정우람,한화,,False,44.667,50,5.64179,1.5,1,4,15,1,0,32,20,5,47,5,29,28,6.45,4.03,1.6,16.1,10.1,-0.265,-0.26,0.893,CL,1.0
2022,74857,정우람,한화,,False,18.333,23,2.94545,1.58,0,1,1,7,0,20,6,0,23,1,8,6,9.82,2.95,3.33,23.8,7.1,0.469,0.32,0.797,SU,1.0
2023,74857,정우람,한화,,False,40.333,52,5.35537,1.54,0,1,0,8,0,30,17,2,45,3,24,24,6.6899999999999995,3.79,1.76,16.4,9.3,0.617,-0.01,0.776,RP,1.0
2024,74857,정우람,한화,,False,0.0,1,0.0,0.0,0,0,0,0,0,0,0,0,1,0,0,0,0.0,0.0,99.99,0.0,0.0,-0.029,0.0,0.0,RP,1.0
2019,69159,정우영,LG,투수,False,65.333,56,3.71939,1.18,4,6,1,16,0,38,20,8,57,2,30,27,5.23,2.76,1.9,13.9,7.3,2.339,0.05,1.167,SU,1.0
2020,69159,정우영,LG,투수,False,75.0,65,3.12,1.03,4,4,5,20,0,59,29,11,48,3,26,26,7.08,3.48,2.03,19.3,9.5,3.04,1.75,1.154,SU,1.0
2021,69159,정우영,LG,투수,False,65.0,70,2.21538,1.06,7,3,2,27,0,41,26,8,43,0,16,16,5.68,3.6,1.58,15.6,9.9,2.666,2.24,0.929,SU,1.0
2022,69159,정우영,LG,투수,False,58.0,67,2.63793,1.38,2,3,0,35,0,40,32,6,48,3,18,17,6.21,4.97,1.25,16.1,12.9,2.439,1.33,0.866,SU,1.0
2023,69159,정우영,LG,투수,False,51.667,60,4.70323,1.55,5,6,0,11,0,41,17,15,63,1,39,27,7.14,2.96,2.41,16.7,6.9,-0.939,-0.5,0.861,RP,1.0
2024,69159,정우영,LG,투수,False,22.667,27,4.76471,1.85,2,1,0,3,0,17,11,6,31,0,15,12,6.75,4.37,1.55,15.7,10.2,-0.213,0.07,0.84,RP,1.0
2025,69159,정우영,LG,투수,False,2.667,4,20.25,1.88,0,0,0,0,0,3,4,1,1,1,6,6,10.13,13.5,0.75,23.1,30.8,0.126,-0.28,0.667,RP,1.0
2025,55743,정우주,한화,투수,False,53.667,51,2.8509316770186333,1.02,3,0,0,3,0,82,21,10,34,6,18,17,13.75,3.52,3.9,36.0,9.2,1.644,1.17,1.052,RP,1.0
2026,55743,정우주,한화,투수,False,35.333,36,6.367924528301887,1.87,1,2,0,5,0,40,27,6,39,3,29,25,10.19,6.88,1.48,22.7,15.3,-1.755,-0.24,0.981,RP,0.757
2021,51546,정우준,롯데,투수,False,5.667,6,9.52941,1.94,0,0,0,0,0,4,5,2,6,1,6,6,6.35,7.94,0.8,13.8,17.2,-0.134,-0.14,0.944,RP,1.0
2024,51546,정우준,롯데,투수,False,8.333,8,4.32,2.04,0,0,0,0,0,5,7,0,10,2,4,4,5.4,7.56,0.71,12.5,17.5,-0.449,0.01,1.042,RP,1.0
2025,51546,정우준,롯데,투수,False,3.333,3,5.4,1.8,0,0,0,0,0,3,0,1,6,0,2,2,8.1,0.0,99.99,18.8,0.0,-0.006,0.02,1.111,RP,1.0
2010,79440,정인욱,삼성,,False,61.0,28,5.31148,1.51,4,2,0,1,1,60,37,2,55,9,42,36,8.85,5.46,1.62,22.1,13.6,0.0,,2.179,SP,1.0
2011,79440,정인욱,삼성,,False,80.0,31,2.25,1.1,6,2,0,0,3,60,32,4,56,9,22,20,6.75,3.6,1.88,18.6,9.9,0.0,,2.581,SP,1.0
2012,79440,정인욱,삼성,,False,25.333,13,2.48684,1.11,1,1,0,0,0,16,11,2,17,0,7,7,5.68,3.91,1.45,15.4,10.6,0.0,,1.949,RP,1.0
2015,79440,정인욱,삼성,,False,29.333,12,8.28409,1.91,2,2,1,0,0,29,16,2,40,5,27,27,8.9,4.91,1.81,20.3,11.2,-0.385,-0.26,2.444,RP,1.0
2016,79440,정인욱,삼성,,False,111.0,27,6.81081,1.8,4,7,0,0,2,70,62,8,138,19,92,84,5.68,5.03,1.13,13.1,11.6,-2.227,0.01,4.111,SP,1.0
2017,79440,정인욱,삼성,,False,32.0,9,9.84375,1.88,1,4,0,0,1,27,14,4,46,9,37,35,7.59,3.94,1.93,17.0,8.8,-0.716,-0.38,3.556,SP,1.0
2018,79440,정인욱,삼성,,False,31.0,19,3.48387,1.29,1,0,0,0,0,27,9,3,31,3,17,12,7.84,2.61,3.0,19.7,6.6,-0.004,0.34,1.632,RP,1.0
2019,79440,정인욱,삼성,,False,21.667,12,7.06154,1.8,0,2,0,0,0,15,15,2,24,1,17,17,6.23,6.23,1.0,14.2,14.2,-0.048,-0.05,1.806,RP,1.0
2020,79440,정인욱,삼성,,False,5.333,5,8.4375,1.69,0,0,0,0,0,3,4,1,5,1,5,5,5.06,6.75,0.75,11.5,15.4,-0.01,-0.04,1.067,RP,1.0
2021,79440,정인욱,한화,,False,9.333,8,4.82143,1.71,0,0,0,0,0,6,10,0,6,2,6,5,5.79,9.64,0.6,13.6,22.7,-0.143,-0.13,1.167,RP,1.0
2010,73166,정재복,LG,,False,23.0,16,4.69565,1.43,1,1,0,0,0,17,7,0,26,2,15,12,6.65,2.74,2.43,16.7,6.9,0.0,,1.438,RP,1.0
2012,73166,정재복,LG,,False,30.333,7,5.63736,1.58,2,1,0,0,1,15,13,1,35,1,19,19,4.45,3.86,1.15,11.5,9.9,0.0,,4.333,SP,1.0
2010,74748,정재원,한화,,False,14.333,12,8.7907,1.95,0,0,0,0,0,6,4,1,24,3,14,14,3.77,2.51,1.5,8.6,5.7,0.0,,1.194,RP,1.0
2011,74748,정재원,한화,,False,27.0,24,8.0,1.89,1,0,0,3,0,15,23,8,28,0,26,24,5.0,7.67,0.65,10.9,16.7,0.0,,1.125,RP,1.0
2012,74748,정재원,한화,,False,20.0,14,8.55,2.1,0,2,0,3,0,18,13,2,29,4,19,19,8.1,5.85,1.38,17.6,12.7,0.0,,1.429,RP,1.0
2013,74748,정재원,한화,,False,11.0,10,6.54545,1.91,0,0,0,0,0,6,5,1,16,1,8,8,4.91,4.09,1.2,11.5,9.6,0.0,,1.1,RP,1.0
2014,74748,정재원,한화,,False,4.333,5,22.8462,4.62,0,0,0,0,0,9,8,3,12,0,11,11,18.69,16.62,1.13,25.0,22.2,-0.076,0.01,0.867,RP,1.0
2015,74748,정재원,한화,,False,4.0,3,11.25,2.0,0,0,0,0,0,4,3,0,5,2,5,5,9.0,6.75,1.33,21.1,15.8,0.052,-0.11,1.333,RP,1.0
2016,74748,정재원,한화,,False,21.333,14,7.59375,1.73,0,0,0,0,0,16,9,1,28,2,19,18,6.75,3.8,1.78,15.7,8.8,-0.093,-0.07,1.524,RP,1.0
2017,74748,정재원,한화,,False,21.0,14,3.42857,1.62,0,2,0,1,0,9,11,5,23,0,12,8,3.86,4.71,0.82,9.1,11.1,0.255,0.14,1.5,RP,1.0
2018,74748,정재원,SK,,False,2.333,2,30.8571,3.86,0,1,0,0,0,0,1,0,8,0,8,8,0.0,3.86,0.0,0.0,6.7,-0.354,-0.36,1.166,RP,1.0
2019,74748,정재원,SK,,False,2.667,4,16.875,2.25,0,0,0,0,0,1,0,1,6,1,5,5,3.38,0.0,99.99,6.3,0.0,-0.205,-0.18,0.667,RP,1.0
2010,73241,정재훈,두산,,False,78.0,63,1.73077,1.03,8,4,2,23,0,89,28,4,52,2,16,15,10.27,3.23,3.18,29.0,9.1,0.0,,1.238,SU,1.0
2011,73241,정재훈,두산,,False,62.667,45,2.87234,1.1,2,6,8,9,0,65,22,3,47,5,23,20,9.34,3.16,2.95,26.3,8.9,0.0,,1.393,RP,1.0
2012,73241,정재훈,두산,,False,4.0,4,4.5,1.0,0,1,0,0,0,1,1,0,3,1,3,2,2.25,2.25,1.0,5.9,5.9,0.0,,1.0,RP,1.0
2013,73241,정재훈,두산,,False,52.333,55,3.43949,1.2,4,1,14,7,0,38,17,3,46,3,26,20,6.54,2.92,2.24,17.1,7.7,0.0,,0.952,RP,1.0
2014,73241,정재훈,두산,,False,53.667,54,5.36646,1.29,1,5,2,15,0,56,19,6,50,6,33,32,9.39,3.19,2.95,24.3,8.3,-0.594,0.52,0.994,SU,1.0
2015,73241,정재훈,롯데,,False,6.333,10,7.10526,3.47,0,0,0,0,0,5,6,0,16,1,8,5,7.11,8.53,0.83,12.5,15.0,-0.3,-0.15,0.633,RP,1.0
2016,73241,정재훈,두산,,False,52.333,46,3.26752,1.15,1,5,2,23,0,56,17,5,43,3,21,19,9.63,2.92,3.29,25.6,7.8,1.064,1.3,1.138,SU,1.0
2026,56469,정재훈,삼성,투수,False,1.333,2,20.25,2.25,0,0,0,0,0,1,0,1,3,1,3,3,6.75,0.0,99.99,14.3,0.0,-0.005,-0.12,0.666,RP,0.757
2024,54149,정지헌,LG,투수,False,12.333,17,11.6757,2.43,0,0,0,1,0,11,11,3,19,2,18,16,8.03,8.03,1.0,15.9,15.9,-0.227,-0.5,0.725,RP,1.0
2013,62941,정진,NC,,False,7.0,5,3.85714,1.29,0,0,0,0,0,5,3,0,6,0,4,3,6.43,3.86,1.67,16.7,10.0,0.0,,1.4,RP,1.0
2021,61208,정진호,한화,,False,1.667,3,0.0,1.2,0,0,0,0,0,0,1,0,1,0,0,0,0.0,5.4,0.0,0.0,16.7,0.01,0.0,0.556,RP,1.0
2013,78148,정찬헌,LG,,False,5.0,4,5.4,1.6,0,0,0,0,0,1,1,0,7,1,3,3,1.8,1.8,1.0,4.8,4.8,0.0,,1.25,RP,1.0
2014,78148,정찬헌,LG,,False,52.667,51,4.44304,1.59,1,3,3,8,0,41,27,5,57,5,26,26,7.01,4.61,1.52,17.2,11.3,-0.094,0.19,1.033,RP,1.0
2015,78148,정찬헌,LG,,False,44.0,32,5.52273,1.43,3,6,1,5,0,32,14,5,49,3,27,27,6.55,2.86,2.29,16.8,7.3,0.073,-0.25,1.375,RP,1.0
2016,78148,정찬헌,LG,,False,8.0,6,3.38,1.25,0,0,0,0,0,4,3,1,7,0,3,3,4.5,3.38,1.33,11.8,8.8,0.39,0.11,1.333,RP,1.0
2017,78148,정찬헌,LG,,False,61.667,61,5.83784,1.62,8,7,7,3,0,57,25,4,75,5,43,40,8.32,3.65,2.28,20.4,8.9,-0.23,-0.82,1.011,RP,1.0
2018,78148,정찬헌,LG,,False,65.0,66,4.84615,1.54,5,3,27,0,0,50,24,7,76,5,36,35,6.92,3.32,2.08,16.7,8.0,0.205,-0.03,0.985,CL,1.0
2019,78148,정찬헌,LG,,False,11.0,13,1.63636,1.55,1,1,6,0,0,11,6,0,11,0,5,2,9.0,4.91,1.83,22.4,12.2,0.244,0.08,0.846,CL,1.0
2020,78148,정찬헌,LG,,False,110.333,19,3.50755,1.33,7,4,0,0,12,85,31,4,116,10,51,43,6.93,2.53,2.74,18.1,6.6,1.987,1.64,5.807,SP,1.0
2021,78148,정찬헌,키움,,False,114.333,23,4.01458,1.4,9,5,0,0,11,59,27,6,133,6,55,51,4.64,2.13,2.19,11.9,5.4,2.023,2.17,4.971,SP,1.0
2022,78148,정찬헌,키움,,False,87.333,20,5.35878,1.53,5,6,0,0,5,42,28,6,106,13,55,52,4.33,2.89,1.5,10.8,7.2,-0.261,-0.14,4.367,SP,1.0
2023,78148,정찬헌,키움,,False,72.0,14,4.75,1.17,2,8,0,0,8,35,13,2,71,4,40,38,4.38,1.63,2.69,11.9,4.4,0.567,0.86,5.143,SP,1.0
2024,78148,정찬헌,키움,,False,16.0,4,7.88,1.81,0,2,0,0,0,5,3,1,26,3,14,14,2.81,1.69,1.67,6.8,4.1,-0.299,-0.13,4.0,SP,1.0
2022,68242,정철원,두산,투수,False,72.667,58,3.09633,1.18,4,3,3,23,0,47,26,2,60,4,26,25,5.82,3.22,1.81,16.0,8.8,2.016,1.44,1.253,SU,1.0
2023,68242,정철원,두산,투수,False,72.667,67,3.9633,1.35,7,6,13,11,0,55,32,2,66,8,36,32,6.8100000000000005,3.96,1.72,17.5,10.2,1.381,0.28,1.085,RP,1.0
2024,68242,정철원,두산,투수,False,32.333,36,6.40206,2.01,2,1,6,1,0,39,26,5,39,5,24,23,10.86,7.24,1.5,23.6,15.8,-0.872,-0.27,0.898,RP,1.0
2025,68242,정철원,롯데,투수,False,70.0,75,4.242857142857143,1.43,8,3,0,21,0,55,28,7,72,4,34,33,7.07,3.6,1.96,17.6,9.0,1.084,0.98,0.933,SU,1.0
2026,68242,정철원,롯데,투수,False,28.0,34,6.75,1.6800000000000002,1,2,0,3,0,21,14,1,33,3,21,21,6.75,4.5,1.5,16.4,10.9,-0.054,-0.1,0.824,RP,0.757
2013,62595,정태승,롯데,,False,2.333,3,7.71429,2.14,0,0,0,0,0,0,3,0,2,0,2,2,0.0,11.57,0.0,0.0,25.0,0.0,,0.778,RP,1.0
2018,62595,정태승,롯데,,False,2.667,3,6.75,2.63,0,0,0,0,0,3,3,0,4,0,4,2,10.13,10.13,1.0,18.8,18.8,-0.015,-0.05,0.889,RP,1.0
2019,62595,정태승,롯데,,False,1.0,1,27.0,3.0,0,0,0,0,0,2,1,0,2,0,3,3,18.0,9.0,2.0,33.3,16.7,-0.006,-0.07,1.0,RP,1.0
2020,62595,정태승,롯데,,False,1.667,1,21.6,3.6,0,0,0,0,0,1,2,0,4,1,4,4,5.4,10.8,0.5,9.1,18.2,-0.114,-0.17,1.667,RP,1.0
2020,50662,정해영,KIA,투수,False,38.333,47,3.28696,1.7,5,4,1,11,0,32,24,2,41,2,15,14,7.51,5.63,1.33,18.6,14.0,-0.215,0.91,0.816,RP,1.0
2021,50662,정해영,KIA,투수,False,65.333,64,2.20408,1.18,5,4,34,0,0,49,28,4,49,5,18,16,6.75,3.86,1.75,18.0,10.3,3.812,2.11,1.021,CL,1.0
2022,50662,정해영,KIA,투수,False,56.0,55,3.38,1.29,3,7,32,0,0,43,18,0,54,3,21,21,6.91,2.89,2.39,18.1,7.6,2.625,1.59,1.018,CL,1.0
2023,50662,정해영,KIA,투수,False,49.333,52,2.91892,1.48,3,4,23,1,0,30,20,1,53,3,18,16,5.47,3.65,1.5,13.8,9.2,1.506,1.03,0.949,CL,1.0
2024,50662,정해영,KIA,투수,False,50.667,53,2.48684,1.24,2,3,31,1,0,50,16,1,47,8,14,14,8.88,2.84,3.13,23.8,7.6,2.532,1.75,0.956,CL,1.0
2025,50662,정해영,KIA,투수,False,61.667,60,3.794594594594595,1.51,3,7,27,0,0,72,18,3,75,4,30,26,10.51,2.63,4.0,26.2,6.5,2.948,1.41,1.028,CL,1.0
2026,50662,정해영,KIA,투수,False,35.333,39,6.622641509433962,1.7,2,1,2,8,0,27,14,1,46,6,31,26,6.88,3.57,1.93,16.4,8.5,0.16,-0.49,0.906,RP,0.757
2024,54537,정현수,롯데,투수,False,23.667,18,4.56338,1.35,1,1,0,1,0,25,12,2,20,0,12,12,9.51,4.5600000000000005,2.08,24.0,11.5,0.603,0.6,1.315,RP,1.0
2025,54537,정현수,롯데,투수,False,47.667,82,3.9650349650349654,1.26,2,0,0,12,0,47,26,2,34,4,23,21,8.87,4.91,1.81,23.2,12.8,0.91,0.5,0.581,RP,1.0
2026,54537,정현수,롯데,투수,False,5.0,11,5.4,2.2,0,1,0,0,0,4,3,0,8,1,3,3,7.2,5.4,1.33,15.4,11.5,-0.131,0.0,0.455,RP,0.757
2025,55313,정현우,키움,투수,False,81.333,18,5.864754098360656,1.72,3,7,0,0,3,55,48,6,92,8,63,53,6.09,5.31,1.15,14.3,12.5,-1.063,-0.53,4.518,SP,1.0
2026,55313,정현우,키움,투수,False,15.0,11,8.4,1.8,1,2,0,0,0,8,8,2,19,3,14,14,4.8,4.8,1.0,11.0,11.0,-0.578,-0.28,1.364,RP,0.757
2010,96462,정현욱,삼성,,False,70.333,61,3.19905,1.31,9,1,12,11,0,61,26,4,66,3,31,25,7.81,3.33,2.35,20.4,8.7,0.0,,1.153,RP,1.0
2011,96462,정현욱,삼성,,False,72.333,59,2.36406,1.38,4,3,1,24,0,52,30,4,70,4,22,19,6.47,3.73,1.73,17.2,9.9,0.0,,1.226,SU,1.0
2012,96462,정현욱,삼성,,False,62.667,54,3.15957,1.24,2,5,0,3,0,48,21,0,57,1,25,22,6.89,3.02,2.29,18.8,8.2,0.0,,1.16,RP,1.0
2013,96462,정현욱,LG,,False,47.667,54,3.77622,1.6800000000000002,2,5,2,16,0,31,25,1,55,4,23,20,5.85,4.72,1.24,14.1,11.4,0.0,,0.883,SU,1.0
2014,96462,정현욱,LG,,False,32.333,25,4.73196,1.67,2,2,0,1,0,24,15,1,39,4,17,17,6.68,4.18,1.6,16.2,10.1,-1.286,-0.14,1.293,RP,1.0
2016,96462,정현욱,LG,,False,21.0,17,7.28571,1.52,1,0,1,3,0,18,10,4,22,4,19,17,7.71,4.29,1.8,18.6,10.3,0.271,-0.62,1.235,RP,1.0
2011,60342,정회찬,넥센,,False,2.0,1,0.0,0.5,0,0,0,0,0,0,1,1,0,0,0,0,0.0,4.5,0.0,0.0,14.3,0.0,,2.0,RP,1.0
2015,60342,정회찬,넥센,,False,1.0,1,9.0,3.0,0,0,0,0,0,1,1,0,2,1,1,1,9.0,9.0,1.0,16.7,16.7,0.027,-0.04,1.0,RP,1.0
2016,60342,정회찬,넥센,,False,9.667,11,6.51724,1.76,0,0,0,0,0,2,9,2,8,0,7,7,1.86,8.38,0.22,4.3,19.1,-0.079,-0.03,0.879,RP,1.0
2010,72801,제춘모,SK,,False,3.333,2,0.0,0.9,0,0,0,0,0,4,3,0,0,0,0,0,10.8,8.1,1.33,33.3,25.0,0.0,,1.666,RP,1.0
2012,72801,제춘모,SK,,False,18.333,8,5.4,1.58,0,3,0,1,1,6,9,1,20,4,11,11,2.95,4.42,0.67,7.4,11.1,0.0,,2.292,SP,1.0
2014,72801,제춘모,SK,,False,0.333,1,27.0,6.0,0,0,0,0,0,0,0,1,2,0,1,1,0.0,0.0,99.99,0.0,0.0,-0.002,0.0,0.333,RP,1.0
2023,50211,제환유,두산,투수,False,2.0,1,13.5,3.5,0,0,0,0,0,2,4,0,3,0,4,3,9.0,18.0,0.5,14.3,28.6,-0.012,-0.11,2.0,RP,1.0
2025,50211,제환유,두산,투수,False,16.333,6,4.959183673469387,1.78,0,1,0,0,0,8,12,1,17,2,10,9,4.41,6.61,0.67,10.3,15.4,0.294,0.07,2.722,RP,1.0
2026,51163,조건희,LG,투수,False,2.0,2,9.0,3.0,0,0,0,0,0,1,2,0,4,1,2,2,4.5,9.0,0.5,8.3,16.7,-0.012,-0.05,1.0,RP,0.757
2010,70755,조규수,두산,,False,1.333,2,0.0,0.75,0,0,0,0,0,0,0,0,1,0,0,0,0.0,0.0,99.99,0.0,0.0,0.0,,0.666,RP,1.0
2017,63104,조근종,KT,,False,2.0,1,22.5,3.5,0,0,0,0,0,5,1,0,6,1,5,5,22.5,4.5,5.0,38.5,7.7,-0.019,-0.1,2.0,RP,1.0
2019,63104,조근종,KT,,False,10.667,10,5.90625,1.88,0,0,0,1,0,6,5,2,15,1,7,7,5.06,4.22,1.2,11.3,9.4,0.155,-0.06,1.067,RP,1.0
2024,54768,조동욱,한화,투수,False,41.0,21,6.36585,1.73,1,2,0,0,1,32,14,6,57,5,34,29,7.02,3.07,2.29,16.2,7.1,-1.342,-0.09,1.952,SP,1.0
2025,54768,조동욱,한화,투수,False,60.0,68,4.05,1.77,3,3,2,5,0,43,29,4,77,4,29,27,6.45,4.35,1.48,15.2,10.2,0.652,0.62,0.882,RP,1.0
2026,54768,조동욱,한화,투수,False,42.0,55,4.071428571428571,1.5699999999999998,1,1,1,9,0,45,15,4,51,3,19,19,9.64,3.21,3.0,23.8,7.9,0.854,0.93,0.764,RP,0.757
2015,65067,조무근,KT,,False,71.667,43,1.88372,1.2,8,5,4,2,0,83,32,4,54,3,26,15,10.42,4.02,2.59,27.9,10.7,1.708,2.66,1.667,RP,1.0
2016,65067,조무근,KT,,False,38.667,38,8.61207,2.22,2,0,0,4,0,31,27,3,59,5,37,37,7.22,6.28,1.15,15.8,13.8,0.5,-0.46,1.018,RP,1.0
2017,65067,조무근,KT,,False,14.667,16,7.36364,1.64,0,0,0,3,0,9,3,1,21,2,13,12,5.52,1.84,3.0,12.9,4.3,-0.477,-0.06,0.917,RP,1.0
2018,65067,조무근,롯데,,False,0.667,2,13.5,4.5,1,0,0,0,0,1,1,2,2,0,1,1,13.5,13.5,1.0,16.7,16.7,0.025,-0.03,0.334,RP,1.0
2019,65067,조무근,롯데,,False,9.667,8,1.86207,1.14,0,0,0,0,0,5,5,3,6,0,2,2,4.66,4.66,1.0,11.6,11.6,-0.03,0.14,1.208,RP,1.0
2022,65067,조무근,롯데,,False,2.0,2,4.5,1.5,0,0,0,0,0,1,1,0,2,0,1,1,4.5,4.5,1.0,11.1,11.1,-0.001,0.01,1.0,RP,1.0
2022,52903,조민석,NC,투수,False,16.0,18,4.5,1.81,0,1,0,0,0,14,12,2,17,2,9,8,7.88,6.75,1.17,18.4,15.8,-0.2,-0.05,0.889,RP,1.0
2023,52903,조민석,NC,투수,False,31.0,35,4.06452,1.52,1,0,0,4,0,28,14,3,33,2,15,14,8.13,4.06,2.0,20.4,10.2,0.288,0.23,0.886,RP,1.0
2025,52903,조민석,NC,투수,False,13.0,6,6.923076923076923,1.77,0,1,0,0,0,4,11,2,12,3,10,10,2.77,7.62,0.36,6.6,18.0,-0.36,-0.28,2.167,RP,1.0
2020,67045,조병욱,KT,,False,28.333,9,7.62353,1.84,0,1,0,0,0,11,13,1,39,4,24,24,3.49,4.13,0.85,8.4,9.9,-0.213,-0.17,3.148,SP,1.0
2021,51897,조병현,SSG,투수,False,6.667,3,8.1,1.8,0,0,0,0,0,8,5,1,7,1,7,6,10.8,6.75,1.6,24.2,15.2,-0.334,-0.12,2.222,RP,1.0
2024,51897,조병현,SSG,투수,False,73.0,76,3.57534,1.14,4,6,12,12,0,96,31,2,52,8,34,29,11.84,3.82,3.1,31.8,10.3,1.441,1.63,0.961,RP,1.0
2025,51897,조병현,SSG,투수,False,67.333,69,1.603960396039604,0.89,5,4,30,0,0,79,18,0,42,5,13,12,10.56,2.41,4.39,31.0,7.1,4.48,3.31,0.976,CL,1.0
2026,51897,조병현,SSG,투수,False,41.333,43,2.6129032258064515,1.21,2,4,14,0,0,53,24,3,26,4,15,12,11.54,5.23,2.21,29.9,13.6,0.266,1.15,0.961,CL,0.757
2013,63342,조상우,넥센,투수,False,8.0,5,4.5,2.0,0,0,0,0,0,7,5,0,11,0,4,4,7.88,5.63,1.4,17.5,12.5,0.0,,1.6,RP,1.0
2014,63342,조상우,넥센,투수,False,69.333,48,2.46635,1.18,6,2,0,11,0,73,29,3,53,2,21,19,9.48,3.76,2.52,26.1,10.4,0.672,1.98,1.444,RP,1.0
2015,63342,조상우,넥센,투수,False,93.333,70,3.08571,1.14,8,5,5,19,0,89,41,6,65,4,36,32,8.58,3.95,2.17,23.3,10.7,1.342,2.46,1.333,SU,1.0
2017,63342,조상우,넥센,투수,False,44.333,13,4.87218,1.53,5,3,0,2,1,45,15,1,53,3,25,24,9.14,3.05,3.0,22.7,7.6,0.114,1.0,3.41,SP,1.0
2018,63342,조상우,넥센,투수,False,19.0,18,3.78947,1.16,1,2,9,0,0,23,6,2,16,1,11,8,10.89,2.84,3.83,29.5,7.7,-0.873,0.53,1.056,CL,1.0
2019,63342,조상우,키움,투수,False,47.333,48,2.66197,1.12,2,4,20,8,0,46,8,2,45,3,15,14,8.75,1.52,5.75,24.0,4.2,2.911,1.6,0.986,CL,1.0
2020,63342,조상우,키움,투수,False,54.333,53,2.15337,1.25,5,3,33,0,0,64,18,2,50,3,15,13,10.6,2.98,3.56,27.6,7.8,2.903,2.42,1.025,CL,1.0
2021,63342,조상우,키움,투수,False,44.0,44,3.47727,1.11,6,5,15,5,0,47,19,2,30,4,18,17,9.61,3.89,2.47,25.1,10.2,1.27,1.03,1.0,CL,1.0
2024,63342,조상우,키움,투수,False,39.667,44,3.17647,1.51,0,1,6,9,0,36,20,0,40,2,17,14,8.17,4.54,1.8,21.1,11.7,0.688,0.93,0.902,RP,1.0
2025,63342,조상우,KIA,투수,False,60.0,72,3.9,1.52,6,6,1,28,0,55,27,6,64,5,29,26,8.25,4.05,2.04,20.3,10.0,0.93,0.75,0.833,SU,1.0
2026,63342,조상우,KIA,투수,False,43.667,48,2.267175572519084,1.26,4,3,1,14,0,32,16,1,39,2,15,11,6.6,3.3,2.0,17.3,8.6,-0.603,1.33,0.91,SU,0.757
2018,63348,조성운,넥센,,False,26.667,25,7.43,1.8,0,0,0,0,0,25,13,0,35,6,24,22,8.44,4.39,1.92,19.5,10.2,-0.577,-0.25,1.067,RP,1.0
2019,63348,조성운,키움,,False,5.0,5,7.2,2.2,0,0,0,0,0,3,2,0,9,0,4,4,5.4,3.6,1.5,12.0,8.0,-0.129,-0.04,1.0,RP,1.0
2020,63348,조성운,키움,,False,45.0,42,5.4,1.49,1,1,0,1,0,29,19,2,48,6,30,27,5.8,3.8,1.53,14.4,9.5,-0.594,-0.13,1.071,RP,1.0
2018,68848,조성훈,SK,,False,0.667,1,27.0,4.5,0,0,0,0,0,0,0,0,3,0,2,2,0.0,0.0,99.99,0.0,0.0,-0.054,-0.05,0.667,RP,1.0
2023,68848,조성훈,SSG,,False,7.0,2,6.42857,2.0,0,1,0,0,0,4,4,2,10,0,5,5,5.14,5.14,1.0,11.8,11.8,-0.073,-0.01,3.5,SP,1.0
2010,79235,조승수,두산,,False,36.667,23,6.87273,1.64,1,2,0,1,0,23,9,3,51,8,31,28,5.65,2.21,2.56,13.4,5.2,0.0,,1.594,RP,1.0
2011,79235,조승수,두산,,False,5.333,4,10.125,1.69,0,0,0,0,0,4,2,1,7,0,6,6,6.75,3.38,2.0,14.8,7.4,0.0,,1.333,RP,1.0
2015,79235,조승수,두산,,False,1.0,1,9.0,3.0,0,0,0,0,0,1,1,0,2,1,1,1,9.0,9.0,1.0,16.7,16.7,-0.098,-0.05,1.0,RP,1.0
2016,79235,조승수,두산,,False,8.333,7,10.8,2.04,0,0,0,0,0,2,4,4,13,2,10,10,2.16,4.32,0.5,4.3,8.7,-0.162,-0.3,1.19,RP,1.0
2017,79235,조승수,두산,,False,0.0,1,0.0,0.0,0,0,0,0,0,0,0,2,0,0,0,0,0.0,0.0,99.99,0.0,0.0,-0.007,0.0,0.0,RP,1.0
2019,69360,조영건,키움,투수,False,0.333,1,81.0,18.0,0,1,0,0,0,1,3,0,3,0,3,3,27.0,81.0,0.33,14.3,42.9,-0.295,-0.15,0.333,RP,1.0
2020,69360,조영건,키움,투수,False,44.333,20,5.2782,1.67,3,3,0,0,0,23,27,4,47,8,30,26,4.67,5.48,0.85,11.1,13.0,-0.594,-0.3,2.217,RP,1.0
2021,69360,조영건,키움,투수,False,1.0,1,0.0,3.0,0,0,0,0,0,3,2,0,1,0,0,0,27.0,18.0,1.5,50.0,33.3,-0.001,0.02,1.0,RP,1.0
2023,69360,조영건,키움,투수,False,7.667,6,0.0,0.91,0,0,0,1,0,7,2,0,5,0,0,0,8.22,2.35,3.5,25.9,7.4,0.246,0.33,1.278,RP,1.0
2024,69360,조영건,키움,투수,False,39.333,25,8.00847,1.91,2,1,0,1,0,31,24,1,51,7,39,35,7.09,5.49,1.29,15.7,12.2,-0.662,-0.65,1.573,RP,1.0
2025,69360,조영건,키움,투수,False,77.667,51,5.6781115879828326,1.5699999999999998,5,5,8,7,0,47,38,4,84,12,51,49,5.45,4.4,1.24,13.3,10.8,1.481,-0.5,1.523,RP,1.0
2026,69360,조영건,키움,투수,False,25.0,30,6.48,1.72,1,1,0,3,0,17,8,4,35,5,21,18,6.12,2.88,2.13,14.4,6.8,-0.94,-0.34,0.833,RP,0.757
2011,74726,조영민,SK,,False,3.0,3,6.0,2.67,0,0,0,0,0,1,2,1,6,0,2,2,3.0,6.0,0.5,5.9,11.8,0.0,,1.0,RP,1.0
2021,51809,조요한,SSG,투수,False,7.0,6,7.71429,2.71,0,0,0,1,0,4,9,0,10,0,6,6,5.14,11.57,0.44,10.5,23.7,-0.181,-0.08,1.167,RP,1.0
2022,51809,조요한,SSG,투수,False,19.333,23,6.51724,1.55,2,1,0,5,0,15,13,4,17,2,15,14,6.98,6.05,1.15,16.9,14.6,0.286,-0.35,0.841,RP,1.0
2022,52149,조원태,LG,투수,False,4.0,2,0.0,0.75,0,0,0,0,0,0,2,1,1,0,0,0,0.0,4.5,0.0,0.0,14.3,0.026,0.06,2.0,RP,1.0
2026,52149,조원태,LG,투수,False,2.0,2,4.5,2.0,0,0,0,0,0,2,3,1,1,0,1,1,9.0,13.5,0.67,18.2,27.3,-0.002,0.0,1.0,RP,0.757
2014,64768,조이현,한화,투수,False,11.0,6,10.6364,2.36,0,1,0,0,0,8,4,0,22,4,13,13,6.55,3.27,2.0,13.8,6.9,-0.401,-0.11,1.833,RP,1.0
2015,64768,조이현,한화,투수,False,1.0,1,0.0,0.0,0,0,0,0,0,0,0,0,0,0,0,0,0.0,0.0,99.99,0.0,0.0,0.02,0.03,1.0,RP,1.0
2019,64768,조이현,SK,투수,False,12.333,7,8.02703,1.86,0,0,0,0,0,8,4,0,19,3,12,11,5.84,2.92,2.0,14.0,7.0,0.065,-0.14,1.762,RP,1.0
2020,64768,조이현,SK,투수,False,77.0,35,5.96104,1.5699999999999998,2,4,0,0,2,38,25,2,96,12,52,51,4.44,2.92,1.52,11.2,7.4,-0.204,0.3,2.2,SP,1.0
2021,64768,조이현,SSG,투수,False,66.667,30,5.67,1.5,4,8,1,0,1,48,26,0,74,10,46,42,6.48,3.51,1.85,16.5,8.9,0.197,-0.14,2.222,SP,1.0
2023,64768,조이현,KT,투수,False,35.0,18,6.68571,1.91,2,1,0,1,0,17,6,2,61,3,27,26,4.37,1.54,2.83,10.0,3.5,-0.156,-0.13,1.944,RP,1.0
2024,64768,조이현,KT,투수,False,40.0,16,6.3,1.58,1,2,0,0,0,19,10,1,53,9,29,28,4.28,2.25,1.9,10.3,5.4,0.023,-0.01,2.5,RP,1.0
2025,64768,조이현,KT,투수,False,11.667,3,5.4,1.46,1,2,0,0,0,3,0,1,17,2,7,7,2.31,0.0,99.99,6.0,0.0,0.035,0.04,3.889,SP,1.0
2010,75537,조정훈,롯데,,False,62.0,11,4.93548,1.31,5,3,0,0,4,50,22,3,59,7,34,34,7.26,3.19,2.27,19.1,8.4,0.0,,5.636,SP,1.0
2017,75537,조정훈,롯데,,False,23.0,26,3.91304,1.3,4,2,0,8,0,25,13,0,17,1,11,10,9.78,5.09,1.92,25.3,13.1,-0.069,0.66,0.885,SU,1.0
2018,75537,조정훈,롯데,,False,4.333,7,16.6154,2.31,0,0,0,0,0,5,4,2,6,0,13,8,10.38,8.31,1.25,17.9,14.3,-0.01,-0.35,0.619,RP,1.0
2013,63730,조지훈,한화,,False,35.333,21,6.11321,1.27,0,3,0,0,0,30,15,3,30,7,24,24,7.64,3.82,2.0,19.5,9.7,0.0,,1.683,RP,1.0
2014,63730,조지훈,한화,,False,0.667,2,27.0,4.5,0,0,0,0,0,0,1,1,2,1,2,2,0.0,13.5,0.0,0.0,16.7,-0.019,-0.05,0.334,RP,1.0
2010,73657,조태수,KIA,,False,43.333,31,3.94615,1.52,0,0,0,0,0,23,11,1,55,2,21,19,4.78,2.28,2.09,12.1,5.8,0.0,,1.398,RP,1.0
2011,73657,조태수,KIA,,False,29.0,21,4.96552,1.38,0,0,0,0,0,16,9,0,31,4,16,16,4.97,2.79,1.78,13.3,7.5,0.0,,1.381,RP,1.0
2012,73657,조태수,KIA,,False,2.667,3,10.125,2.25,0,0,0,0,0,1,3,0,3,1,3,3,3.38,10.13,0.33,7.1,21.4,0.0,,0.889,RP,1.0
2016,65827,조한욱,SK,,False,2.333,2,0.0,2.14,0,0,0,0,0,2,4,0,1,0,0,0,7.71,15.43,0.5,16.7,33.3,0.0,0.04,1.166,RP,1.0
2019,65827,조한욱,KT,,False,2.667,2,3.38,1.88,0,0,0,0,0,0,1,0,4,0,1,1,0.0,3.38,0.0,0.0,8.3,-0.015,0.02,1.334,RP,1.0
2013,75268,조현근,삼성,,False,6.667,10,6.75,1.95,0,0,0,1,0,3,6,0,7,1,5,5,4.05,8.1,0.5,9.1,18.2,0.0,,0.667,RP,1.0
2014,75268,조현근,삼성,,False,5.333,6,0.0,0.56,0,0,0,0,0,3,1,0,2,0,0,0,5.06,1.69,3.0,15.8,5.3,0.007,0.08,0.889,RP,1.0
2015,75268,조현근,삼성,,False,19.333,22,3.25862,1.29,0,0,0,1,0,11,7,1,18,1,10,7,5.12,3.26,1.5699999999999998,13.6,8.6,0.069,0.13,0.879,RP,1.0
2016,75268,조현근,삼성,,False,5.333,3,13.5,2.81,0,0,0,0,0,5,3,1,12,2,8,8,8.44,5.06,1.67,16.1,9.7,-0.031,-0.22,1.778,RP,1.0
2015,64047,조현우,롯데,,False,4.0,3,4.5,1.0,0,0,0,0,0,4,1,0,3,2,3,2,9.0,2.25,4.0,26.7,6.7,0.019,-0.04,1.333,RP,1.0
2019,64047,조현우,KT,,False,7.667,7,3.52174,1.43,0,0,0,0,0,9,5,1,6,0,3,3,10.57,5.87,1.8,25.7,14.3,0.012,0.09,1.095,RP,1.0
2020,64047,조현우,KT,,False,46.667,54,3.08571,1.29,5,1,1,9,0,33,22,1,38,1,16,16,6.36,4.24,1.5,16.8,11.2,1.561,1.32,0.864,RP,1.0
2021,64047,조현우,KT,,False,31.0,49,2.6129,1.06,0,0,0,6,0,13,7,1,26,0,10,9,3.77,2.03,1.86,10.3,5.6,0.691,0.9,0.633,RP,1.0
2022,64047,조현우,KT,,False,12.0,19,4.5,1.5,0,0,0,2,0,5,4,4,14,0,8,6,3.75,3.0,1.25,8.8,7.0,-0.066,-0.04,0.632,RP,1.0
2023,64047,조현우,KT,,False,3.0,5,6.0,2.67,0,0,0,0,0,1,2,0,6,0,2,2,3.0,6.0,0.5,5.9,11.8,0.018,-0.01,0.6,RP,1.0
2015,65060,주권,KT,투수,False,24.333,15,8.50685,2.14,0,2,0,0,0,13,9,2,43,6,26,23,4.8100000000000005,3.33,1.44,10.6,7.3,-0.374,-0.19,1.622,RP,1.0
2016,65060,주권,KT,투수,False,134.0,28,5.10448,1.54,6,8,0,0,6,63,44,5,162,14,80,76,4.23,2.96,1.43,10.6,7.4,-0.743,2.7,4.786,SP,1.0
2017,65060,주권,KT,투수,False,81.667,39,6.61224,1.62,5,6,1,3,0,47,31,6,101,15,64,60,5.18,3.42,1.52,12.4,8.2,-1.447,0.13,2.094,RP,1.0
2018,65060,주권,KT,투수,False,88.0,46,8.38636,1.65,3,9,0,4,2,54,27,7,118,16,85,82,5.52,2.76,2.0,13.3,6.6,-1.777,-0.41,1.913,SP,1.0
2019,65060,주권,KT,투수,False,75.333,71,2.98673,1.04,6,2,2,25,0,47,14,2,64,7,25,25,5.62,1.67,3.36,15.9,4.7,4.172,1.54,1.061,SU,1.0
2020,65060,주권,KT,투수,False,70.0,77,2.7,1.23,6,2,0,31,0,37,32,1,54,6,25,21,4.76,4.11,1.16,12.6,10.9,2.958,1.6,0.909,SU,1.0
2021,65060,주권,KT,투수,False,49.0,62,3.30612,1.37,3,4,0,27,0,19,19,1,48,3,19,18,3.49,3.49,1.0,9.1,9.1,1.713,0.92,0.79,SU,1.0
2022,65060,주권,KT,투수,False,50.667,58,3.90789,1.3,3,3,1,15,0,31,8,0,58,3,22,22,5.51,1.42,3.88,15.3,3.9,1.63,0.85,0.874,SU,1.0
2023,65060,주권,KT,투수,False,47.0,42,4.40426,1.45,1,2,0,5,0,17,19,2,49,4,23,23,3.26,3.64,0.89,8.3,9.3,-0.12,0.21,1.119,RP,1.0
2024,65060,주권,KT,투수,False,58.0,48,6.67241,1.53,1,1,0,0,0,31,11,3,78,7,48,43,4.8100000000000005,1.71,2.82,12.2,4.3,-0.397,-0.24,1.208,RP,1.0
2025,65060,주권,KT,투수,False,40.667,34,4.426229508196721,1.5,0,1,0,0,0,19,13,0,48,3,23,20,4.2,2.88,1.46,10.8,7.4,-0.733,0.13,1.196,RP,1.0
2026,65060,주권,KT,투수,False,42.333,36,3.1889763779527556,1.25,3,0,0,2,0,18,14,2,39,3,17,15,3.83,2.98,1.29,10.5,8.2,0.902,0.54,1.176,RP,0.757
2022,52330,주승우,키움,투수,False,3.333,4,10.8,3.6,0,0,0,0,0,4,7,0,5,1,5,4,10.8,18.9,0.57,17.4,30.4,-0.061,-0.12,0.833,RP,1.0
2023,52330,주승우,키움,투수,False,16.0,11,9.5625,2.56,0,1,0,0,0,8,21,2,20,1,18,17,4.5,11.81,0.38,8.9,23.3,-0.314,-0.48,1.455,RP,1.0
2024,52330,주승우,키움,투수,False,51.667,55,4.35484,1.32,4,6,14,5,0,43,18,5,50,4,25,25,7.49,3.14,2.39,19.1,8.0,-0.438,1.02,0.939,RP,1.0
2025,52330,주승우,키움,투수,False,44.0,42,2.4545454545454546,1.18,2,2,16,5,0,35,17,2,35,7,13,12,7.16,3.48,2.06,19.6,9.5,1.878,0.9,1.048,CL,1.0
2011,61154,주키치,LG,,True,187.667,32,3.5968,1.21,10,8,1,0,14,150,53,1,174,9,86,75,7.19,2.54,2.83,19.4,6.9,0.0,,5.865,SP,1.0
2012,61154,주키치,LG,,True,177.333,30,3.45113,1.31,11,8,0,1,18,96,54,4,179,6,75,68,4.87,2.74,1.78,12.8,7.2,0.0,,5.911,SP,1.0
2013,61154,주키치,LG,,False,75.667,15,6.30396,1.64,4,6,0,0,6,49,28,4,96,6,56,53,5.83,3.33,1.75,14.4,8.2,0.0,,5.044,SP,1.0
2021,65707,주현상,한화,투수,False,50.333,43,3.57616,1.33,2,2,0,4,0,33,21,1,46,6,21,20,5.9,3.75,1.5699999999999998,15.1,9.6,0.272,0.54,1.171,RP,1.0
2022,65707,주현상,한화,투수,False,55.333,49,6.83133,1.5,0,1,1,3,0,33,14,5,69,5,43,42,5.37,2.28,2.36,13.4,5.7,0.068,-0.6,1.129,RP,1.0
2023,65707,주현상,한화,투수,False,59.667,55,1.96089,0.84,2,2,0,12,0,45,15,3,35,2,13,13,6.79,2.26,3.0,19.7,6.6,1.984,1.88,1.085,RP,1.0
2024,65707,주현상,한화,투수,False,71.333,65,2.64953,0.84,8,4,23,2,0,64,8,1,52,9,22,21,8.07,1.01,8.0,24.0,3.0,3.331,2.46,1.097,CL,1.0
2025,65707,주현상,한화,투수,False,41.667,48,5.184,1.66,5,2,1,3,0,37,10,3,59,8,25,24,7.99,2.16,3.7,19.2,5.2,-0.523,-0.04,0.868,RP,1.0
2026,65707,주현상,한화,투수,False,2.333,3,15.428571428571429,3.86,0,0,0,0,0,1,2,0,7,1,9,4,3.86,7.71,0.5,5.9,11.8,-0.079,-0.27,0.778,RP,0.757
2021,51060,지명성,KT,투수,False,4.0,3,0.0,0.5,1,0,0,0,0,4,1,1,1,0,1,0,9.0,2.25,4.0,25.0,6.3,0.025,0.07,1.333,RP,1.0
2022,51060,지명성,KT,투수,False,2.0,2,4.5,1.5,0,0,0,0,0,1,0,1,3,0,1,1,4.5,0.0,99.99,10.0,0.0,0.005,0.01,1.0,RP,1.0
2010,71715,지승민,두산,,False,6.667,12,4.05,2.4,0,0,0,1,0,2,7,1,9,2,3,3,2.7,9.45,0.29,5.4,18.9,0.0,,0.556,RP,1.0
2016,66628,지크,KIA,,True,152.0,30,5.26974,1.6800000000000002,10,13,0,0,11,125,68,5,188,16,104,89,7.4,4.03,1.84,17.7,9.6,-2.46,2.02,5.067,SP,1.0
2026,56633,지현,KIA,투수,False,4.0,3,9.0,2.25,0,0,0,0,0,1,3,0,6,2,4,4,2.25,6.75,0.33,4.8,14.3,-0.019,-0.09,1.333,RP,0.757
2010,79545,진명호,롯데,,False,7.333,3,19.6364,3.0,0,2,0,0,0,5,8,0,14,6,16,16,6.14,9.82,0.63,11.9,19.0,0.0,,2.444,RP,1.0
2011,79545,진명호,롯데,,False,48.0,31,4.88,1.54,1,2,0,0,0,45,26,0,48,6,32,26,8.44,4.88,1.73,21.1,12.2,0.0,,1.548,RP,1.0
2012,79545,진명호,롯데,,False,60.0,23,3.45,1.48,2,1,0,1,0,54,41,3,48,8,23,23,8.1,6.15,1.32,20.8,15.8,0.0,,2.609,RP,1.0
2013,79545,진명호,롯데,,False,8.0,4,7.88,2.63,0,0,0,0,0,3,10,1,11,0,7,7,3.38,11.25,0.3,7.3,24.4,0.0,,2.0,RP,1.0
2017,79545,진명호,롯데,,False,5.0,4,0.0,1.2,0,0,0,0,0,7,5,0,1,0,0,0,12.6,9.0,1.4,35.0,25.0,0.007,0.15,1.25,RP,1.0
2018,79545,진명호,롯데,,False,61.667,60,4.37838,1.61,5,4,1,9,0,65,46,1,53,7,34,30,9.49,6.71,1.41,23.0,16.3,0.668,0.77,1.028,RP,1.0
2019,79545,진명호,롯데,,False,63.333,60,3.41053,1.44,3,2,0,9,0,51,35,1,56,4,24,24,7.25,4.97,1.46,18.7,12.8,1.282,1.1,1.056,RP,1.0
2020,79545,진명호,롯데,,False,31.333,37,7.18085,1.63,0,1,0,2,0,32,22,2,29,3,25,25,9.19,6.32,1.45,21.9,15.1,-1.013,-0.09,0.847,RP,1.0
2021,79545,진명호,롯데,,False,24.333,33,4.80822,1.4,2,2,0,3,0,24,14,2,20,3,14,13,8.88,5.18,1.71,22.4,13.1,-0.463,0.04,0.737,RP,1.0
2022,79545,진명호,롯데,,False,16.333,16,6.06122,1.96,0,0,0,0,0,11,9,2,23,1,12,11,6.06,4.96,1.22,13.8,11.3,-0.213,-0.11,1.021,RP,1.0
2022,52558,진승현,롯데,투수,False,9.0,10,9.0,2.11,0,0,0,0,0,11,7,1,12,2,9,9,11.0,7.0,1.5699999999999998,22.9,14.6,0.203,-0.22,0.9,RP,1.0
2023,52558,진승현,롯데,투수,False,27.667,24,5.85542,1.81,2,2,0,1,0,25,16,0,34,2,20,18,8.13,5.2,1.56,19.4,12.4,0.185,-0.12,1.153,RP,1.0
2024,52558,진승현,롯데,투수,False,6.333,7,8.52632,1.89,0,1,0,0,0,5,5,0,7,0,6,6,7.11,7.11,1.0,15.6,15.6,-0.229,-0.05,0.905,RP,1.0
2010,78257,진야곱,두산,,False,0.0,1,0.0,0.0,0,0,0,0,0,0,1,0,0,0,0,0,0.0,0.0,0.0,0.0,100.0,0.0,,0.0,RP,1.0
2015,78257,진야곱,두산,,False,102.667,47,7.01299,1.83,5,9,0,4,2,108,68,3,120,12,88,80,9.47,5.96,1.59,22.2,14.0,-1.183,-0.82,2.184,SP,1.0
2016,78257,진야곱,두산,,False,62.0,55,4.93548,1.74,5,2,1,4,0,56,40,1,68,8,38,34,8.13,5.8100000000000005,1.4,19.0,13.6,-0.919,-0.07,1.127,RP,1.0
2024,54148,진우영,LG,투수,False,7.667,6,4.69565,1.5699999999999998,0,0,0,0,0,6,4,0,8,1,4,4,7.04,4.7,1.5,17.1,11.4,-0.008,0.03,1.278,RP,1.0
2012,76650,진해수,KIA,,False,41.0,56,5.26829,1.63,1,2,0,6,0,24,19,2,48,3,29,24,5.27,4.17,1.26,13.0,10.3,0.0,,0.732,RP,1.0
2013,76650,진해수,SK,,False,48.667,72,5.54795,1.58,2,5,0,10,0,40,25,5,52,4,34,30,7.4,4.62,1.6,17.9,11.2,0.0,,0.676,RP,1.0
2014,76650,진해수,SK,,False,49.0,75,7.16327,1.92,0,4,0,15,0,37,27,3,67,8,39,39,6.8,4.96,1.37,15.7,11.4,-2.5789999999999997,-0.31,0.653,RP,1.0
2015,76650,진해수,LG,,False,28.333,39,5.71765,1.59,2,2,0,4,0,20,16,5,29,2,19,18,6.35,5.08,1.25,15.6,12.5,0.193,-0.3,0.726,RP,1.0
2016,76650,진해수,LG,,False,54.0,75,4.66667,1.74,0,4,1,17,0,54,37,2,57,5,30,28,9.0,6.17,1.46,21.3,14.6,-0.279,-0.06,0.72,RP,1.0
2017,76650,진해수,LG,,False,52.667,75,3.93038,1.27,3,3,1,24,0,48,15,2,52,6,23,23,8.2,2.56,3.2,21.7,6.8,0.69,0.44,0.702,SU,1.0
2018,76650,진해수,LG,,False,43.667,66,7.21374,1.74,2,3,0,14,0,37,13,4,63,7,37,35,7.63,2.68,2.85,17.6,6.2,-0.394,-1.1,0.662,RP,1.0
2019,76650,진해수,LG,,False,42.0,72,3.42857,1.43,3,1,0,20,0,38,16,2,44,2,17,16,8.14,3.43,2.38,20.5,8.6,0.726,0.3,0.583,SU,1.0
2020,76650,진해수,LG,,False,50.0,76,4.32,1.54,4,2,0,22,0,59,23,4,54,3,27,24,10.62,4.14,2.57,25.7,10.0,0.455,0.46,0.658,SU,1.0
2021,76650,진해수,LG,,False,44.333,50,2.43609,1.33,1,0,0,5,0,39,18,3,41,2,17,12,7.92,3.65,2.17,20.7,9.6,0.089,0.71,0.887,RP,1.0
2022,76650,진해수,LG,,False,45.0,64,2.4,1.11,4,0,0,12,0,35,11,1,39,1,13,12,7.0,2.2,3.18,19.4,6.1,1.154,1.25,0.703,RP,1.0
2023,76650,진해수,LG,,False,14.667,19,3.68182,1.91,0,0,0,2,0,12,10,0,18,2,8,6,7.36,6.14,1.2,16.7,13.9,-0.365,-0.04,0.772,RP,1.0
2024,76650,진해수,롯데,,False,27.667,54,6.18072,1.66,2,1,0,5,0,22,10,3,36,5,21,19,7.16,3.25,2.2,17.2,7.8,-0.093,-0.13,0.512,RP,1.0
2026,56799,짐머맨,한화,투수,False,13.0,3,9.0,2.0,0,2,0,0,0,9,5,0,21,3,13,13,6.23,3.46,1.8,13.8,7.7,-0.212,-0.2,4.333,SP,0.757
2019,64615,차명진,KIA,,False,33.0,9,4.36364,1.61,3,1,0,0,0,19,18,2,35,1,17,16,5.18,4.91,1.06,12.6,11.9,0.5,0.3,3.667,SP,1.0
2020,64615,차명진,KIA,,False,0.333,1,135.0,9.0,0,0,0,0,0,0,0,2,3,0,5,5,0.0,0.0,99.99,0.0,0.0,-0.009,-0.2,0.333,RP,1.0
2021,64615,차명진,KIA,,False,10.667,4,7.59375,2.34,0,1,0,0,0,6,13,1,12,1,9,9,5.06,10.97,0.46,10.5,22.8,-0.297,-0.15,2.667,RP,1.0
2010,76455,차우찬,삼성,,False,126.333,37,2.1372,1.24,10,2,0,2,9,112,51,5,106,5,35,30,7.98,3.63,2.2,21.2,9.7,0.0,,3.414,SP,1.0
2011,76455,차우찬,삼성,,True,148.667,24,3.69283,1.47,10,6,0,0,12,114,62,3,156,22,75,61,6.9,3.75,1.84,17.5,9.5,0.0,,6.194,SP,1.0
2012,76455,차우찬,삼성,,False,83.667,26,6.0239,1.5699999999999998,6,7,0,2,2,52,48,1,83,11,59,56,5.59,5.16,1.08,13.8,12.7,0.0,,3.218,SP,1.0
2013,76455,차우찬,삼성,,False,121.333,43,3.26374,1.38,10,7,0,3,8,111,67,6,100,6,48,44,8.23,4.97,1.66,21.4,12.9,0.0,,2.822,SP,1.0
2014,76455,차우찬,삼성,,False,82.0,69,5.59756,1.56,3,4,0,21,0,79,42,2,86,9,57,51,8.67,4.61,1.88,21.1,11.2,-0.884,0.69,1.188,SU,1.0
2015,76455,차우찬,삼성,,True,173.0,31,4.78613,1.35,13,7,0,1,17,194,74,5,160,28,98,92,10.09,3.85,2.62,26.1,10.0,1.37,2.68,5.581,SP,1.0
2016,76455,차우찬,삼성,,True,152.333,24,4.72648,1.53,12,6,0,0,16,120,65,8,168,16,87,80,7.09,3.84,1.85,17.9,9.7,0.647,3.02,6.347,SP,1.0
2017,76455,차우찬,LG,,True,175.667,28,3.43264,1.19,10,7,0,0,16,157,38,7,171,20,75,67,8.04,1.95,4.13,21.4,5.2,3.306,2.75,6.274,SP,1.0
2018,76455,차우찬,LG,,True,170.0,29,6.08824,1.51,12,10,0,0,13,136,79,10,177,27,119,115,7.2,4.18,1.72,17.8,10.4,-0.323,-0.81,5.862,SP,1.0
2019,76455,차우찬,LG,,True,168.333,29,4.11683,1.43,13,8,0,0,13,124,59,5,181,16,87,77,6.63,3.15,2.1,17.0,8.1,1.371,0.65,5.805,SP,1.0
2020,76455,차우찬,LG,,False,64.0,13,5.34375,1.55,5,5,0,0,6,51,28,2,71,8,39,38,7.17,3.94,1.82,17.8,9.8,0.697,0.12,4.923,SP,1.0
2021,76455,차우찬,LG,,False,22.333,5,5.23881,1.3,2,1,0,0,1,12,13,3,16,2,14,13,4.84,5.24,0.92,12.1,13.1,-0.051,0.04,4.467,SP,1.0
2015,65509,차재용,롯데,,False,1.333,2,0.0,0.75,0,0,0,0,0,0,1,0,0,0,2,0,0.0,6.75,0.0,0.0,16.7,0.0,-0.03,0.666,RP,1.0
2016,65509,차재용,롯데,,False,2.667,2,20.25,2.63,0,0,0,0,0,0,4,0,3,1,6,6,0.0,13.5,0.0,0.0,28.6,-0.054,-0.15,1.334,RP,1.0
2017,65509,차재용,롯데,,False,2.333,3,0.0,0.43,0,0,0,0,0,2,0,0,1,0,0,0,7.71,0.0,99.99,25.0,0.0,0.001,0.07,0.778,RP,1.0
2019,65509,차재용,롯데,,False,9.667,9,3.72414,1.76,0,0,0,0,0,7,8,0,9,0,6,4,6.52,7.45,0.88,14.9,17.0,-0.048,0.01,1.074,RP,1.0
2020,65509,차재용,키움,,False,1.0,1,0.0,0.0,0,0,0,0,0,0,0,0,0,0,0,0,0.0,0.0,99.99,0.0,0.0,0.009,0.02,1.0,RP,1.0
2010,75663,차정민,KIA,,False,1.667,2,0.0,1.2,0,1,0,0,0,1,1,0,1,0,1,0,5.4,5.4,1.0,14.3,14.3,0.0,,0.834,RP,1.0
2011,75663,차정민,KIA,,False,19.333,16,6.51724,1.55,0,1,0,0,0,12,8,1,22,7,14,14,5.59,3.72,1.5,13.5,9.0,0.0,,1.208,RP,1.0
2013,63939,찰리,NC,,True,189.0,29,2.47619,1.24,11,7,0,0,23,116,60,14,175,6,60,52,5.52,2.86,1.93,14.7,7.6,0.0,,6.517,SP,1.0
2014,63939,찰리,NC,,True,165.333,28,3.81048,1.45,12,8,0,0,16,92,55,9,184,13,90,70,5.01,2.99,1.67,12.8,7.7,-0.433,2.04,5.905,SP,1.0
2015,63939,찰리,NC,,False,53.333,12,5.7375,1.61,4,5,0,0,1,29,19,7,67,8,39,34,4.89,3.21,1.53,11.8,7.8,-1.18,-0.14,4.444,SP,1.0
2019,69748,채드벨,한화,,True,177.333,29,3.50188,1.31,11,10,0,0,15,134,63,10,169,14,73,69,6.8,3.2,2.13,17.9,8.4,3.45,3.81,6.115,SP,1.0
2020,69748,채드벨,한화,,False,77.0,16,5.96104,1.56,2,8,0,0,4,61,35,5,85,10,54,51,7.13,4.09,1.74,17.6,10.1,-0.08,0.3,4.812,SP,1.0
2012,71845,채병용,SK,,False,62.667,14,3.15957,1.42,3,3,0,0,6,42,22,1,67,3,22,22,6.03,3.16,1.91,15.5,8.1,0.0,,4.476,SP,1.0
2013,71845,채병용,SK,,False,20.333,12,7.96721,2.26,0,3,1,0,0,12,16,3,30,2,18,18,5.31,7.08,0.75,11.7,15.5,0.0,,1.694,RP,1.0
2014,71845,채병용,SK,,True,130.0,27,6.36923,1.54,8,12,0,0,7,87,49,8,151,27,94,92,6.02,3.39,1.78,14.9,8.4,-2.597,0.06,4.815,SP,1.0
2015,71845,채병용,SK,,False,83.0,33,6.07229,1.5699999999999998,4,4,0,1,0,78,27,3,103,17,56,56,8.46,2.93,2.89,21.3,7.4,0.295,-0.07,2.515,RP,1.0
2016,71845,채병용,SK,,False,83.667,68,4.30279,1.27,6,3,2,9,0,67,29,3,77,9,43,40,7.21,3.12,2.31,19.4,8.4,2.005,0.98,1.23,RP,1.0
2017,71845,채병용,SK,,False,50.0,43,6.84,1.54,6,4,0,6,0,43,15,3,62,8,40,38,7.74,2.7,2.87,18.6,6.5,-0.632,-0.32,1.163,RP,1.0
2018,71845,채병용,SK,,False,30.0,29,4.8,1.37,2,1,1,3,0,15,8,1,33,8,16,16,4.5,2.4,1.88,11.7,6.3,0.145,0.0,1.034,RP,1.0
2019,71845,채병용,SK,,False,3.667,4,9.81818,2.73,0,0,1,1,0,3,3,1,7,1,4,4,7.36,7.36,1.0,14.3,14.3,-0.146,-0.24,0.917,SU,1.0
2016,61929,채선관,KT,,False,0.333,1,27.0,12.0,0,0,0,0,0,0,2,0,2,0,1,1,0.0,54.0,0.0,0.0,50.0,-0.005,-0.02,0.333,RP,1.0
2020,65241,채원후,두산,,False,33.0,37,4.90909,1.76,1,0,0,2,0,34,24,5,34,3,18,18,9.27,6.55,1.42,21.5,15.2,-0.098,-0.06,0.892,RP,1.0
2021,65241,채원후,LG,,False,17.333,14,3.11538,2.02,0,0,0,0,0,18,20,0,15,0,8,6,9.35,10.38,0.9,20.7,23.0,-0.112,0.1,1.238,RP,1.0
2022,65241,채원후,LG,,False,3.0,3,0.0,0.33,0,0,0,1,0,2,0,1,1,0,0,0,6.0,0.0,99.99,20.0,0.0,0.183,0.13,1.0,SU,1.0
2023,65241,채원후,NC,,False,3.333,3,8.1,2.4,0,0,0,0,0,2,4,0,4,0,3,3,5.4,10.8,0.5,11.8,23.5,-0.016,-0.04,1.111,RP,1.0
2024,65241,채원후,NC,,False,3.0,3,12.0,3.0,0,0,0,0,0,2,3,0,6,0,4,4,6.0,9.0,0.67,11.1,16.7,-0.006,-0.07,1.0,RP,1.0
2013,62966,최금강,NC,,False,33.667,30,4.27723,1.54,0,2,0,4,0,33,20,4,32,0,17,16,8.82,5.35,1.65,20.9,12.7,0.0,,1.122,RP,1.0
2014,62966,최금강,NC,,False,5.0,4,9.0,2.2,0,0,0,0,0,4,2,0,9,0,5,5,7.2,3.6,2.0,16.7,8.3,-0.091,0.06,1.25,RP,1.0
2015,62966,최금강,NC,,False,89.667,78,3.71375,1.27,6,5,1,14,0,61,37,11,77,11,40,37,6.12,3.71,1.65,15.9,9.6,-0.446,0.47,1.15,RP,1.0
2016,62966,최금강,NC,,False,108.0,52,5.0,1.47,11,4,2,4,1,84,36,8,123,13,65,60,7.0,3.0,2.33,17.3,7.4,-0.828,0.56,2.077,SP,1.0
2017,62966,최금강,NC,,False,89.667,39,7.32714,1.62,5,3,0,0,2,51,34,12,111,15,79,73,5.12,3.41,1.5,12.2,8.1,-0.453,-1.29,2.299,SP,1.0
2018,62966,최금강,NC,,False,37.333,19,8.4375,1.96,0,1,0,1,0,18,22,2,51,8,36,35,4.34,5.3,0.82,9.8,12.0,-0.473,-0.75,1.965,RP,1.0
2021,62966,최금강,NC,,False,28.0,20,4.5,1.64,2,1,1,0,0,25,17,2,29,4,14,14,8.04,5.46,1.47,19.4,13.2,-0.219,0.09,1.4,RP,1.0
2012,74543,최대성,롯데,,False,67.667,71,3.59113,1.32,8,8,1,17,0,50,24,5,65,5,31,27,6.65,3.19,2.08,17.5,8.4,0.0,,0.953,RP,1.0
2013,74543,최대성,롯데,,False,9.333,13,5.78571,2.04,0,0,0,1,0,9,6,0,13,1,8,6,8.68,5.79,1.5,18.4,12.2,0.0,,0.718,RP,1.0
2014,74543,최대성,롯데,,False,45.333,41,2.58088,1.46,2,2,0,1,0,43,25,3,41,1,17,13,8.54,4.96,1.72,21.7,12.6,-0.708,0.71,1.106,RP,1.0
2015,74543,최대성,KT,,False,2.667,8,13.5,4.13,0,0,0,0,0,0,7,0,4,1,4,4,0.0,23.63,0.0,0.0,36.8,-0.323,-0.12,0.333,RP,1.0
2018,74543,최대성,두산,,False,10.0,8,11.7,2.3,0,0,0,0,0,10,8,0,15,3,13,13,9.0,7.2,1.25,19.2,15.4,-0.031,-0.4,1.25,RP,1.0
2019,74543,최대성,두산,,False,0.0,1,0.0,0.0,0,0,0,0,0,0,2,0,0,0,3,2,0.0,0.0,0.0,0.0,66.7,-0.002,0.0,0.0,RP,1.0
2010,79140,최동환,LG,투수,False,0.0,1,0.0,0.0,0,0,0,0,0,0,2,0,0,0,0,0,0.0,0.0,0.0,0.0,100.0,0.0,,0.0,RP,1.0
2014,79140,최동환,LG,투수,False,2.333,1,11.5714,2.14,0,0,0,0,0,2,3,0,2,1,3,3,7.71,11.57,0.67,16.7,25.0,-0.014,-0.08,2.333,RP,1.0
2015,79140,최동환,LG,투수,False,20.667,17,8.27419,1.84,0,0,0,0,0,21,6,2,32,7,19,19,9.15,2.61,3.5,20.8,5.9,0.072,-0.53,1.216,RP,1.0
2016,79140,최동환,LG,투수,False,34.667,26,4.41346,1.3,2,0,1,0,0,22,15,4,30,2,18,17,5.71,3.89,1.47,14.6,9.9,-0.473,0.03,1.333,RP,1.0
2017,79140,최동환,LG,투수,False,38.0,35,5.68421,1.42,1,2,1,5,0,31,15,5,39,9,26,24,7.34,3.55,2.07,18.1,8.8,-0.231,-0.92,1.086,RP,1.0
2018,79140,최동환,LG,투수,False,37.0,28,4.62162,1.19,1,0,0,1,0,28,11,3,33,6,19,19,6.8100000000000005,2.68,2.55,17.9,7.1,0.045,-0.11,1.321,RP,1.0
2019,79140,최동환,LG,투수,False,23.0,18,6.26087,1.52,1,0,0,0,0,13,10,3,25,4,17,16,5.09,3.91,1.3,12.1,9.3,-0.167,-0.6,1.278,RP,1.0
2020,79140,최동환,LG,투수,False,57.0,54,3.47368,1.16,4,1,0,4,0,42,12,2,54,6,23,22,6.63,1.89,3.5,18.4,5.3,0.744,0.71,1.056,RP,1.0
2021,79140,최동환,LG,투수,False,5.667,8,9.52941,1.76,0,0,0,0,0,2,4,2,6,0,6,6,3.18,6.35,0.5,7.1,14.3,0.041,-0.16,0.708,RP,1.0
2022,79140,최동환,LG,투수,False,50.0,47,4.14,1.24,0,1,0,0,0,30,17,1,45,5,23,23,5.4,3.06,1.76,14.3,8.1,0.232,0.27,1.064,RP,1.0
2023,79140,최동환,LG,투수,False,42.333,45,3.18898,1.39,0,0,1,1,0,20,17,3,42,1,18,15,4.25,3.61,1.18,10.6,9.0,0.534,0.42,0.941,RP,1.0
2024,79140,최동환,LG,투수,False,22.0,26,6.95455,2.0,0,1,0,2,0,14,9,0,35,4,18,17,5.73,3.68,1.56,13.3,8.6,-0.11,-0.22,0.846,RP,1.0
2025,79140,최동환,KT,투수,False,18.667,20,8.678571428571429,2.09,1,1,0,0,0,9,12,1,27,4,19,18,4.34,5.79,0.75,9.9,13.2,-0.532,-0.43,0.933,RP,1.0
2025,55268,최민석,두산,투수,False,77.667,17,4.4034334763948495,1.36,3,3,0,0,4,53,34,5,72,7,41,38,6.14,3.94,1.56,15.9,10.2,1.049,0.68,4.569,SP,1.0
2026,55268,최민석,두산,투수,True,110.667,20,2.683734939759036,1.3,10,3,0,0,12,100,48,5,96,4,45,33,8.13,3.9,2.08,21.1,10.1,3.209,2.74,5.533,SP,0.757
2018,68856,최민준,SK,투수,False,5.0,2,14.4,2.2,0,0,0,0,0,3,0,0,11,5,9,8,5.4,0.0,99.99,10.7,0.0,0.003,-0.27,2.5,RP,1.0
2021,68856,최민준,SSG,투수,False,86.0,38,5.86047,1.66,3,3,0,4,1,62,50,7,93,11,56,56,6.49,5.23,1.24,15.6,12.6,-0.641,-0.05,2.263,SP,1.0
2022,68856,최민준,SSG,투수,False,68.333,51,3.95122,1.24,5,4,0,5,0,48,34,2,51,10,37,30,6.32,4.48,1.41,16.7,11.8,0.755,-0.07,1.34,RP,1.0
2023,68856,최민준,SSG,투수,False,60.0,53,4.2,1.5699999999999998,5,3,1,7,0,37,19,1,75,7,29,28,5.55,2.85,1.95,14.1,7.3,0.322,0.36,1.132,RP,1.0
2024,68856,최민준,SSG,투수,False,39.333,32,7.77966,2.16,1,0,0,0,0,40,24,3,61,9,36,34,9.15,5.49,1.67,19.8,11.9,0.156,-0.54,1.229,RP,1.0
2025,68856,최민준,SSG,투수,False,65.667,40,3.974619289340102,1.46,2,2,0,1,0,44,24,3,72,6,34,29,6.03,3.29,1.83,15.3,8.4,0.871,0.49,1.642,RP,1.0
2026,68856,최민준,SSG,투수,False,76.0,22,5.092105263157895,1.42,1,5,0,0,0,63,33,5,75,11,48,43,7.46,3.91,1.91,18.9,9.9,-0.732,0.32,3.455,SP,0.757
2014,64259,최병욱,두산,,False,16.333,12,6.61224,1.9,0,0,0,0,0,9,7,0,24,4,12,12,4.96,3.86,1.29,11.7,9.1,-0.099,-0.19,1.361,RP,1.0
2014,64718,최설우,한화,,False,64.667,50,7.09794,1.84,1,2,1,2,0,42,43,6,76,9,54,51,5.85,5.98,0.98,13.8,14.1,-1.539,-0.28,1.293,RP,1.0
2015,64718,최설우,한화,,False,1.333,1,0.0,3.0,0,0,0,0,0,1,2,0,2,0,2,0,6.75,13.5,0.5,12.5,25.0,-0.06,-0.03,1.333,RP,1.0
2019,64718,최설우,롯데,,False,19.667,15,6.40678,1.53,0,0,0,0,0,20,9,1,21,1,15,14,9.15,4.12,2.22,22.7,10.2,-0.209,-0.07,1.311,RP,1.0
2020,64718,최설우,롯데,,False,10.0,6,6.3,2.2,0,1,0,0,0,7,3,1,19,4,11,7,6.3,2.7,2.33,13.2,5.7,-0.357,-0.22,1.667,RP,1.0
2021,64718,최설우,롯데,,False,40.667,20,6.19672,1.7,1,2,0,0,1,28,24,2,45,4,30,28,6.2,5.31,1.17,15.5,13.3,-0.14,-0.06,2.033,SP,1.0
2022,64718,최설우,롯데,,False,2.667,1,20.25,3.38,0,1,0,0,0,1,1,1,8,0,6,6,3.38,3.38,1.0,5.6,5.6,-0.3,-0.2,2.667,RP,1.0
2023,64718,최설우,롯데,,False,10.0,8,9.9,2.2,0,1,0,0,0,7,7,1,15,0,14,11,6.3,6.3,1.0,13.0,13.0,-0.21,-0.43,1.25,RP,1.0
2010,79137,최성민,LG,,False,32.667,8,3.85714,1.53,2,2,0,0,2,17,28,3,22,1,16,14,4.68,7.71,0.61,12.0,19.7,0.0,,4.083,SP,1.0
2011,79137,최성민,LG,,False,21.333,18,3.38,1.92,2,1,0,1,0,12,23,3,18,0,8,8,5.06,9.7,0.52,11.7,22.3,0.0,,1.185,RP,1.0
2016,66920,최성영,NC,투수,False,4.667,7,1.92857,2.14,0,0,0,0,0,4,2,0,8,0,1,1,7.71,3.86,2.0,19.0,9.5,-0.003,0.08,0.667,RP,1.0
2017,66920,최성영,NC,투수,False,11.333,7,9.52941,2.12,0,0,0,0,0,8,7,2,17,4,12,12,6.35,5.5600000000000005,1.14,14.0,12.3,-0.264,-0.34,1.619,RP,1.0
2018,66920,최성영,NC,투수,False,64.333,28,5.87565,1.41,2,2,1,0,1,57,25,4,66,11,43,42,7.97,3.5,2.28,20.2,8.9,0.165,0.12,2.298,SP,1.0
2019,66920,최성영,NC,투수,False,82.333,26,3.93522,1.55,4,1,0,2,2,62,49,3,79,3,39,36,6.78,5.36,1.27,16.8,13.3,0.832,1.1,3.167,SP,1.0
2020,66920,최성영,NC,투수,False,60.667,14,6.08242,1.6800000000000002,2,4,0,0,2,27,35,3,67,13,45,41,4.01,5.19,0.77,9.7,12.6,-1.274,-0.32,4.333,SP,1.0
2023,66920,최성영,NC,투수,False,66.667,18,4.86,1.63,5,4,0,0,1,38,32,5,77,6,37,36,5.13,4.32,1.19,12.5,10.6,0.269,0.35,3.704,SP,1.0
2024,66920,최성영,NC,투수,False,46.667,24,5.78571,1.76,2,0,1,1,1,29,17,0,65,7,37,30,5.59,3.28,1.71,13.3,7.8,0.239,-0.09,1.944,SP,1.0
2025,66920,최성영,NC,투수,False,47.667,35,6.230769230769231,1.89,2,2,0,4,0,33,28,3,62,6,33,33,6.23,5.29,1.18,14.5,12.3,-1.214,-0.29,1.362,RP,1.0
2026,66920,최성영,NC,투수,False,2.667,4,3.375,1.88,1,0,0,0,0,2,1,0,4,1,1,1,6.75,3.38,2.0,16.7,8.3,-0.027,0.01,0.667,RP,0.757
2012,62146,최성훈,LG,,False,73.333,37,4.41818,1.5699999999999998,5,6,0,2,1,23,30,4,85,5,39,36,2.82,3.68,0.77,6.9,9.1,0.0,,1.982,SP,1.0
2013,62146,최성훈,LG,,False,2.0,4,4.5,2.0,0,0,0,0,0,2,0,1,4,1,1,1,9.0,0.0,99.99,16.7,0.0,0.0,,0.5,RP,1.0
2016,62146,최성훈,LG,,False,22.667,28,7.14706,2.03,2,1,0,4,0,8,11,0,35,1,22,18,3.18,4.37,0.73,7.1,9.8,0.578,-0.6,0.81,RP,1.0
2017,62146,최성훈,LG,,False,22.0,32,4.09091,1.64,0,0,1,3,0,16,11,4,25,2,12,10,6.55,4.5,1.45,14.8,10.2,0.308,-0.13,0.688,RP,1.0
2018,62146,최성훈,LG,,False,16.667,24,3.78,1.56,0,0,0,3,0,14,9,1,17,4,7,7,7.56,4.86,1.56,18.9,12.2,-0.459,-0.07,0.694,RP,1.0
2020,62146,최성훈,LG,,False,33.333,48,3.51,1.56,0,0,0,2,0,24,16,1,36,1,13,13,6.48,4.32,1.5,16.6,11.0,0.162,0.48,0.694,RP,1.0
2021,62146,최성훈,LG,,False,40.667,46,2.43443,1.45,1,1,0,3,0,33,19,1,40,2,14,11,7.3,4.2,1.74,18.4,10.6,0.173,0.73,0.884,RP,1.0
2022,62146,최성훈,LG,,False,33.333,45,2.16,1.08,0,0,0,6,0,22,13,3,23,1,10,8,5.9399999999999995,3.51,1.69,15.8,9.4,0.638,0.63,0.741,RP,1.0
2023,62146,최성훈,LG,,False,3.0,5,15.0,2.67,0,0,1,0,0,2,1,0,7,0,5,5,6.0,3.0,2.0,11.8,5.9,0.071,-0.12,0.6,RP,1.0
2024,62146,최성훈,삼성,,False,13.0,28,6.92308,1.77,0,1,0,3,0,10,9,1,14,1,10,10,6.92,6.23,1.11,16.4,14.8,-0.057,-0.03,0.464,RP,1.0
2025,62146,최성훈,삼성,,False,1.0,2,9.0,2.0,0,0,0,0,0,1,1,0,1,0,1,1,9.0,9.0,1.0,20.0,20.0,0.008,-0.01,0.5,RP,1.0
2021,51264,최승용,두산,투수,False,18.333,15,3.92727,1.64,0,0,0,2,0,16,10,1,20,3,10,8,7.85,4.91,1.6,19.3,12.0,-0.02,0.01,1.222,RP,1.0
2022,51264,최승용,두산,투수,False,93.333,48,5.30357,1.58,3,7,0,5,2,64,43,2,104,8,59,55,6.17,4.15,1.49,15.1,10.2,0.932,-0.07,1.944,SP,1.0
2023,51264,최승용,두산,투수,False,111.0,34,3.97297,1.35,3,6,1,0,4,82,34,4,116,9,54,49,6.65,2.76,2.41,17.1,7.1,1.921,1.38,3.265,SP,1.0
2024,51264,최승용,두산,투수,False,27.0,12,6.0,1.63,2,0,0,1,1,21,7,0,37,6,19,18,7.0,2.33,3.0,16.9,5.6,-0.319,-0.02,2.25,SP,1.0
2025,51264,최승용,두산,투수,False,116.333,23,4.409742120343839,1.35,5,7,0,0,9,71,36,6,121,8,60,57,5.49,2.79,1.97,14.0,7.1,1.297,1.44,5.058,SP,1.0
2026,51264,최승용,두산,투수,False,86.667,18,5.711538461538462,1.58,3,9,0,0,3,60,34,4,103,10,59,55,6.23,3.53,1.76,15.1,8.5,-0.096,0.22,4.815,SP,0.757
2010,97336,최영필,한화,,False,54.333,21,7.45399,1.95,1,4,1,0,1,26,22,3,84,13,46,45,4.31,3.64,1.18,10.0,8.5,0.0,,2.587,SP,1.0
2012,97336,최영필,SK,,False,53.0,46,4.58491,1.17,2,1,0,5,0,40,10,2,52,7,27,27,6.79,1.7,4.0,18.6,4.7,0.0,,1.152,RP,1.0
2013,97336,최영필,SK,,False,17.333,22,6.23077,1.85,0,0,1,3,0,11,8,1,24,2,15,12,5.71,4.15,1.38,13.1,9.5,0.0,,0.788,RP,1.0
2014,97336,최영필,KIA,,False,53.667,40,3.18634,1.25,4,2,0,14,0,45,15,1,52,6,25,19,7.55,2.52,3.0,19.7,6.6,0.102,0.99,1.342,SU,1.0
2015,97336,최영필,KIA,,False,63.0,59,2.85714,1.03,5,2,0,10,0,51,8,2,57,8,23,20,7.29,1.14,6.38,20.6,3.2,0.457,1.35,1.068,RP,1.0
2016,97336,최영필,KIA,,False,57.333,54,3.61047,1.43,4,3,2,10,0,54,8,3,74,6,26,23,8.48,1.26,6.75,21.7,3.2,-0.556,1.13,1.062,RP,1.0
2017,97336,최영필,KIA,,False,1.333,2,20.25,3.75,0,0,0,0,0,1,0,1,5,0,3,3,6.75,0.0,99.99,10.0,0.0,-0.095,-0.08,0.666,RP,1.0
2026,56967,최요한,NC,투수,False,5.0,7,3.6,1.2,0,0,0,1,0,4,2,0,4,0,2,2,7.2,3.6,2.0,19.0,9.5,0.004,0.1,0.714,RP,0.757
2021,50650,최용준,KIA,투수,False,6.333,3,14.2105,2.84,0,1,0,0,0,6,7,1,11,3,10,10,8.53,9.95,0.86,15.4,17.9,-0.296,-0.35,2.111,RP,1.0
2025,50650,최용준,KT,투수,False,9.0,7,2.0,1.67,1,0,0,0,0,5,2,0,13,0,2,2,5.0,2.0,2.5,12.8,5.1,0.011,0.24,1.286,RP,1.0
2026,50650,최용준,SSG,투수,False,11.0,10,5.7272727272727275,1.82,0,0,0,0,0,8,8,2,12,2,7,7,6.55,6.55,1.0,14.8,14.8,-0.324,-0.05,1.1,RP,0.757
2012,62741,최우석,한화,,False,5.667,4,3.17647,1.24,0,0,0,0,0,2,3,1,4,0,3,2,3.18,4.76,0.67,8.0,12.0,0.0,,1.417,RP,1.0
2024,54903,최우석,NC,투수,False,8.667,9,3.11538,1.5,0,0,0,0,0,8,6,0,7,2,3,3,8.31,6.23,1.33,21.6,16.2,0.012,0.05,0.963,RP,1.0
2025,54903,최우석,NC,투수,False,14.333,12,8.162790697674419,2.23,0,0,0,0,0,15,9,0,23,1,16,13,9.42,5.65,1.67,20.0,12.0,-0.138,-0.24,1.194,RP,1.0
2026,54903,최우석,NC,투수,False,5.667,6,3.1764705882352944,2.12,0,0,0,0,0,4,5,0,7,0,2,2,6.35,7.94,0.8,14.3,17.9,-0.025,0.07,0.944,RP,0.757
2010,60848,최원재,SK,,False,0.667,3,13.5,3.0,0,0,0,0,0,1,0,1,2,0,1,1,13.5,0.0,99.99,20.0,0.0,0.0,,0.222,RP,1.0
2011,60848,최원재,SK,,False,1.333,1,0.0,0.75,0,0,0,1,0,1,0,0,1,0,0,0,6.75,0.0,99.99,25.0,0.0,0.0,,1.333,SU,1.0
2015,60848,최원재,KT,,False,33.0,36,3.81818,1.67,2,1,0,3,0,24,12,3,43,2,16,14,6.55,3.27,2.0,16.2,8.1,0.091,0.6,0.917,RP,1.0
2016,60848,최원재,KT,,False,9.333,10,8.67857,1.71,0,0,0,0,0,11,4,0,12,1,9,9,10.61,3.86,2.75,25.6,9.3,-0.276,-0.04,0.933,RP,1.0
2017,60848,최원재,KT,,False,2.0,4,13.5,3.5,1,0,0,0,0,2,1,1,6,1,3,3,9.0,4.5,2.0,16.7,8.3,-0.087,-0.08,0.5,RP,1.0
2012,77466,최원제,삼성,,False,1.0,1,0.0,0.0,0,0,0,0,0,0,0,0,0,0,0,0,0.0,0.0,99.99,0.0,0.0,0.0,,1.0,RP,1.0
2013,77466,최원제,삼성,,False,2.333,3,7.71429,2.57,0,0,0,0,0,1,2,1,4,0,2,2,3.86,7.71,0.5,7.7,15.4,0.0,,0.778,RP,1.0
2018,67263,최원준,두산,투수,False,9.333,6,10.6071,2.36,0,0,0,0,0,5,0,5,22,2,16,11,4.82,0.0,99.99,8.9,0.0,-0.222,-0.55,1.556,RP,1.0
2019,67263,최원준,두산,투수,False,54.333,34,2.65031,1.25,1,2,1,4,0,38,16,4,52,1,17,16,6.29,2.65,2.38,16.7,7.0,0.134,0.91,1.598,RP,1.0
2020,67263,최원준,두산,투수,False,123.0,42,3.80488,1.37,10,2,0,0,4,94,35,7,134,15,52,52,6.88,2.56,2.69,17.7,6.6,1.788,1.6,2.929,SP,1.0
2021,67263,최원준,두산,투수,True,158.333,29,3.29684,1.24,12,4,0,0,15,113,37,10,160,15,65,58,6.42,2.1,3.05,16.8,5.5,2.859,3.41,5.46,SP,1.0
2022,67263,최원준,두산,투수,True,165.0,30,3.6,1.33,8,13,0,0,16,113,37,7,183,21,80,66,6.16,2.02,3.05,15.8,5.2,1.39,1.63,5.5,SP,1.0
2023,67263,최원준,두산,투수,False,107.667,26,4.93189,1.37,3,10,0,0,7,71,28,12,119,11,60,59,5.93,2.34,2.54,15.3,6.0,0.874,0.64,4.141,SP,1.0
2024,67263,최원준,두산,투수,False,110.0,24,6.46364,1.45,6,7,0,0,3,72,34,10,125,21,79,79,5.89,2.78,2.12,14.7,6.9,-0.434,-0.13,4.583,SP,1.0
2025,67263,최원준,두산,투수,False,107.0,47,4.710280373831776,1.34,4,7,0,9,5,62,38,4,105,18,59,56,5.21,3.2,1.63,13.6,8.3,0.767,0.13,2.277,SP,1.0
2026,67263,최원준,두산,투수,False,2.0,2,0.0,1.0,0,0,0,0,0,1,1,0,1,0,0,0,4.5,4.5,1.0,14.3,14.3,0.008,0.05,1.0,RP,0.757
2016,65320,최원태,넥센,투수,False,61.0,17,7.22951,1.84,2,3,0,0,0,42,23,6,89,6,51,49,6.2,3.39,1.83,14.3,7.8,-1.548,0.29,3.588,SP,1.0
2017,65320,최원태,넥센,투수,True,149.333,25,4.45982,1.31,11,7,0,0,12,126,34,12,161,19,76,74,7.59,2.05,3.71,19.8,5.3,2.462,3.4,5.973,SP,1.0
2018,65320,최원태,넥센,투수,False,134.333,23,3.95285,1.33,13,7,0,0,14,101,35,11,144,8,62,59,6.77,2.34,2.89,17.5,6.1,2.282,3.83,5.841,SP,1.0
2019,65320,최원태,키움,투수,True,157.333,27,3.38,1.28,11,5,0,0,18,105,36,5,165,5,68,59,6.01,2.06,2.92,15.8,5.4,2.447,3.69,5.827,SP,1.0
2020,65320,최원태,키움,투수,False,110.0,21,5.07273,1.38,7,6,0,0,9,67,37,7,115,16,68,62,5.48,3.03,1.81,14.0,7.7,0.64,0.53,5.238,SP,1.0
2021,65320,최원태,키움,투수,False,143.333,28,4.58372,1.51,9,11,0,0,11,93,53,10,163,11,89,73,5.84,3.33,1.75,14.5,8.2,1.118,1.36,5.119,SP,1.0
2022,65320,최원태,키움,투수,False,105.667,26,3.74763,1.26,7,5,0,0,6,63,40,5,93,5,50,44,5.37,3.41,1.5699999999999998,14.1,9.0,1.993,1.43,4.064,SP,1.0
2023,65320,최원태,LG,투수,True,146.667,26,4.29545,1.33,9,7,0,0,13,118,46,7,149,12,73,70,7.24,2.82,2.57,18.7,7.3,2.431,2.2,5.641,SP,1.0
2024,65320,최원태,LG,투수,False,126.667,24,4.26316,1.44,9,7,0,0,10,103,57,5,126,10,66,60,7.32,4.05,1.81,18.6,10.3,1.874,2.06,5.278,SP,1.0
2025,65320,최원태,삼성,투수,False,124.333,27,4.92225201072386,1.44,8,7,0,0,8,109,51,12,128,13,72,68,7.89,3.69,2.14,19.7,9.2,0.424,1.16,4.605,SP,1.0
2026,65320,최원태,삼성,투수,False,91.333,17,4.828467153284672,1.47,4,4,0,0,6,80,35,3,99,12,54,49,7.88,3.45,2.29,20.3,8.9,0.557,0.99,5.373,SP,0.757
2018,68036,최이준,KT,투수,False,2.0,2,13.5,3.5,0,0,0,0,0,2,2,0,5,0,3,3,9.0,9.0,1.0,15.4,15.4,-0.004,-0.04,1.0,RP,1.0
2019,68036,최이준,KT,투수,False,1.0,1,0.0,2.0,0,0,0,0,0,0,2,0,0,0,1,0,0.0,18.0,0.0,0.0,50.0,-0.007,-0.03,1.0,RP,1.0
2022,68036,최이준,롯데,투수,False,2.333,5,23.1429,5.57,0,0,0,0,0,3,6,0,7,0,8,6,11.57,23.14,0.5,15.0,30.0,-0.161,-0.3,0.467,RP,1.0
2023,68036,최이준,롯데,투수,False,29.0,28,6.82759,2.0,1,0,0,1,0,20,21,0,37,1,22,22,6.21,6.52,0.95,14.0,14.7,0.306,-0.22,1.036,RP,1.0
2024,68036,최이준,롯데,투수,False,24.667,23,7.2973,2.27,3,0,0,0,0,17,16,1,40,3,22,20,6.2,5.84,1.06,13.5,12.7,-0.761,-0.25,1.072,RP,1.0
2026,68036,최이준,롯데,투수,False,13.0,15,8.307692307692308,1.77,0,1,0,0,0,9,11,0,12,2,13,12,6.23,7.62,0.82,15.0,18.3,-0.137,-0.28,0.867,RP,0.757
2011,61185,최인영,LG,,False,2.333,2,11.5714,2.57,0,0,0,0,0,1,2,0,4,0,3,3,3.86,7.71,0.5,7.7,15.4,0.0,,1.166,RP,1.0
2021,65464,최정용,KIA,내야수,False,0.333,1,0.0,3.0,0,0,0,0,0,0,0,0,1,0,0,0,0.0,0.0,99.99,0.0,0.0,-0.003,0.0,0.333,RP,1.0
2024,50206,최종인,두산,투수,False,9.667,11,3.72414,1.34,1,0,1,2,0,8,5,0,8,2,4,4,7.45,4.66,1.6,19.0,11.9,0.18,0.09,0.879,RP,1.0
2025,50206,최종인,두산,투수,False,1.667,3,5.4,2.4,0,0,0,0,0,5,3,0,1,0,1,1,27.0,16.2,1.67,55.6,33.3,-0.03,0.01,0.556,RP,1.0
2026,56215,최주형,두산,투수,False,7.0,8,0.0,1.5699999999999998,0,0,0,0,0,8,7,0,4,0,0,0,10.29,9.0,1.14,25.8,22.6,0.011,0.2,0.875,RP,0.757
2020,50556,최준용,롯데,투수,False,29.667,31,4.85393,1.42,0,2,0,8,0,26,11,2,31,3,16,16,7.89,3.34,2.36,20.0,8.5,-0.281,0.46,0.957,SU,1.0
2021,50556,최준용,롯데,투수,False,47.333,44,2.85211,1.2,4,2,1,20,0,45,16,1,41,6,16,15,8.56,3.04,2.81,23.1,8.2,3.063,1.22,1.076,SU,1.0
2022,50556,최준용,롯데,투수,False,71.0,68,4.05634,1.17,3,4,14,6,0,80,20,6,63,10,35,32,10.14,2.54,4.0,26.4,6.6,1.434,0.85,1.044,RP,1.0
2023,50556,최준용,롯데,투수,False,47.667,47,2.45455,1.43,2,3,0,14,0,40,18,1,50,2,15,13,7.55,3.4,2.22,19.0,8.6,0.667,1.15,1.014,SU,1.0
2024,50556,최준용,롯데,투수,False,21.667,27,5.4,1.94,1,2,0,3,0,12,14,1,28,2,13,13,4.98,5.82,0.86,11.4,13.3,-1.032,0.12,0.802,RP,1.0
2025,50556,최준용,롯데,투수,False,54.333,49,5.300613496932515,1.21,4,4,1,17,0,62,16,6,50,5,35,32,10.27,2.65,3.88,26.5,6.8,0.757,0.27,1.109,SU,1.0
2026,50556,최준용,롯데,투수,False,47.0,46,3.4468085106382977,1.38,4,3,15,6,0,49,21,2,44,5,21,18,9.38,4.02,2.33,24.1,10.3,0.933,1.18,1.022,CL,0.757
2024,53259,최준호,두산,투수,False,72.333,17,5.10138,1.37,3,6,0,0,3,58,30,4,69,11,44,41,7.22,3.73,1.93,18.5,9.6,0.314,0.49,4.255,SP,1.0
2025,53259,최준호,두산,투수,False,16.0,9,8.4375,1.69,1,2,0,0,0,11,9,2,18,4,15,15,6.19,5.06,1.22,14.9,12.2,-0.463,-0.39,1.778,RP,1.0
2026,53259,최준호,두산,투수,False,23.0,16,4.304347826086956,1.39,4,1,0,0,0,25,12,1,20,4,15,11,9.78,4.7,2.08,24.0,11.5,0.246,0.0,1.438,RP,0.757
2022,52206,최지강,두산,투수,False,1.667,2,21.6,4.8,0,0,0,0,0,2,2,0,6,0,4,4,10.8,10.8,1.0,18.2,18.2,-0.058,-0.14,0.834,RP,1.0
2023,52206,최지강,두산,투수,False,22.0,25,5.31818,1.64,2,1,0,2,0,14,20,1,16,0,13,13,5.73,8.18,0.7,13.7,19.6,0.632,-0.09,0.88,RP,1.0
2024,52206,최지강,두산,투수,False,50.0,55,3.24,1.44,3,1,1,15,0,45,24,6,48,6,19,18,8.1,4.32,1.88,20.3,10.8,1.026,1.0,0.909,SU,1.0
2025,52206,최지강,두산,투수,False,32.667,39,6.336734693877551,1.65,2,5,0,5,0,38,13,2,41,3,25,23,10.47,3.58,2.92,25.5,8.7,-1.078,-0.2,0.838,RP,1.0
2026,52206,최지강,두산,투수,False,13.333,16,9.45,2.1,0,0,0,0,0,13,7,3,21,0,17,14,8.77,4.72,1.86,18.6,10.0,-0.299,-0.3,0.833,RP,0.757
2017,67421,최지광,삼성,투수,False,25.0,11,6.48,2.0,0,2,0,0,0,23,22,1,28,2,20,18,8.28,7.92,1.05,18.7,17.9,-0.401,0.01,2.273,RP,1.0
2018,67421,최지광,삼성,투수,False,8.667,6,11.4231,2.08,0,0,0,0,0,7,7,0,11,0,12,11,7.27,7.27,1.0,15.6,15.6,-0.048,-0.14,1.444,RP,1.0
2019,67421,최지광,삼성,투수,False,68.0,63,4.10294,1.53,3,8,2,10,0,60,40,5,64,4,33,31,7.94,5.29,1.5,19.8,13.2,0.476,0.86,1.079,RP,1.0
2020,67421,최지광,삼성,투수,False,44.333,51,4.87218,1.47,1,3,0,15,0,45,31,3,34,2,24,24,9.14,6.29,1.45,22.6,15.6,0.199,0.94,0.869,SU,1.0
2021,67421,최지광,삼성,투수,False,51.333,60,4.90909,1.56,7,1,0,14,0,49,27,2,53,5,30,28,8.59,4.73,1.81,21.2,11.7,0.604,0.21,0.856,RP,1.0
2023,67421,최지광,삼성,투수,False,17.333,22,5.19231,1.5,2,0,0,1,0,18,9,1,17,4,10,10,9.35,4.67,2.0,22.0,11.0,-0.608,-0.08,0.788,RP,1.0
2024,67421,최지광,삼성,투수,False,36.333,35,2.22936,1.18,3,2,0,7,0,38,21,4,22,1,9,9,9.41,5.2,1.81,24.7,13.6,0.669,1.42,1.038,RP,1.0
2026,67421,최지광,삼성,투수,False,22.0,25,2.4545454545454546,1.23,4,0,1,8,0,21,7,3,20,0,8,6,8.59,2.86,3.0,21.9,7.3,1.347,0.78,0.88,SU,0.757
2018,68419,최지명,삼성,투수,False,28.0,8,3.21429,1.36,4,1,0,0,1,25,8,1,30,5,11,10,8.04,2.57,3.13,20.8,6.7,0.36,0.74,3.5,SP,1.0
2019,68419,최지명,삼성,투수,False,106.667,28,4.80938,1.53,6,6,0,2,6,89,36,1,127,10,67,57,7.51,3.04,2.47,18.6,7.5,0.337,1.24,3.81,SP,1.0
2020,68419,최지명,삼성,투수,True,146.0,26,3.57534,1.25,11,6,0,0,12,123,51,7,131,12,67,58,7.58,3.14,2.41,19.9,8.3,2.75,4.15,5.615,SP,1.0
2021,68419,최지명,삼성,투수,False,122.333,26,4.56131,1.47,5,9,0,2,6,82,37,2,143,16,66,62,6.03,2.72,2.22,15.2,6.9,1.138,1.59,4.705,SP,1.0
2023,68419,최지명,삼성,투수,False,63.333,15,6.67895,1.67,1,7,0,0,2,33,16,3,90,9,52,47,4.6899999999999995,2.27,2.06,11.2,5.4,-0.603,-0.43,4.222,SP,1.0
2024,68419,최지명,삼성,투수,False,20.0,14,6.3,1.8,0,0,0,1,0,14,12,0,24,4,15,14,6.3,5.4,1.17,14.6,12.5,-0.337,-0.11,1.429,RP,1.0
2025,68419,최지명,LG,투수,False,29.0,13,5.275862068965517,1.69,0,1,0,2,0,21,14,1,35,3,17,17,6.52,4.34,1.5,15.9,10.6,-0.142,0.11,2.231,RP,1.0
2026,68419,최지명,LG,투수,False,0.0,1,0.0,0.0,0,0,0,0,0,0,0,0,3,1,3,3,0.0,0.0,99.99,0.0,0.0,-0.016,0.0,0.0,RP,0.757
2022,52639,최지민,KIA,투수,False,6.0,6,13.5,2.83,0,0,0,0,0,7,5,1,12,1,9,9,10.5,7.5,1.4,19.4,13.9,-0.15,-0.24,1.0,RP,1.0
2023,52639,최지민,KIA,투수,False,59.333,58,2.1236,1.2,6,3,3,12,0,44,26,4,45,4,17,14,6.67,3.94,1.69,18.0,10.7,1.367,1.33,1.023,RP,1.0
2024,52639,최지민,KIA,투수,False,46.0,56,5.08696,1.83,3,3,3,12,0,37,40,4,44,2,28,26,7.24,7.83,0.93,16.4,17.8,0.808,0.2,0.821,RP,1.0
2025,52639,최지민,KIA,투수,False,53.333,66,6.58125,1.82,2,4,0,9,0,39,51,4,46,5,40,39,6.58,8.61,0.76,15.4,20.2,0.161,-0.91,0.808,RP,1.0
2026,52639,최지민,KIA,투수,False,34.333,40,6.29126213592233,1.75,0,0,0,2,0,28,12,4,48,6,24,24,7.34,3.15,2.33,17.1,7.3,-0.805,-0.11,0.858,RP,0.757
2011,77759,최진호,한화,,False,2.667,4,10.125,2.63,0,0,0,0,0,3,3,1,4,0,3,3,10.13,10.13,1.0,18.8,18.8,0.0,,0.667,RP,1.0
2016,66451,최충연,삼성,투수,False,7.667,3,12.913,2.87,0,2,0,0,0,6,11,0,11,2,11,11,7.04,12.91,0.55,13.3,24.4,-0.891,-0.25,2.556,RP,1.0
2017,66451,최충연,삼성,투수,False,84.0,42,7.60714,1.88,3,8,0,3,0,74,48,9,110,12,71,71,7.93,5.14,1.54,17.8,11.5,-1.617,-0.39,2.0,RP,1.0
2018,66451,최충연,삼성,투수,False,85.0,70,3.6,1.16,2,6,8,16,0,101,26,2,73,6,34,34,10.69,2.75,3.88,29.4,7.6,2.642,2.86,1.214,RP,1.0
2019,66451,최충연,삼성,투수,False,36.667,34,7.36364,2.24,0,2,1,4,0,41,38,3,44,2,36,30,10.06,9.33,1.08,21.1,19.6,-0.946,-0.61,1.078,RP,1.0
2022,66451,최충연,삼성,투수,False,38.333,38,4.69565,1.54,0,1,0,0,0,29,20,5,39,3,24,20,6.8100000000000005,4.7,1.45,16.4,11.3,-0.464,-0.03,1.009,RP,1.0
2023,66451,최충연,삼성,투수,False,9.333,7,4.82143,1.82,0,0,0,0,0,8,7,3,10,3,8,5,7.71,6.75,1.14,17.0,14.9,-0.038,-0.21,1.333,RP,1.0
2025,66451,최충연,삼성,투수,False,1.667,4,37.8,5.4,0,0,0,0,0,1,2,1,7,1,8,7,5.4,10.8,0.5,6.7,13.3,-0.304,-0.29,0.417,RP,1.0
2026,66451,최충연,롯데,투수,False,1.0,1,18.0,4.0,0,0,0,0,0,0,1,0,3,0,2,2,0.0,9.0,0.0,0.0,14.3,-0.014,-0.04,1.0,RP,0.757
2019,68501,최하늘,롯데,투수,False,2.0,2,27.0,3.0,0,1,0,0,0,1,2,1,4,2,6,6,4.5,9.0,0.5,7.7,15.4,-0.314,-0.27,1.0,RP,1.0
2022,68501,최하늘,삼성,투수,False,33.667,14,6.14851,1.69,1,4,0,1,0,18,15,2,42,5,23,23,4.8100000000000005,4.01,1.2,11.5,9.6,0.167,-0.18,2.405,RP,1.0
2023,68501,최하늘,삼성,투수,False,6.333,3,19.8947,3.0,0,2,0,0,0,3,5,2,14,2,14,14,4.26,7.11,0.6,7.5,12.5,-0.661,-0.6,2.111,RP,1.0
2024,68501,최하늘,삼성,투수,False,32.0,27,5.34375,1.31,1,1,0,1,0,18,16,4,26,2,20,19,5.06,4.5,1.13,12.9,11.5,0.167,0.15,1.185,RP,1.0
2012,90687,최향남,KIA,,False,20.333,24,3.98361,1.23,1,3,9,2,0,20,6,1,19,0,10,9,8.85,2.66,3.33,23.5,7.1,0.0,,0.847,CL,1.0
2013,90687,최향남,KIA,,False,30.333,26,4.45055,1.19,2,2,0,8,0,24,8,1,28,2,16,15,7.12,2.37,3.0,19.2,6.4,0.0,,1.167,SU,1.0
2024,54803,최현석,SSG,투수,False,0.667,2,54.0,12.0,0,0,0,0,0,1,3,0,5,1,4,4,13.5,40.5,0.33,10.0,30.0,-0.013,-0.15,0.334,RP,1.0
2025,54803,최현석,SSG,투수,False,17.333,13,6.230769230769231,1.56,0,0,0,0,0,11,6,2,21,5,13,12,5.71,3.12,1.83,14.3,7.8,0.029,-0.24,1.333,RP,1.0
2026,56312,최현우,키움,투수,False,6.333,6,8.526315789473683,1.89,0,0,0,0,0,3,4,0,8,3,6,6,4.26,5.68,0.75,10.0,13.3,-0.03,-0.15,1.056,RP,0.757
2014,61267,최현정,KIA,,False,7.333,8,9.81818,2.18,0,0,0,0,0,2,4,0,12,1,8,8,2.45,4.91,0.5,5.3,10.5,-0.309,-0.04,0.917,RP,1.0
2011,61228,최현진,두산,,False,4.667,1,9.64286,1.07,0,1,0,0,0,3,4,1,1,1,5,5,5.79,7.71,0.75,15.0,20.0,0.0,,4.667,SP,1.0
2021,68362,추재현,롯데,외야수,False,1.0,1,0.0,2.0,0,0,0,0,0,0,2,0,0,0,0,0,0.0,18.0,0.0,0.0,50.0,0.001,0.0,1.0,RP,1.0
2025,55146,치리노스,LG,,True,177.0,30,3.305084745762712,1.18,13,6,0,0,17,137,36,9,173,5,71,65,6.97,1.83,3.81,18.6,4.9,3.844,4.62,5.9,SP,1.0
2026,55146,치리노스,LG,,False,33.667,8,6.683168316831684,1.81,2,3,0,0,0,28,14,4,47,4,26,25,7.49,3.74,2.0,17.1,8.5,-0.136,-0.07,4.208,SP,0.757
2010,79854,카도쿠라,SK,,True,153.667,30,3.22126,1.29,14,7,0,0,15,143,52,6,146,14,65,55,8.38,3.05,2.75,22.1,8.0,0.0,,5.122,SP,1.0
2011,79854,카도쿠라,삼성,,False,86.333,16,4.06564,1.42,5,6,0,0,8,62,31,5,92,9,55,39,6.46,3.23,2.0,16.5,8.2,0.0,,5.396,SP,1.0
2026,56103,카라스코,LG,투수,False,18.333,3,3.4363636363636365,0.76,1,1,0,0,2,15,1,1,13,2,7,7,7.36,0.49,15.0,21.7,1.4,0.5,0.49,6.111,SP,0.757
2013,63465,카리대,삼성,,False,2.333,3,27.0,6.0,0,1,0,0,0,1,6,0,8,0,7,7,3.86,23.14,0.17,4.8,28.6,0.0,,0.778,RP,1.0
2024,54920,카스타노,NC,,False,111.667,19,4.35224,1.27,8,6,0,0,12,89,25,7,117,11,65,54,7.17,2.01,3.56,18.7,5.3,0.922,1.75,5.877,SP,1.0
2016,66750,카스티요,한화,,False,84.0,20,6.42857,1.74,7,4,0,0,5,60,40,10,106,7,62,60,6.43,4.29,1.5,15.3,10.2,-1.463,1.0,4.2,SP,1.0
2010,60726,카페얀,한화,,False,59.0,15,9.15254,2.17,0,11,0,0,2,33,41,5,87,9,63,60,5.03,6.25,0.8,11.0,13.7,0.0,,3.933,SP,1.0
2021,51722,카펜터,한화,투수,True,170.0,31,3.97059,1.31,5,12,0,0,12,179,72,19,150,16,90,75,9.48,3.81,2.49,24.0,9.7,2.399,2.59,5.484,SP,1.0
2022,51722,카펜터,한화,투수,False,18.0,4,2.5,1.39,0,1,0,0,0,15,6,1,19,1,6,5,7.5,3.0,2.5,19.0,7.6,0.359,0.46,4.5,SP,1.0
2015,65856,켈리,SK,투수,True,181.0,30,4.12707,1.34,11,10,0,0,17,139,54,5,188,16,87,83,6.91,2.69,2.57,17.9,7.0,0.423,3.88,6.033,SP,1.0
2016,65856,켈리,SK,투수,True,200.333,31,3.68386,1.32,9,8,0,0,20,152,60,7,205,15,91,82,6.83,2.7,2.53,18.0,7.1,2.066,5.84,6.462,SP,1.0
2017,65856,켈리,SK,투수,True,190.0,30,3.6,1.31,16,7,0,0,20,189,45,11,204,16,85,76,8.95,2.13,4.2,23.2,5.5,3.718,5.36,6.333,SP,1.0
2018,65856,켈리,SK,투수,True,158.333,28,4.09263,1.26,12,7,0,0,13,161,47,13,152,18,78,72,9.15,2.67,3.43,23.9,7.0,1.525,3.88,5.655,SP,1.0
2019,69103,켈리,LG,투수,True,180.333,29,2.54529,1.14,14,12,0,0,24,126,41,16,164,7,70,51,6.29,2.05,3.07,16.9,5.5,4.499,3.2,6.218,SP,1.0
2020,69103,켈리,LG,투수,True,173.333,28,3.32308,1.15,15,7,0,0,20,134,40,11,160,16,67,64,6.96,2.08,3.35,19.0,5.7,3.515,3.48,6.19,SP,1.0
2021,69103,켈리,LG,투수,True,177.0,30,3.15254,1.24,13,8,0,0,17,142,60,11,160,12,64,62,7.22,3.05,2.37,19.1,8.1,3.469,4.67,5.9,SP,1.0
2022,69103,켈리,LG,투수,True,166.333,27,2.54309,1.08,16,4,0,0,19,153,35,2,144,10,50,47,8.28,1.89,4.37,23.0,5.3,5.132,5.22,6.16,SP,1.0
2023,69103,켈리,LG,투수,True,178.667,30,3.82836,1.24,10,7,0,0,18,129,39,6,183,10,87,76,6.5,1.96,3.31,17.3,5.2,2.739,2.99,5.956,SP,1.0
2024,69103,켈리,LG,투수,False,113.667,19,4.5132,1.37,5,8,0,0,11,69,25,6,131,13,65,57,5.46,1.98,2.76,13.9,5.1,0.599,1.42,5.982,SP,1.0
2024,54452,코너,삼성,투수,True,160.0,28,3.43125,1.09,11,6,0,0,13,158,40,19,135,21,67,61,8.89,2.25,3.95,23.8,6.0,3.54,3.93,5.714,SP,1.0
2011,61541,코리,롯데,,False,72.333,25,4.23041,1.29,4,3,3,1,3,48,10,4,83,8,41,34,5.97,1.24,4.8,16.0,3.3,0.0,,2.893,SP,1.0
2025,55138,코엔 윈,LG,투수,False,23.0,5,7.0434782608695645,1.39,1,1,0,0,1,8,4,5,28,4,19,18,3.13,1.5699999999999998,2.0,7.5,3.7,-0.532,-0.29,4.6,SP,1.0
2016,66323,코엘로,넥센,,False,62.0,12,3.77419,1.48,6,5,0,0,3,46,42,2,50,6,29,26,6.68,6.1,1.1,17.0,15.5,0.26,1.52,5.167,SP,1.0
2016,66154,코프랜드,LG,,False,63.333,13,5.54211,1.78,2,3,0,0,5,34,42,7,71,8,53,39,4.83,5.97,0.81,10.8,13.4,-1.966,-0.57,4.872,SP,1.0
2010,60697,콜론,KIA,,False,103.667,21,3.90675,1.33,8,7,0,0,6,57,41,9,97,6,51,45,4.95,3.56,1.39,12.6,9.0,0.0,,4.937,SP,1.0
2025,55257,콜어빈,두산,투수,True,144.667,28,4.47926267281106,1.53,8,12,0,0,10,128,79,18,142,9,80,72,7.96,4.91,1.62,19.7,12.2,1.661,1.29,5.167,SP,1.0
2026,56548,쿄야마,롯데,투수,False,10.667,10,7.59375,2.16,0,1,0,1,0,13,9,0,14,1,10,9,10.97,7.59,1.44,24.1,16.7,-0.251,-0.11,1.067,RP,0.757
2026,56760,쿠싱,한화,투수,False,20.667,16,4.790322580645161,1.26,1,2,4,0,0,26,6,0,20,3,11,11,11.32,2.61,4.33,29.5,6.8,-0.679,0.31,1.292,RP,0.757
2019,69032,쿠에바스,KT,,True,184.0,30,3.61957,1.17,13,10,0,0,18,135,63,12,153,18,80,74,6.6,3.08,2.14,17.8,8.3,2.911,3.61,6.133,SP,1.0
2020,69032,쿠에바스,KT,,True,158.0,27,4.10127,1.25,10,8,0,0,14,110,46,9,152,16,80,72,6.27,2.62,2.39,16.5,6.9,1.458,2.87,5.852,SP,1.0
2021,69032,쿠에바스,KT,,False,133.333,23,4.1175,1.37,9,5,0,0,11,137,51,3,131,11,68,61,9.25,3.44,2.69,23.6,8.8,1.841,2.69,5.797,SP,1.0
2022,69032,쿠에바스,KT,,False,11.0,2,2.45455,0.64,1,0,0,0,1,8,5,1,2,1,3,3,6.55,4.09,1.6,20.0,12.5,0.326,0.25,5.5,SP,1.0
2023,69032,쿠에바스,KT,,False,114.333,18,2.59767,1.04,12,0,0,0,14,100,24,2,95,4,33,33,7.87,1.89,4.17,21.7,5.2,3.877,4.09,6.352,SP,1.0
2024,69032,쿠에바스,KT,,True,173.333,31,4.10192,1.25,7,12,0,0,19,154,59,7,158,17,86,79,8.0,3.06,2.61,20.9,8.0,1.31,3.63,5.591,SP,1.0
2025,69032,쿠에바스,KT,,False,98.333,18,5.4,1.53,3,10,0,0,7,60,46,5,104,13,69,59,5.49,4.21,1.3,13.5,10.3,-0.094,-0.16,5.463,SP,1.0
2024,54612,크로우,KIA,,False,40.333,8,3.57025,1.31,5,1,0,0,1,43,12,1,41,2,19,16,9.6,2.68,3.58,25.0,7.0,0.591,1.11,5.042,SP,1.0
2010,79435,크루세타,삼성,,False,97.667,26,5.25256,1.64,6,10,0,1,2,78,54,5,106,8,62,57,7.19,4.98,1.44,17.6,12.2,0.0,,3.756,SP,1.0
2014,64761,클레이,한화,,False,40.0,10,8.33,2.17,3,4,0,0,1,20,25,3,62,8,40,37,4.5,5.63,0.8,9.8,12.3,-1.713,-0.02,4.0,SP,1.0
2015,65425,클로이드,삼성,,True,159.667,28,5.1858,1.43,11,11,0,0,14,123,38,12,190,24,103,92,6.93,2.14,3.24,17.4,5.4,-0.136,1.67,5.702,SP,1.0
2020,50815,킹험,SK,투수,False,10.667,2,6.75,1.88,0,2,0,0,1,6,4,0,16,1,11,8,5.06,3.38,1.5,11.5,7.7,-0.316,-0.07,5.334,SP,1.0
2021,50815,킹험,한화,투수,True,144.0,25,3.1875,1.1,10,8,0,0,15,131,41,5,117,11,58,51,8.19,2.56,3.2,22.2,6.9,2.924,3.76,5.76,SP,1.0
2022,50815,킹험,한화,투수,False,16.333,3,2.7551,1.22,1,2,0,0,2,18,5,1,15,1,6,5,9.92,2.76,3.6,25.7,7.1,0.516,0.43,5.444,SP,1.0
2026,56218,타무라,두산,,False,16.0,17,7.3125,2.06,1,1,0,2,0,14,5,1,28,3,13,13,7.88,2.81,2.8,17.3,6.2,-0.321,-0.17,0.941,RP,0.757
2026,56212,타카다,두산,투수,False,26.667,13,5.0625,1.46,1,1,0,1,0,19,13,4,26,2,15,15,6.41,4.39,1.46,15.8,10.8,0.095,0.17,2.051,RP,0.757
2026,56823,타케다,SSG,투수,False,87.333,19,7.419847328244275,1.82,2,9,0,0,2,68,40,3,119,11,73,72,7.01,4.12,1.7,16.4,9.6,-1.548,-0.42,4.596,SP,0.757
2014,64762,타투스코,한화,,False,63.667,14,7.06806,1.71,2,6,0,0,2,49,45,6,64,7,51,50,6.93,6.36,1.09,16.4,15.1,-2.177,0.67,4.548,SP,1.0
2012,62451,탈보트,삼성,,True,138.333,25,3.96867,1.37,14,3,0,0,12,68,54,5,136,8,63,61,4.42,3.51,1.26,11.6,9.2,0.0,,5.533,SP,1.0
2015,62451,탈보트,한화,,True,156.333,30,4.72068,1.52,10,11,0,0,15,120,85,13,153,11,93,82,6.91,4.89,1.41,17.3,12.2,-1.047,2.77,5.211,SP,1.0
2023,53909,태너,NC,투수,False,64.667,11,2.92268,1.1,5,2,0,0,8,47,13,1,58,6,26,21,6.54,1.81,3.62,17.7,4.9,1.529,1.39,5.879,SP,1.0
2019,69640,터너,KIA,,True,153.333,28,5.4587,1.55,7,13,0,0,11,121,58,17,179,12,107,93,7.1,3.4,2.09,16.9,8.1,0.659,0.18,5.476,SP,1.0
2026,56966,테일러,NC,투수,True,109.333,20,4.445121951219512,1.3,7,5,0,0,7,82,42,13,100,8,59,54,6.75,3.46,1.95,17.7,9.1,0.818,1.43,5.467,SP,0.757
2026,56911,토다,NC,투수,True,103.0,20,5.155339805825243,1.54,5,8,0,0,6,84,34,2,125,16,66,59,7.34,2.97,2.47,18.3,7.4,0.202,0.56,5.15,SP,0.757
2014,64659,토마스,KIA,,False,46.667,10,4.43571,1.59,2,2,0,0,3,51,19,1,55,3,26,23,9.84,3.66,2.68,24.3,9.0,-0.491,1.52,4.667,SP,1.0
2025,55130,톨허스트,LG,투수,False,44.0,8,2.863636363636364,1.25,6,2,0,0,5,45,16,2,39,2,15,14,9.2,3.27,2.81,24.5,8.7,1.062,1.3,5.5,SP,1.0
2026,55130,톨허스트,LG,투수,True,115.333,21,4.7601156069364166,1.34,10,9,0,0,12,97,30,8,124,12,62,61,7.57,2.34,3.23,19.3,6.0,0.829,1.62,5.492,SP,0.757
2019,69550,톰슨,롯데,,False,62.667,11,4.73936,1.23,2,3,0,0,4,60,23,5,54,4,35,33,8.62,3.3,2.61,22.5,8.6,0.353,1.08,5.697,SP,1.0
2011,61629,트레비스,KIA,,False,126.667,25,3.48158,1.44,7,5,0,1,11,115,62,3,120,13,59,49,8.17,4.41,1.85,21.0,11.3,0.0,,5.067,SP,1.0
2014,64136,티포드,LG,,False,99.667,20,5.23746,1.5699999999999998,5,6,0,0,7,85,51,6,105,9,64,58,7.68,4.61,1.67,18.7,11.2,-1.012,1.23,4.983,SP,1.0
2022,52606,파노니,KIA,투수,False,82.667,14,2.72177,1.23,3,4,0,0,8,73,24,2,78,5,33,25,7.95,2.61,3.04,21.0,6.9,1.686,1.88,5.905,SP,1.0
2023,52606,파노니,KIA,투수,False,82.333,16,4.26316,1.32,6,3,0,0,5,66,23,2,86,6,41,39,7.21,2.51,2.87,18.8,6.6,0.794,1.29,5.146,SP,1.0
2021,51967,파슨스,NC,,False,133.0,24,3.7218,1.29,4,8,0,0,13,148,63,11,109,9,56,55,10.02,4.26,2.35,25.6,10.9,2.227,3.32,5.542,SP,1.0
2022,51967,파슨스,NC,,False,43.0,8,3.55814,1.28,1,2,0,0,4,43,21,1,34,4,19,17,9.0,4.4,2.05,23.6,11.5,0.399,0.69,5.375,SP,1.0
2025,55032,패트릭,KT,,False,60.667,15,3.1153846153846154,1.38,3,3,0,2,2,45,21,2,63,2,26,21,6.68,3.12,2.14,16.9,7.9,0.739,1.32,4.044,SP,1.0
2017,67645,팻딘,KIA,,True,176.0,30,4.14205,1.42,9,7,0,0,17,143,39,16,211,22,86,81,7.31,1.99,3.67,18.6,5.1,2.635,3.8,5.867,SP,1.0
2018,67645,팻딘,KIA,,False,129.333,36,6.26289,1.55,6,7,0,2,6,101,27,4,174,23,96,90,7.03,1.88,3.74,17.2,4.6,-1.281,0.85,3.593,SP,1.0
2022,52720,페냐,한화,,False,67.667,13,3.72414,1.37,5,4,0,0,5,72,30,4,63,4,33,28,9.58,3.99,2.4,24.6,10.2,0.824,1.07,5.205,SP,1.0
2023,52720,페냐,한화,,True,177.333,32,3.60338,1.17,11,11,0,0,19,147,59,18,149,14,82,71,7.46,2.99,2.49,19.6,7.9,1.836,2.79,5.542,SP,1.0
2024,52720,페냐,한화,,False,37.333,9,6.26786,1.63,3,5,0,0,2,29,20,0,41,6,28,26,6.99,4.82,1.45,17.0,11.7,-0.251,0.0,4.148,SP,1.0
2026,56459,페덱,삼성,투수,False,24.0,4,4.125,0.88,2,2,0,0,3,26,4,1,17,2,11,11,9.75,1.5,6.5,28.0,4.3,0.177,0.65,6.0,SP,0.757
2023,53913,페디,NC,투수,True,180.333,30,1.9963,0.95,20,6,0,0,21,209,35,4,137,9,46,40,10.43,1.75,5.97,29.5,4.9,6.454,7.33,6.011,SP,1.0
2011,61231,페르난도,두산,,False,78.333,25,6.08936,1.79,3,6,6,0,1,66,44,5,96,5,54,53,7.58,5.06,1.5,18.1,12.1,0.0,,3.133,SP,1.0
2017,67435,페트릭,삼성,,False,134.0,25,6.1791,1.69,3,10,0,0,10,87,52,6,174,18,95,92,5.84,3.49,1.67,14.1,8.4,-0.758,1.16,5.36,SP,1.0
2025,55730,폰세,한화,투수,True,180.667,29,1.8929889298892988,0.94,17,1,0,0,20,252,41,6,128,10,41,38,12.55,2.04,6.15,36.2,5.9,6.9399999999999995,8.31,6.23,SP,1.0
2021,51863,폰트,SSG,,True,145.667,25,3.45995,1.09,8,5,0,0,13,157,45,6,114,12,66,56,9.7,2.78,3.49,26.0,7.5,2.135,3.56,5.827,SP,1.0
2022,51863,폰트,SSG,,True,184.0,28,2.69022,0.95,13,6,0,0,20,170,34,6,141,18,63,55,8.32,1.66,5.0,23.3,4.7,5.36,4.93,6.571,SP,1.0
2021,51567,프랑코,롯데,투수,True,150.0,37,5.4,1.48,9,8,0,1,9,124,75,20,147,20,97,90,7.44,4.5,1.65,18.3,11.1,0.13,0.66,4.054,SP,1.0
2012,62230,프록터,두산,,False,55.333,57,1.78916,1.16,4,4,35,0,0,46,21,1,43,0,15,11,7.48,3.42,2.19,20.1,9.2,0.0,,0.971,CL,1.0
2019,69953,프리드릭,NC,,False,72.0,12,2.75,1.18,7,4,0,0,7,56,22,3,63,4,22,22,7.0,2.75,2.55,19.0,7.5,1.233,2.14,6.0,SP,1.0
2016,66423,플란데,삼성,,False,68.667,13,7.60194,1.82,2,6,0,0,2,56,33,1,92,13,66,58,7.34,4.33,1.7,17.0,10.0,-2.288,-0.17,5.282,SP,1.0
2022,52145,플럿코,LG,,True,162.0,28,2.38889,1.01,15,5,0,0,18,149,38,2,125,13,53,43,8.28,2.11,3.92,23.1,5.9,4.109,4.45,5.786,SP,1.0
2023,52145,플럿코,LG,,False,123.333,21,2.40811,1.18,11,3,0,0,15,101,31,3,115,5,37,33,7.37,2.26,3.26,19.8,6.1,3.182,3.88,5.873,SP,1.0
2020,50234,플렉센,두산,,False,116.667,21,3.00857,1.09,8,4,0,0,12,132,30,2,97,6,43,39,10.18,2.31,4.4,28.0,6.4,2.317,3.4,5.556,SP,1.0
2026,50234,플렉센,두산,,False,5.0,2,5.4,1.6,0,2,0,0,0,3,6,2,2,1,4,3,5.4,10.8,0.5,11.5,23.1,-0.016,-0.1,2.5,RP,0.757
2015,65444,피가로,삼성,,True,165.0,25,3.38182,1.24,13,7,0,0,18,117,51,7,154,16,66,62,6.38,2.78,2.29,17.0,7.4,2.5629999999999997,4.35,6.6,SP,1.0
2016,66032,피노,KT,,False,39.0,12,7.15385,1.97,2,3,0,1,1,23,15,4,62,4,36,31,5.31,3.46,1.53,12.0,7.9,-0.784,0.16,3.25,SP,1.0
2015,65331,피어밴드,넥센,투수,True,177.333,30,4.66917,1.48,13,11,0,0,18,137,61,12,202,23,101,92,6.95,3.1,2.25,17.7,7.9,0.299,2.89,5.911,SP,1.0
2016,65331,피어밴드,KT,투수,True,182.0,31,4.45055,1.53,7,13,0,0,16,144,48,10,231,23,97,90,7.12,2.37,3.0,17.9,6.0,-0.816,4.59,5.871,SP,1.0
2017,65331,피어밴드,KT,투수,True,160.0,26,3.0375,1.15,8,10,0,0,20,132,31,7,153,20,67,54,7.43,1.74,4.26,20.1,4.7,2.736,4.8,6.154,SP,1.0
2018,65331,피어밴드,KT,투수,True,163.333,27,4.29796,1.37,8,8,0,0,16,141,38,6,186,24,90,78,7.77,2.09,3.71,19.9,5.4,0.667,3.86,6.049,SP,1.0
2020,50835,핀토,SK,투수,True,162.0,30,6.16667,1.78,6,15,0,0,12,112,90,11,198,19,121,111,6.22,5.0,1.24,14.6,11.7,-0.281,0.72,5.4,SP,1.0
2014,64350,하영민,넥센,투수,False,62.333,14,7.21925,1.8,3,5,0,0,3,43,28,0,84,9,52,50,6.21,4.04,1.54,14.9,9.7,-1.456,0.71,4.452,SP,1.0
2015,64350,하영민,넥센,투수,False,34.667,18,7.52885,1.73,2,0,0,0,1,25,12,2,48,7,30,29,6.49,3.12,2.08,15.7,7.5,0.37,-0.26,1.926,SP,1.0
2016,64350,하영민,넥센,투수,False,28.667,11,3.13953,1.47,1,1,0,1,0,15,9,2,33,2,12,10,4.71,2.83,1.67,12.4,7.4,-0.173,0.63,2.606,RP,1.0
2017,64350,하영민,넥센,투수,False,45.333,28,4.76471,1.74,1,1,0,1,1,23,30,1,49,5,24,24,4.57,5.96,0.77,11.2,14.6,0.042,0.42,1.619,SP,1.0
2018,64350,하영민,넥센,투수,False,16.333,9,7.71429,2.27,0,2,0,0,0,10,7,1,30,3,18,14,5.51,3.86,1.43,11.2,7.9,-0.478,-0.26,1.815,RP,1.0
2022,64350,하영민,키움,투수,False,39.333,41,3.4322,1.42,5,3,0,2,0,23,21,0,35,4,27,15,5.26,4.8100000000000005,1.1,12.9,11.8,0.073,-0.34,0.959,RP,1.0
2023,64350,하영민,키움,투수,False,52.333,57,4.64331,1.76,3,1,0,5,0,51,25,1,67,4,36,27,8.77,4.3,2.04,20.6,10.1,-0.113,-0.16,0.918,RP,1.0
2024,64350,하영민,키움,투수,True,150.333,28,4.37029,1.5,9,8,0,0,9,101,58,5,168,8,82,73,6.05,3.47,1.74,15.1,8.6,1.22,2.59,5.369,SP,1.0
2025,64350,하영민,키움,투수,True,153.333,28,4.989130434782608,1.37,7,14,0,0,14,134,41,9,169,13,90,85,7.87,2.41,3.27,20.0,6.1,1.548,1.62,5.476,SP,1.0
2026,64350,하영민,키움,투수,False,94.0,20,4.5,1.48,5,6,0,0,5,78,39,5,100,7,55,47,7.47,3.73,2.0,18.5,9.2,0.48,1.02,4.7,SP,0.757
2019,69813,하재훈,SK,외야수,False,59.0,61,1.98305,1.24,5,3,36,3,0,64,26,1,47,1,13,13,9.76,3.97,2.46,26.1,10.6,4.89,2.52,0.967,CL,1.0
2020,69813,하재훈,SK,외야수,False,13.0,15,7.61538,2.08,1,1,4,0,0,10,8,0,19,2,13,11,6.92,5.54,1.25,15.2,12.1,-1.734,-0.27,0.867,RP,1.0
2021,69813,하재훈,SSG,외야수,False,18.0,18,4.0,1.78,1,0,0,2,0,8,16,3,16,1,8,8,4.0,8.0,0.5,9.1,18.2,-0.032,0.06,1.0,RP,1.0
2022,69991,하준수,NC,,False,3.0,2,6.0,2.0,0,0,0,0,0,1,3,0,3,0,2,2,3.0,9.0,0.33,6.7,20.0,-0.005,-0.02,1.5,RP,1.0
2023,69991,하준수,NC,,False,1.0,1,0.0,2.0,0,0,0,0,0,1,2,0,0,0,0,0,9.0,18.0,0.5,20.0,40.0,0.0,0.02,1.0,RP,1.0
2018,68639,하준영,KIA,투수,False,14.667,15,9.20455,1.64,0,0,0,0,0,12,8,1,16,3,15,15,7.36,4.91,1.5,17.9,11.9,0.059,-0.27,0.978,RP,1.0
2019,68639,하준영,KIA,투수,False,52.667,59,4.9557,1.71,6,2,0,15,0,51,31,0,59,5,31,29,8.72,5.3,1.65,21.0,12.8,-0.862,-0.23,0.893,SU,1.0
2022,68639,하준영,NC,투수,False,39.0,47,4.61538,1.08,3,0,0,4,0,44,14,3,28,3,22,20,10.15,3.23,3.14,26.8,8.5,0.175,0.27,0.83,RP,1.0
2023,68639,하준영,NC,투수,False,49.0,57,4.59184,1.45,1,0,0,2,0,49,19,2,52,4,25,25,9.0,3.49,2.58,22.8,8.8,-0.799,0.41,0.86,RP,1.0
2025,68639,하준영,NC,투수,False,5.333,10,6.75,3.19,1,1,0,1,0,5,7,0,10,0,4,4,8.44,11.81,0.71,15.2,21.2,-0.656,-0.05,0.533,RP,1.0
2026,68639,하준영,NC,투수,False,8.0,9,11.25,1.88,0,0,0,0,0,10,8,0,7,1,10,10,11.25,9.0,1.25,26.3,21.1,-0.045,-0.17,0.889,RP,0.757
2010,78517,하준호,롯데,,False,3.0,5,24.0,4.67,0,1,0,1,0,2,5,1,9,2,9,8,6.0,15.0,0.4,8.7,21.7,0.0,,0.6,RP,1.0
2019,78517,하준호,KT,,False,8.0,8,1.13,1.0,0,0,0,0,0,11,4,0,4,1,1,1,12.38,4.5,2.75,33.3,12.1,0.039,0.19,1.0,RP,1.0
2020,78517,하준호,KT,,False,41.667,42,6.048,1.56,0,3,0,5,0,26,27,2,38,1,30,28,5.62,5.83,0.96,13.8,14.3,-0.558,0.03,0.992,RP,1.0
2021,78517,하준호,KT,,False,12.0,10,6.75,1.83,0,0,0,0,0,10,6,0,16,2,10,9,7.5,4.5,1.67,17.9,10.7,-0.162,-0.14,1.2,RP,1.0
2022,78517,하준호,KT,,False,16.333,20,8.26531,1.96,0,1,0,0,0,15,16,1,16,2,16,15,8.27,8.82,0.94,19.5,20.8,-0.299,-0.37,0.817,RP,1.0
2023,78517,하준호,KT,,False,13.0,12,4.15385,1.85,0,1,0,0,0,6,10,5,14,0,9,6,4.15,6.92,0.6,9.2,15.4,-0.304,-0.09,1.083,RP,1.0
2024,78517,하준호,KT,,False,2.0,2,9.0,3.0,0,0,0,0,0,0,1,0,5,0,2,2,0.0,4.5,0.0,0.0,9.1,0.005,-0.02,1.0,RP,1.0
2024,54930,하트,NC,투수,True,157.0,26,2.69427,1.03,13,3,0,0,17,182,38,11,124,11,51,47,10.43,2.18,4.79,28.8,6.0,4.003,5.8,6.038,SP,1.0
2011,76610,한기주,KIA,,False,28.667,16,4.0814,1.47,1,3,7,0,0,20,11,1,31,0,13,13,6.28,3.45,1.82,15.9,8.7,0.0,,1.792,CL,1.0
2012,76610,한기주,KIA,,False,19.667,16,3.20339,1.42,1,1,7,0,0,13,8,2,20,1,8,7,5.95,3.66,1.63,14.8,9.1,0.0,,1.229,CL,1.0
2015,76610,한기주,KIA,,False,8.333,7,3.24,1.92,0,0,0,0,0,4,5,0,11,0,4,3,4.32,5.4,0.8,10.3,12.8,0.286,0.08,1.19,RP,1.0
2016,76610,한기주,KIA,,False,56.667,29,7.62353,1.96,4,3,1,1,0,27,30,5,81,11,48,48,4.29,4.76,0.9,9.7,10.8,-2.291,-0.47,1.954,RP,1.0
2018,76610,한기주,삼성,,False,39.0,33,6.69231,1.69,1,4,0,3,0,30,12,5,54,8,32,29,6.92,2.77,2.5,16.4,6.6,-0.958,-0.19,1.182,RP,1.0
2022,68092,한두솔,SSG,투수,False,5.333,8,16.875,2.63,0,0,0,0,0,1,4,0,10,0,10,10,1.69,6.75,0.25,3.3,13.3,-0.104,-0.34,0.667,RP,1.0
2023,68092,한두솔,SSG,투수,False,1.0,1,9.0,2.0,0,0,0,0,0,2,1,1,1,0,1,1,18.0,9.0,2.0,33.3,16.7,-0.008,-0.01,1.0,RP,1.0
2024,68092,한두솔,SSG,투수,False,59.333,69,5.00562,1.5699999999999998,2,1,0,3,0,68,31,3,62,3,40,33,10.31,4.7,2.19,24.9,11.4,-0.569,0.39,0.86,RP,1.0
2025,68092,한두솔,SSG,투수,False,36.333,44,4.954128440366972,1.79,2,0,1,3,0,27,19,1,46,1,22,20,6.6899999999999995,4.71,1.42,16.0,11.2,-0.018,0.13,0.826,RP,1.0
2026,68092,한두솔,SSG,투수,False,32.333,31,5.288659793814433,1.42,0,1,0,0,0,25,9,6,37,2,20,19,6.96,2.51,2.78,16.8,6.0,-0.027,0.14,1.043,RP,0.757
2019,69111,한선태,LG,투수,False,7.333,6,3.68182,0.95,0,0,0,0,0,4,1,1,6,0,3,3,4.91,1.23,4.0,13.8,3.4,0.012,0.03,1.222,RP,1.0
2020,69111,한선태,LG,투수,False,1.0,1,18.0,5.0,0,0,0,0,0,0,2,0,3,0,2,2,0.0,18.0,0.0,0.0,28.6,-0.006,-0.05,1.0,RP,1.0
2020,50726,한승주,한화,투수,False,1.667,1,16.2,3.0,0,0,0,0,0,2,2,0,3,1,3,3,10.8,10.8,1.0,20.0,20.0,-0.18,-0.12,1.667,RP,1.0
2022,50726,한승주,한화,투수,False,15.667,7,6.31915,1.85,0,0,0,0,0,12,4,3,25,0,11,11,6.89,2.3,3.0,15.8,5.3,0.075,0.05,2.238,RP,1.0
2023,50726,한승주,한화,투수,False,70.667,47,3.94811,1.58,1,4,0,2,0,55,31,4,81,6,34,31,7.0,3.95,1.77,17.2,9.7,0.245,0.53,1.504,RP,1.0
2024,50726,한승주,한화,투수,False,22.0,18,11.4545,2.5,0,2,0,0,0,14,10,3,45,2,31,28,5.73,4.09,1.4,11.7,8.3,-0.585,-0.65,1.222,RP,1.0
2026,50726,한승주,KT,투수,False,2.667,4,16.875,3.38,0,0,0,1,0,3,2,0,7,1,6,5,10.13,6.75,1.5,16.7,11.1,-0.269,-0.18,0.667,SU,0.757
2020,66039,한승지,KT,,False,0.0,1,0.0,0.0,0,0,0,0,0,0,1,1,4,0,4,4,0.0,0.0,0.0,0.0,16.7,-0.017,0.0,0.0,RP,1.0
2012,61666,한승혁,KIA,투수,False,13.333,17,7.43,2.03,0,1,0,1,0,8,11,0,16,1,11,11,5.4,7.42,0.73,12.7,17.5,0.0,,0.784,RP,1.0
2013,61666,한승혁,KIA,투수,False,19.0,11,4.73684,1.6800000000000002,0,0,0,0,0,15,8,2,24,0,10,10,7.11,3.79,1.88,16.3,8.7,0.0,,1.727,RP,1.0
2014,61666,한승혁,KIA,투수,False,58.667,26,7.21023,1.88,1,5,0,0,1,54,48,3,62,5,47,47,8.28,7.36,1.13,19.5,17.3,-1.784,0.35,2.256,SP,1.0
2015,61666,한승혁,KIA,투수,False,56.0,49,5.46429,1.63,2,6,0,6,0,56,36,1,55,7,36,34,9.0,5.79,1.56,22.3,14.3,-1.768,0.15,1.143,RP,1.0
2016,61666,한승혁,KIA,투수,False,33.333,36,4.86,1.65,3,2,1,9,0,31,19,2,36,3,21,18,8.37,5.13,1.63,20.4,12.5,-0.812,0.12,0.926,SU,1.0
2017,61666,한승혁,KIA,투수,False,39.0,36,7.15385,1.77,1,1,1,3,0,42,23,1,46,4,32,31,9.69,5.31,1.83,22.6,12.4,-0.584,-0.17,1.083,RP,1.0
2018,61666,한승혁,KIA,투수,False,88.0,21,5.82955,1.69,7,3,0,0,4,65,44,4,105,8,62,57,6.65,4.5,1.48,16.0,10.8,-0.522,0.72,4.19,SP,1.0
2020,66557,한승혁,롯데,,False,7.0,9,5.14286,1.71,1,0,0,0,0,3,4,0,8,0,4,4,3.86,5.14,0.75,9.7,12.9,0.003,0.06,0.778,RP,1.0
2021,66557,한승혁,롯데,,False,4.0,7,13.5,2.75,0,0,0,0,0,5,5,1,6,1,6,6,11.25,11.25,1.0,20.0,20.0,-0.21,-0.24,0.571,RP,1.0
2021,61666,한승혁,KIA,투수,False,23.667,8,4.56338,1.48,0,3,0,0,0,17,10,2,25,0,15,12,6.46,3.8,1.7,16.5,9.7,0.023,0.27,2.958,RP,1.0
2022,61666,한승혁,KIA,투수,False,80.333,24,5.26556,1.74,4,3,0,0,4,69,40,6,100,4,52,47,7.73,4.48,1.73,18.4,10.6,-0.472,0.26,3.347,SP,1.0
2023,61666,한승혁,한화,투수,False,36.333,21,6.44037,1.9,0,3,0,1,0,28,21,3,48,3,27,26,6.9399999999999995,5.2,1.33,15.9,11.9,-1.277,-0.25,1.73,RP,1.0
2024,61666,한승혁,한화,투수,False,62.667,70,5.0266,1.61,5,5,0,19,0,64,38,6,63,2,39,35,9.19,5.46,1.6800000000000002,22.1,13.1,0.144,0.62,0.895,SU,1.0
2025,61666,한승혁,한화,투수,False,64.0,71,2.25,1.23,3,3,3,16,0,53,23,7,56,4,18,16,7.45,3.23,2.3,19.7,8.6,2.207,1.86,0.901,RP,1.0
2026,61666,한승혁,KT,투수,False,32.333,35,6.680412371134021,1.89,3,2,0,10,0,37,22,0,39,4,26,24,10.3,6.12,1.6800000000000002,23.6,14.0,-1.026,-0.21,0.924,SU,0.757
2022,51994,한재승,NC,투수,False,10.667,12,2.53125,2.16,0,0,0,2,0,11,10,1,13,0,4,3,9.28,8.44,1.1,20.4,18.5,0.268,0.14,0.889,RP,1.0
2023,51994,한재승,NC,투수,False,9.667,11,4.65517,1.45,0,1,0,0,0,10,5,0,9,2,5,5,9.31,4.66,2.0,22.7,11.4,-0.095,-0.01,0.879,RP,1.0
2024,51994,한재승,NC,투수,False,45.333,51,3.97059,1.41,1,2,0,6,0,44,27,3,37,2,21,20,8.74,5.36,1.63,21.9,13.4,-0.195,0.76,0.889,RP,1.0
2025,51994,한재승,KIA,투수,False,33.333,36,6.48,2.13,1,1,1,1,0,35,31,1,40,5,29,24,9.45,8.37,1.13,21.7,19.3,-0.376,-0.69,0.926,RP,1.0
2026,51994,한재승,KIA,투수,False,41.0,43,4.390243902439024,1.39,1,0,0,1,0,26,22,3,35,5,21,20,5.71,4.83,1.18,14.4,12.2,-0.529,0.18,0.953,RP,0.757
2018,64255,한주성,두산,,False,4.0,3,6.75,2.25,0,0,0,0,0,1,1,1,8,0,3,3,2.25,2.25,1.0,4.5,4.5,-0.095,-0.02,1.333,RP,1.0
2021,51058,한차현,KT,투수,False,3.667,3,19.6364,3.27,0,0,0,0,0,3,2,0,10,3,8,8,7.36,4.91,1.5,13.0,8.7,0.0,-0.29,1.222,RP,1.0
2024,51058,한차현,KT,투수,False,19.0,10,9.94737,2.47,0,4,0,0,0,17,18,0,29,4,22,21,8.05,8.53,0.94,16.5,17.5,-0.862,-0.46,1.9,RP,1.0
2025,51058,한차현,KT,투수,False,1.667,2,16.2,3.6,0,0,0,0,0,1,2,0,4,0,3,3,5.4,10.8,0.5,9.1,18.2,-0.006,-0.07,0.834,RP,1.0
2026,51058,한차현,KT,투수,False,8.667,3,8.307692307692308,2.31,0,1,0,0,0,9,4,0,16,3,10,8,9.35,4.15,2.25,19.6,8.7,-0.289,-0.22,2.889,RP,0.757
2012,62363,한현희,넥센,투수,False,69.333,43,3.11538,1.1,3,4,0,7,1,54,22,11,54,4,26,24,7.01,2.86,2.45,19.2,7.8,0.0,,1.612,SP,1.0
2013,62363,한현희,넥센,투수,False,67.333,69,3.20792,1.32,5,0,1,27,0,56,25,8,64,7,27,24,7.49,3.34,2.24,19.5,8.7,0.0,,0.976,SU,1.0
2014,62363,한현희,넥센,투수,False,78.667,66,3.20339,1.35,4,2,2,31,0,83,31,4,75,6,30,28,9.5,3.55,2.68,24.3,9.1,2.125,1.69,1.192,SU,1.0
2015,62363,한현희,넥센,투수,False,123.333,45,4.81622,1.35,11,4,0,10,6,122,41,13,126,14,70,66,8.9,2.99,2.98,22.5,7.6,0.493,2.08,2.741,SP,1.0
2017,62363,한현희,넥센,투수,False,106.667,38,4.47187,1.14,5,6,5,5,8,79,17,17,105,14,61,53,6.67,1.43,4.65,17.3,3.7,-0.392,1.69,2.807,SP,1.0
2018,62363,한현희,넥센,투수,True,169.0,30,4.7929,1.52,11,7,0,0,12,105,49,20,208,22,98,90,5.59,2.61,2.14,13.9,6.5,0.839,2.69,5.633,SP,1.0
2019,62363,한현희,키움,투수,False,58.0,61,3.41379,1.21,7,5,0,24,0,49,20,7,50,1,26,22,7.6,3.1,2.45,19.5,8.0,0.248,0.89,0.951,SU,1.0
2020,62363,한현희,키움,투수,False,135.667,25,4.97543,1.31,7,9,0,0,9,109,37,14,141,10,77,75,7.23,2.45,2.95,18.6,6.3,2.104,1.92,5.427,SP,1.0
2021,62363,한현희,키움,투수,False,85.667,18,3.88716,1.35,6,2,0,1,5,61,30,6,86,4,42,37,6.41,3.15,2.03,16.4,8.1,1.271,1.63,4.759,SP,1.0
2022,62363,한현희,키움,투수,False,77.667,21,4.75107,1.38,6,4,0,0,6,59,24,8,83,9,44,41,6.84,2.78,2.46,17.1,6.9,1.284,0.43,3.698,SP,1.0
2023,62363,한현희,롯데,투수,False,104.0,38,5.45192,1.61,6,12,0,3,5,74,44,11,123,11,69,63,6.4,3.81,1.6800000000000002,15.5,9.2,-0.249,0.02,2.737,SP,1.0
2024,62363,한현희,롯데,투수,False,76.333,57,5.18777,1.52,5,3,0,8,1,70,24,10,92,7,45,44,8.25,2.83,2.92,20.5,7.0,-0.911,0.98,1.339,SP,1.0
2025,62363,한현희,롯데,투수,False,8.667,3,6.230769230769231,1.73,0,0,0,1,0,8,2,1,13,2,6,6,8.31,2.08,4.0,19.5,4.9,-0.064,0.0,2.889,SU,1.0
2010,79138,한희,LG,,False,20.0,11,8.1,1.7,0,1,0,0,0,17,11,3,23,6,18,18,7.65,4.95,1.55,17.7,11.5,0.0,,1.818,RP,1.0
2011,79138,한희,LG,,False,67.333,47,2.27228,1.02,2,1,0,7,0,51,22,7,47,3,19,17,6.82,2.94,2.32,18.5,8.0,0.0,,1.433,RP,1.0
2012,79138,한희,LG,,False,20.333,19,5.31148,1.48,1,1,0,4,0,11,6,2,24,3,12,12,4.87,2.66,1.83,12.2,6.7,0.0,,1.07,RP,1.0
2013,63248,함덕주,두산,투수,False,1.333,3,33.75,6.0,0,0,0,0,0,2,2,0,6,0,5,5,13.5,13.5,1.0,16.7,16.7,0.0,,0.444,RP,1.0
2014,63248,함덕주,두산,투수,False,26.333,31,4.44304,1.37,1,0,0,2,0,23,12,1,24,2,13,13,7.86,4.1,1.92,20.7,10.8,-0.152,0.23,0.849,RP,1.0
2015,63248,함덕주,두산,투수,False,61.667,68,3.64865,1.59,7,2,2,16,0,76,46,2,52,4,30,25,11.09,6.71,1.65,27.3,16.5,3.739,0.77,0.907,RP,1.0
2016,63248,함덕주,두산,투수,False,8.667,15,6.23077,2.42,0,0,0,0,0,7,11,0,10,0,6,6,7.27,11.42,0.64,15.2,23.9,-0.2,-0.04,0.578,RP,1.0
2017,63248,함덕주,두산,투수,False,137.333,35,3.6699,1.4,9,8,0,2,9,139,64,4,128,8,61,56,9.11,4.19,2.17,23.2,10.7,2.139,3.04,3.924,SP,1.0
2018,63248,함덕주,두산,투수,False,67.0,62,2.95522,1.42,6,3,27,3,0,75,37,4,58,4,23,22,10.07,4.97,2.03,25.6,12.6,2.742,1.97,1.081,CL,1.0
2019,63248,함덕주,두산,투수,False,54.667,61,3.45732,1.34,2,5,16,7,0,48,34,1,39,6,24,21,7.9,5.6,1.41,20.3,14.4,2.29,-0.03,0.896,RP,1.0
2020,63248,함덕주,두산,투수,False,55.333,36,3.90361,1.37,5,1,10,2,1,55,21,0,55,2,25,24,8.95,3.42,2.62,22.9,8.8,-0.043,1.17,1.537,SP,1.0
2021,63248,함덕주,LG,투수,False,21.0,16,4.28571,1.5699999999999998,1,2,0,1,0,18,13,3,20,2,11,10,7.71,5.57,1.38,18.4,13.3,-0.067,0.11,1.312,RP,1.0
2022,63248,함덕주,LG,투수,False,12.667,13,2.13158,1.58,0,0,0,0,0,13,11,1,9,0,3,3,9.24,7.82,1.18,22.4,19.0,0.029,0.23,0.974,RP,1.0
2023,63248,함덕주,LG,투수,False,55.667,57,1.61677,0.97,4,0,4,16,0,59,22,2,32,1,12,10,9.54,3.56,2.68,26.6,9.9,3.038,2.26,0.977,SU,1.0
2024,63248,함덕주,LG,투수,False,11.667,15,5.4,1.71,0,1,0,3,0,8,7,1,13,2,7,7,6.17,5.4,1.14,14.8,13.0,-0.039,-0.03,0.778,RP,1.0
2025,63248,함덕주,LG,투수,False,27.0,31,6.0,1.19,2,3,0,1,0,26,18,0,14,1,19,18,8.67,6.0,1.44,23.0,15.9,-0.06,-0.1,0.871,RP,1.0
2026,63248,함덕주,LG,투수,False,32.0,37,6.1875,1.47,2,1,1,6,0,20,13,3,34,4,22,22,5.63,3.66,1.54,14.1,9.2,-0.006,-0.13,0.865,RP,0.757
2026,56855,해치,SSG,투수,False,40.333,8,6.024793388429752,1.69,2,4,0,0,2,38,15,2,53,4,32,27,8.48,3.35,2.53,20.2,8.0,-0.88,0.03,5.042,SP,0.757
2013,63938,해커,NC,,True,178.333,27,3.63364,1.19,4,11,0,0,16,127,50,17,163,12,83,72,6.41,2.52,2.54,17.1,6.7,0.0,,6.605,SP,1.0
2014,63938,해커,NC,,True,172.667,30,4.01351,1.34,8,8,0,0,16,112,62,14,169,14,86,77,5.84,3.23,1.81,15.0,8.3,1.173,2.1,5.756,SP,1.0
2015,63938,해커,NC,,True,204.0,31,3.13235,1.03,19,5,0,0,25,164,36,25,174,14,81,71,7.24,1.59,4.5600000000000005,19.7,4.3,4.326,5.48,6.581,SP,1.0
2016,63938,해커,NC,,False,140.667,23,3.45498,1.16,13,3,0,0,15,119,31,10,132,14,57,54,7.61,1.98,3.84,20.3,5.3,0.745,3.83,6.116,SP,1.0
2017,63938,해커,NC,,True,160.333,26,3.42412,1.17,12,7,0,0,15,97,29,14,159,14,64,61,5.44,1.63,3.34,14.4,4.3,3.178,3.75,6.167,SP,1.0
2018,63938,해커,넥센,,False,79.667,14,5.19665,1.46,5,3,0,0,4,56,30,5,86,16,49,46,6.33,3.39,1.87,16.0,8.6,0.324,0.91,5.69,SP,1.0
2013,63229,핸킨스,두산,,False,60.667,12,6.23077,1.65,3,3,0,0,3,30,21,3,79,5,42,42,4.45,3.12,1.43,11.0,7.7,0.0,,5.056,SP,1.0
2014,62892,허건엽,SK,,False,5.0,3,0.0,1.0,0,0,0,0,0,1,2,0,3,0,0,0,1.8,3.6,0.5,5.6,11.1,0.011,0.03,1.667,RP,1.0
2017,62892,허건엽,SK,,False,8.333,8,8.64,2.04,0,0,0,0,0,3,2,0,15,1,9,8,3.24,2.16,1.5,7.3,4.9,-0.062,-0.12,1.042,RP,1.0
2010,79746,허유강,한화,,False,46.333,42,7.57554,1.83,1,2,0,2,0,25,20,8,65,5,45,39,4.86,3.88,1.25,11.3,9.0,0.0,,1.103,RP,1.0
2014,79746,허유강,한화,,False,0.667,1,13.5,3.0,0,0,0,0,0,0,0,0,2,1,1,1,0.0,0.0,99.99,0.0,0.0,-0.018,-0.05,0.667,RP,1.0
2015,79746,허유강,한화,,False,2.667,5,10.125,1.13,0,0,0,0,0,1,2,2,1,0,3,3,3.38,6.75,0.5,8.3,16.7,0.043,-0.05,0.533,RP,1.0
2020,50449,허윤동,삼성,투수,False,45.0,11,4.8,1.64,2,1,0,0,0,18,31,2,43,4,26,24,3.6,6.2,0.58,8.8,15.2,0.323,0.64,4.091,SP,1.0
2021,50449,허윤동,삼성,투수,False,3.667,1,12.2727,2.45,0,1,0,0,0,3,1,1,8,1,6,5,7.36,2.45,3.0,13.6,4.5,-0.326,-0.16,3.667,SP,1.0
2022,50449,허윤동,삼성,투수,False,55.0,12,6.54545,1.78,4,3,0,0,1,36,34,6,64,8,43,40,5.89,5.5600000000000005,1.06,13.6,12.9,-0.204,-0.56,4.583,SP,1.0
2023,50449,허윤동,삼성,투수,False,10.667,7,10.125,2.63,0,1,0,0,0,8,12,0,16,0,12,12,6.75,10.13,0.67,13.3,20.0,-0.392,-0.24,1.524,RP,1.0
2010,74556,허준혁,롯데,,False,21.0,19,6.42857,1.71,0,1,1,0,0,14,7,1,29,2,16,15,6.0,3.0,2.0,14.6,7.3,0.0,,1.105,RP,1.0
2010,79535,허준혁,롯데,,False,40.0,57,4.28,1.63,1,0,1,9,0,30,22,3,43,5,22,19,6.75,4.95,1.36,16.5,12.1,0.0,,0.702,RP,1.0
2011,79535,허준혁,롯데,,False,3.0,7,12.0,3.0,0,0,0,0,0,2,6,0,3,1,4,4,6.0,18.0,0.33,12.5,37.5,0.0,,0.429,RP,1.0
2011,74556,허준혁,롯데,,False,18.667,13,4.82143,1.13,0,0,0,0,0,8,8,3,13,1,10,10,3.86,3.86,1.0,10.1,10.1,0.0,,1.436,RP,1.0
2012,79535,허준혁,SK,,False,16.333,15,3.85714,1.84,0,0,0,1,0,7,13,1,17,1,7,7,3.86,7.16,0.54,9.1,16.9,0.0,,1.089,RP,1.0
2012,74556,허준혁,롯데,,False,7.667,5,0.0,0.78,0,0,0,0,0,2,2,0,4,0,0,0,2.35,2.35,1.0,7.4,7.4,0.0,,1.533,RP,1.0
2013,74556,허준혁,롯데,,False,17.667,11,4.58491,1.36,0,1,0,0,0,13,10,2,14,1,9,9,6.62,5.09,1.3,17.8,13.7,0.0,,1.606,RP,1.0
2014,79535,허준혁,두산,,False,6.333,8,14.2105,3.32,0,0,0,0,0,3,4,2,17,1,10,10,4.26,5.68,0.75,7.7,10.3,-0.169,-0.07,0.792,RP,1.0
2014,74556,허준혁,롯데,,False,2.0,2,9.0,2.0,0,0,0,0,0,1,1,1,3,0,3,2,4.5,4.5,1.0,8.3,8.3,-0.106,0.01,1.0,RP,1.0
2015,74556,허준혁,롯데,,False,1.667,3,21.6,3.6,0,0,0,0,0,0,0,0,6,0,5,4,0.0,0.0,99.99,0.0,0.0,-0.023,-0.13,0.556,RP,1.0
2015,79535,허준혁,두산,,False,63.0,16,3.57143,1.48,3,2,0,0,4,45,41,6,52,7,37,25,6.43,5.86,1.1,16.0,14.5,0.256,0.45,3.938,SP,1.0
2016,79535,허준혁,두산,,False,89.333,28,5.64179,1.62,4,7,0,0,4,56,39,7,106,17,61,56,5.64,3.93,1.44,13.7,9.5,-1.882,0.1,3.19,SP,1.0
2018,79535,허준혁,두산,,False,1.667,1,27.0,4.2,0,1,0,0,0,1,3,0,4,0,5,5,5.4,16.2,0.33,8.3,25.0,-0.261,-0.19,1.667,RP,1.0
2022,52119,허준혁,LG,투수,False,4.667,6,9.64286,2.79,0,0,0,0,0,4,2,0,11,3,6,5,7.71,3.86,2.0,14.8,7.4,-0.037,-0.22,0.778,RP,1.0
2016,66138,허프,LG,투수,False,74.667,13,3.13393,1.08,7,2,0,1,6,46,9,1,72,2,34,26,5.54,1.08,5.11,15.4,3.0,0.936,1.99,5.744,SP,1.0
2017,66138,허프,LG,투수,False,124.667,19,2.38235,0.91,6,4,0,0,13,98,14,2,100,7,37,33,7.07,1.01,7.0,20.0,2.9,4.268,3.88,6.561,SP,1.0
2015,65659,험버,KIA,,False,50.667,12,6.75,1.86,3,3,0,0,2,35,32,5,62,11,38,38,6.22,5.68,1.09,14.3,13.1,-1.156,-0.04,4.222,SP,1.0
2024,54354,헤이수스,키움,투수,True,171.333,30,3.67704,1.25,13,11,0,0,20,178,44,14,171,22,78,70,9.35,2.31,4.05,24.5,6.0,2.406,3.85,5.711,SP,1.0
2025,54354,헤이수스,KT,투수,True,163.667,32,3.959266802443992,1.33,9,9,0,1,15,165,44,8,173,17,85,72,9.07,2.42,3.75,23.2,6.2,2.11,2.64,5.115,SP,1.0
2018,68794,헤일,한화,투수,False,66.333,12,4.34171,1.28,3,4,0,0,6,55,17,4,68,8,35,32,7.46,2.31,3.24,19.9,6.1,0.179,1.5699999999999998,5.528,SP,1.0
2019,69435,헤일리,삼성,,False,87.667,19,5.74905,1.47,5,8,0,0,6,84,34,6,95,5,59,56,8.62,3.49,2.47,21.8,8.8,-0.063,1.17,4.614,SP,1.0
2016,66643,헥터,KIA,투수,True,206.667,31,3.39677,1.27,15,5,0,0,21,139,51,6,211,7,88,78,6.05,2.22,2.73,16.0,5.9,3.301,6.91,6.667,SP,1.0
2017,66643,헥터,KIA,투수,True,201.667,30,3.48099,1.32,20,5,0,0,23,149,45,5,221,21,83,78,6.65,2.01,3.31,17.4,5.3,3.547,5.57,6.722,SP,1.0
2018,66643,헥터,KIA,투수,True,174.0,29,4.60345,1.41,11,10,0,0,18,137,36,4,209,25,102,89,7.09,1.86,3.81,18.2,4.8,0.977,2.84,6.0,SP,1.0
2018,68260,현도훈,두산,투수,False,8.667,3,7.26923,1.96,0,1,0,0,0,5,6,1,11,2,7,7,5.19,6.23,0.83,11.9,14.3,-0.343,-0.1,2.889,RP,1.0
2021,68260,현도훈,두산,투수,False,8.667,5,12.4615,2.54,0,0,0,0,0,9,13,0,9,1,12,12,9.35,13.5,0.69,19.6,28.3,-0.213,-0.3,1.733,RP,1.0
2024,68260,현도훈,롯데,투수,False,10.0,8,9.0,2.1,0,1,0,0,0,8,6,0,15,2,11,10,7.2,5.4,1.33,16.0,12.0,-0.504,-0.27,1.25,RP,1.0
2026,68260,현도훈,롯데,투수,False,43.0,43,4.186046511627907,1.3,3,3,0,5,0,28,23,2,33,2,25,20,5.86,4.8100000000000005,1.22,15.4,12.6,0.304,0.41,1.0,RP,0.757
2014,64658,홀튼,KIA,,False,93.667,17,4.80427,1.54,5,8,0,0,10,58,48,3,96,10,54,50,5.57,4.61,1.21,13.9,11.5,-0.181,1.16,5.51,SP,1.0
2011,61643,홍건희,KIA,투수,False,5.333,5,6.75,1.69,0,0,0,0,0,3,2,1,7,0,4,4,5.06,3.38,1.5,11.5,7.7,0.0,,1.067,RP,1.0
2015,61643,홍건희,KIA,투수,False,82.0,38,6.03659,1.72,2,5,1,0,0,86,57,4,84,18,63,55,9.44,6.26,1.51,22.5,14.9,-0.695,-0.45,2.158,RP,1.0
2016,61643,홍건희,KIA,투수,False,90.333,50,4.98155,1.59,4,4,4,5,2,83,41,1,103,10,53,50,8.27,4.08,2.02,20.4,10.1,-0.32,1.07,1.807,SP,1.0
2017,61643,홍건희,KIA,투수,False,59.0,31,6.40678,1.76,1,1,0,0,0,41,21,2,83,5,44,42,6.25,3.2,1.95,15.2,7.8,-0.192,0.01,1.903,RP,1.0
2018,61643,홍건희,KIA,투수,False,16.667,11,10.26,2.34,0,1,0,0,0,13,7,1,32,4,20,19,7.02,3.78,1.86,14.8,8.0,-0.179,-0.37,1.515,RP,1.0
2019,61643,홍건희,KIA,투수,False,81.667,21,7.16327,1.78,2,9,0,0,5,52,33,3,112,12,70,65,5.73,3.64,1.58,13.6,8.7,-0.839,-1.0,3.889,SP,1.0
2020,61643,홍건희,두산,투수,False,68.667,60,4.98058,1.4,3,4,1,8,0,60,22,5,74,8,39,38,7.86,2.88,2.73,20.1,7.4,-0.283,0.12,1.144,RP,1.0
2021,61643,홍건희,두산,투수,False,74.333,65,2.78475,1.24,6,6,3,17,0,82,27,0,65,3,23,23,9.93,3.27,3.04,27.1,8.9,1.55,2.53,1.144,SU,1.0
2022,61643,홍건희,두산,투수,False,62.0,58,3.48387,1.27,2,9,18,9,0,60,21,2,58,5,30,24,8.71,3.05,2.86,22.6,7.9,1.687,0.83,1.069,CL,1.0
2023,61643,홍건희,두산,투수,False,61.667,64,3.06486,1.48,1,5,22,5,0,62,24,0,67,4,28,21,9.05,3.5,2.58,22.4,8.7,0.403,0.98,0.964,CL,1.0
2024,61643,홍건희,두산,투수,False,59.333,65,2.73034,1.48,4,3,9,11,0,45,33,5,55,5,22,18,6.83,5.01,1.36,17.0,12.5,0.147,1.37,0.913,RP,1.0
2025,61643,홍건희,두산,투수,False,16.0,20,6.1875,2.06,2,1,0,0,0,15,15,0,18,2,13,11,8.44,8.44,1.0,18.1,18.1,0.037,-0.23,0.8,RP,1.0
2026,61643,홍건희,KIA,투수,False,3.0,3,0.0,1.33,0,0,0,1,0,2,0,0,4,0,1,0,6.0,0.0,99.99,14.3,0.0,0.133,0.09,1.0,SU,0.757
2025,55267,홍민규,두산,투수,False,33.333,20,4.59,1.56,2,1,1,0,0,17,15,1,37,4,19,17,4.59,4.05,1.13,11.3,9.9,-0.439,-0.03,1.667,RP,1.0
2026,55267,홍민규,KIA,투수,False,21.333,17,7.59375,1.78,1,2,0,0,0,18,10,0,28,2,18,18,7.59,4.22,1.8,17.6,9.8,-0.772,-0.14,1.255,RP,0.757
2021,50596,홍민기,롯데,투수,False,0.333,1,27.0,6.0,0,0,0,0,0,0,2,0,0,0,1,1,0.0,54.0,0.0,0.0,66.7,-0.003,-0.04,0.333,RP,1.0
2024,50596,홍민기,롯데,투수,False,3.667,3,12.2727,2.45,0,0,0,0,0,2,1,2,8,0,7,5,4.91,2.45,2.0,8.3,4.2,-0.083,-0.11,1.222,RP,1.0
2025,50596,홍민기,롯데,투수,False,32.0,25,3.09375,1.09,0,2,0,3,0,39,11,2,24,0,13,11,10.97,3.09,3.55,30.2,8.5,0.649,0.95,1.28,RP,1.0
2026,50596,홍민기,롯데,투수,False,5.667,13,4.764705882352941,2.82,0,1,0,2,0,8,6,4,10,0,3,3,12.71,9.53,1.33,22.9,17.1,-0.92,0.05,0.436,RP,0.757
2010,78247,홍상삼,두산,,False,96.667,30,6.42414,1.56,4,3,0,1,3,86,49,5,102,17,74,69,8.01,4.5600000000000005,1.76,19.7,11.2,0.0,,3.222,SP,1.0
2011,78247,홍상삼,두산,,False,21.333,6,6.32813,1.69,0,1,0,0,1,5,10,2,26,6,16,15,2.11,4.22,0.5,5.2,10.4,0.0,,3.556,SP,1.0
2012,78247,홍상삼,두산,,False,65.333,53,1.92857,0.98,5,2,1,22,0,69,29,2,35,2,18,14,9.51,3.99,2.38,26.5,11.2,0.0,,1.233,SU,1.0
2013,78247,홍상삼,두산,,False,72.0,55,2.5,1.33,5,4,5,9,0,77,45,2,51,8,22,20,9.63,5.63,1.71,24.9,14.6,0.0,,1.309,RP,1.0
2014,78247,홍상삼,두산,,False,21.0,12,8.57143,2.19,0,3,0,1,0,17,20,2,26,4,21,20,7.29,8.57,0.85,15.6,18.3,-1.016,-0.25,1.75,RP,1.0
2016,78247,홍상삼,두산,,False,12.0,11,5.25,1.75,0,1,5,1,0,17,9,0,12,0,7,7,12.75,6.75,1.89,31.5,16.7,0.587,0.13,1.091,CL,1.0
2017,78247,홍상삼,두산,,False,17.0,11,7.94118,1.82,1,1,0,0,0,7,11,2,20,2,17,15,3.71,5.82,0.64,8.3,13.1,-0.695,-0.41,1.545,RP,1.0
2018,78247,홍상삼,두산,,False,14.667,17,4.29545,1.7,1,0,0,0,0,13,12,2,13,1,7,7,7.98,7.36,1.08,19.7,18.2,-0.257,0.05,0.863,RP,1.0
2019,78247,홍상삼,두산,,False,5.667,3,4.76471,1.59,0,0,0,0,0,5,4,1,5,1,3,3,7.94,6.35,1.25,19.2,15.4,0.039,-0.02,1.889,RP,1.0
2020,78247,홍상삼,KIA,,False,48.0,57,5.0625,1.79,4,5,0,17,0,61,54,3,32,5,27,27,11.44,10.13,1.13,26.6,23.6,0.05,0.12,0.842,SU,1.0
2021,78247,홍상삼,KIA,,False,36.0,49,4.75,1.44,4,1,0,12,0,33,19,3,33,6,19,19,8.25,4.75,1.74,20.6,11.9,0.749,0.04,0.735,RP,1.0
2022,78247,홍상삼,KIA,,False,21.667,24,5.81538,1.5699999999999998,2,1,0,1,0,19,15,1,19,3,16,14,7.89,6.23,1.27,19.0,15.0,-0.236,-0.25,0.903,RP,1.0
2015,65042,홍성무,KT,,False,28.0,23,4.82143,1.43,0,1,0,0,0,22,9,1,31,5,15,15,7.07,2.89,2.44,18.2,7.4,0.114,0.22,1.217,RP,1.0
2016,65042,홍성무,KT,,False,9.0,8,4.0,1.33,0,0,0,0,0,12,1,0,11,2,6,4,12.0,1.0,12.0,30.0,2.5,-0.026,0.05,1.125,RP,1.0
2017,65042,홍성무,KT,,False,6.333,7,12.7895,2.68,0,1,0,0,0,4,6,0,11,1,9,9,5.68,8.53,0.67,11.4,17.1,-0.484,-0.21,0.905,RP,1.0
2019,65042,홍성무,NC,,False,14.333,15,6.27907,1.88,0,0,0,0,0,10,11,1,16,3,10,10,6.28,6.91,0.91,14.1,15.5,-0.187,-0.26,0.956,RP,1.0
2020,65042,홍성무,NC,,False,15.0,11,12.6,2.27,0,0,1,0,0,12,13,1,21,3,22,21,7.2,7.8,0.92,14.6,15.9,-0.078,-0.51,1.364,RP,1.0
2012,62655,홍성민,KIA,,False,56.0,48,3.38,1.54,0,0,1,3,0,32,25,5,61,5,22,21,5.14,4.02,1.28,13.1,10.2,0.0,,1.167,RP,1.0
2013,62655,홍성민,롯데,,False,48.667,25,3.14384,1.48,4,2,1,2,1,22,18,3,54,3,20,17,4.07,3.33,1.22,10.6,8.7,0.0,,1.947,SP,1.0
2014,62655,홍성민,롯데,,False,36.0,14,4.75,1.5,2,3,0,0,0,11,12,0,42,7,23,19,2.75,3.0,0.92,7.1,7.7,-0.503,0.0,2.571,RP,1.0
2015,62655,홍성민,롯데,,False,82.0,67,3.95122,1.33,4,4,1,8,0,65,24,10,85,8,38,36,7.13,2.63,2.71,18.5,6.8,0.731,1.43,1.224,RP,1.0
2016,62655,홍성민,롯데,,False,42.333,52,4.46457,1.44,1,1,2,5,0,30,16,1,45,5,24,21,6.38,3.4,1.88,16.2,8.6,-0.081,0.38,0.814,RP,1.0
2018,62655,홍성민,롯데,,False,3.667,4,12.2727,1.91,0,0,0,0,0,3,1,0,6,1,5,5,7.36,2.45,3.0,16.7,5.6,-0.046,-0.08,0.917,RP,1.0
2019,62655,홍성민,롯데,,False,12.667,12,4.26316,1.34,0,0,0,1,0,7,0,1,17,0,6,6,4.97,0.0,99.99,12.3,0.0,-0.09,0.16,1.056,RP,1.0
2020,62655,홍성민,NC,,False,26.0,30,1.03846,1.0,1,0,0,8,0,14,6,2,20,2,4,3,4.85,2.08,2.33,13.5,5.8,1.572,0.96,0.867,SU,1.0
2021,62655,홍성민,NC,,False,41.333,53,3.91935,1.5699999999999998,3,4,0,14,0,26,12,2,53,3,19,18,5.66,2.61,2.17,14.1,6.5,0.568,0.6,0.78,SU,1.0
2023,62655,홍성민,키움,,False,2.0,2,9.0,3.0,0,0,0,0,0,1,1,0,5,1,2,2,4.5,4.5,1.0,8.3,8.3,-0.012,-0.05,1.0,RP,1.0
2014,75149,홍성용,NC,,False,12.667,22,4.26316,1.58,0,1,0,3,0,5,8,1,12,1,7,6,3.55,5.68,0.63,8.8,14.0,0.531,-0.12,0.576,RP,1.0
2015,75149,홍성용,KT,,False,39.667,42,3.85714,1.31,0,4,0,10,0,31,13,6,39,3,19,17,7.03,2.95,2.38,17.8,7.5,0.21,0.85,0.944,RP,1.0
2016,75149,홍성용,KT,,False,46.333,67,6.02158,1.83,2,2,2,12,0,33,19,4,66,8,32,31,6.41,3.69,1.74,14.9,8.6,-0.432,0.01,0.692,RP,1.0
2017,75149,홍성용,KT,,False,39.0,37,6.23077,1.56,0,2,0,1,0,22,17,3,44,7,27,27,5.08,3.92,1.29,12.5,9.7,-0.284,-0.03,1.054,RP,1.0
2018,75149,홍성용,KT,,False,45.0,56,5.4,1.44,2,1,1,6,0,42,16,5,49,7,28,27,8.4,3.2,2.63,20.8,7.9,0.286,0.4,0.804,RP,1.0
2016,64204,홍영현,두산,,False,6.333,6,7.10526,2.37,1,0,0,0,0,6,6,0,9,1,6,5,8.53,8.53,1.0,18.2,18.2,0.009,-0.1,1.056,RP,1.0
2025,69643,홍원빈,KIA,,False,1.667,2,27.0,3.6,0,0,0,0,0,1,4,0,2,0,5,5,5.4,21.6,0.25,9.1,36.4,-0.043,-0.17,0.834,RP,1.0
2020,50430,홍원표,삼성,투수,False,1.0,1,0.0,2.0,0,0,0,0,0,0,1,1,1,0,0,0,0.0,9.0,0.0,0.0,16.7,0.001,0.03,1.0,RP,1.0
2023,50430,홍원표,삼성,투수,False,3.667,3,2.45455,1.09,0,0,0,0,0,1,2,0,2,0,1,1,2.45,4.91,0.5,6.7,13.3,0.017,0.05,1.222,RP,1.0
2024,50430,홍원표,삼성,투수,False,6.333,4,4.26316,1.58,0,0,0,0,0,5,6,0,4,1,3,3,7.11,8.53,0.83,17.9,21.4,-0.041,0.02,1.583,RP,1.0
2025,50430,홍원표,삼성,투수,False,2.0,2,4.5,2.5,0,1,0,0,0,1,2,1,3,0,1,1,4.5,9.0,0.5,8.3,16.7,-0.278,0.01,1.0,RP,1.0
2026,55996,홍재문,NC,투수,False,1.0,2,45.0,5.0,0,0,0,0,0,0,2,0,3,1,5,5,0.0,18.0,0.0,0.0,25.0,-0.02,-0.14,0.5,RP,0.757
2019,65496,홍정우,삼성,,False,5.333,7,10.125,2.63,0,0,0,0,0,2,4,1,10,2,8,6,3.38,6.75,0.5,5.9,11.8,-0.051,-0.2,0.762,RP,1.0
2020,65496,홍정우,삼성,,False,30.0,30,6.6,1.63,0,0,0,1,0,29,12,1,37,5,23,22,8.7,3.6,2.42,20.9,8.6,-0.212,0.07,1.0,RP,1.0
2021,65496,홍정우,삼성,,False,15.667,15,3.44681,1.15,2,0,0,0,0,12,4,0,14,3,6,6,6.89,2.3,3.0,18.8,6.3,-0.161,0.15,1.044,RP,1.0
2022,65496,홍정우,삼성,,False,26.667,26,3.0375,1.2,5,2,0,1,0,20,13,0,19,3,10,9,6.75,4.39,1.54,18.0,11.7,-0.364,0.36,1.026,RP,1.0
2023,65496,홍정우,삼성,,False,36.0,36,7.5,1.58,2,3,0,3,0,22,21,3,36,5,31,30,5.5,5.25,1.05,13.3,12.7,-0.714,-0.79,1.0,RP,1.0
2024,65496,홍정우,삼성,,False,1.0,1,45.0,6.0,0,0,0,0,0,1,1,0,5,1,5,5,9.0,9.0,1.0,11.1,11.1,-0.02,-0.11,1.0,RP,1.0
2025,55855,화이트,SSG,,False,134.667,24,2.873762376237624,1.15,11,4,0,0,12,137,44,8,111,9,51,43,9.16,2.94,3.11,24.4,7.8,2.95,3.51,5.611,SP,1.0
2026,55855,화이트,SSG,,False,30.667,6,4.108695652173913,1.7,1,1,0,0,3,29,15,2,37,1,15,14,8.51,4.4,1.93,20.4,10.6,0.38,0.61,5.111,SP,0.757
2026,56724,화이트,한화,투수,False,91.333,16,3.153284671532847,1.22,6,7,0,0,8,66,19,2,92,5,35,32,6.5,1.87,3.47,17.3,5.0,2.384,2.62,5.708,SP,0.757
2013,72261,황덕균,NC,,False,0.0,1,0.0,0.0,0,0,0,0,0,0,1,1,1,0,2,2,0.0,0.0,0.0,0.0,33.3,0.0,,0.0,RP,1.0
2015,72261,황덕균,KT,,False,3.667,3,7.36364,1.36,0,0,0,0,0,2,5,0,0,0,3,3,4.91,12.27,0.4,12.5,31.3,0.024,-0.01,1.222,RP,1.0
2016,72261,황덕균,넥센,,False,16.333,7,3.30612,1.22,1,0,0,0,0,3,7,1,13,3,6,6,1.65,3.86,0.43,4.4,10.3,0.231,0.13,2.333,RP,1.0
2017,72261,황덕균,넥센,,False,15.0,13,9.6,1.93,0,1,0,0,0,5,3,2,26,4,16,16,3.0,1.8,1.67,6.7,4.0,-0.243,-0.31,1.154,RP,1.0
2020,50441,황동재,삼성,투수,False,1.333,1,54.0,9.0,0,0,0,0,0,3,4,0,8,1,8,8,20.25,27.0,0.75,18.8,25.0,-0.332,-0.27,1.333,RP,1.0
2022,50441,황동재,삼성,투수,False,66.333,16,7.05528,1.84,1,3,0,0,2,53,31,0,91,9,58,52,7.19,4.21,1.71,17.0,9.9,-1.061,-0.65,4.146,SP,1.0
2023,50441,황동재,삼성,투수,False,31.667,7,7.10526,1.93,0,5,0,0,0,27,21,2,40,6,27,25,7.67,5.97,1.29,17.4,13.5,-0.205,-0.4,4.524,SP,1.0
2024,50441,황동재,삼성,투수,False,42.0,15,4.07143,1.33,1,2,0,0,0,30,18,4,38,2,20,19,6.43,3.86,1.67,16.7,10.0,-0.328,0.86,2.8,RP,1.0
2025,50441,황동재,삼성,투수,False,20.667,15,6.967741935483871,1.98,0,1,0,0,0,22,14,2,27,1,16,16,9.58,6.1,1.5699999999999998,21.2,13.5,-0.294,-0.09,1.378,RP,1.0
2023,52641,황동하,KIA,투수,False,31.333,13,6.60638,1.79,0,3,0,0,0,19,21,1,35,5,25,23,5.46,6.03,0.9,12.8,14.1,-0.311,-0.46,2.41,RP,1.0
2024,52641,황동하,KIA,투수,False,103.333,25,4.44194,1.48,5,7,0,0,2,81,44,8,109,13,64,51,7.05,3.83,1.84,17.5,9.5,0.691,0.86,4.133,SP,1.0
2025,52641,황동하,KIA,투수,False,35.667,18,5.299065420560748,1.35,1,2,0,0,0,31,10,3,38,4,21,21,7.82,2.52,3.1,20.0,6.5,-0.225,0.18,1.982,RP,1.0
2026,52641,황동하,KIA,투수,False,79.0,21,4.89873417721519,1.49,7,5,0,1,5,58,34,4,84,13,48,43,6.61,3.87,1.71,16.5,9.7,0.733,0.43,3.762,SP,0.757
2017,61496,황수범,삼성,,False,31.333,10,8.04255,2.04,1,2,0,0,0,26,19,2,45,7,34,28,7.47,5.46,1.37,16.8,12.3,-0.923,-0.46,3.133,SP,1.0
2018,61496,황수범,삼성,,False,2.333,2,11.5714,3.86,0,0,0,0,0,2,6,0,3,0,3,3,7.71,23.14,0.33,13.3,40.0,0.0,-0.05,1.166,RP,1.0
2014,64760,황영국,한화,,False,1.0,1,9.0,3.0,0,0,0,0,0,0,1,0,2,0,1,1,0.0,9.0,0.0,0.0,20.0,0.0,0.0,1.0,RP,1.0
2019,64760,황영국,한화,,False,4.0,6,6.75,2.25,0,0,0,0,0,6,1,0,8,2,3,3,13.5,2.25,6.0,30.0,5.0,-0.119,-0.07,0.667,RP,1.0
2020,64760,황영국,한화,,False,19.333,21,10.2414,2.22,0,0,0,4,0,17,14,2,29,3,22,22,7.91,6.52,1.21,16.8,13.9,-0.129,-0.46,0.921,RP,1.0
2021,64760,황영국,한화,,False,14.667,18,5.52273,1.77,0,2,0,2,0,15,10,1,16,0,10,9,9.2,6.14,1.5,21.1,14.1,-0.068,0.0,0.815,RP,1.0
2020,62908,황윤호,KIA,,False,0.333,1,0.0,0.0,0,0,0,0,0,0,0,0,0,0,0,0,0.0,0.0,99.99,0.0,0.0,0.0,0.0,0.333,RP,1.0
2021,62908,황윤호,KIA,,False,0.667,1,0.0,3.0,0,0,0,0,0,0,0,0,2,0,1,0,0.0,0.0,99.99,0.0,0.0,0.0,0.0,0.667,RP,1.0
2018,65618,황인준,KIA,,False,52.667,37,4.9557,1.33,3,1,0,1,0,35,12,6,58,9,31,29,5.98,2.05,2.92,15.3,5.2,0.044,0.02,1.423,RP,1.0
2019,65618,황인준,KIA,,False,11.333,5,6.35294,1.6800000000000002,0,0,0,0,0,11,5,0,14,2,8,8,8.74,3.97,2.2,20.8,9.4,-0.194,-0.08,2.267,RP,1.0
2020,65618,황인준,KIA,,False,4.0,3,4.5,2.0,0,0,0,0,0,1,2,0,6,1,2,2,2.25,4.5,0.5,5.6,11.1,0.004,-0.01,1.333,RP,1.0
2010,79758,황재규,한화,,False,9.0,9,10.0,2.67,0,0,0,0,0,6,9,0,15,0,10,10,6.0,9.0,0.67,12.0,18.0,0.0,,1.0,RP,1.0
2013,79758,황재규,한화,,False,34.667,21,4.15385,1.24,1,0,0,0,0,25,6,2,37,2,19,16,6.49,1.56,4.17,16.9,4.1,0.0,,1.651,RP,1.0
2014,79758,황재규,한화,,False,8.333,8,17.28,2.64,0,1,0,0,0,3,5,1,17,1,16,16,3.24,5.4,0.6,6.5,10.9,-0.574,-0.03,1.042,RP,1.0
2016,79758,황재규,한화,,False,3.667,2,24.5455,3.27,0,0,0,0,0,2,2,1,10,1,11,10,4.91,4.91,1.0,8.3,8.3,-0.022,-0.24,1.834,RP,1.0
2024,54729,황준서,한화,투수,False,72.0,36,5.38,1.82,2,8,0,1,1,70,51,5,80,9,44,43,8.75,6.38,1.37,20.5,15.0,-0.311,0.45,2.0,SP,1.0
2025,54729,황준서,한화,투수,False,56.0,23,5.303571428571429,1.43,2,8,0,0,2,57,26,2,54,7,37,33,9.16,4.18,2.19,23.6,10.7,0.485,0.23,2.435,SP,1.0
2026,54729,황준서,한화,투수,False,31.667,20,3.978947368421053,1.58,1,2,0,0,0,34,19,1,31,2,15,14,9.66,5.4,1.79,23.9,13.4,-0.019,0.42,1.583,RP,0.757
2023,53375,후라도,키움,투수,True,183.667,30,2.6461,1.12,11,8,0,0,20,147,41,9,164,7,64,54,7.2,2.01,3.59,19.3,5.4,5.067,5.29,6.122,SP,1.0
2024,53375,후라도,키움,투수,True,190.333,30,3.35727,1.14,10,8,0,0,23,169,32,9,185,19,78,71,7.99,1.51,5.28,21.7,4.1,3.869,5.23,6.344,SP,1.0
2025,53375,후라도,삼성,투수,True,197.333,30,2.5996621621621623,1.08,15,8,0,0,23,142,36,4,177,17,65,57,6.48,1.64,3.94,18.1,4.6,5.13,5.71,6.578,SP,1.0
2026,53375,후라도,삼성,투수,True,107.0,17,3.1121495327102804,1.25,5,1,0,0,13,69,22,4,112,10,45,37,5.8,1.85,3.14,15.2,4.8,2.258,2.49,6.294,SP,0.757
2018,68240,후랭코프,두산,,True,149.333,28,3.73661,1.16,18,3,0,0,17,134,55,22,118,12,64,62,8.08,3.31,2.44,21.6,8.9,2.81,3.23,5.333,SP,1.0
2019,68240,후랭코프,두산,,False,117.333,22,3.60511,1.19,9,8,0,0,11,111,30,13,110,5,48,47,8.51,2.3,3.7,22.4,6.1,1.836,2.5,5.333,SP,1.0
2018,68742,휠러,한화,,False,101.667,19,5.13443,1.59,3,9,0,0,4,94,34,10,128,12,62,58,8.32,3.01,2.76,20.5,7.4,-0.231,1.96,5.351,SP,1.0
2010,60240,히메네스,두산,,True,152.0,27,3.31579,1.32,14,5,0,0,15,87,62,9,139,7,65,56,5.15,3.67,1.4,13.3,9.5,0.0,,5.63,SP,1.0
