player_id,player_name,photo_url,source,collected_at
50640,가뇽,https://ssl.pstatic.net/sstatic/people/62/202004021459228021.png,naver_api,2026-08-18
92501,가득염,https://ssl.pstatic.net/sstatic/people/profileImg/t/4146ff58-5d03-4e50-97d4-5bfbcaa03173.png,naver_api,2026-08-18
55460,가라비토,https://ssl.pstatic.net/sstatic/people/profileImg/t/2e8eff9d-dfe8-4a40-88a7-f3d62d0ad155.png,naver_api,2026-08-18
52125,가르시아,https://ssl.pstatic.net/sstatic/people/98/202207281325266701.png,naver_api,2026-08-18
68103,가르시아,https://ssl.pstatic.net/sstatic/people/187/201802141421454791.png,naver_api,2026-08-18
55532,감보아,https://ssl.pstatic.net/sstatic/people/profileImg/t/d419d346-f356-4e90-9766-2859673fc25b.png,naver_api,2026-08-18
53006,강건,https://ssl.pstatic.net/sstatic/people/profileImg/t/9e461c87-6fd1-41d9-8109-06d28806771b.png,naver_api,2026-08-18
56769,강건우,https://ssl.pstatic.net/sstatic/people/profileImg/t/5580ac34-1443-48d7-96d9-ce6e1d00ef9b.png,naver_api,2026-08-18
61700,강경학,https://ssl.pstatic.net/sstatic/people/79/202203312026177081.png,naver_api,2026-08-18
62917,강구성,https://ssl.pstatic.net/sstatic/people/16/201903251814469161.png,naver_api,2026-08-18
61295,강동연,https://ssl.pstatic.net/sstatic/people/190/202302141451521691.png,naver_api,2026-08-18
98420,강동우,https://ssl.pstatic.net/sstatic/people/profileImg/t/64ebde8d-576d-4741-9a1c-70001e233128.png,naver_api,2026-08-18
67591,강동호,https://ssl.pstatic.net/sstatic/people/188/202103302038074461.png,naver_api,2026-08-18
65515,강로한,https://ssl.pstatic.net/sstatic/people/111/20220331203554111.png,naver_api,2026-08-18
73409,강명구,https://ssl.pstatic.net/sstatic/people/profileImg/t/2f30aecc-ba82-4a98-8a01-2156392d0df6.png,naver_api,2026-08-18
64906,강민국,https://ssl.pstatic.net/sstatic/people/138/202205301222523221.png,naver_api,2026-08-18
53103,강민균,https://ssl.pstatic.net/sstatic/people/profileImg/t/b4fa5bda-5766-4590-bf99-11d0f0b9e5a7.png,naver_api,2026-08-18
69064,강민성,https://ssl.pstatic.net/sstatic/people/profileImg/t/576d4205-d076-44d7-bba2-c3f47fac2df2.png,naver_api,2026-08-18
74540,강민호,https://ssl.pstatic.net/sstatic/people/profileImg/t/dfd9d25d-8536-4e4e-a022-ec090991746f.png,naver_api,2026-08-18
68050,강백호,https://ssl.pstatic.net/sstatic/people/profileImg/t/520ce9cb-642b-4850-83c2-346da58801e0.png,naver_api,2026-08-18
72325,강병식,https://ssl.pstatic.net/sstatic/people/profileImg/t/53dbed50-1341-4be9-ba16-6108d4429bd7.png,naver_api,2026-08-18
61108,강병의,https://ssl.pstatic.net/sstatic/people/98/201802051800067221.png,naver_api,2026-08-18
66710,강상원,https://ssl.pstatic.net/sstatic/people/189/202203312131479341.png,naver_api,2026-08-18
54567,강성우,https://ssl.pstatic.net/sstatic/people/profileImg/t/d40f5b46-4874-4d65-92ea-4a22b6692b33.png,naver_api,2026-08-18
54506,강승구,https://ssl.pstatic.net/sstatic/people/profileImg/t/796d41b8-64c8-4acf-8bb1-515216c62165.png,naver_api,2026-08-18
78552,강승현,https://ssl.pstatic.net/sstatic/people/47/201803051146329001.png,naver_api,2026-08-18
63123,강승호,https://ssl.pstatic.net/sstatic/people/profileImg/t/0359c610-f649-4950-a58c-7aa44a6df876.png,naver_api,2026-08-18
70615,강영식,https://ssl.pstatic.net/sstatic/people/profileImg/t/0d8e8aa4-27f8-45ac-a3fe-bdd9a3be6319.png,naver_api,2026-08-18
79358,강윤구,https://ssl.pstatic.net/sstatic/people/profileImg/5220bb1e-b743-4a97-bfe7-6ccb90c89b87.jpg,naver_api,2026-08-18
67604,강이준,https://ssl.pstatic.net/sstatic/people/profileImg/t/7d6af195-f4c1-4f81-9cd6-9b286bb21e60.png,naver_api,2026-08-18
64907,강장산,https://ssl.pstatic.net/sstatic/people/123/202005211607174231.png,naver_api,2026-08-18
50705,강재민,https://ssl.pstatic.net/sstatic/people/profileImg/t/933914cf-da76-43d0-b56b-5470436b1a42.png,naver_api,2026-08-18
69158,강정현,https://ssl.pstatic.net/sstatic/people/59/202209131631274051.png,naver_api,2026-08-18
53460,강준서,https://ssl.pstatic.net/sstatic/people/profileImg/t/b99cb031-1c3f-441d-8007-7967e6531fba.png,naver_api,2026-08-18
79130,강지광,https://ssl.pstatic.net/sstatic/people/168/202104151405582651.png,naver_api,2026-08-18
62925,강진성,https://ssl.pstatic.net/sstatic/people/profileImg/t/cb1efbc2-06b3-4c93-a4c3-6d718749c020.png,naver_api,2026-08-18
50905,강태경,https://ssl.pstatic.net/sstatic/people/profileImg/t/08301152-4ca7-42c5-a12d-a4b53820e1b6.png,naver_api,2026-08-18
65514,강태율,https://ssl.pstatic.net/sstatic/people/profileImg/t/0172cce7-b0f7-480c-990c-df671c18ad35.png,naver_api,2026-08-18
64610,강한울,https://ssl.pstatic.net/sstatic/people/profileImg/t/ca07d3f3-c98d-45ae-a957-9582a7438da7.png,naver_api,2026-08-18
51269,강현구,https://ssl.pstatic.net/sstatic/people/profileImg/t/e154aa82-7ef4-446a-a0c8-3c114f811c81.png,naver_api,2026-08-18
50066,강현우,https://ssl.pstatic.net/sstatic/people/profileImg/t/b495de23-2cc1-4d1b-a3b4-db87d687d2d9.png,naver_api,2026-08-18
51143,강효종,https://ssl.pstatic.net/sstatic/people/profileImg/t/148fce01-83b0-4f89-88f3-70d3c246835b.png,naver_api,2026-08-18
70121,경헌호,https://ssl.pstatic.net/sstatic/people/profileImg/t/7296d8e1-50a2-4712-9161-49466f11bce7.png,naver_api,2026-08-18
74745,고동진,https://ssl.pstatic.net/sstatic/people/profileImg/t/62c6ed9f-07ae-4d50-b167-48b67aff592f.png,naver_api,2026-08-18
68069,고명성,https://ssl.pstatic.net/sstatic/people/profileImg/t/7e7b35e7-13eb-4577-bfae-4da56b766bf0.png,naver_api,2026-08-18
51868,고명준,https://ssl.pstatic.net/sstatic/people/profileImg/t/d4007c71-6212-48d4-8fb1-ea079d8766cc.png,naver_api,2026-08-18
66201,고봉재,https://ssl.pstatic.net/sstatic/people/166/20230404164202311.png,naver_api,2026-08-18
69517,고승민,https://ssl.pstatic.net/sstatic/people/profileImg/t/b5eb3ff2-8a07-4baa-89af-59fbd34b8640.png,naver_api,2026-08-18
54908,고승완,https://ssl.pstatic.net/sstatic/people/profileImg/t/0fe04870-1e38-4770-89d1-f7f0ef489536.png,naver_api,2026-08-18
72214,고영민,https://ssl.pstatic.net/sstatic/people/profileImg/t/4d6d6ba7-cba3-42b8-ba5c-7aca656df3a8.png,naver_api,2026-08-18
54344,고영우,https://ssl.pstatic.net/sstatic/people/profileImg/t/02977d74-34f4-4ab3-b90a-df34819569e6.png,naver_api,2026-08-18
63628,고영창,https://ssl.pstatic.net/sstatic/people/104/20230406103318311.png,naver_api,2026-08-18
64001,고영표,https://ssl.pstatic.net/sstatic/people/profileImg/t/74cf2195-f8d8-412f-ba6a-77b99d6e4359.png,naver_api,2026-08-18
67119,고우석,https://ssl.pstatic.net/sstatic/people/profileImg/t/17cb90ed-3bab-40cd-94da-03c0f5fd97f9.png,naver_api,2026-08-18
79349,고원준,https://ssl.pstatic.net/sstatic/people/62/201704061439507441.jpg,naver_api,2026-08-18
63636,고장혁,https://ssl.pstatic.net/sstatic/people/103/202004021742311611.png,naver_api,2026-08-18
61353,고종욱,https://ssl.pstatic.net/sstatic/people/profileImg/t/2191c8dc-003f-4afc-9c50-009fd3567652.png,naver_api,2026-08-18
56949,고준휘,https://ssl.pstatic.net/sstatic/people/profileImg/t/cb6873ba-2f9d-4fec-8ba8-706c0d56e5cb.png,naver_api,2026-08-18
78248,고창성,https://ssl.pstatic.net/sstatic/people/198/201803061138379991.png,naver_api,2026-08-18
72523,고효준,https://ssl.pstatic.net/sstatic/people/profileImg/t/a78b526b-599d-4348-a272-2ad1c12519a8.png,naver_api,2026-08-18
68407,공민규,https://ssl.pstatic.net/sstatic/people/profileImg/t/fb6691e8-a4d6-4a49-a465-e1f9ee68f99c.png,naver_api,2026-08-18
53609,곽도규,https://ssl.pstatic.net/sstatic/people/profileImg/t/43222811-f31d-40d0-9d84-3a2cb86a2310.png,naver_api,2026-08-18
68220,곽빈,https://ssl.pstatic.net/sstatic/people/profileImg/t/51349003-8ca2-4066-bb22-c1d6e3ec464d.png,naver_api,2026-08-18
75668,곽정철,https://ssl.pstatic.net/sstatic/people/profileImg/t/4b0ff687-3d11-462f-bc8d-f1ea1d40376c.png,naver_api,2026-08-18
53506,구드럼,https://ssl.pstatic.net/sstatic/people/172/202307271429019601.png,naver_api,2026-08-18
69100,구본혁,https://ssl.pstatic.net/sstatic/people/profileImg/t/0d6e41cc-2eac-40c6-a14c-52faf09db5ee.png,naver_api,2026-08-18
63543,구승민,https://ssl.pstatic.net/sstatic/people/profileImg/t/98f07f10-866c-4f61-be6f-4a47dc355374.png,naver_api,2026-08-18
62404,구자욱,https://ssl.pstatic.net/sstatic/people/profileImg/t/7005835b-1e57-4d1c-aec3-159140be1b90.png,naver_api,2026-08-18
64354,구자형,https://ssl.pstatic.net/sstatic/people/5/201401151208227421.jpg,naver_api,2026-08-18
64498,구준범,https://ssl.pstatic.net/sstatic/people/58/202203081503391471.png,naver_api,2026-08-18
65933,구창모,https://ssl.pstatic.net/sstatic/people/profileImg/t/ff99b4c9-621b-4759-bc43-ab68dca9c97e.png,naver_api,2026-08-18
79290,국해성,https://ssl.pstatic.net/sstatic/people/32/202308291034379781.png,naver_api,2026-08-18
52769,권광민,https://ssl.pstatic.net/sstatic/people/profileImg/t/35a40d01-af9c-4682-b9e1-8ba6c52c1bd1.png,naver_api,2026-08-18
51640,권다결,https://ssl.pstatic.net/sstatic/people/profileImg/t/a6790ed4-2792-47e6-af87-ba7ae4cb8f9c.png,naver_api,2026-08-18
51003,권동진,https://ssl.pstatic.net/sstatic/people/profileImg/t/d33549d4-5717-4172-b19f-d3238f89d860.png,naver_api,2026-08-18
55764,권민규,https://ssl.pstatic.net/sstatic/people/profileImg/t/a68462ca-29b8-4990-9f01-e2e28b43d5f7.png,naver_api,2026-08-18
68204,권민석,https://ssl.pstatic.net/sstatic/people/profileImg/t/fe114e99-56cf-4c40-abc6-5660de5ca098.png,naver_api,2026-08-18
99445,권오준,https://ssl.pstatic.net/sstatic/people/profileImg/t/6532fe21-2993-4e3a-8566-36f2949c703a.png,naver_api,2026-08-18
95158,권용관,https://ssl.pstatic.net/sstatic/people/51/201603031627249181.jpg,naver_api,2026-08-18
65412,권정웅,https://ssl.pstatic.net/sstatic/people/profileImg/t/9e14c6f9-172a-472c-8476-52e67dfaacdd.png,naver_api,2026-08-18
72447,권혁,https://ssl.pstatic.net/sstatic/people/125/202003241743091071.png,naver_api,2026-08-18
55371,권혁빈,https://ssl.pstatic.net/sstatic/people/profileImg/t/906f749d-5363-4326-ad05-1d00366f4455.png,naver_api,2026-08-18
50203,권휘,https://ssl.pstatic.net/sstatic/people/profileImg/t/00261369-beb6-4ed5-9694-e3169b3a4434.png,naver_api,2026-08-18
63963,권희동,https://ssl.pstatic.net/sstatic/people/profileImg/t/74b736c9-d5b3-4575-9a4c-af449e69275d.png,naver_api,2026-08-18
75258,금민철,https://ssl.pstatic.net/sstatic/people/89/20200522154325111.png,naver_api,2026-08-18
56800,긴지로,https://ssl.pstatic.net/sstatic/people/profileImg/t/650dbd43-f813-44cb-bdca-24a10aa965fb.png,naver_api,2026-08-18
77733,김강,https://ssl.pstatic.net/sstatic/people/profileImg/t/86cc0954-7d61-45e9-9dec-24b75fb63611.png,naver_api,2026-08-18
77263,김강률,https://ssl.pstatic.net/sstatic/people/profileImg/t/3d5abf4d-5402-4eb4-abb8-62b394a83c3b.png,naver_api,2026-08-18
71837,김강민,https://ssl.pstatic.net/sstatic/people/profileImg/t/3cef3a58-202f-4f02-a356-8e9426b1f00a.png,naver_api,2026-08-18
65522,김강현,https://ssl.pstatic.net/sstatic/people/profileImg/t/908e7388-2289-4ec3-b798-22c0bcb3e5d8.png,naver_api,2026-08-18
69702,김건,https://ssl.pstatic.net/sstatic/people/profileImg/t/6df8c92e-ff33-4e22-bacb-5ae1963ba635.png,naver_api,2026-08-18
76225,김건국,https://ssl.pstatic.net/sstatic/people/profileImg/t/0a8bd972-dfad-489e-8632-1638e478cc0b.png,naver_api,2026-08-18
51867,김건우,https://ssl.pstatic.net/sstatic/people/profileImg/t/fc2c60e2-077c-42c2-854c-684540e880a1.png,naver_api,2026-08-18
53844,김건웅,https://ssl.pstatic.net/sstatic/people/profileImg/t/935fa174-b513-4206-9198-ff99580c63d7.png,naver_api,2026-08-18
60339,김건태,https://ssl.pstatic.net/sstatic/people/profileImg/t/da5b77d2-6098-4ce5-bcbd-bac9fa39e415.png,naver_api,2026-08-18
71851,김건한,https://ssl.pstatic.net/sstatic/people/37/201603031754104191.jpg,naver_api,2026-08-18
51005,김건형,https://ssl.pstatic.net/sstatic/people/profileImg/t/34d30690-6335-42c4-b46d-17ca477d8bce.png,naver_api,2026-08-18
53312,김건희,https://ssl.pstatic.net/sstatic/people/profileImg/t/4fa80ad2-8ff0-4c97-b4a2-f9e960b26571.png,naver_api,2026-08-18
71610,김경언,https://ssl.pstatic.net/sstatic/people/48/201603031629345491.jpg,naver_api,2026-08-18
60757,김경태,https://ssl.pstatic.net/sstatic/people/150/20200323171229651.png,naver_api,2026-08-18
64260,김경호,https://ssl.pstatic.net/sstatic/people/44/202104151132085881.png,naver_api,2026-08-18
99152,김광삼,https://ssl.pstatic.net/sstatic/people/profileImg/t/10017042-6856-4a77-bf3b-660e3b0d8c4b.png,naver_api,2026-08-18
70142,김광수,https://ssl.pstatic.net/sstatic/people/3/201706211442594881.png,naver_api,2026-08-18
77829,김광현,https://ssl.pstatic.net/sstatic/people/profileImg/t/8cf39918-9e2c-41ef-b79e-3a51cb54ff7d.png,naver_api,2026-08-18
69810,김규남,https://ssl.pstatic.net/sstatic/people/27/202303311754538801.png,naver_api,2026-08-18
62356,김규민,https://ssl.pstatic.net/sstatic/people/152/202003261526213041.png,naver_api,2026-08-18
66614,김규성,https://ssl.pstatic.net/sstatic/people/profileImg/t/b6606313-f103-44ad-a123-13e3727f52e2.png,naver_api,2026-08-18
51713,김규연,https://ssl.pstatic.net/sstatic/people/profileImg/t/9f38d687-51d4-4497-b473-25126d371227.png,naver_api,2026-08-18
66112,김기연,https://ssl.pstatic.net/sstatic/people/profileImg/t/daab07cb-73df-4d2d-960a-d66586acc4c8.png,naver_api,2026-08-18
53540,김기준,https://ssl.pstatic.net/sstatic/people/profileImg/t/8b0b6477-ad5a-47f3-95b4-7b1c2797da99.png,naver_api,2026-08-18
51715,김기중,https://ssl.pstatic.net/sstatic/people/profileImg/t/abb5b24e-7807-4b06-a210-fadd19cb26c6.png,naver_api,2026-08-18
67711,김기탁,https://ssl.pstatic.net/sstatic/people/129/202203312136007071.png,naver_api,2026-08-18
76461,김기태,https://ssl.pstatic.net/sstatic/people/12/201804131548352331.png,naver_api,2026-08-18
77869,김기현,https://ssl.pstatic.net/sstatic/people/160/20160307102152391.jpg,naver_api,2026-08-18
65462,김기환,https://ssl.pstatic.net/sstatic/people/105/202203312033578741.png,naver_api,2026-08-18
69620,김기훈,https://ssl.pstatic.net/sstatic/people/profileImg/t/c396cec8-254f-4be3-8324-7c44f0c5d275.png,naver_api,2026-08-18
77314,김남형,https://ssl.pstatic.net/sstatic/people/profileImg/t/cc26c8de-13b3-4ad9-b881-fe976cf34a3c.png,naver_api,2026-08-18
52995,김녹원,https://ssl.pstatic.net/sstatic/people/profileImg/t/7aac0586-1f2a-4a2e-933f-d75dff8ddcfc.png,naver_api,2026-08-18
78765,김다원,https://ssl.pstatic.net/sstatic/people/43/201804131520131981.png,naver_api,2026-08-18
65513,김대륙,https://ssl.pstatic.net/sstatic/people/132/202003231053166541.png,naver_api,2026-08-18
61365,김대우,https://ssl.pstatic.net/sstatic/people/profileImg/t/b6adf3e1-d1bb-4ceb-a0ab-71c91e94222b.png,naver_api,2026-08-18
78536,김대우,https://ssl.pstatic.net/sstatic/people/196/202203312120301101.png,naver_api,2026-08-18
54164,김대원,https://ssl.pstatic.net/sstatic/people/profileImg/t/d4b2e114-fa4d-47f1-a023-2a96e811d686.png,naver_api,2026-08-18
60337,김대유,https://ssl.pstatic.net/sstatic/people/profileImg/t/9678f5fa-aac9-4572-9158-3fd1ea7c95e6.png,naver_api,2026-08-18
69238,김대한,https://ssl.pstatic.net/sstatic/people/profileImg/t/23831dba-f099-4304-939f-736dcaf18e87.png,naver_api,2026-08-18
66145,김대현,https://ssl.pstatic.net/sstatic/people/profileImg/t/fad991a7-60c2-4934-9599-46ddcd69c429.png,naver_api,2026-08-18
54401,김대호,https://ssl.pstatic.net/sstatic/people/profileImg/t/c5fdd6e7-2da5-4c8c-9d06-04d9819bed59.png,naver_api,2026-08-18
68585,김도규,https://ssl.pstatic.net/sstatic/people/profileImg/t/56ef7054-37d2-4e21-ac87-17b2008281c5.png,naver_api,2026-08-18
54705,김도빈,https://ssl.pstatic.net/sstatic/people/profileImg/t/56d12320-a6d9-464b-a3b1-954e402fe60b.png,naver_api,2026-08-18
52605,김도영,https://ssl.pstatic.net/sstatic/people/profileImg/t/bafebc22-1487-4a23-a96d-edea3ba15a5c.png,naver_api,2026-08-18
66098,김도영,https://ssl.pstatic.net/sstatic/people/10/201803061221025771.png,naver_api,2026-08-18
51294,김도윤,https://ssl.pstatic.net/sstatic/people/profileImg/t/1b5a8df7-31ce-448b-8d2f-21bbb9132a20.png,naver_api,2026-08-18
52844,김도현,https://ssl.pstatic.net/sstatic/people/profileImg/t/b62a4a14-9b67-4ba4-87e0-528b9723482b.png,naver_api,2026-08-18
69745,김도현,https://ssl.pstatic.net/sstatic/people/profileImg/t/a7ad84f3-0a2f-4100-8ee3-4e6ed4ab5fd7.png,naver_api,2026-08-18
61360,김도현,https://ssl.pstatic.net/sstatic/people/64/202103262116559741.png,naver_api,2026-08-18
69442,김도환,https://ssl.pstatic.net/sstatic/people/profileImg/t/8d35f59b-d140-43ad-9d88-3e78b4b8f693.png,naver_api,2026-08-18
53164,김동규,https://ssl.pstatic.net/sstatic/people/profileImg/t/78a3ab70-23b8-4334-ae9f-0c63d270f37b.png,naver_api,2026-08-18
60296,김동길,https://ssl.pstatic.net/sstatic/people/16/201304241659025841.jpg,naver_api,2026-08-18
66838,김동엽,https://ssl.pstatic.net/sstatic/people/profileImg/t/09f776c1-ebf1-4c01-b377-ee8159ef5007.png,naver_api,2026-08-18
68589,김동우,https://ssl.pstatic.net/sstatic/people/17/202304141642429031.png,naver_api,2026-08-18
50393,김동욱,https://ssl.pstatic.net/sstatic/people/profileImg/t/663d6560-764c-4a2d-95d5-859453532a0a.png,naver_api,2026-08-18
77462,김동욱,https://ssl.pstatic.net/sstatic/people/profileImg/a38294a0-cd00-4fa3-83e0-9d659c776ee0.jpg,naver_api,2026-08-18
60496,김동은,https://ssl.pstatic.net/sstatic/people/73/201703081102358841.jpg,naver_api,2026-08-18
51230,김동주,https://ssl.pstatic.net/sstatic/people/profileImg/t/c31018a4-9484-4af0-b48d-2f2c36b72e91.png,naver_api,2026-08-18
52267,김동준,https://ssl.pstatic.net/sstatic/people/profileImg/t/2012afa1-0e49-4fbf-95e7-af0b6ef3cc1f.png,naver_api,2026-08-18
51403,김동진,https://ssl.pstatic.net/sstatic/people/profileImg/t/a5c06c99-8912-43b6-910e-5303d9a0a2d9.png,naver_api,2026-08-18
61204,김동한,https://ssl.pstatic.net/sstatic/people/profileImg/t/273c3d7f-bf59-4852-92e0-7101e51c2364.png,naver_api,2026-08-18
53344,김동헌,https://ssl.pstatic.net/sstatic/people/profileImg/t/bb7d1760-1e3f-42e3-8b2a-7fab9dd7357f.png,naver_api,2026-08-18
52504,김동혁,https://ssl.pstatic.net/sstatic/people/profileImg/t/6cee57f2-3d9a-4d76-809d-47d789bd583d.png,naver_api,2026-08-18
50360,김동혁,https://ssl.pstatic.net/sstatic/people/profileImg/t/7762e427-8ba8-4a03-85d8-7538ea2e485e.png,naver_api,2026-08-18
55502,김동현,https://ssl.pstatic.net/sstatic/people/profileImg/t/76da8f37-1d1a-433a-af84-72fcab8d99a0.png,naver_api,2026-08-18
55040,김동현,https://ssl.pstatic.net/sstatic/people/profileImg/t/5e3ec768-703b-4192-a346-faedf8adb14b.png,naver_api,2026-08-18
79791,김동호,https://ssl.pstatic.net/sstatic/people/profileImg/t/5fb61bdb-f3c7-4e38-915f-26d8e665ee37.png,naver_api,2026-08-18
54614,김두현,https://ssl.pstatic.net/sstatic/people/profileImg/t/94b90ae1-4a5b-439d-a9c2-8253805ad6f9.png,naver_api,2026-08-18
65044,김만수,https://ssl.pstatic.net/sstatic/people/90/20220331191257251.png,naver_api,2026-08-18
61527,김명성,https://ssl.pstatic.net/sstatic/people/64/201602261348267711.jpg,naver_api,2026-08-18
67246,김명신,https://ssl.pstatic.net/sstatic/people/profileImg/t/6b46a826-5c8e-4853-9024-184c623708d3.png,naver_api,2026-08-18
65696,김명찬,https://ssl.pstatic.net/sstatic/people/78/202103242015275031.png,naver_api,2026-08-18
68403,김무신,https://ssl.pstatic.net/sstatic/people/profileImg/t/7552f021-aa0f-4905-9272-65df0aeccbe2.png,naver_api,2026-08-18
76509,김문호,https://ssl.pstatic.net/sstatic/people/75/202003311613326581.png,naver_api,2026-08-18
68043,김민,https://ssl.pstatic.net/sstatic/people/profileImg/t/ef382fdd-0998-4171-b67e-ee8379286f15.png,naver_api,2026-08-18
56637,김민규,https://ssl.pstatic.net/sstatic/people/profileImg/t/4a72b9de-a7c6-4f06-8a44-4cc4f7ccbde3.png,naver_api,2026-08-18
54913,김민규,https://ssl.pstatic.net/sstatic/people/profileImg/t/b03dd952-5e16-4302-bf84-c7b994f2e607.png,naver_api,2026-08-18
68200,김민규,https://ssl.pstatic.net/sstatic/people/profileImg/t/ca3d3481-a74e-44f0-90e8-7061d064fa20.png,naver_api,2026-08-18
50573,김민기,https://ssl.pstatic.net/sstatic/people/3/202003201516172871.png,naver_api,2026-08-18
54097,김민석,https://ssl.pstatic.net/sstatic/people/profileImg/t/e95bccfc-0965-4109-8531-41d7224765a6.png,naver_api,2026-08-18
53554,김민석,https://ssl.pstatic.net/sstatic/people/profileImg/t/b6a4f96c-84ba-46fd-a45b-b7d7733bce90.png,naver_api,2026-08-18
77564,김민성,https://ssl.pstatic.net/sstatic/people/profileImg/t/e55adce3-ad9c-411a-8f5b-7b5d81011c39.png,naver_api,2026-08-18
65048,김민수,https://ssl.pstatic.net/sstatic/people/profileImg/t/0cc0ec14-d24d-4b64-9de8-af3f893df3b2.png,naver_api,2026-08-18
64793,김민수,https://ssl.pstatic.net/sstatic/people/profileImg/t/be006262-5aaa-4536-93b6-93d386e80fa1.png,naver_api,2026-08-18
69500,김민수,https://ssl.pstatic.net/sstatic/people/126/202203312102425341.png,naver_api,2026-08-18
62864,김민식,https://ssl.pstatic.net/sstatic/people/profileImg/t/2ed51c5e-46fc-4556-8a9b-b729cc652fb6.png,naver_api,2026-08-18
65764,김민우,https://ssl.pstatic.net/sstatic/people/profileImg/t/a9985cde-ee17-433c-b3e6-9f90d8815c65.png,naver_api,2026-08-18
72303,김민우,https://ssl.pstatic.net/sstatic/people/profileImg/t/06744dee-d38d-4f1f-8c05-136f77ee6146.png,naver_api,2026-08-18
54608,김민재,https://ssl.pstatic.net/sstatic/people/profileImg/t/374d5464-11b4-4446-8bd4-29b05178debd.png,naver_api,2026-08-18
54645,김민주,https://ssl.pstatic.net/sstatic/people/profileImg/t/bce8c152-5534-472f-897c-4d9a71afcd11.png,naver_api,2026-08-18
53893,김민준,https://ssl.pstatic.net/sstatic/people/profileImg/t/f57050da-980d-4ddc-b25e-7124cb7a8207.png,naver_api,2026-08-18
56840,김민준,https://ssl.pstatic.net/sstatic/people/profileImg/t/250ea7ae-4ebf-4507-bb13-fe080b2969c5.png,naver_api,2026-08-18
63339,김민준,https://ssl.pstatic.net/sstatic/people/115/202003271012551121.png,naver_api,2026-08-18
61554,김민하,https://ssl.pstatic.net/sstatic/people/35/202103291914197811.png,naver_api,2026-08-18
64004,김민혁,https://ssl.pstatic.net/sstatic/people/profileImg/t/643bc2f1-f18b-43eb-b7ef-765ff15077a6.png,naver_api,2026-08-18
65269,김민혁,https://ssl.pstatic.net/sstatic/people/profileImg/t/a72e83fc-dcfa-42f3-931f-13da13b4ba50.png,naver_api,2026-08-18
55420,김백산,https://ssl.pstatic.net/sstatic/people/profileImg/t/5cf5da67-46b2-4589-bf67-b446870e9624.png,naver_api,2026-08-18
53144,김범석,https://ssl.pstatic.net/sstatic/people/profileImg/t/b0a4edb8-a5d9-4dd2-b499-e13df9eb106c.png,naver_api,2026-08-18
65769,김범수,https://ssl.pstatic.net/sstatic/people/profileImg/t/59cfe819-436e-4662-ab20-ce91893a38bd.png,naver_api,2026-08-18
50710,김범준,https://ssl.pstatic.net/sstatic/people/profileImg/t/6b25488f-3d40-4066-8520-3b6ff2a758db.png,naver_api,2026-08-18
69980,김범준,https://ssl.pstatic.net/sstatic/people/profileImg/t/66ca293b-959f-40f1-a2af-183eb5ab27dd.png,naver_api,2026-08-18
52002,김병준,https://ssl.pstatic.net/sstatic/people/profileImg/t/4a8ba5f5-254a-438f-b6f6-d3ab30a71dfb.png,naver_api,2026-08-18
62349,김병현,https://ssl.pstatic.net/sstatic/people/portrait/202109/20210901154634702.jpg,naver_api,2026-08-18
50304,김병휘,https://ssl.pstatic.net/sstatic/people/profileImg/t/ad9bdee0-ae1e-4083-afb3-df4b0be2f896.png,naver_api,2026-08-18
64014,김병희,https://ssl.pstatic.net/sstatic/people/172/202303311126485911.png,naver_api,2026-08-18
63894,김사윤,https://ssl.pstatic.net/sstatic/people/profileImg/t/5bb2b3b0-dad6-4fb6-9d05-02064495fa1e.png,naver_api,2026-08-18
99563,김사율,https://ssl.pstatic.net/sstatic/people/98/201803061331317841.png,naver_api,2026-08-18
61591,김사훈,https://ssl.pstatic.net/sstatic/people/42/201904121104471681.png,naver_api,2026-08-18
52402,김상민,https://ssl.pstatic.net/sstatic/people/profileImg/t/2d4f0aaf-a792-49f2-b6e4-a6948c5ff905.png,naver_api,2026-08-18
79402,김상수,https://ssl.pstatic.net/sstatic/people/profileImg/t/34885ce1-6915-40c4-80a7-05cb5e429ac0.png,naver_api,2026-08-18
55425,김상준,https://ssl.pstatic.net/sstatic/people/profileImg/t/35596d60-c069-49e5-ae17-921af5b9ae8e.png,naver_api,2026-08-18
70646,김상현,https://ssl.pstatic.net/sstatic/people/52/201704241547125871.jpg,naver_api,2026-08-18
62559,김상호,https://ssl.pstatic.net/sstatic/people/32/202003201718451691.png,naver_api,2026-08-18
70612,김상훈,https://ssl.pstatic.net/sstatic/people/profileImg/t/4ceb5747-cfc7-4f82-b8c4-9a6f762b1283.png,naver_api,2026-08-18
55359,김서준,https://ssl.pstatic.net/sstatic/people/profileImg/t/77805b15-591b-4397-b35c-260de03b7e17.png,naver_api,2026-08-18
52460,김서준,https://ssl.pstatic.net/sstatic/people/profileImg/t/4627f338-81ff-4767-b294-18709a32d712.png,naver_api,2026-08-18
53754,김서현,https://ssl.pstatic.net/sstatic/people/profileImg/t/0dffac63-1b52-4649-bf32-336d391c5c44.png,naver_api,2026-08-18
67610,김석환,https://ssl.pstatic.net/sstatic/people/profileImg/t/78136d59-5550-40f4-8872-61b24296106f.png,naver_api,2026-08-18
75852,김선규,https://ssl.pstatic.net/sstatic/people/172/201704111724227001.jpg,naver_api,2026-08-18
66018,김선기,https://ssl.pstatic.net/sstatic/people/profileImg/t/b073926d-eb6b-41bd-b98b-b99466d25792.png,naver_api,2026-08-18
78603,김선빈,https://ssl.pstatic.net/sstatic/people/profileImg/t/e5ca3f6b-1e32-4388-8f35-96b21c1a668e.png,naver_api,2026-08-18
51604,김선우,https://ssl.pstatic.net/sstatic/people/profileImg/t/cf498d8e-8e00-478a-98f9-77eb7ffa0fe2.png,naver_api,2026-08-18
67828,김성민,https://ssl.pstatic.net/sstatic/people/profileImg/t/ff640be9-e949-4af4-8451-e36f6cdae48c.png,naver_api,2026-08-18
50848,김성민,https://ssl.pstatic.net/sstatic/people/profileImg/t/fc179357-fc02-49d7-bd34-ea2e9d02c55c.png,naver_api,2026-08-18
69860,김성민,https://ssl.pstatic.net/sstatic/people/101/202003301136434831.png,naver_api,2026-08-18
73226,김성배,https://ssl.pstatic.net/sstatic/people/59/201704061502589361.jpg,naver_api,2026-08-18
52105,김성우,https://ssl.pstatic.net/sstatic/people/profileImg/t/5146050d-c67a-4682-a304-6b252a8a0a77.png,naver_api,2026-08-18
62934,김성욱,https://ssl.pstatic.net/sstatic/people/profileImg/t/073ab5d0-329e-4986-813f-77a8d06a9009.png,naver_api,2026-08-18
67449,김성윤,https://ssl.pstatic.net/sstatic/people/profileImg/t/888bfe6d-c925-4434-8020-70ec7f124d41.png,naver_api,2026-08-18
55216,김성재,https://ssl.pstatic.net/sstatic/people/profileImg/t/c3bbd3d4-ac8e-49e0-8560-156b5ace6f91.png,naver_api,2026-08-18
66565,김성재,https://ssl.pstatic.net/sstatic/people/189/201705191148524561.png,naver_api,2026-08-18
69105,김성진,https://ssl.pstatic.net/sstatic/people/profileImg/t/bc3190df-dec4-4667-8677-c24c68481898.png,naver_api,2026-08-18
51301,김성진,https://ssl.pstatic.net/sstatic/people/profileImg/t/934f2adf-1516-4580-ad40-daa87f21afad.png,naver_api,2026-08-18
63435,김성표,https://ssl.pstatic.net/sstatic/people/profileImg/87ce78fd-8f07-4cc4-95bc-7c48990229dc.jpeg,naver_api,2026-08-18
76802,김성현,https://ssl.pstatic.net/sstatic/people/profileImg/t/5fb438d4-634a-438e-8b4d-5f678e348d16.png,naver_api,2026-08-18
62591,김성호,https://ssl.pstatic.net/sstatic/people/106/201302271412145421.jpg,naver_api,2026-08-18
69098,김성훈,https://ssl.pstatic.net/sstatic/people/173/202103292019283221.png,naver_api,2026-08-18
66462,김성훈,https://ssl.pstatic.net/sstatic/people/182/202003301747273051.png,naver_api,2026-08-18
67762,김성훈,https://ssl.pstatic.net/sstatic/people/102/201902181656048381.png,naver_api,2026-08-18
52514,김세민,https://ssl.pstatic.net/sstatic/people/profileImg/t/ec76b6ac-0d88-4213-a1cb-8cc7a0ed62b9.png,naver_api,2026-08-18
54905,김세훈,https://ssl.pstatic.net/sstatic/people/profileImg/t/dd1d953f-12e2-4058-ab8d-53b096b45958.png,naver_api,2026-08-18
98330,김수경,https://ssl.pstatic.net/sstatic/people/profileImg/t/0c19c6e4-d505-4196-95ab-43228d12a154.png,naver_api,2026-08-18
67900,김수윤,https://ssl.pstatic.net/sstatic/people/profileImg/t/d936bfc4-5d05-4a00-be61-76fcee210797.png,naver_api,2026-08-18
50115,김수인,https://ssl.pstatic.net/sstatic/people/profileImg/t/a7c544de-4c43-47d8-a3b8-5687510db277.png,naver_api,2026-08-18
68346,김수환,https://ssl.pstatic.net/sstatic/people/profileImg/t/ef70ee16-5035-49ca-a76c-6f02bae80bdd.png,naver_api,2026-08-18
68616,김승범,https://ssl.pstatic.net/sstatic/people/7/202004031616584851.png,naver_api,2026-08-18
50711,김승일,https://ssl.pstatic.net/sstatic/people/profileImg/t/d74d1508-69fd-4dc4-a555-ef61e2bb69b7.png,naver_api,2026-08-18
66492,김승현,https://ssl.pstatic.net/sstatic/people/profileImg/t/d94f3807-d477-4411-a8e3-b8c94898e22f.png,naver_api,2026-08-18
73248,김승회,https://ssl.pstatic.net/sstatic/people/70/202003241756427201.png,naver_api,2026-08-18
51303,김시앙,https://ssl.pstatic.net/sstatic/people/profileImg/t/9a1f2429-bbbd-41ed-bab6-fc40380db194.png,naver_api,2026-08-18
67467,김시현,https://ssl.pstatic.net/sstatic/people/profileImg/t/fc08d571-c432-42c5-8e97-026ab9e1aa5e.png,naver_api,2026-08-18
68928,김시훈,https://ssl.pstatic.net/sstatic/people/profileImg/t/e0d05bb8-31dd-4155-9fbc-aaae88937c05.png,naver_api,2026-08-18
54368,김연주,https://ssl.pstatic.net/sstatic/people/profileImg/t/60ea45b5-3c67-4e64-9764-9450f32ace1a.png,naver_api,2026-08-18
77609,김연훈,https://ssl.pstatic.net/sstatic/people/profileImg/t/49bdd923-d479-46f8-8162-6fc3d983ef77.png,naver_api,2026-08-18
68900,김영규,https://ssl.pstatic.net/sstatic/people/profileImg/t/b074aace-350f-45d9-9326-ff274fed3f21.png,naver_api,2026-08-18
55167,김영우,https://ssl.pstatic.net/sstatic/people/profileImg/t/2f9bb429-e2a7-4637-b8ca-ad41a4a920e4.png,naver_api,2026-08-18
52430,김영웅,https://ssl.pstatic.net/sstatic/people/profileImg/t/24990f0a-ddf4-4364-ab6f-4abf8dabe50a.png,naver_api,2026-08-18
68130,김영준,https://ssl.pstatic.net/sstatic/people/profileImg/t/45d8ae63-e342-490a-945a-eb39d1111817.png,naver_api,2026-08-18
51097,김영현,https://ssl.pstatic.net/sstatic/people/profileImg/t/f634c977-a4ad-4ada-b1df-87c7d8cb4001.png,naver_api,2026-08-18
63448,김영환,https://ssl.pstatic.net/sstatic/people/155/202103241956128371.png,naver_api,2026-08-18
78217,김용의,https://ssl.pstatic.net/sstatic/people/profileImg/t/c2c795cd-c425-432f-8bf8-a613da72f27c.png,naver_api,2026-08-18
60764,김용주,https://ssl.pstatic.net/sstatic/people/127/201904051034352171.png,naver_api,2026-08-18
68453,김용하,https://ssl.pstatic.net/sstatic/people/127/202303311716437301.png,naver_api,2026-08-18
61710,김용호,https://ssl.pstatic.net/sstatic/people/117/201104181640206691.bmp,naver_api,2026-08-18
65898,김웅빈,https://ssl.pstatic.net/sstatic/people/profileImg/t/12336daf-0879-49f3-901e-6da25fa56e5d.png,naver_api,2026-08-18
62768,김원석,https://ssl.pstatic.net/sstatic/people/136/20160421142645371.jpg,naver_api,2026-08-18
71207,김원섭,https://ssl.pstatic.net/sstatic/people/portrait/201908/20190801184847701-2840124.jpg,naver_api,2026-08-18
62528,김원중,https://ssl.pstatic.net/sstatic/people/profileImg/t/aabd5c63-dfa5-4eff-bffd-d3f39d688651.png,naver_api,2026-08-18
91848,김원형,https://ssl.pstatic.net/sstatic/people/profileImg/t/8c785d78-d4ed-402e-a605-c9b5e0986479.png,naver_api,2026-08-18
53262,김유성,https://ssl.pstatic.net/sstatic/people/profileImg/t/2b748051-e619-40fa-bb29-131e95492993.png,naver_api,2026-08-18
68659,김유신,https://ssl.pstatic.net/sstatic/people/profileImg/t/48764b5a-c41d-4a09-8a06-93a42c2b5456.png,naver_api,2026-08-18
64596,김유영,https://ssl.pstatic.net/sstatic/people/profileImg/t/513a4065-ac73-4dca-a9ba-7d0fd62d36db.png,naver_api,2026-08-18
62648,김윤동,https://ssl.pstatic.net/sstatic/people/24/202103241948271311.png,naver_api,2026-08-18
50157,김윤식,https://ssl.pstatic.net/sstatic/people/profileImg/t/56fc9b79-facd-4b3e-9720-3b0325951070.png,naver_api,2026-08-18
54319,김윤하,https://ssl.pstatic.net/sstatic/people/profileImg/t/44ae4e36-f763-4c27-ab49-6688be579f60.png,naver_api,2026-08-18
64396,김윤환,https://ssl.pstatic.net/sstatic/people/portrait/202104/20210410165849757.jpg,naver_api,2026-08-18
65304,김은성,https://ssl.pstatic.net/sstatic/people/77/20210331195609551.png,naver_api,2026-08-18
60288,김응민,https://ssl.pstatic.net/sstatic/people/profileImg/t/762a4a23-5e53-4756-bd4d-6417a816637a.png,naver_api,2026-08-18
69367,김인범,https://ssl.pstatic.net/sstatic/people/profileImg/t/e5b390b4-da68-4644-91ce-26a306ebd1fd.png,naver_api,2026-08-18
63257,김인태,https://ssl.pstatic.net/sstatic/people/profileImg/t/ead93b76-7649-43f6-8539-fb938eb5e917.png,naver_api,2026-08-18
66715,김인환,https://ssl.pstatic.net/sstatic/people/profileImg/t/93b89113-fe44-4c2e-b592-666e8a765015.png,naver_api,2026-08-18
97300,김일경,https://ssl.pstatic.net/sstatic/people/profileImg/t/810256b2-31ab-4329-9425-47a02cc1550c.png,naver_api,2026-08-18
68908,김재균,https://ssl.pstatic.net/sstatic/people/60/202304111624431301.png,naver_api,2026-08-18
63125,김재민,https://ssl.pstatic.net/sstatic/people/123/201802051851569631.png,naver_api,2026-08-18
53400,김재상,https://ssl.pstatic.net/sstatic/people/profileImg/t/42dc624d-4b6a-4798-aae6-da04a2db6cb8.png,naver_api,2026-08-18
65132,김재성,https://ssl.pstatic.net/sstatic/people/profileImg/t/3d7cd24f-5cd8-4b6e-a297-8cdf5b41f228.png,naver_api,2026-08-18
64580,김재열,https://ssl.pstatic.net/sstatic/people/profileImg/t/a26e7c35-e8ec-4664-8a63-0357fcf1253b.png,naver_api,2026-08-18
66741,김재영,https://ssl.pstatic.net/sstatic/people/78/202304051119068651.png,naver_api,2026-08-18
67391,김재웅,https://ssl.pstatic.net/sstatic/people/profileImg/t/807f3181-9415-4959-93dd-e1d168346882.png,naver_api,2026-08-18
55043,김재원,https://ssl.pstatic.net/sstatic/people/profileImg/t/45a78f87-4aff-46b6-af38-852aaea7ab04.png,naver_api,2026-08-18
65506,김재유,https://ssl.pstatic.net/sstatic/people/137/202304141756132861.png,naver_api,2026-08-18
65062,김재윤,https://ssl.pstatic.net/sstatic/people/profileImg/t/e1bb78a3-8ae5-460f-a8ac-20011e746433.png,naver_api,2026-08-18
61114,김재율,https://ssl.pstatic.net/sstatic/people/profileImg/t/52ad9b94-ca9a-4d58-b89f-e55fc1c520d8.png,naver_api,2026-08-18
52424,김재혁,https://ssl.pstatic.net/sstatic/people/profileImg/t/e5235ef8-7a5c-46d4-bf64-7089792f7254.png,naver_api,2026-08-18
62332,김재현,https://ssl.pstatic.net/sstatic/people/profileImg/t/a9f96842-c7f3-4dc2-92de-caa756697869.png,naver_api,2026-08-18
64499,김재현,https://ssl.pstatic.net/sstatic/people/31/202303291746005771.png,naver_api,2026-08-18
76869,김재현,https://ssl.pstatic.net/sstatic/people/profileImg/t/ba036cd9-75bf-4ebf-a1dd-d3391a1b8f96.png,naver_api,2026-08-18
74206,김재호,https://ssl.pstatic.net/sstatic/people/profileImg/t/69d74582-5775-4723-977f-c3ca64bb9743.png,naver_api,2026-08-18
78224,김재환,https://ssl.pstatic.net/sstatic/people/profileImg/t/6c34f079-6a8b-43dd-86c6-bd6a8c341b99.png,naver_api,2026-08-18
53865,김정민,https://ssl.pstatic.net/sstatic/people/profileImg/t/fb1d6048-be6f-44f1-a43b-5f4664ba1b1b.png,naver_api,2026-08-18
55646,김정엽,https://ssl.pstatic.net/sstatic/people/profileImg/t/e99affe9-8115-4661-bb14-41646bb0cfaa.png,naver_api,2026-08-18
68830,김정우,https://ssl.pstatic.net/sstatic/people/profileImg/t/51dd40b6-462b-43b0-9e15-34fff108cf1e.png,naver_api,2026-08-18
53029,김정운,https://ssl.pstatic.net/sstatic/people/profileImg/t/939f0524-2875-4a58-bc22-11fe5155b630.png,naver_api,2026-08-18
67504,김정율,https://ssl.pstatic.net/sstatic/people/profileImg/t/c05630bb-5a84-4b0e-8b7e-6d1f3897c200.png,naver_api,2026-08-18
65392,김정인,https://ssl.pstatic.net/sstatic/people/80/202303291846307581.png,naver_api,2026-08-18
61463,김정혁,https://ssl.pstatic.net/sstatic/people/profileImg/t/67e8cc97-5b54-455e-afc4-0682ecb985b5.png,naver_api,2026-08-18
51903,김정호,https://ssl.pstatic.net/sstatic/people/profileImg/t/b6112eed-c6c8-4da0-bfc3-dc0e98a7c1c3.png,naver_api,2026-08-18
61962,김정후,https://ssl.pstatic.net/sstatic/people/110/202103311923171791.png,naver_api,2026-08-18
66392,김종덕,https://ssl.pstatic.net/sstatic/people/53/201902121638077891.png,naver_api,2026-08-18
79364,김종민,https://ssl.pstatic.net/sstatic/people/profileImg/t/e7f23012-b4c6-49a8-813d-946927aa50e8.png,naver_api,2026-08-18
63765,김종수,https://ssl.pstatic.net/sstatic/people/profileImg/t/1a39f1f4-61c2-4d97-974b-367fed2c5e8f.png,naver_api,2026-08-18
55122,김종운,https://ssl.pstatic.net/sstatic/people/profileImg/t/a1363d4a-bcd6-44e4-b4c2-4114538c23a2.png,naver_api,2026-08-18
60032,김종찬,https://ssl.pstatic.net/sstatic/people/177/20130315162442321.jpg,naver_api,2026-08-18
77454,김종호,https://ssl.pstatic.net/sstatic/people/profileImg/t/dcc31290-cd16-463a-a49f-a1c585f913bd.png,naver_api,2026-08-18
62696,김종훈,https://ssl.pstatic.net/sstatic/people/57/201804131555498561.png,naver_api,2026-08-18
66162,김주성,https://ssl.pstatic.net/sstatic/people/profileImg/t/cbc042fe-9dac-485c-94e1-4815e672fbb3.png,naver_api,2026-08-18
65411,김주온,https://ssl.pstatic.net/sstatic/people/profileImg/t/423201c9-c03f-4460-a154-9faea5ac2845.png,naver_api,2026-08-18
52140,김주완,https://ssl.pstatic.net/sstatic/people/profileImg/t/872197b8-f48b-49e3-8380-c25f164aafac.png,naver_api,2026-08-18
51907,김주원,https://ssl.pstatic.net/sstatic/people/profileImg/t/922ad91b-d3aa-4bd3-a652-57ad98b8dabf.png,naver_api,2026-08-18
70410,김주찬,https://ssl.pstatic.net/sstatic/people/profileImg/t/e31ef30d-9bbe-4d86-a5e4-bdd6b711c5c9.png,naver_api,2026-08-18
66859,김주한,https://ssl.pstatic.net/sstatic/people/119/202303311821544861.png,naver_api,2026-08-18
66749,김주현,https://ssl.pstatic.net/sstatic/people/3/202304141757523851.png,naver_api,2026-08-18
77669,김주현,https://ssl.pstatic.net/sstatic/people/112/202103302007598411.png,naver_api,2026-08-18
69306,김주형,https://ssl.pstatic.net/sstatic/people/profileImg/t/5fcf5478-cd9a-4f9e-9279-968b6216d4ad.png,naver_api,2026-08-18
74605,김주형,https://ssl.pstatic.net/sstatic/people/153/201804131600393341.png,naver_api,2026-08-18
55226,김준상,https://ssl.pstatic.net/sstatic/people/profileImg/t/7e48128b-16b2-420b-a68c-9b5b8a3f49f8.png,naver_api,2026-08-18
63920,김준완,https://ssl.pstatic.net/sstatic/people/profileImg/t/61b5406d-7041-4cde-9f78-ab15df0c6466.png,naver_api,2026-08-18
54910,김준원,https://ssl.pstatic.net/sstatic/people/profileImg/t/ebe59f0e-7c40-4bef-9fb2-f51e50f15e36.png,naver_api,2026-08-18
62558,김준태,https://ssl.pstatic.net/sstatic/people/profileImg/t/667b3857-9be7-4203-a72c-b3a3cc04e947.png,naver_api,2026-08-18
51393,김준형,https://ssl.pstatic.net/sstatic/people/profileImg/t/9cd8ff7f-aa70-4c2f-9a6d-a483763937c5.png,naver_api,2026-08-18
56326,김지석,https://ssl.pstatic.net/sstatic/people/profileImg/t/0ef0d46d-b0d6-49fb-a0d5-87d01b14d098.png,naver_api,2026-08-18
62007,김지성,https://ssl.pstatic.net/sstatic/people/81/20180413160143911.png,naver_api,2026-08-18
65503,김지수,https://ssl.pstatic.net/sstatic/people/128/202103292018515151.png,naver_api,2026-08-18
79300,김지수,https://ssl.pstatic.net/sstatic/people/188/202303301204332301.png,naver_api,2026-08-18
78753,김지열,https://ssl.pstatic.net/sstatic/people/28/201803051820197651.png,naver_api,2026-08-18
60181,김지용,https://ssl.pstatic.net/sstatic/people/profileImg/t/eaf8506d-b36d-439b-871c-76c887b14a6a.png,naver_api,2026-08-18
50458,김지찬,https://ssl.pstatic.net/sstatic/people/profileImg/t/535d6cbe-19bd-40d7-8d8d-af5c3b45e586.png,naver_api,2026-08-18
64640,김지훈,https://ssl.pstatic.net/sstatic/people/41/201503161742155861.jpg,naver_api,2026-08-18
63088,김진곤,https://ssl.pstatic.net/sstatic/people/17/20190405120719981.png,naver_api,2026-08-18
75867,김진성,https://ssl.pstatic.net/sstatic/people/profileImg/t/2a48ae98-1c57-40d9-9f22-2d5419a6bc5d.png,naver_api,2026-08-18
51154,김진수,https://ssl.pstatic.net/sstatic/people/profileImg/t/8b352a98-65b8-416e-88e3-94c0247a1c0e.png,naver_api,2026-08-18
67737,김진영,https://ssl.pstatic.net/sstatic/people/65/202103292008046971.png,naver_api,2026-08-18
72641,김진우,https://ssl.pstatic.net/sstatic/people/22/201804131603196871.png,naver_api,2026-08-18
51516,김진욱,https://ssl.pstatic.net/sstatic/people/profileImg/t/1027d271-f10f-4537-ad5b-b95cff661eb3.png,naver_api,2026-08-18
68701,김진욱,https://ssl.pstatic.net/sstatic/people/198/202103292020001171.png,naver_api,2026-08-18
79234,김진형,https://ssl.pstatic.net/sstatic/people/22/201904031208361781.png,naver_api,2026-08-18
67954,김진호,https://ssl.pstatic.net/sstatic/people/profileImg/t/78170405-c9ed-429a-af6a-273744cd6f53.png,naver_api,2026-08-18
66917,김찬형,https://ssl.pstatic.net/sstatic/people/profileImg/t/dbc048ad-8315-40a2-9536-fc74e4c372d8.png,naver_api,2026-08-18
66801,김찬호,https://ssl.pstatic.net/sstatic/people/32/202104151340186101.png,naver_api,2026-08-18
69825,김창평,https://ssl.pstatic.net/sstatic/people/profileImg/t/cb96fc89-bd32-4835-9320-e0b5b6ab18fa.png,naver_api,2026-08-18
60184,김창혁,https://ssl.pstatic.net/sstatic/people/profileImg/0e9dc201-e363-44b8-b0fd-2cd13bfa8012.jpeg,naver_api,2026-08-18
51586,김창훈,https://ssl.pstatic.net/sstatic/people/profileImg/t/c8db243a-0389-4f03-b455-5eb7e000736f.png,naver_api,2026-08-18
74728,김창훈,https://ssl.pstatic.net/sstatic/people/128/201404081126514211.jpg,naver_api,2026-08-18
50992,김태경,https://ssl.pstatic.net/sstatic/people/profileImg/t/c3ec3b10-320b-4e47-8c09-e57d49f5044b.png,naver_api,2026-08-18
78122,김태군,https://ssl.pstatic.net/sstatic/people/profileImg/t/cd99828f-a63f-48e5-973a-1be014db17d2.png,naver_api,2026-08-18
71752,김태균,https://ssl.pstatic.net/sstatic/people/profileImg/9012318f-4c4d-49ef-9505-0f5be7758bb3.jpg,naver_api,2026-08-18
69207,김태근,https://ssl.pstatic.net/sstatic/people/profileImg/t/f735522a-fb05-4154-8e64-0778fe78d917.png,naver_api,2026-08-18
66704,김태연,https://ssl.pstatic.net/sstatic/people/profileImg/t/794e0913-4197-417f-82d4-a73fd6d36260.png,naver_api,2026-08-18
71255,김태영,https://ssl.pstatic.net/sstatic/people/0/201503161837073561.jpg,naver_api,2026-08-18
66064,김태오,https://ssl.pstatic.net/sstatic/people/profileImg/t/370636a8-3b36-4b9a-ac75-20339b3ba1bc.png,naver_api,2026-08-18
76746,김태완,https://ssl.pstatic.net/sstatic/people/profileImg/a820454d-a219-496e-813e-0b5367974c76.jpg,naver_api,2026-08-18
74158,김태완,https://ssl.pstatic.net/sstatic/people/2/201603031803005231.jpg,naver_api,2026-08-18
62927,김태우,https://ssl.pstatic.net/sstatic/people/156/201704111618176791.jpg,naver_api,2026-08-18
67768,김태욱,https://ssl.pstatic.net/sstatic/people/150/202308291035315481.png,naver_api,2026-08-18
52803,김태윤,https://ssl.pstatic.net/sstatic/people/profileImg/t/981745c1-4428-46d8-a949-db4d1ff0d966.png,naver_api,2026-08-18
64984,김태진,https://ssl.pstatic.net/sstatic/people/profileImg/t/f8dbbd10-e890-4226-b94b-fac845c80975.png,naver_api,2026-08-18
76430,김태혁,https://ssl.pstatic.net/sstatic/people/profileImg/t/f3ed6370-84ca-4455-9f8a-5bf65e2f2efe.png,naver_api,2026-08-18
67956,김태현,https://ssl.pstatic.net/sstatic/people/profileImg/t/8c40ea81-f1c5-4d9d-a76b-c33b6fa38f83.png,naver_api,2026-08-18
55566,김태현,https://ssl.pstatic.net/sstatic/people/profileImg/t/970eee9d-6eeb-4fb1-8455-ff010a7b88cf.png,naver_api,2026-08-18
55610,김태형,https://ssl.pstatic.net/sstatic/people/profileImg/t/1ddb2556-2d29-4566-8880-9ac63ff6197f.png,naver_api,2026-08-18
67122,김태형,https://ssl.pstatic.net/sstatic/people/12/202303301545041391.png,naver_api,2026-08-18
62918,김태형,https://ssl.pstatic.net/sstatic/people/3/202307121627272071.jpg,naver_api,2026-08-18
65040,김태훈,https://ssl.pstatic.net/sstatic/people/profileImg/t/13f61f93-546f-49ce-8560-a69e9c1236d2.png,naver_api,2026-08-18
62360,김태훈,https://ssl.pstatic.net/sstatic/people/profileImg/t/9d32b569-93e7-460e-8131-402dbe52aa01.png,naver_api,2026-08-18
55995,김태훈,https://ssl.pstatic.net/sstatic/people/profileImg/t/92c3b6e7-bd79-4619-9760-4f1943460990.png,naver_api,2026-08-18
79847,김태훈,https://ssl.pstatic.net/sstatic/people/6/202303311822504501.png,naver_api,2026-08-18
54263,김택연,https://ssl.pstatic.net/sstatic/people/profileImg/t/5ebb6a9c-2b5b-4f15-a612-069e1ed0f7a7.png,naver_api,2026-08-18
65343,김택형,https://ssl.pstatic.net/sstatic/people/profileImg/t/5f5b8699-3e25-4a8f-8a8f-fd5745b10bc7.png,naver_api,2026-08-18
64300,김하성,https://ssl.pstatic.net/sstatic/people/profileImg/t/07e93404-fdb1-4326-ace1-d7db0b240fd6.png,naver_api,2026-08-18
64960,김학성,https://ssl.pstatic.net/sstatic/people/151/201904041652492161.png,naver_api,2026-08-18
56540,김한결,https://ssl.pstatic.net/sstatic/people/profileImg/t/f7926dea-96dd-4a5f-b8a9-16e3d8fec0de.png,naver_api,2026-08-18
50902,김한별,https://ssl.pstatic.net/sstatic/people/profileImg/t/d4a4a9ca-fd9f-4393-a271-b20f346bab68.png,naver_api,2026-08-18
55221,김한중,https://ssl.pstatic.net/sstatic/people/profileImg/t/9be75be3-d9ac-4f9c-9cd9-84d176f56c03.png,naver_api,2026-08-18
56595,김한홀,https://ssl.pstatic.net/sstatic/people/profileImg/t/1b61291c-9f8e-4532-aa1e-54af95fcfb38.png,naver_api,2026-08-18
65345,김해수,https://ssl.pstatic.net/sstatic/people/72/201802131040445291.png,naver_api,2026-08-18
61404,김헌곤,https://ssl.pstatic.net/sstatic/people/profileImg/t/5e477a16-1531-47c1-81fa-fa5ac7d0dcef.png,naver_api,2026-08-18
77748,김혁민,https://ssl.pstatic.net/sstatic/people/150/201803051407001741.png,naver_api,2026-08-18
76290,김현수,https://ssl.pstatic.net/sstatic/people/profileImg/t/b3342e7c-a43b-4932-b9be-17fbdcb97f30.png,naver_api,2026-08-18
69516,김현수,https://ssl.pstatic.net/sstatic/people/profileImg/t/d3a91f9d-9d1f-416c-946e-2e72e5404189.png,naver_api,2026-08-18
60457,김현우,https://ssl.pstatic.net/sstatic/people/97/201704281420372841.png,naver_api,2026-08-18
54166,김현종,https://ssl.pstatic.net/sstatic/people/profileImg/t/3e23d4ab-6425-4b58-a347-d7bbc0deda40.png,naver_api,2026-08-18
51417,김현준,https://ssl.pstatic.net/sstatic/people/profileImg/t/e723e821-3d9e-45f9-96a2-de238ad9d891.png,naver_api,2026-08-18
66630,김현준,https://ssl.pstatic.net/sstatic/people/85/202203311949032531.png,naver_api,2026-08-18
68912,김형준,https://ssl.pstatic.net/sstatic/people/profileImg/t/ba2d1e08-bbbd-4c3b-ba58-5980d797e83d.png,naver_api,2026-08-18
67304,김혜성,https://ssl.pstatic.net/sstatic/people/profileImg/t/3703aaca-5e8a-427b-ab93-d145d470a6e2.png,naver_api,2026-08-18
65653,김호령,https://ssl.pstatic.net/sstatic/people/profileImg/t/6f7f6d4b-32da-4a7a-8330-56e2650755da.png,naver_api,2026-08-18
66113,김호은,https://ssl.pstatic.net/sstatic/people/57/202203302033052141.png,naver_api,2026-08-18
64407,김호재,https://ssl.pstatic.net/sstatic/people/161/202303311637125751.png,naver_api,2026-08-18
68269,김호준,https://ssl.pstatic.net/sstatic/people/profileImg/t/6a697f72-3ad1-4d5c-bebd-ee51ed9044a2.png,naver_api,2026-08-18
54460,김호진,https://ssl.pstatic.net/sstatic/people/profileImg/t/9a1fe56f-80c0-4569-affc-5bac1198a59e.png,naver_api,2026-08-18
66309,김홍빈,https://ssl.pstatic.net/sstatic/people/44/201702151537172041.jpg,naver_api,2026-08-18
79705,김회성,https://ssl.pstatic.net/sstatic/people/83/202003311702532751.png,naver_api,2026-08-18
51344,김휘집,https://ssl.pstatic.net/sstatic/people/profileImg/t/0cf11a97-7c25-4d93-bbe2-6f14da9787c0.png,naver_api,2026-08-18
66508,나경민,https://ssl.pstatic.net/sstatic/people/profileImg/t/8478dd9f-07f4-4ae7-a1ad-06f15db4fbfe.png,naver_api,2026-08-18
67539,나균안,https://ssl.pstatic.net/sstatic/people/profileImg/t/f4bb2ff1-ee15-4c2a-bab2-36ed986fe9d7.png,naver_api,2026-08-18
62947,나성범,https://ssl.pstatic.net/sstatic/people/profileImg/t/8b8e4c69-b49a-466b-b924-5eb0d8bab671.png,naver_api,2026-08-18
61742,나성용,https://ssl.pstatic.net/sstatic/people/134/202004021624477451.png,naver_api,2026-08-18
51551,나승엽,https://ssl.pstatic.net/sstatic/people/profileImg/t/2e65b152-a081-4227-860e-71e427ffd18a.png,naver_api,2026-08-18
67454,나원탁,https://ssl.pstatic.net/sstatic/people/184/202304141813352161.png,naver_api,2026-08-18
73209,나주환,https://ssl.pstatic.net/sstatic/people/101/20220331203359541.png,naver_api,2026-08-18
78629,나지완,https://ssl.pstatic.net/sstatic/people/profileImg/62a0edb3-effb-48ad-b720-4b6817041fac.jpg,naver_api,2026-08-18
65264,남경호,https://ssl.pstatic.net/sstatic/people/101/2018040415241031.png,naver_api,2026-08-18
67840,남윤성,https://ssl.pstatic.net/sstatic/people/portrait/201403/20140319102032952-9164681.jpg,naver_api,2026-08-18
50720,남지민,https://ssl.pstatic.net/sstatic/people/profileImg/t/66cd08b9-6eb6-4eb6-bd1b-7b4bac72f9b6.png,naver_api,2026-08-18
66052,남태혁,https://ssl.pstatic.net/sstatic/people/21/202104151338302631.png,naver_api,2026-08-18
66660,남하준,https://ssl.pstatic.net/sstatic/people/179/202304061358098981.png,naver_api,2026-08-18
54640,네일,https://ssl.pstatic.net/sstatic/people/profileImg/t/219c8b24-8659-482f-a058-9d2f947e6220.png,naver_api,2026-08-18
62920,노건우,https://ssl.pstatic.net/sstatic/people/5/20230404101603571.png,naver_api,2026-08-18
73211,노경은,https://ssl.pstatic.net/sstatic/people/profileImg/t/99b4adc7-55c2-4751-821d-790c596a86c9.png,naver_api,2026-08-18
66804,노관현,https://ssl.pstatic.net/sstatic/people/35/201804131612502801.png,naver_api,2026-08-18
52833,노바,https://ssl.pstatic.net/sstatic/people/171/202203041012528771.png,naver_api,2026-08-18
63704,노수광,https://ssl.pstatic.net/sstatic/people/127/202304051055095571.png,naver_api,2026-08-18
69737,노시환,https://ssl.pstatic.net/sstatic/people/profileImg/t/b70ba0f1-155a-4a15-b2f5-ed915e03d594.png,naver_api,2026-08-18
69996,노시훈,https://ssl.pstatic.net/sstatic/people/profileImg/t/299afcaa-68f9-4601-90c7-b3fc956728e9.png,naver_api,2026-08-18
52394,노운현,https://ssl.pstatic.net/sstatic/people/profileImg/t/01368de0-9231-48ca-a7f4-27e40452298e.png,naver_api,2026-08-18
78149,노진용,https://ssl.pstatic.net/sstatic/people/18/201301091714535091.jpg,naver_api,2026-08-18
62931,노진혁,https://ssl.pstatic.net/sstatic/people/profileImg/t/125cddc2-d14e-4f77-8698-49101ca35d64.png,naver_api,2026-08-18
64704,노태형,https://ssl.pstatic.net/sstatic/people/11/202103292012321661.png,naver_api,2026-08-18
52637,놀린,https://ssl.pstatic.net/sstatic/people/86/202203311956361621.png,naver_api,2026-08-18
61240,니퍼트,https://ssl.pstatic.net/sstatic/people/profileImg/55a8fec9-f182-44b3-bdfc-057b1415e85b.png,naver_api,2026-08-18
67815,다이아몬드,https://ssl.pstatic.net/sstatic/people/73/201705191139117811.jpg,naver_api,2026-08-18
69861,다익손,https://ssl.pstatic.net/sstatic/people/57/201906141004225281.png,naver_api,2026-08-18
51636,다카하시,https://ssl.pstatic.net/sstatic/people/150/202110280943385201.png,naver_api,2026-08-18
56002,대니엘,https://ssl.pstatic.net/sstatic/people/profileImg/t/895362ab-61a6-421f-a8b6-c3b8c561b93b.png,naver_api,2026-08-18
54804,더거,https://ssl.pstatic.net/sstatic/people/profileImg/t/5749f15c-da23-4977-8dac-71cf7968eeac.png,naver_api,2026-08-18
52950,더모디,https://ssl.pstatic.net/sstatic/people/60/202208261620543061.png,naver_api,2026-08-18
50040,데스파이네,https://ssl.pstatic.net/sstatic/people/94/202203301905013531.png,naver_api,2026-08-18
54944,데이비슨,https://ssl.pstatic.net/sstatic/people/profileImg/t/b302802e-cb99-4d27-b046-a60a7e37bcc7.png,naver_api,2026-08-18
55536,데이비슨,https://ssl.pstatic.net/sstatic/people/profileImg/t/402ed5df-99da-4fb5-b243-c36b53ff18ad.png,naver_api,2026-08-18
56632,데일,https://ssl.pstatic.net/sstatic/people/profileImg/t/1c11c92c-52e7-442e-87ec-b771495177b9.png,naver_api,2026-08-18
53327,도슨,https://ssl.pstatic.net/sstatic/people/profileImg/t/6afd2cb6-9ca9-4570-bc87-5147c02bf95c.png,naver_api,2026-08-18
66965,도태훈,https://ssl.pstatic.net/sstatic/people/profileImg/t/f2d1fe92-120d-4134-871a-23d08ca47d3c.png,naver_api,2026-08-18
68526,듀브론트,https://ssl.pstatic.net/sstatic/people/18/201804061609047571.png,naver_api,2026-08-18
54400,디아즈,https://ssl.pstatic.net/sstatic/people/profileImg/t/dd738262-6948-444c-bf70-6e9ba46ee4d2.png,naver_api,2026-08-18
53233,딜런,https://ssl.pstatic.net/sstatic/people/30/202304041547344811.png,naver_api,2026-08-18
52806,라가레스,https://ssl.pstatic.net/sstatic/people/197/202207281334309531.png,naver_api,2026-08-18
52025,라모스,https://ssl.pstatic.net/sstatic/people/profileImg/t/f9d2392a-a0ac-4b3f-821b-e931da44fca7.png,naver_api,2026-08-18
50165,라모스,https://ssl.pstatic.net/sstatic/people/94/202103251955579471.png,naver_api,2026-08-18
52707,라미레즈,https://ssl.pstatic.net/sstatic/people/4/20220818163312661.png,naver_api,2026-08-18
54666,라우어,https://ssl.pstatic.net/sstatic/people/profileImg/t/3c3c7eca-3acf-4369-91af-4f1eba58a604.png,naver_api,2026-08-18
69439,라이블리,https://ssl.pstatic.net/sstatic/people/profileImg/t/220f9302-3284-4a1c-a41e-7f702604549d.png,naver_api,2026-08-18
50912,라이트,https://ssl.pstatic.net/sstatic/people/182/202205180939326191.png,naver_api,2026-08-18
55903,라일리,https://ssl.pstatic.net/sstatic/people/profileImg/t/c220c802-0280-4a6f-be13-9fb339d1b343.png,naver_api,2026-08-18
50350,러셀,https://ssl.pstatic.net/sstatic/people/107/202303291643237761.png,naver_api,2026-08-18
67450,러프,https://ssl.pstatic.net/sstatic/people/153/202307211601393111.png,naver_api,2026-08-18
67423,레나도,https://ssl.pstatic.net/sstatic/people/71/201704281423516261.png,naver_api,2026-08-18
54443,레예스,https://ssl.pstatic.net/sstatic/people/profileImg/t/be34d6ea-61e2-4c53-a250-6aef0910a098.png,naver_api,2026-08-18
54529,레이예스,https://ssl.pstatic.net/sstatic/people/profileImg/t/d9a05874-01ba-4ff0-824a-0d89ed1b2f5d.png,naver_api,2026-08-18
65546,레일리,https://ssl.pstatic.net/sstatic/people/profileImg/t/014e86dc-c5c8-4fbd-826e-f5fe49176132.png,naver_api,2026-08-18
52547,렉스,https://ssl.pstatic.net/sstatic/people/137/202304141817405691.png,naver_api,2026-08-18
55912,로건,https://ssl.pstatic.net/sstatic/people/profileImg/t/4ef62a58-5981-4bc3-a396-a45ca54079ba.png,naver_api,2026-08-18
52645,로니,https://ssl.pstatic.net/sstatic/people/84/202203312004425821.png,naver_api,2026-08-18
56531,로드리게스,https://ssl.pstatic.net/sstatic/people/profileImg/t/40d9f676-f855-462e-bdd6-adcc439080c2.png,naver_api,2026-08-18
67872,로맥,https://ssl.pstatic.net/sstatic/people/159/202104151318347891.png,naver_api,2026-08-18
66740,로사리오,https://ssl.pstatic.net/sstatic/people/93/201604221039284511.jpg,naver_api,2026-08-18
66050,로위,https://ssl.pstatic.net/sstatic/people/159/201607151021119911.png,naver_api,2026-08-18
65742,로저스,https://ssl.pstatic.net/sstatic/people/70/201803131429132851.png,naver_api,2026-08-18
55322,로젠버그,https://ssl.pstatic.net/sstatic/people/profileImg/t/30637cb1-07cc-470c-a044-7229a634a180.png,naver_api,2026-08-18
67033,로치,https://ssl.pstatic.net/sstatic/people/19/201703081459334311.jpg,naver_api,2026-08-18
51234,로켓,https://ssl.pstatic.net/sstatic/people/44/202103301948285871.png,naver_api,2026-08-18
64302,로티노,https://ssl.pstatic.net/sstatic/people/137/20140404110022321.jpg,naver_api,2026-08-18
67025,로하스,https://ssl.pstatic.net/sstatic/people/profileImg/t/2913b4a4-f948-441d-9f37-9bd8fb7a467c.png,naver_api,2026-08-18
53211,로하스,https://ssl.pstatic.net/sstatic/people/124/202304041545575721.png,naver_api,2026-08-18
52112,루이즈,https://ssl.pstatic.net/sstatic/people/43/202203301936254331.png,naver_api,2026-08-18
69940,루친스키,https://ssl.pstatic.net/sstatic/people/99/20230804164239291.png,naver_api,2026-08-18
53404,류승민,https://ssl.pstatic.net/sstatic/people/profileImg/t/67bb5019-2c73-4a16-a4e9-5f1af64a05e3.png,naver_api,2026-08-18
66615,류승현,https://ssl.pstatic.net/sstatic/people/38/202203311948001711.png,naver_api,2026-08-18
63103,류원석,https://ssl.pstatic.net/sstatic/people/195/202304051050151381.png,naver_api,2026-08-18
76656,류은재,https://ssl.pstatic.net/sstatic/people/15/201503171140441281.jpg,naver_api,2026-08-18
65908,류재인,https://ssl.pstatic.net/sstatic/people/197/201904031403432031.png,naver_api,2026-08-18
63111,류제국,https://ssl.pstatic.net/sstatic/people/58/201802061023219421.png,naver_api,2026-08-18
62234,류지혁,https://ssl.pstatic.net/sstatic/people/profileImg/t/40a93bd8-d2f4-4bd0-98fa-0cf4a87a2e0b.png,naver_api,2026-08-18
65949,류진욱,https://ssl.pstatic.net/sstatic/people/profileImg/t/7cd0a54f-528b-4384-801e-70c43ee9efd2.png,naver_api,2026-08-18
94228,류택현,https://ssl.pstatic.net/sstatic/people/profileImg/t/99555a64-712f-4571-a665-ce29d8554519.png,naver_api,2026-08-18
53036,류현인,https://ssl.pstatic.net/sstatic/people/profileImg/t/0a0a16dd-06e9-4ed5-812c-b6e36febfa7c.png,naver_api,2026-08-18
54219,류현준,https://ssl.pstatic.net/sstatic/people/profileImg/t/14c8957e-44c6-47ba-8351-92773d2fd492.png,naver_api,2026-08-18
76715,류현진,https://ssl.pstatic.net/sstatic/people/profileImg/t/52b2ac06-42a0-4b1d-bcdd-83f5f57f8105.png,naver_api,2026-08-18
64164,류형우,https://ssl.pstatic.net/sstatic/people/profileImg/ae91dc24-e6b1-4529-95f4-f6db71979cf8.jpg,naver_api,2026-08-18
50868,류효승,https://ssl.pstatic.net/sstatic/people/profileImg/t/15ae56de-1da6-4d45-b2a3-158bfd723fb1.png,naver_api,2026-08-18
64029,류희운,https://ssl.pstatic.net/sstatic/people/117/202304051059572351.png,naver_api,2026-08-18
51834,르위키,https://ssl.pstatic.net/sstatic/people/12/202104151038173541.png,naver_api,2026-08-18
55703,리베라토,https://ssl.pstatic.net/sstatic/people/profileImg/t/e5fc7218-d1b8-4902-96f8-daea6b783f9d.png,naver_api,2026-08-18
56146,리오스,https://ssl.pstatic.net/sstatic/people/profileImg/t/3bac6906-31df-46d9-9a8f-4ce5d44793ec.png,naver_api,2026-08-18
65543,린드블럼,https://ssl.pstatic.net/sstatic/people/172/202205032142583391.png,naver_api,2026-08-18
56813,마드리스,https://ssl.pstatic.net/sstatic/people/profileImg/t/cdce05f2-53dd-4a47-9398-0d52c3ddbff6.png,naver_api,2026-08-18
72749,마정길,https://ssl.pstatic.net/sstatic/people/profileImg/t/b3ebe8b0-8f61-4705-bf7a-623f4b4c80a7.png,naver_api,2026-08-18
50506,마차도,https://ssl.pstatic.net/sstatic/people/81/202103302003355041.png,naver_api,2026-08-18
52904,마티니,https://ssl.pstatic.net/sstatic/people/profileImg/t/4d91fb1b-1683-47e0-bb57-d5346c711083.png,naver_api,2026-08-18
69413,맥과이어,https://ssl.pstatic.net/sstatic/people/150/201906051827144191.png,naver_api,2026-08-18
55844,맥브룸,https://ssl.pstatic.net/sstatic/people/profileImg/t/3831030e-43fc-49f9-ab48-c8a5d14927b5.png,naver_api,2026-08-18
66523,맥스웰,https://ssl.pstatic.net/sstatic/people/97/20160720170248501.jpg,naver_api,2026-08-18
53833,맥카티,https://ssl.pstatic.net/sstatic/people/82/20230331182528501.png,naver_api,2026-08-18
54424,맥키넌,https://ssl.pstatic.net/sstatic/people/profileImg/t/1dea0484-3b8a-4c42-a128-cf500dfd6a80.png,naver_api,2026-08-18
53322,맥키니,https://ssl.pstatic.net/sstatic/people/108/202307021320405471.png,naver_api,2026-08-18
67948,맨쉽,https://ssl.pstatic.net/sstatic/people/91/201704111719446521.jpg,naver_api,2026-08-18
53645,메디나,https://ssl.pstatic.net/sstatic/people/183/202304071427326851.png,naver_api,2026-08-18
55342,메르세데스,https://ssl.pstatic.net/sstatic/people/profileImg/t/dc5b65b6-2b50-4148-b1cc-815262e6a219.png,naver_api,2026-08-18
51619,멩덴,https://ssl.pstatic.net/sstatic/people/186/202103241926018421.png,naver_api,2026-08-18
52808,모리만도,https://ssl.pstatic.net/sstatic/people/163/202207281328009381.png,naver_api,2026-08-18
76469,모상기,https://ssl.pstatic.net/sstatic/people/profileImg/123c5f86-0360-4c45-bf22-dffc6b9054c4.jpeg,naver_api,2026-08-18
78813,모창민,https://ssl.pstatic.net/sstatic/people/profileImg/t/2a68c8e3-3b84-41c1-b497-33dcc61134dd.png,naver_api,2026-08-18
53973,목지훈,https://ssl.pstatic.net/sstatic/people/profileImg/t/e78266c2-24a8-4e55-ad4b-b3ba26580556.png,naver_api,2026-08-18
51439,몽고메리,https://ssl.pstatic.net/sstatic/people/175/202107021107592941.png,naver_api,2026-08-18
65643,문경찬,https://ssl.pstatic.net/sstatic/people/79/202304141827321361.png,naver_api,2026-08-18
60845,문광은,https://ssl.pstatic.net/sstatic/people/35/202003201556031441.png,naver_api,2026-08-18
72546,문규현,https://ssl.pstatic.net/sstatic/people/profileImg/t/0de5fc07-df9e-4d34-8596-f7612b110f8b.png,naver_api,2026-08-18
64554,문동욱,https://ssl.pstatic.net/sstatic/people/23/202103292008249461.png,naver_api,2026-08-18
52701,문동주,https://ssl.pstatic.net/sstatic/people/profileImg/t/53a56bae-9af5-4ab1-b4cf-4d0bc4d0b903.png,naver_api,2026-08-18
69102,문보경,https://ssl.pstatic.net/sstatic/people/profileImg/t/a2b4d559-c549-406f-a88e-a865a66cb313.png,naver_api,2026-08-18
67063,문상인,https://ssl.pstatic.net/sstatic/people/profileImg/t/cb1c1711-9a2a-4c3a-80d8-87487782b81f.png,naver_api,2026-08-18
50007,문상준,https://ssl.pstatic.net/sstatic/people/profileImg/t/e51f74e6-fa32-4699-af89-2d5c1812ff86.png,naver_api,2026-08-18
64007,문상철,https://ssl.pstatic.net/sstatic/people/profileImg/t/6af50b36-9f89-4830-b693-9db04d7c6eef.png,naver_api,2026-08-18
60464,문선엽,https://ssl.pstatic.net/sstatic/people/107/201704281424212281.png,naver_api,2026-08-18
79113,문선재,https://ssl.pstatic.net/sstatic/people/123/202103251909521011.png,naver_api,2026-08-18
68119,문성주,https://ssl.pstatic.net/sstatic/people/profileImg/t/9270dbb7-7f8c-4e36-a7a4-20465337f2aa.png,naver_api,2026-08-18
60336,문성현,https://ssl.pstatic.net/sstatic/people/profileImg/t/eb96b77d-1834-41a2-80a8-b418c536cf6e.png,naver_api,2026-08-18
62869,문승원,https://ssl.pstatic.net/sstatic/people/profileImg/t/a15b153e-f602-4c92-a978-3149f8e6073f.png,naver_api,2026-08-18
67419,문용익,https://ssl.pstatic.net/sstatic/people/profileImg/t/3b57fdb8-cb66-4f20-a4ce-dd3c109c9b15.png,naver_api,2026-08-18
61767,문재현,https://ssl.pstatic.net/sstatic/people/117/201902181730323781.png,naver_api,2026-08-18
52121,문정빈,https://ssl.pstatic.net/sstatic/people/profileImg/t/b1f9dcfb-011e-42dc-8092-623e0f898822.png,naver_api,2026-08-18
50365,문찬종,https://ssl.pstatic.net/sstatic/people/profileImg/t/b0a1d6f6-77cc-49d3-bd13-6a5e719918a7.png,naver_api,2026-08-18
53764,문현빈,https://ssl.pstatic.net/sstatic/people/profileImg/t/378708e5-3baa-4194-8e86-3c4bb2032cb6.png,naver_api,2026-08-18
51257,미란다,https://ssl.pstatic.net/sstatic/people/106/202203301938223521.png,naver_api,2026-08-18
56415,미야지,https://ssl.pstatic.net/sstatic/people/profileImg/t/5240fd9e-69d2-4e37-92a7-5ef188437a2e.png,naver_api,2026-08-18
76249,민병헌,https://ssl.pstatic.net/sstatic/people/20/202103301953179611.png,naver_api,2026-08-18
78366,민태호,https://ssl.pstatic.net/sstatic/people/169/201904031405294371.png,naver_api,2026-08-18
54720,바리아,https://ssl.pstatic.net/sstatic/people/profileImg/t/acf03610-c66c-4ecd-8001-b0a4d53e55ca.png,naver_api,2026-08-18
61727,바티스타,https://ssl.pstatic.net/sstatic/people/83/201406241216569721.jpg,naver_api,2026-08-18
55509,박건우,https://ssl.pstatic.net/sstatic/people/profileImg/t/7ebba65b-8590-441c-9fe3-f5c16683c757.png,naver_api,2026-08-18
79215,박건우,https://ssl.pstatic.net/sstatic/people/profileImg/t/b44a211d-36e0-4a3b-8e31-69cc38edc35f.png,naver_api,2026-08-18
55046,박건우,https://ssl.pstatic.net/sstatic/people/profileImg/t/e84c98fc-d0d9-476f-9dcf-7884de0d93a9.png,naver_api,2026-08-18
51645,박건우,https://ssl.pstatic.net/sstatic/people/profileImg/t/e636632e-c850-4b0e-aac2-71cc78c4fac1.png,naver_api,2026-08-18
73113,박경수,https://ssl.pstatic.net/sstatic/people/profileImg/t/81b3d832-977f-4fb4-85be-d39939cadf6a.png,naver_api,2026-08-18
92809,박경완,https://ssl.pstatic.net/sstatic/people/profileImg/t/e8824183-5150-40bb-b7ee-5dab3e5bc689.png,naver_api,2026-08-18
76653,박경태,https://ssl.pstatic.net/sstatic/people/126/20180413162450811.png,naver_api,2026-08-18
64468,박계범,https://ssl.pstatic.net/sstatic/people/profileImg/t/8ffc5689-8ef5-4af2-a083-e29c7b9ae917.png,naver_api,2026-08-18
61893,박계현,https://ssl.pstatic.net/sstatic/people/60/20160307103732571.jpg,naver_api,2026-08-18
55164,박관우,https://ssl.pstatic.net/sstatic/people/profileImg/t/b007551a-37a1-4a35-be5f-a26e3652ed28.png,naver_api,2026-08-18
50397,박관진,https://ssl.pstatic.net/sstatic/people/165/202205301205014591.png,naver_api,2026-08-18
53469,박권후,https://ssl.pstatic.net/sstatic/people/profileImg/t/3b4e1c5b-2f52-4501-831a-dba099e62c4c.png,naver_api,2026-08-18
74630,박근홍,https://ssl.pstatic.net/sstatic/people/101/201904121107574081.png,naver_api,2026-08-18
74103,박기남,https://ssl.pstatic.net/sstatic/people/profileImg/t/c1f06e13-0905-4079-a48e-988f1cb1af72.png,naver_api,2026-08-18
70553,박기혁,https://ssl.pstatic.net/sstatic/people/profileImg/t/b5720ef8-d97d-4686-836e-230a838e09e2.png,naver_api,2026-08-18
54802,박기호,https://ssl.pstatic.net/sstatic/people/profileImg/t/5794c4d9-f1af-4c4f-8fc9-bc70fc3e60e5.png,naver_api,2026-08-18
64944,박대온,https://ssl.pstatic.net/sstatic/people/profileImg/f6b4e508-c965-4ad9-9551-d4c5e3f104c7.jpeg,naver_api,2026-08-18
52994,박동수,https://ssl.pstatic.net/sstatic/people/profileImg/t/3fec7774-3f81-4a90-837f-76ced554aa1b.png,naver_api,2026-08-18
74363,박동욱,https://ssl.pstatic.net/sstatic/people/137/201302271437353681.jpg,naver_api,2026-08-18
79365,박동원,https://ssl.pstatic.net/sstatic/people/profileImg/t/ebd96e3c-45bd-4399-ae17-2c768e6cfa69.png,naver_api,2026-08-18
50563,박로건,https://ssl.pstatic.net/sstatic/people/profileImg/t/c7178986-6466-474e-8b79-8b8d4d514945.png,naver_api,2026-08-18
53139,박명근,https://ssl.pstatic.net/sstatic/people/profileImg/t/4152818a-6cbc-4d2e-ae12-0771b7bdfc38.png,naver_api,2026-08-18
50592,박명현,https://ssl.pstatic.net/sstatic/people/profileImg/t/7a3c7788-7e08-41ef-a288-4a00789bbe40.png,naver_api,2026-08-18
50657,박민,https://ssl.pstatic.net/sstatic/people/profileImg/t/3de9cb72-9207-4dcf-a369-3fc970b09a31.png,naver_api,2026-08-18
79448,박민규,https://ssl.pstatic.net/sstatic/people/42/201704281425138021.png,naver_api,2026-08-18
69056,박민석,https://ssl.pstatic.net/sstatic/people/profileImg/t/762188e1-4454-435a-8c55-5dad9b4a5c74.png,naver_api,2026-08-18
78243,박민석,https://ssl.pstatic.net/sstatic/people/39/20170411161326971.jpg,naver_api,2026-08-18
62907,박민우,https://ssl.pstatic.net/sstatic/people/profileImg/t/7c89b938-6eed-47f4-a870-43859b866c0e.png,naver_api,2026-08-18
53204,박민준,https://ssl.pstatic.net/sstatic/people/profileImg/t/6d3997c8-f1ae-4674-b0f6-9ab734b60517.png,naver_api,2026-08-18
64893,박민호,https://ssl.pstatic.net/sstatic/people/profileImg/t/58f5c45e-1e3d-4c0b-b2b5-c847e6348551.png,naver_api,2026-08-18
54304,박범준,https://ssl.pstatic.net/sstatic/people/profileImg/t/cc1cae00-9fde-4750-a9f0-f14dc4a70a15.png,naver_api,2026-08-18
75125,박병호,https://ssl.pstatic.net/sstatic/people/profileImg/t/793a04f8-38e8-4461-8056-71ef031a6db5.png,naver_api,2026-08-18
66707,박상언,https://ssl.pstatic.net/sstatic/people/profileImg/t/88e9d85e-ab5d-415a-907f-0d69ab8c7ce6.png,naver_api,2026-08-18
67703,박상원,https://ssl.pstatic.net/sstatic/people/profileImg/t/d7e09ffe-4ad2-4ce4-9d4e-7377c506360b.png,naver_api,2026-08-18
52634,박상준,https://ssl.pstatic.net/sstatic/people/profileImg/t/b9005e91-0241-4791-9507-3c40d1ab60aa.png,naver_api,2026-08-18
79657,박상혁,https://ssl.pstatic.net/sstatic/people/186/201704111635278851.jpg,naver_api,2026-08-18
74465,박석민,https://ssl.pstatic.net/sstatic/people/profileImg/t/bd10b97b-00d2-4d08-8d43-877565e0b9e7.png,naver_api,2026-08-18
66556,박선우,https://ssl.pstatic.net/sstatic/people/0/202303311156009081.png,naver_api,2026-08-18
68201,박성모,https://ssl.pstatic.net/sstatic/people/170/202103302054075191.png,naver_api,2026-08-18
65206,박성민,https://ssl.pstatic.net/sstatic/people/39/202004031606014041.png,naver_api,2026-08-18
53305,박성빈,https://ssl.pstatic.net/sstatic/people/profileImg/t/9e2f26c3-7c89-453e-b5c3-5e373c90973a.png,naver_api,2026-08-18
54807,박성빈,https://ssl.pstatic.net/sstatic/people/profileImg/t/a4b6ccd1-176b-4f7a-bd67-f5cf7dc1bb75.png,naver_api,2026-08-18
51298,박성재,https://ssl.pstatic.net/sstatic/people/profileImg/t/294158b6-4af7-4edb-8463-ac2146aa06a0.png,naver_api,2026-08-18
65120,박성준,https://ssl.pstatic.net/sstatic/people/4/202003201701042351.png,naver_api,2026-08-18
67893,박성한,https://ssl.pstatic.net/sstatic/people/profileImg/t/37f48b73-f5a1-439c-9371-fa4e8d695297.png,naver_api,2026-08-18
79760,박성호,https://ssl.pstatic.net/sstatic/people/85/201505211541333371.jpg,naver_api,2026-08-18
64021,박세웅,https://ssl.pstatic.net/sstatic/people/profileImg/t/01d09aee-b3cf-41f7-aa1d-19919f8e0e47.png,naver_api,2026-08-18
65844,박세웅,https://ssl.pstatic.net/sstatic/people/96/202303311650579371.png,naver_api,2026-08-18
62926,박세웅,https://ssl.pstatic.net/sstatic/people/25/201704111656251681.jpg,naver_api,2026-08-18
66047,박세진,https://ssl.pstatic.net/sstatic/people/profileImg/t/2cdaeb46-192a-404f-a169-60dda342342a.png,naver_api,2026-08-18
62244,박세혁,https://ssl.pstatic.net/sstatic/people/profileImg/t/c752ec32-b23c-4779-a684-6766b14f4d4d.png,naver_api,2026-08-18
55568,박세현,https://ssl.pstatic.net/sstatic/people/profileImg/t/21799dc5-208c-4b3c-be3d-41c6b2c5672f.png,naver_api,2026-08-18
63292,박소준,https://ssl.pstatic.net/sstatic/people/profileImg/t/11d96801-e69f-46af-9a2f-6b185c46ffbb.png,naver_api,2026-08-18
52305,박수종,https://ssl.pstatic.net/sstatic/people/profileImg/t/140bfea8-6cdb-4f53-a199-aff58caa0cd0.png,naver_api,2026-08-18
69418,박승규,https://ssl.pstatic.net/sstatic/people/profileImg/t/af6a0821-b8e2-458c-92be-99e171f51aa0.png,naver_api,2026-08-18
62802,박승욱,https://ssl.pstatic.net/sstatic/people/profileImg/t/d3ad79eb-f1ea-4d7b-8713-f6c99ab42790.png,naver_api,2026-08-18
66305,박승주,https://ssl.pstatic.net/sstatic/people/profileImg/t/df77b43f-2a6b-4a4a-821d-ae32589e9a13.png,naver_api,2026-08-18
60559,박시영,https://ssl.pstatic.net/sstatic/people/profileImg/t/3db185f8-1861-4cf7-ac39-552e8928c75b.png,naver_api,2026-08-18
55121,박시원,https://ssl.pstatic.net/sstatic/people/profileImg/t/7fabb744-3700-483d-a176-74823f8fd289.png,naver_api,2026-08-18
50996,박시원,https://ssl.pstatic.net/sstatic/people/profileImg/t/fb0c942b-d5d3-4358-ab70-dfc353a0dfc2.png,naver_api,2026-08-18
50812,박시후,https://ssl.pstatic.net/sstatic/people/profileImg/t/f9a53bfa-1d00-40cc-9c66-6aae5a256b56.png,naver_api,2026-08-18
68249,박신지,https://ssl.pstatic.net/sstatic/people/profileImg/t/630073b4-c17e-4f6d-aad7-9564aecae710.png,naver_api,2026-08-18
50906,박영빈,https://ssl.pstatic.net/sstatic/people/profileImg/t/cedc2144-d738-4ca3-9f34-04dce82cfbac.png,naver_api,2026-08-18
69507,박영완,https://ssl.pstatic.net/sstatic/people/profileImg/t/52f995b8-1240-4f54-b31a-5ec6a830b40c.png,naver_api,2026-08-18
52060,박영현,https://ssl.pstatic.net/sstatic/people/profileImg/t/cfc4f4f9-94b4-4743-9575-b77e6334a332.png,naver_api,2026-08-18
77104,박용근,https://ssl.pstatic.net/sstatic/people/profileImg/t/c5df585a-f935-4c0a-a06f-2f8b878d1209.png,naver_api,2026-08-18
56468,박용재,https://ssl.pstatic.net/sstatic/people/profileImg/t/10d20cc9-4122-4064-b6e6-da41aabaa24d.png,naver_api,2026-08-18
72133,박용택,https://ssl.pstatic.net/sstatic/people/profileImg/b07023e2-8f0a-43a8-8afe-dbf7a4a1209f.png,naver_api,2026-08-18
50205,박웅,https://ssl.pstatic.net/sstatic/people/profileImg/t/30348106-8c99-42d6-a93c-b6af421cd6ba.png,naver_api,2026-08-18
67202,박유연,https://ssl.pstatic.net/sstatic/people/75/202304211753115921.png,naver_api,2026-08-18
77848,박윤,https://ssl.pstatic.net/sstatic/people/101/202304051132359881.png,naver_api,2026-08-18
53301,박윤성,https://ssl.pstatic.net/sstatic/people/profileImg/t/df7fff88-7933-4916-af92-898a8bef91ff.png,naver_api,2026-08-18
69762,박윤철,https://ssl.pstatic.net/sstatic/people/91/202304051108086511.png,naver_api,2026-08-18
63967,박으뜸,https://ssl.pstatic.net/sstatic/people/31/201803301215447561.png,naver_api,2026-08-18
53706,박재규,https://ssl.pstatic.net/sstatic/people/profileImg/t/2a5cf88d-59e2-4db1-ad1d-eecdf656f2ea.png,naver_api,2026-08-18
71857,박재상,https://ssl.pstatic.net/sstatic/people/profileImg/t/9f914ab5-df9a-4a6d-86e8-ad33edbc8c31.png,naver_api,2026-08-18
55563,박재엽,https://ssl.pstatic.net/sstatic/people/profileImg/t/1044a417-60d1-4131-bf87-40615317a8d8.png,naver_api,2026-08-18
64100,박재욱,https://ssl.pstatic.net/sstatic/people/profileImg/f41806fe-3466-4f16-ae6b-89bddf81110b.jpeg,naver_api,2026-08-18
55636,박재현,https://ssl.pstatic.net/sstatic/people/profileImg/t/262726f8-2ede-4157-b959-4180b1db862f.png,naver_api,2026-08-18
74846,박정권,https://ssl.pstatic.net/sstatic/people/profileImg/t/1d0f430d-c872-4e20-a61c-9ddf57bf2372.png,naver_api,2026-08-18
56536,박정민,https://ssl.pstatic.net/sstatic/people/profileImg/t/54512aba-3f86-4f14-ab76-ca285416e0ff.png,naver_api,2026-08-18
75250,박정배,https://ssl.pstatic.net/sstatic/people/profileImg/t/33623f72-e85e-47f2-8138-3d0bc3b66c4c.png,naver_api,2026-08-18
65639,박정수,https://ssl.pstatic.net/sstatic/people/profileImg/t/a069b183-8a7c-406d-ba01-9d4f4ce499d2.png,naver_api,2026-08-18
67609,박정우,https://ssl.pstatic.net/sstatic/people/profileImg/t/3bb661a9-3b50-42a4-92e8-8a833efde5fe.png,naver_api,2026-08-18
62353,박정음,https://ssl.pstatic.net/sstatic/people/profileImg/t/c90bed3b-3b59-4454-ba89-b9f407e9f233.png,naver_api,2026-08-18
61396,박정준,https://ssl.pstatic.net/sstatic/people/120/2022030815215651.png,naver_api,2026-08-18
99737,박정진,https://ssl.pstatic.net/sstatic/people/profileImg/t/af498b9a-a341-4fbf-9806-972cc2f3f5a3.png,naver_api,2026-08-18
50709,박정현,https://ssl.pstatic.net/sstatic/people/profileImg/t/0edfd34f-3fe1-429e-b43a-cce31b7aaa01.png,naver_api,2026-08-18
70408,박정환,https://ssl.pstatic.net/sstatic/people/profileImg/t/0bd79048-33e7-4a88-a491-df53d0e04d4f.png,naver_api,2026-08-18
55394,박정훈,https://ssl.pstatic.net/sstatic/people/profileImg/t/6905a997-e654-42e6-bea1-51166daf37ec.png,naver_api,2026-08-18
62338,박종윤,https://ssl.pstatic.net/sstatic/people/62/201603221909435701.jpg,naver_api,2026-08-18
71562,박종윤,https://ssl.pstatic.net/sstatic/people/191/201705191220235151.png,naver_api,2026-08-18
60841,박종훈,https://ssl.pstatic.net/sstatic/people/profileImg/t/10e3ae8d-92e7-414b-aba7-93ad36b0477a.png,naver_api,2026-08-18
69328,박주성,https://ssl.pstatic.net/sstatic/people/profileImg/t/2d2d620f-ed7b-4e28-b47a-b2e83b732430.png,naver_api,2026-08-18
69900,박주찬,https://ssl.pstatic.net/sstatic/people/profileImg/t/3c4c80f5-a59f-4886-b6ec-3d54d7ae4af8.png,naver_api,2026-08-18
50411,박주혁,https://ssl.pstatic.net/sstatic/people/profileImg/t/e13797a8-74ee-48be-ba94-6bff9a5cba09.png,naver_api,2026-08-18
68097,박주현,https://ssl.pstatic.net/sstatic/people/profileImg/t/8d5422f3-987d-4b1f-8710-54a22a257bed.png,naver_api,2026-08-18
65348,박주현,https://ssl.pstatic.net/sstatic/people/91/202303291843468811.png,naver_api,2026-08-18
50357,박주홍,https://ssl.pstatic.net/sstatic/people/profileImg/t/bcb84da4-8196-4e9d-ad18-12a94813733d.png,naver_api,2026-08-18
70349,박준수,https://ssl.pstatic.net/sstatic/people/profileImg/t/aa8985f4-983c-4612-b078-fd192b61a0a7.png,naver_api,2026-08-18
55252,박준순,https://ssl.pstatic.net/sstatic/people/profileImg/t/5f53136c-d1a6-4156-8418-0055834681b0.png,naver_api,2026-08-18
52731,박준영,https://ssl.pstatic.net/sstatic/people/profileImg/t/f2a4ca71-0517-479b-b164-8c9383d592fe.png,naver_api,2026-08-18
56709,박준영,https://ssl.pstatic.net/sstatic/people/profileImg/t/580e59c5-ab7d-4568-98e7-a205ed2fff92.png,naver_api,2026-08-18
66928,박준영,https://ssl.pstatic.net/sstatic/people/profileImg/t/8f1fba45-8b1b-4667-866d-cfbeaed1cab9.png,naver_api,2026-08-18
54503,박준우,https://ssl.pstatic.net/sstatic/people/profileImg/t/3f0714fb-0693-471d-8555-042aa9157119.png,naver_api,2026-08-18
64657,박준태,https://ssl.pstatic.net/sstatic/people/profileImg/t/7a25286e-1c33-41f9-8fe2-9d33d4d8cef5.png,naver_api,2026-08-18
63638,박준표,https://ssl.pstatic.net/sstatic/people/profileImg/t/809e3e8e-fdb8-408b-b9e1-7e8051569ddf.png,naver_api,2026-08-18
68003,박준혁,https://ssl.pstatic.net/sstatic/people/64/202303311208318371.png,naver_api,2026-08-18
64724,박준혁,https://ssl.pstatic.net/sstatic/people/139/201902191448246701.png,naver_api,2026-08-18
56318,박준현,https://ssl.pstatic.net/sstatic/people/profileImg/t/fb633f47-a072-43d2-a19c-2a173d220e85.png,naver_api,2026-08-18
69363,박준형,https://ssl.pstatic.net/sstatic/people/profileImg/t/fec26054-88fc-49a4-8c7e-a4da5b01b201.png,naver_api,2026-08-18
65136,박지규,https://ssl.pstatic.net/sstatic/people/127/202003201705569581.png,naver_api,2026-08-18
56337,박지성,https://ssl.pstatic.net/sstatic/people/profileImg/t/c2fb2880-f0ed-46e6-b6fc-41a87c8b7609.png,naver_api,2026-08-18
69994,박지한,https://ssl.pstatic.net/sstatic/people/profileImg/t/17e987ac-be41-4880-b915-bfc4b4086b95.png,naver_api,2026-08-18
54213,박지호,https://ssl.pstatic.net/sstatic/people/profileImg/t/b242d378-d3a0-4dc1-a9a5-f02c75242764.png,naver_api,2026-08-18
54805,박지환,https://ssl.pstatic.net/sstatic/people/profileImg/t/7f0f1a01-fceb-4b6a-bdd3-113f43b3c675.png,naver_api,2026-08-18
50204,박지훈,https://ssl.pstatic.net/sstatic/people/profileImg/t/b66a4e03-039f-408e-901f-c4e9eab62119.png,naver_api,2026-08-18
56066,박지훈,https://ssl.pstatic.net/sstatic/people/profileImg/t/afb3485c-5ec0-4c1c-b994-5645e565131e.png,naver_api,2026-08-18
62637,박지훈,https://ssl.pstatic.net/sstatic/people/8/201804131644577011.png,naver_api,2026-08-18
69594,박진,https://ssl.pstatic.net/sstatic/people/profileImg/t/8967bbf2-cef6-486a-8ec6-479a5cbe7747.png,naver_api,2026-08-18
96307,박진만,https://ssl.pstatic.net/sstatic/people/profileImg/t/0ce038af-a6a0-46ab-95bb-de47b2de6e84.png,naver_api,2026-08-18
53411,박진우,https://ssl.pstatic.net/sstatic/people/profileImg/t/7d6c1642-726b-466c-a5ca-4adf0bc8b015.png,naver_api,2026-08-18
63991,박진우,https://ssl.pstatic.net/sstatic/people/160/202103292038244771.png,naver_api,2026-08-18
67646,박진태,https://ssl.pstatic.net/sstatic/people/191/202203312002418201.png,naver_api,2026-08-18
63512,박진형,https://ssl.pstatic.net/sstatic/people/profileImg/t/c08e7318-f314-4d39-a3c3-3c9041113337.png,naver_api,2026-08-18
62409,박찬도,https://ssl.pstatic.net/sstatic/people/profileImg/t/f55a09fd-98b2-4975-b63e-f0ac92963710.png,naver_api,2026-08-18
52348,박찬혁,https://ssl.pstatic.net/sstatic/people/profileImg/t/909f8184-53fa-4c14-9ef9-1dfb86cd5d49.png,naver_api,2026-08-18
55530,박찬형,https://ssl.pstatic.net/sstatic/people/profileImg/t/17d47a30-ae14-4379-9323-a067246ccd4f.png,naver_api,2026-08-18
64646,박찬호,https://ssl.pstatic.net/sstatic/people/profileImg/t/ca2c1750-9c9f-4c77-8e69-8a7b0cfc5f88.png,naver_api,2026-08-18
54303,박채울,https://ssl.pstatic.net/sstatic/people/profileImg/t/bf3845c1-f278-4c01-8a4b-d1dd15173d75.png,naver_api,2026-08-18
67266,박치국,https://ssl.pstatic.net/sstatic/people/profileImg/t/35fe2bed-d6f6-4907-9e4a-352182a29d92.png,naver_api,2026-08-18
56304,박한결,https://ssl.pstatic.net/sstatic/people/profileImg/t/86399153-01b0-48e0-a448-bd164b01b123.png,naver_api,2026-08-18
53992,박한결,https://ssl.pstatic.net/sstatic/people/profileImg/t/24973dc5-9f66-461c-ab79-7b058ad8b965.png,naver_api,2026-08-18
63703,박한결,https://ssl.pstatic.net/sstatic/people/61/202103291944575501.png,naver_api,2026-08-18
64764,박한길,https://ssl.pstatic.net/sstatic/people/175/202003231039395831.png,naver_api,2026-08-18
71432,박한이,https://ssl.pstatic.net/sstatic/people/profileImg/t/97420202-308a-4c34-98ef-98a718c0058a.png,naver_api,2026-08-18
62415,박해민,https://ssl.pstatic.net/sstatic/people/profileImg/t/ff85524d-c67f-4f50-8e86-8d46474145e3.png,naver_api,2026-08-18
55637,박헌,https://ssl.pstatic.net/sstatic/people/profileImg/t/d7f33835-e1d5-4270-a452-bdcf82702eb8.png,naver_api,2026-08-18
79356,박헌도,https://ssl.pstatic.net/sstatic/people/185/201804061634494691.png,naver_api,2026-08-18
62921,박헌욱,https://ssl.pstatic.net/sstatic/people/179/201904031215257971.png,naver_api,2026-08-18
76858,박희수,https://ssl.pstatic.net/sstatic/people/profileImg/t/363bcc13-63db-446e-8a71-216166d3dd42.png,naver_api,2026-08-18
68245,반슬라이크,https://ssl.pstatic.net/sstatic/people/196/201807101630249211.png,naver_api,2026-08-18
52528,반즈,https://ssl.pstatic.net/sstatic/people/profileImg/t/180b1858-3418-4e4c-bc09-df7fd489b20f.png,naver_api,2026-08-18
50730,반즈,https://ssl.pstatic.net/sstatic/people/191/202007281626351881.png,naver_api,2026-08-18
66452,발디리스,https://ssl.pstatic.net/sstatic/people/154/201603111513005991.jpg,naver_api,2026-08-18
54243,발라조빅,https://ssl.pstatic.net/sstatic/people/profileImg/t/a582723f-2f9d-4f3c-aa93-047de4706c63.png,naver_api,2026-08-18
51761,배동현,https://ssl.pstatic.net/sstatic/people/profileImg/t/29a13e9f-7c2a-4cb7-aeb8-317d778dba82.png,naver_api,2026-08-18
60105,배민관,https://ssl.pstatic.net/sstatic/people/162/201802061038072951.png,naver_api,2026-08-18
69974,배민서,https://ssl.pstatic.net/sstatic/people/profileImg/t/165bdabd-0f22-42dd-be1a-2690eea7a619.png,naver_api,2026-08-18
64501,배성근,https://ssl.pstatic.net/sstatic/people/92/202203312026563771.png,naver_api,2026-08-18
53587,배영빈,https://ssl.pstatic.net/sstatic/people/19/202304171147431941.png,naver_api,2026-08-18
79465,배영섭,https://ssl.pstatic.net/sstatic/people/profileImg/t/0dc32887-cc96-4b25-877c-96cb36fe56c8.png,naver_api,2026-08-18
70425,배영수,https://ssl.pstatic.net/sstatic/people/profileImg/t/a0eb5451-45ff-4411-af00-e705ca7a52aa.png,naver_api,2026-08-18
79191,배우열,https://ssl.pstatic.net/sstatic/people/profileImg/t/22cb5bc0-3cf5-4a0d-b6fe-2125e29b4d85.png,naver_api,2026-08-18
76540,배장호,https://ssl.pstatic.net/sstatic/people/181/202003231544346731.png,naver_api,2026-08-18
63145,배재준,https://ssl.pstatic.net/sstatic/people/profileImg/t/b78381e7-d8cd-47c4-970e-e47655c570d5.png,naver_api,2026-08-18
64995,배재환,https://ssl.pstatic.net/sstatic/people/profileImg/t/a8566b2b-4f49-4442-859e-15daa62a245e.png,naver_api,2026-08-18
64166,배정대,https://ssl.pstatic.net/sstatic/people/profileImg/t/045e4179-b7b5-40ec-85c6-4ad78d618e3e.png,naver_api,2026-08-18
65516,배제성,https://ssl.pstatic.net/sstatic/people/profileImg/t/464547db-b2d1-45af-b816-63b950d1e111.png,naver_api,2026-08-18
55455,배찬승,https://ssl.pstatic.net/sstatic/people/profileImg/t/851d1a33-e95f-4138-9d86-1d43059eecad.png,naver_api,2026-08-18
72321,배힘찬,https://ssl.pstatic.net/sstatic/people/187/201706211710042031.png,naver_api,2026-08-18
63559,백동훈,https://ssl.pstatic.net/sstatic/people/136/202103302012225211.png,naver_api,2026-08-18
54507,백두산,https://ssl.pstatic.net/sstatic/people/profileImg/t/95bbfd4f-a7ac-481b-a347-fb1794189b5c.png,naver_api,2026-08-18
60456,백상원,https://ssl.pstatic.net/sstatic/people/134/201804131655591251.png,naver_api,2026-08-18
69839,백승건,https://ssl.pstatic.net/sstatic/people/profileImg/t/3830c760-313c-4108-9b39-5b24d638f2e2.png,naver_api,2026-08-18
75705,백승룡,https://ssl.pstatic.net/sstatic/people/profileImg/t/e8ec728c-a3da-4d10-8d78-2f052f238577.png,naver_api,2026-08-18
64410,백승민,https://ssl.pstatic.net/sstatic/people/100/202103302009199431.png,naver_api,2026-08-18
53298,백승우,https://ssl.pstatic.net/sstatic/people/profileImg/t/e0884832-c97b-430a-ae2b-c24cdb508a7f.png,naver_api,2026-08-18
65109,백승현,https://ssl.pstatic.net/sstatic/people/profileImg/t/304dff07-9876-44a6-8dba-04209a38069b.png,naver_api,2026-08-18
78643,백용환,https://ssl.pstatic.net/sstatic/people/profileImg/t/1f0e5fa9-a24d-4083-bd89-f4ecf6b404ee.png,naver_api,2026-08-18
77446,백정현,https://ssl.pstatic.net/sstatic/people/profileImg/t/a21d6438-02d3-444e-b8cf-b5ea058e2b44.png,naver_api,2026-08-18
60100,백진우,https://ssl.pstatic.net/sstatic/people/profileImg/t/530c1b12-0468-481b-9137-c800173a618b.png,naver_api,2026-08-18
78819,백청훈,https://ssl.pstatic.net/sstatic/people/6/202003231546227591.png,naver_api,2026-08-18
62322,밴헤켄,https://ssl.pstatic.net/sstatic/people/139/20170621141247231.png,naver_api,2026-08-18
67650,버나디나,https://ssl.pstatic.net/sstatic/people/158/201804131615275701.png,naver_api,2026-08-18
69934,버틀러,https://ssl.pstatic.net/sstatic/people/198/2019040417073811.png,naver_api,2026-08-18
56928,버하겐,https://ssl.pstatic.net/sstatic/people/profileImg/t/cdbd7b73-639b-433b-9a33-aa4097f180d8.png,naver_api,2026-08-18
67598,번즈,https://ssl.pstatic.net/sstatic/people/27/202204270809166681.png,naver_api,2026-08-18
56841,베니지아노,https://ssl.pstatic.net/sstatic/people/profileImg/t/8633357b-ab60-4652-aa8b-9b9f4f5a500f.png,naver_api,2026-08-18
68953,베렛,https://ssl.pstatic.net/sstatic/people/171/201803301359226241.png,naver_api,2026-08-18
69950,베탄코트,https://ssl.pstatic.net/sstatic/people/profileImg/t/ca5aec13-4a44-4008-8ed0-91ab1cbf5373.png,naver_api,2026-08-18
52043,벤자민,https://ssl.pstatic.net/sstatic/people/profileImg/t/cfcf78d1-e720-4bad-9b55-8a70e760ee7c.png,naver_api,2026-08-18
55526,벨라스케즈,https://ssl.pstatic.net/sstatic/people/profileImg/t/e0089a50-2103-4180-bb50-7944a5ba44da.png,naver_api,2026-08-18
54808,변건우,https://ssl.pstatic.net/sstatic/people/profileImg/t/5029ac78-7d2e-44be-9693-da68b82eef4b.png,naver_api,2026-08-18
68305,변상권,https://ssl.pstatic.net/sstatic/people/profileImg/t/43b86454-ee2d-4e9e-a2b5-4af488e605d5.png,naver_api,2026-08-18
62263,변시원,https://ssl.pstatic.net/sstatic/people/185/202303291824511711.png,naver_api,2026-08-18
69727,변우혁,https://ssl.pstatic.net/sstatic/people/profileImg/t/45c5ea4f-b089-4347-8b06-bf81021f47be.png,naver_api,2026-08-18
68400,보니야,https://ssl.pstatic.net/sstatic/people/179/201804131700158921.png,naver_api,2026-08-18
56036,보쉴리,https://ssl.pstatic.net/sstatic/people/profileImg/t/3994b025-a7c1-4056-8ee5-441c86973704.png,naver_api,2026-08-18
56402,보스,https://ssl.pstatic.net/sstatic/people/profileImg/t/1d1e9cb4-34c7-498e-8722-e64ac80085db.png,naver_api,2026-08-18
51144,보어,https://ssl.pstatic.net/sstatic/people/191/202108131722392471.png,naver_api,2026-08-18
66226,보우덴,https://ssl.pstatic.net/sstatic/people/11/201704061600319261.jpg,naver_api,2026-08-18
65802,봉민호,https://ssl.pstatic.net/sstatic/people/104/202103301928165021.png,naver_api,2026-08-18
77147,봉중근,https://ssl.pstatic.net/sstatic/people/portrait/201901/20190102223042123-4701181.jpg,naver_api,2026-08-18
50404,뷰캐넌,https://ssl.pstatic.net/sstatic/people/profileImg/t/58749e5f-dccb-4e71-a26e-59e4acca3a60.png,naver_api,2026-08-18
52257,브랜든,https://ssl.pstatic.net/sstatic/people/profileImg/t/55453433-65e3-4e13-8f5a-333614a1651a.png,naver_api,2026-08-18
56322,브룩스,https://ssl.pstatic.net/sstatic/people/profileImg/t/9ab747d9-a6cd-4efe-b0d5-03eab3cc83e8.png,naver_api,2026-08-18
50636,브룩스,https://ssl.pstatic.net/sstatic/people/12/202205022144524811.png,naver_api,2026-08-18
67313,브리검,https://ssl.pstatic.net/sstatic/people/170/202003301546579951.png,naver_api,2026-08-18
56950,블레인,https://ssl.pstatic.net/sstatic/people/profileImg/t/8afbcd85-263c-497d-8276-a9f690f4a551.png,naver_api,2026-08-18
56523,비슬리,https://ssl.pstatic.net/sstatic/people/profileImg/t/aa04c55d-ceda-4d2c-a5f1-0f2ebe7c3f85.png,naver_api,2026-08-18
67742,비야누에바,https://ssl.pstatic.net/sstatic/people/81/201703311102438671.jpg,naver_api,2026-08-18
56032,사우어,https://ssl.pstatic.net/sstatic/people/profileImg/t/25c8d7ef-f263-4ed6-a510-e20939d6885c.png,naver_api,2026-08-18
53714,산체스,https://ssl.pstatic.net/sstatic/people/profileImg/t/e06382bf-da5e-4625-8fb1-2f0b223b89a7.png,naver_api,2026-08-18
53665,산체스,https://ssl.pstatic.net/sstatic/people/29/20230801104605661.png,naver_api,2026-08-18
68815,산체스,https://ssl.pstatic.net/sstatic/people/113/201906201522223321.png,naver_api,2026-08-18
50468,살라디노,https://ssl.pstatic.net/sstatic/people/185/202006162053344251.png,naver_api,2026-08-18
68345,샌즈,https://ssl.pstatic.net/sstatic/people/53/201902121516401971.png,naver_api,2026-08-18
50524,샘슨,https://ssl.pstatic.net/sstatic/people/profileImg/t/593e8422-e4ca-44a1-a447-57b843355236.png,naver_api,2026-08-18
68748,샘슨,https://ssl.pstatic.net/sstatic/people/130/201803051202049031.png,naver_api,2026-08-18
78168,서건창,https://ssl.pstatic.net/sstatic/people/profileImg/t/e68f01d0-cac3-4a76-ae5a-dbdc4b6f010a.png,naver_api,2026-08-18
64759,서균,https://ssl.pstatic.net/sstatic/people/153/202103292014319981.png,naver_api,2026-08-18
66663,서덕원,https://ssl.pstatic.net/sstatic/people/profileImg/t/d4df7050-05e5-447d-80f5-a00fdc399078.png,naver_api,2026-08-18
64896,서동민,https://ssl.pstatic.net/sstatic/people/188/202303311829039841.png,naver_api,2026-08-18
53569,서동욱,https://ssl.pstatic.net/sstatic/people/profileImg/t/4e2e9098-4864-49df-8aaa-e62ad3456723.png,naver_api,2026-08-18
73606,서동욱,https://ssl.pstatic.net/sstatic/people/60/202103242016097651.png,naver_api,2026-08-18
75261,서동환,https://ssl.pstatic.net/sstatic/people/85/202302141356445111.png,naver_api,2026-08-18
69803,서상준,https://ssl.pstatic.net/sstatic/people/profileImg/t/4d73c689-90f9-42db-9ade-016d15d4e585.png,naver_api,2026-08-18
66203,서예일,https://ssl.pstatic.net/sstatic/people/profileImg/t/48de2bb6-3b7d-4dd9-acd9-ccf02d8def5a.png,naver_api,2026-08-18
53309,서유신,https://ssl.pstatic.net/sstatic/people/profileImg/t/18e55e4c-822e-4e1d-ba26-571970ca483a.png,naver_api,2026-08-18
66068,서의태,https://ssl.pstatic.net/sstatic/people/profileImg/t/9f6f0de3-dc1a-48a9-ac8d-ee40ec1e9694.png,naver_api,2026-08-18
78640,서재응,https://ssl.pstatic.net/sstatic/people/profileImg/t/93eae8b6-5b75-4247-b091-0c17e6a68e23.png,naver_api,2026-08-18
69539,서준원,https://ssl.pstatic.net/sstatic/people/52/202203312105358241.png,naver_api,2026-08-18
61895,서진용,https://ssl.pstatic.net/sstatic/people/profileImg/t/e3a830c4-c70b-4180-8aa1-d6c486402eb8.png,naver_api,2026-08-18
69744,서폴드,https://ssl.pstatic.net/sstatic/people/profileImg/t/f0aa5099-d94d-444e-ac7c-953936549520.png,naver_api,2026-08-18
69995,서호철,https://ssl.pstatic.net/sstatic/people/profileImg/t/e28118cf-f26a-499c-a671-66fffcce16f0.png,naver_api,2026-08-18
53560,석상호,https://ssl.pstatic.net/sstatic/people/profileImg/t/e9c9cec6-d1d9-48b6-8761-1ee3231fd815.png,naver_api,2026-08-18
52804,석정우,https://ssl.pstatic.net/sstatic/people/profileImg/t/1b7e9d56-a827-4ac2-a565-e711b039d9c0.png,naver_api,2026-08-18
68159,성동현,https://ssl.pstatic.net/sstatic/people/profileImg/t/58610e22-d276-41c9-bf6f-19e48caaccbe.png,naver_api,2026-08-18
54610,성영탁,https://ssl.pstatic.net/sstatic/people/profileImg/t/38e062f3-d997-4d30-8182-def2b743a5d9.png,naver_api,2026-08-18
79222,성영훈,https://ssl.pstatic.net/sstatic/people/profileImg/7cb15266-1a61-4928-8726-4bea2ae60705.jpeg,naver_api,2026-08-18
62406,성의준,https://ssl.pstatic.net/sstatic/people/157/201704281427503961.png,naver_api,2026-08-18
50109,성재헌,https://ssl.pstatic.net/sstatic/people/profileImg/t/f9baa34e-71bc-46dd-b502-3af6f6c7d3a1.png,naver_api,2026-08-18
63810,세든,https://ssl.pstatic.net/sstatic/people/199/201603071057371721.jpg,naver_api,2026-08-18
56236,세베리노,https://ssl.pstatic.net/sstatic/people/profileImg/t/23c04721-cb9f-40bf-a006-bcbf22d4df06.png,naver_api,2026-08-18
62698,소사,https://ssl.pstatic.net/sstatic/people/89/201906251132113571.png,naver_api,2026-08-18
67962,소이현,https://ssl.pstatic.net/sstatic/people/profileImg/t/8d223692-df1e-46ed-b21e-f04021ebe930.png,naver_api,2026-08-18
52630,소크라테스,https://ssl.pstatic.net/sstatic/people/profileImg/t/d46c303e-94bb-48ce-b886-7d33bf6ed50d.png,naver_api,2026-08-18
50030,소형준,https://ssl.pstatic.net/sstatic/people/profileImg/t/461bb57d-024f-4911-bd04-bf0b0b808ceb.png,naver_api,2026-08-18
63619,손동욱,https://ssl.pstatic.net/sstatic/people/192/201902121533555231.png,naver_api,2026-08-18
69041,손동현,https://ssl.pstatic.net/sstatic/people/profileImg/t/65f40d33-40b3-4b13-b824-b78afc835e60.png,naver_api,2026-08-18
53057,손민석,https://ssl.pstatic.net/sstatic/people/106/202303311109002541.png,naver_api,2026-08-18
51528,손성빈,https://ssl.pstatic.net/sstatic/people/profileImg/t/7f8ef10e-3dab-4afa-aab1-37c8be6919fd.png,naver_api,2026-08-18
75321,손승락,https://ssl.pstatic.net/sstatic/people/profileImg/t/5f8e7d81-fadc-47fc-883b-5543779574fb.png,naver_api,2026-08-18
73213,손시헌,https://ssl.pstatic.net/sstatic/people/profileImg/t/a4d4312a-0c28-4fd2-a395-e16fe7c14a12.png,naver_api,2026-08-18
77532,손아섭,https://ssl.pstatic.net/sstatic/people/profileImg/t/db34f1fa-9f19-456e-8278-324ef97ea645.png,naver_api,2026-08-18
76639,손영민,https://ssl.pstatic.net/sstatic/people/71/20180413170115851.png,naver_api,2026-08-18
76536,손용석,https://ssl.pstatic.net/sstatic/people/profileImg/t/b712d752-5926-435b-971e-4b8ac7357aeb.png,naver_api,2026-08-18
54156,손용준,https://ssl.pstatic.net/sstatic/people/profileImg/t/c6835935-d54c-47dd-bcd1-e9454ba07ecf.png,naver_api,2026-08-18
63914,손정욱,https://ssl.pstatic.net/sstatic/people/profileImg/t/c62761f3-4b6e-4cf7-ba42-3e36b02c695a.png,naver_api,2026-08-18
67143,손주영,https://ssl.pstatic.net/sstatic/people/profileImg/t/b379977c-a781-4bd2-bec4-1dbbe7236186.png,naver_api,2026-08-18
72456,손주인,https://ssl.pstatic.net/sstatic/people/profileImg/t/3df23132-e580-4d74-bbeb-a4e073b77faa.png,naver_api,2026-08-18
54904,손주환,https://ssl.pstatic.net/sstatic/people/profileImg/t/31eded16-1025-4a58-9efd-80407b37b622.png,naver_api,2026-08-18
97103,손지환,https://ssl.pstatic.net/sstatic/people/profileImg/t/6d2d65cc-d507-4b03-b438-5f8cdde966a0.jpg,naver_api,2026-08-18
54363,손현기,https://ssl.pstatic.net/sstatic/people/profileImg/t/9b2c9237-f437-4e55-acb3-51d46a23de57.png,naver_api,2026-08-18
62462,손형준,https://ssl.pstatic.net/sstatic/people/portrait/201303/20130311223637570-8000516.jpg,naver_api,2026-08-18
50150,손호영,https://ssl.pstatic.net/sstatic/people/profileImg/t/5354c627-9c65-4f12-92b4-d5fe08cc9e03.png,naver_api,2026-08-18
55300,손힘찬,https://ssl.pstatic.net/sstatic/people/profileImg/t/339d4b20-dfc2-48b2-b8f1-8fbb11a97961.png,naver_api,2026-08-18
76753,송광민,https://ssl.pstatic.net/sstatic/people/profileImg/fd610d05-9bf0-4098-b593-2f6d419fa6fd.jpg,naver_api,2026-08-18
53105,송대현,https://ssl.pstatic.net/sstatic/people/profileImg/t/7cc0bcf3-a663-4b09-a563-7580aa1154eb.png,naver_api,2026-08-18
69962,송명기,https://ssl.pstatic.net/sstatic/people/profileImg/t/dd0bfd34-3cd5-4527-815d-bf6fd07ad6b5.png,naver_api,2026-08-18
64012,송민섭,https://ssl.pstatic.net/sstatic/people/profileImg/t/4f3ff706-dead-47d4-bba2-e3ab84169894.png,naver_api,2026-08-18
65357,송성문,https://ssl.pstatic.net/sstatic/people/profileImg/t/53951fab-40e8-4efe-9c26-1c033e089766.png,naver_api,2026-08-18
51111,송승기,https://ssl.pstatic.net/sstatic/people/profileImg/t/c08c296c-0c85-4d30-bd32-cf106647284b.png,naver_api,2026-08-18
77591,송승준,https://ssl.pstatic.net/sstatic/people/36/202103302005208691.png,naver_api,2026-08-18
69203,송승환,https://ssl.pstatic.net/sstatic/people/profileImg/t/6964e73d-032a-44ec-a7a7-fb9d1660fc14.png,naver_api,2026-08-18
99314,송신영,https://ssl.pstatic.net/sstatic/people/profileImg/t/63007707-f585-4fd3-bc64-b19cb57a06a1.png,naver_api,2026-08-18
53898,송영진,https://ssl.pstatic.net/sstatic/people/profileImg/t/cbed2c49-215a-4a48-bf4b-11299baa5fc4.png,naver_api,2026-08-18
65362,송우현,https://ssl.pstatic.net/sstatic/people/47/202103312002566451.png,naver_api,2026-08-18
61156,송윤준,https://ssl.pstatic.net/sstatic/people/159/202304051043016041.png,naver_api,2026-08-18
73801,송은범,https://ssl.pstatic.net/sstatic/people/profileImg/t/004f3006-bf72-48eb-aa22-78090fa7bfa6.png,naver_api,2026-08-18
53303,송재선,https://ssl.pstatic.net/sstatic/people/profileImg/t/3dd98e26-3702-4b34-9d36-12e5fe81d65b.png,naver_api,2026-08-18
51594,송재영,https://ssl.pstatic.net/sstatic/people/profileImg/t/b0820b26-cd17-4848-af27-f0dfab22b9f7.png,naver_api,2026-08-18
52391,송정인,https://ssl.pstatic.net/sstatic/people/profileImg/t/be25fd10-42cd-4677-bc22-da6726ddac19.png,naver_api,2026-08-18
60404,송주호,https://ssl.pstatic.net/sstatic/people/160/20180305140251741.png,naver_api,2026-08-18
64469,송준석,https://ssl.pstatic.net/sstatic/people/139/202303311640246131.png,naver_api,2026-08-18
96761,송지만,https://ssl.pstatic.net/sstatic/people/profileImg/t/1b902b70-0d0e-4e00-bdda-53c6f6018a51.png,naver_api,2026-08-18
54394,송지후,https://ssl.pstatic.net/sstatic/people/profileImg/t/d13f067e-3658-4377-84eb-1891d504a7a5.png,naver_api,2026-08-18
68110,송찬의,https://ssl.pstatic.net/sstatic/people/profileImg/t/3b05fdca-f77e-4085-bb40-548a8eaca097.png,naver_api,2026-08-18
74731,송창식,https://ssl.pstatic.net/sstatic/people/129/202003301419208681.png,naver_api,2026-08-18
63791,송창현,https://ssl.pstatic.net/sstatic/people/140/202003261520276901.png,naver_api,2026-08-18
51767,송호정,https://ssl.pstatic.net/sstatic/people/profileImg/t/1ae3940c-1e61-4f36-b2ad-7e06ac29681d.png,naver_api,2026-08-18
67606,송후섭,https://ssl.pstatic.net/sstatic/people/20/202304061412389341.png,naver_api,2026-08-18
52457,수아레즈,https://ssl.pstatic.net/sstatic/people/profileImg/t/842c7e1e-4dfb-426d-92a9-d2465b90b605.png,naver_api,2026-08-18
51136,수아레즈,https://ssl.pstatic.net/sstatic/people/profileImg/t/476ad3c4-fa8c-42ad-8867-763b99a7f58e.png,naver_api,2026-08-18
53040,슐서,https://ssl.pstatic.net/sstatic/people/140/202303311105574981.png,naver_api,2026-08-18
56011,스기모토,https://ssl.pstatic.net/sstatic/people/profileImg/t/1967bdee-7d60-44ac-9445-6ce33eb81339.png,naver_api,2026-08-18
69901,스몰린스키,https://ssl.pstatic.net/sstatic/people/14/201907111855408131.png,naver_api,2026-08-18
53734,스미스,https://ssl.pstatic.net/sstatic/people/profileImg/t/448a3606-adc2-48f7-b0f4-f06c0b37396b.png,naver_api,2026-08-18
51334,스미스,https://ssl.pstatic.net/sstatic/people/164/202103302150201081.png,naver_api,2026-08-18
67935,스크럭스,https://ssl.pstatic.net/sstatic/people/172/20180330122709961.png,naver_api,2026-08-18
54615,스타우트,https://ssl.pstatic.net/sstatic/people/profileImg/t/f69570cf-20dc-45c2-8aae-93a5da920e1e.png,naver_api,2026-08-18
52234,스탁,https://ssl.pstatic.net/sstatic/people/184/202203302004467481.png,naver_api,2026-08-18
55326,스톤,https://ssl.pstatic.net/sstatic/people/profileImg/t/977ec983-5a76-42e6-a487-29896336451f.png,naver_api,2026-08-18
50558,스트레일리,https://ssl.pstatic.net/sstatic/people/31/202304171209086531.png,naver_api,2026-08-18
55013,스티븐슨,https://ssl.pstatic.net/sstatic/people/profileImg/t/b0a22eed-2b6c-47e1-8010-f218bba99a73.png,naver_api,2026-08-18
52557,스파크맨,https://ssl.pstatic.net/sstatic/people/111/202203311939278781.png,naver_api,2026-08-18
54843,시라카와,https://ssl.pstatic.net/sstatic/people/profileImg/t/3b57c041-72a9-4b85-bbb7-df0efcee6240.png,naver_api,2026-08-18
56567,신동건,https://ssl.pstatic.net/sstatic/people/profileImg/t/72f3042e-802e-457f-a37e-c6029c90a473.png,naver_api,2026-08-18
62160,신동훈,https://ssl.pstatic.net/sstatic/people/profileImg/t/6395c80a-9992-4b90-81e2-08438ea923cc.png,naver_api,2026-08-18
65207,신민재,https://ssl.pstatic.net/sstatic/people/profileImg/t/041c9a60-236c-4d50-916e-5d5d09480401.png,naver_api,2026-08-18
68902,신민혁,https://ssl.pstatic.net/sstatic/people/profileImg/t/48b5e218-5523-431d-b069-95814682e963.png,naver_api,2026-08-18
66662,신범수,https://ssl.pstatic.net/sstatic/people/profileImg/t/d6d1a1c2-91ac-4a7e-8400-2a57f507fc23.png,naver_api,2026-08-18
68067,신병률,https://ssl.pstatic.net/sstatic/people/profileImg/t/8856546a-2af1-4b83-8283-9401ad4afc2f.png,naver_api,2026-08-18
62556,신본기,https://ssl.pstatic.net/sstatic/people/105/20230331111614341.png,naver_api,2026-08-18
56808,신상연,https://ssl.pstatic.net/sstatic/people/profileImg/t/750bb388-5df1-43f9-b572-64ec87fc0808.png,naver_api,2026-08-18
64086,신성현,https://ssl.pstatic.net/sstatic/people/45/202304041632296541.png,naver_api,2026-08-18
53989,신성호,https://ssl.pstatic.net/sstatic/people/profileImg/t/4d33b6f3-a622-418d-9ca3-55a5b29ab6df.png,naver_api,2026-08-18
70839,신승현,https://ssl.pstatic.net/sstatic/people/35/201603031806512341.jpg,naver_api,2026-08-18
53919,신영우,https://ssl.pstatic.net/sstatic/people/profileImg/t/2eb3ef37-ad50-499d-aa20-04718f623a40.png,naver_api,2026-08-18
53991,신용석,https://ssl.pstatic.net/sstatic/people/profileImg/t/ebcd5761-c15a-4eb1-9727-6e9b5b39211f.png,naver_api,2026-08-18
72649,신용운,https://ssl.pstatic.net/sstatic/people/41/201412151803037161.jpg,naver_api,2026-08-18
69508,신윤후,https://ssl.pstatic.net/sstatic/people/profileImg/t/ed2b3b20-2fa4-4e26-b1bc-ecefe2e0636c.png,naver_api,2026-08-18
62937,신재영,https://ssl.pstatic.net/sstatic/people/156/202203031412044541.png,naver_api,2026-08-18
75138,신재웅,https://ssl.pstatic.net/sstatic/people/profileImg/t/51b4c379-eebe-43aa-b755-fd2571fa78a0.png,naver_api,2026-08-18
56909,신재인,https://ssl.pstatic.net/sstatic/people/profileImg/t/c4825d48-4b57-4c77-aa24-13e7ef9880f3.png,naver_api,2026-08-18
60140,신정락,https://ssl.pstatic.net/sstatic/people/43/202304171211399331.png,naver_api,2026-08-18
72559,신종길,https://ssl.pstatic.net/sstatic/people/113/201804131707226871.png,naver_api,2026-08-18
50312,신준우,https://ssl.pstatic.net/sstatic/people/profileImg/t/8b540b62-de06-4439-8956-c94036fccc09.png,naver_api,2026-08-18
55860,신지환,https://ssl.pstatic.net/sstatic/people/profileImg/t/683ced8d-e53c-4747-a698-d1a0c5da14b8.png,naver_api,2026-08-18
50758,신지후,https://ssl.pstatic.net/sstatic/people/4/202304041739022541.png,naver_api,2026-08-18
67944,신진호,https://ssl.pstatic.net/sstatic/people/74/201904031205172241.png,naver_api,2026-08-18
52873,신헌민,https://ssl.pstatic.net/sstatic/people/profileImg/t/915ebdbc-e74e-46f1-a7c3-2eb028a417bf.png,naver_api,2026-08-18
76304,신현철,https://ssl.pstatic.net/sstatic/people/110/201703081450409051.jpg,naver_api,2026-08-18
64594,심규범,https://ssl.pstatic.net/sstatic/people/profileImg/741fd675-a25a-4b85-9b1a-9b3e1aec8528.jpg,naver_api,2026-08-18
60636,심동섭,https://ssl.pstatic.net/sstatic/people/146/202103241940402851.png,naver_api,2026-08-18
74167,심수창,https://ssl.pstatic.net/sstatic/people/portrait/202107/20210710220544994.jpg,naver_api,2026-08-18
64006,심우준,https://ssl.pstatic.net/sstatic/people/profileImg/t/fac37df6-6dfa-4748-bb11-685e4ddf7b1b.png,naver_api,2026-08-18
64017,심재민,https://ssl.pstatic.net/sstatic/people/profileImg/t/a17f6947-e6a4-48e7-b1b3-e37b7a3fa21b.png,naver_api,2026-08-18
55438,심재훈,https://ssl.pstatic.net/sstatic/people/profileImg/t/2643e0f5-2207-44cf-86ea-d60821247655.png,naver_api,2026-08-18
61411,심창민,https://ssl.pstatic.net/sstatic/people/profileImg/t/4142528f-ce2f-418c-aad7-4892df899939.png,naver_api,2026-08-18
54306,심휘윤,https://ssl.pstatic.net/sstatic/people/profileImg/t/baa804b3-0d7a-4776-8a3e-69f3d0023719.png,naver_api,2026-08-18
56613,아데를린,https://ssl.pstatic.net/sstatic/people/profileImg/t/d58df2f4-447e-4387-8b52-33cea5e02307.png,naver_api,2026-08-18
68435,아델만,https://ssl.pstatic.net/sstatic/people/22/201804131730015561.png,naver_api,2026-08-18
56801,아빌라,https://ssl.pstatic.net/sstatic/people/profileImg/t/2b765172-4323-4148-996a-ce61d1254f04.png,naver_api,2026-08-18
69530,아수아헤,https://ssl.pstatic.net/sstatic/people/161/201904121337196291.png,naver_api,2026-08-18
50202,안권수,https://ssl.pstatic.net/sstatic/people/68/202304171334329991.png,naver_api,2026-08-18
61215,안규영,https://ssl.pstatic.net/sstatic/people/160/201704061617437021.jpg,naver_api,2026-08-18
64462,안규현,https://ssl.pstatic.net/sstatic/people/159/201804131731202321.png,naver_api,2026-08-18
66864,안상현,https://ssl.pstatic.net/sstatic/people/profileImg/t/0eb78769-dfab-4246-b591-1cf476392ebe.png,naver_api,2026-08-18
63027,안성무,https://ssl.pstatic.net/sstatic/people/40/201804131734439041.png,naver_api,2026-08-18
60713,안승민,https://ssl.pstatic.net/sstatic/people/145/201803051429294681.png,naver_api,2026-08-18
64011,안승한,https://ssl.pstatic.net/sstatic/people/profileImg/t/27bec6cd-9c5a-41ab-ab42-4309624870b0.png,naver_api,2026-08-18
73738,안영명,https://ssl.pstatic.net/sstatic/people/147/202203312016355981.png,naver_api,2026-08-18
76758,안영진,https://ssl.pstatic.net/sstatic/people/portrait/201109/20110912221534440.jpg,naver_api,2026-08-18
68341,안우진,https://ssl.pstatic.net/sstatic/people/profileImg/t/c43578c5-a280-4754-9f22-e745c452a435.png,naver_api,2026-08-18
65115,안익훈,https://ssl.pstatic.net/sstatic/people/profileImg/t/56483171-9b84-4466-b8c1-5074a1dfab90.png,naver_api,2026-08-18
50901,안인산,https://ssl.pstatic.net/sstatic/people/profileImg/t/da331471-e318-4905-873f-2ad4dde36c6d.png,naver_api,2026-08-18
51203,안재석,https://ssl.pstatic.net/sstatic/people/profileImg/t/47e56c8f-de40-4ef0-9041-0b9d1df210b8.png,naver_api,2026-08-18
60865,안정광,https://ssl.pstatic.net/sstatic/people/71/201703081200596381.jpg,naver_api,2026-08-18
66406,안주형,https://ssl.pstatic.net/sstatic/people/profileImg/t/929211d9-461a-4dae-a1bd-2716fb346e86.png,naver_api,2026-08-18
64022,안중열,https://ssl.pstatic.net/sstatic/people/profileImg/t/5679fdae-d68e-4f54-8481-7ed25a35eaf0.png,naver_api,2026-08-18
72463,안지만,https://ssl.pstatic.net/sstatic/people/profileImg/t/7c2062a8-ef29-414e-8d3b-7ec7e52ec382.png,naver_api,2026-08-18
67006,안치영,https://ssl.pstatic.net/sstatic/people/profileImg/t/c10ebf1f-ce12-4ba7-8384-3f674667ddef.png,naver_api,2026-08-18
79608,안치홍,https://ssl.pstatic.net/sstatic/people/profileImg/t/191f62f2-6b44-4bc6-8160-0b2af8b87170.png,naver_api,2026-08-18
74460,안태영,https://ssl.pstatic.net/sstatic/people/126/201301291658329621.jpeg,naver_api,2026-08-18
52001,안현민,https://ssl.pstatic.net/sstatic/people/profileImg/t/702ccdbb-47d1-4251-8e20-e220a8248d23.png,naver_api,2026-08-18
64041,안현준,https://ssl.pstatic.net/sstatic/people/11/202203311904003261.png,naver_api,2026-08-18
54664,알드레드,https://ssl.pstatic.net/sstatic/people/profileImg/t/0a2313bf-d553-43b9-8ac7-1dfca5c79544.png,naver_api,2026-08-18
51004,알몬테,https://ssl.pstatic.net/sstatic/people/34/202103261947191581.png,naver_api,2026-08-18
69045,알칸타라,https://ssl.pstatic.net/sstatic/people/profileImg/t/10539c7c-5a53-4931-9f9d-2c87a5bbd7d5.png,naver_api,2026-08-18
50923,알테어,https://ssl.pstatic.net/sstatic/people/155/202103292115583541.png,naver_api,2026-08-18
52009,알포드,https://ssl.pstatic.net/sstatic/people/85/202303311043363221.png,naver_api,2026-08-18
52308,애플러,https://ssl.pstatic.net/sstatic/people/82/202205301225144841.png,naver_api,2026-08-18
54833,앤더슨,https://ssl.pstatic.net/sstatic/people/profileImg/t/73997254-b399-413a-b35e-44a4ba452b47.png,naver_api,2026-08-18
53664,앤더슨,https://ssl.pstatic.net/sstatic/people/profileImg/t/3d0b0380-26e5-4cfd-a6bf-e45c9c6a0efe.png,naver_api,2026-08-18
62644,앤서니,https://ssl.pstatic.net/sstatic/people/76/202103241947172151.png,naver_api,2026-08-18
54408,양도근,https://ssl.pstatic.net/sstatic/people/profileImg/t/25ff9db9-8929-44b8-a17a-5412182c02f8.png,naver_api,2026-08-18
64153,양석환,https://ssl.pstatic.net/sstatic/people/profileImg/t/5adf7f82-a042-463e-8bee-e8a1027f8471.png,naver_api,2026-08-18
50813,양선률,https://ssl.pstatic.net/sstatic/people/profileImg/t/20090b65-9000-40b6-86ba-9ffb897c6fd8.png,naver_api,2026-08-18
62797,양성우,https://ssl.pstatic.net/sstatic/people/135/202003261415246541.png,naver_api,2026-08-18
69646,양승철,https://ssl.pstatic.net/sstatic/people/profileImg/t/4b617e42-c3ac-4b84-9cbb-acd4f7e306ab.jpg,naver_api,2026-08-18
68002,양승혁,https://ssl.pstatic.net/sstatic/people/48/202303311207133911.png,naver_api,2026-08-18
76459,양영동,https://ssl.pstatic.net/sstatic/people/profileImg/t/3dd42d73-04c8-4810-99ed-7278403edc85.png,naver_api,2026-08-18
56165,양우진,https://ssl.pstatic.net/sstatic/people/profileImg/t/bf534eed-3811-4710-8cb9-70ff7e5dbe0e.png,naver_api,2026-08-18
69403,양우현,https://ssl.pstatic.net/sstatic/people/profileImg/t/ba76fe47-cf01-45c9-a6c1-27ed57838d06.png,naver_api,2026-08-18
64117,양원혁,https://ssl.pstatic.net/sstatic/people/profileImg/6f9e34d9-1e09-4e80-9b92-b6b36a0bad32.jpeg,naver_api,2026-08-18
76232,양의지,https://ssl.pstatic.net/sstatic/people/profileImg/t/4f528c84-0887-4593-94b6-72c73d3b2312.png,naver_api,2026-08-18
55215,양재훈,https://ssl.pstatic.net/sstatic/people/profileImg/t/86e26f58-d335-4ca1-b2c3-06a3429865cf.png,naver_api,2026-08-18
79530,양종민,https://ssl.pstatic.net/sstatic/people/187/202003231609157421.png,naver_api,2026-08-18
67365,양지율,https://ssl.pstatic.net/sstatic/people/profileImg/t/f4f3bd97-af96-40d9-952e-67fa7a69290f.png,naver_api,2026-08-18
50293,양찬열,https://ssl.pstatic.net/sstatic/people/profileImg/t/7323738e-6c23-476e-8c40-43c943461993.png,naver_api,2026-08-18
68415,양창섭,https://ssl.pstatic.net/sstatic/people/profileImg/t/fb94dde9-3ed6-48c6-8b26-b1dbbf695ba7.png,naver_api,2026-08-18
61268,양현,https://ssl.pstatic.net/sstatic/people/profileImg/t/138328c7-b7b7-4252-be2f-2e28915f9299.png,naver_api,2026-08-18
55370,양현종,https://ssl.pstatic.net/sstatic/people/profileImg/t/b8cecb23-98af-46d7-a17f-ca6bbe133b0b.png,naver_api,2026-08-18
77637,양현종,https://ssl.pstatic.net/sstatic/people/profileImg/t/d1cb7945-d4c4-4753-8648-dd6563ef968e.png,naver_api,2026-08-18
75750,양훈,https://ssl.pstatic.net/sstatic/people/5/201603041408497381.jpg,naver_api,2026-08-18
55392,어준서,https://ssl.pstatic.net/sstatic/people/profileImg/t/2054ce69-1be9-48de-b474-abc7fd21f18c.png,naver_api,2026-08-18
65056,엄상백,https://ssl.pstatic.net/sstatic/people/profileImg/t/786cfd38-f689-45e2-8a5b-38f6facade2e.png,naver_api,2026-08-18
55631,엄준현,https://ssl.pstatic.net/sstatic/people/profileImg/t/0cca8fc4-6b15-4ea2-b803-c2e7d3e06a3f.png,naver_api,2026-08-18
62748,엄태용,https://ssl.pstatic.net/sstatic/people/111/201803051207437831.png,naver_api,2026-08-18
53827,에레디아,https://ssl.pstatic.net/sstatic/people/profileImg/t/2ef59b13-1de1-46d9-a313-c6d70f2fb06a.png,naver_api,2026-08-18
56712,에르난데스,https://ssl.pstatic.net/sstatic/people/profileImg/t/981a5944-7be5-4e33-bd17-0ca0bbb18954.png,naver_api,2026-08-18
54119,에르난데스,https://ssl.pstatic.net/sstatic/people/profileImg/t/b0599aa0-0272-4042-8741-cd56e8c84f26.png,naver_api,2026-08-18
66244,에반스,https://ssl.pstatic.net/sstatic/people/0/201704061625267091.jpg,naver_api,2026-08-18
54134,엔스,https://ssl.pstatic.net/sstatic/people/profileImg/t/e73ed1ea-1f35-4152-8a0b-315e72dd9e7c.png,naver_api,2026-08-18
53825,엘리아스,https://ssl.pstatic.net/sstatic/people/profileImg/t/f69f037b-3bb0-471a-ad35-f9363b19f355.png,naver_api,2026-08-18
79825,여건욱,https://ssl.pstatic.net/sstatic/people/profileImg/t/4b8d7bd3-1aaa-4b27-a43d-00d128cc2512.png,naver_api,2026-08-18
54205,여동건,https://ssl.pstatic.net/sstatic/people/profileImg/t/8b2cf5bd-45cd-4f08-a475-91c82eec12c4.png,naver_api,2026-08-18
55393,여동욱,https://ssl.pstatic.net/sstatic/people/profileImg/t/1078d183-4178-4090-9a0e-b6577c18c7c0.png,naver_api,2026-08-18
55339,염승원,https://ssl.pstatic.net/sstatic/people/profileImg/t/f308fffb-a7c9-44c0-95c0-e80328aaf41f.png,naver_api,2026-08-18
68330,예진원,https://ssl.pstatic.net/sstatic/people/profileImg/t/9dab5386-300c-4c08-ab40-deeeb0ea3a52.png,naver_api,2026-08-18
53712,오그레디,https://ssl.pstatic.net/sstatic/people/64/202304051014454751.png,naver_api,2026-08-18
62022,오두철,https://ssl.pstatic.net/sstatic/people/194/201503181159503111.jpg,naver_api,2026-08-18
56464,오러클린,https://ssl.pstatic.net/sstatic/people/profileImg/t/8b692c85-636a-4626-a15d-c579bd0ff54f.png,naver_api,2026-08-18
50208,오명진,https://ssl.pstatic.net/sstatic/people/profileImg/t/ced85a93-73ba-4a69-8a6a-443498d65379.png,naver_api,2026-08-18
53300,오상원,https://ssl.pstatic.net/sstatic/people/profileImg/t/34ad4032-c5f8-4ac8-b747-ca5bc35b884b.png,naver_api,2026-08-18
55005,오서진,https://ssl.pstatic.net/sstatic/people/profileImg/t/f6f24802-ec07-4bc5-aa49-ef956ea68109.png,naver_api,2026-08-18
67116,오석주,https://ssl.pstatic.net/sstatic/people/profileImg/t/916418f4-795c-4eab-90c3-4cdd6c8255ee.png,naver_api,2026-08-18
69636,오선우,https://ssl.pstatic.net/sstatic/people/profileImg/t/3ca015e8-ddc8-44e0-b276-64a2717756b7.png,naver_api,2026-08-18
78756,오선진,https://ssl.pstatic.net/sstatic/people/profileImg/t/5ce749c4-f5e0-4d94-b646-488cdf945366.png,naver_api,2026-08-18
53123,오스틴,https://ssl.pstatic.net/sstatic/people/profileImg/t/ff3f2bc7-4f10-4934-8113-3c93811d2a73.png,naver_api,2026-08-18
75421,오승환,https://ssl.pstatic.net/sstatic/people/profileImg/t/99452e6a-f661-4889-8b87-466413854703.png,naver_api,2026-08-18
68904,오영수,https://ssl.pstatic.net/sstatic/people/profileImg/t/29426631-490e-4e3c-bb53-c133db8ca2d5.png,naver_api,2026-08-18
50859,오원석,https://ssl.pstatic.net/sstatic/people/profileImg/t/fb9b07f1-7103-4d04-af20-79c9796267c9.png,naver_api,2026-08-18
70312,오윤,https://ssl.pstatic.net/sstatic/people/profileImg/t/99f203af-45df-4567-9cba-02e405c64805.png,naver_api,2026-08-18
64504,오윤석,https://ssl.pstatic.net/sstatic/people/profileImg/t/f5d05a48-21fb-45cb-bfb5-e1d0cb9db382.png,naver_api,2026-08-18
67360,오윤성,https://ssl.pstatic.net/sstatic/people/50/202303301108055351.png,naver_api,2026-08-18
51991,오장한,https://ssl.pstatic.net/sstatic/people/profileImg/t/cf0bbcb3-9e2c-464b-b8e0-d7ee4ffd38b8.png,naver_api,2026-08-18
79544,오장훈,https://ssl.pstatic.net/sstatic/people/192/201602291608522731.jpg,naver_api,2026-08-18
56754,오재원,https://ssl.pstatic.net/sstatic/people/profileImg/t/92521ed1-868b-4f9c-8f31-44d2bf035782.png,naver_api,2026-08-18
77248,오재원,https://ssl.pstatic.net/sstatic/people/portrait/202303/20230308115951507.gif,naver_api,2026-08-18
75334,오재일,https://ssl.pstatic.net/sstatic/people/profileImg/t/26e29790-67ed-4c5f-b26a-2667d0f125cf.png,naver_api,2026-08-18
79453,오정복,https://ssl.pstatic.net/sstatic/people/61/201803051836489551.png,naver_api,2026-08-18
68614,오정환,https://ssl.pstatic.net/sstatic/people/profileImg/t/3d569675-6548-4f03-8a72-f156fec8f8ea.png,naver_api,2026-08-18
74359,오주원,https://ssl.pstatic.net/sstatic/people/profileImg/t/bf9a9dcb-f953-4be8-84fd-41a056582d42.png,naver_api,2026-08-18
61743,오준혁,https://ssl.pstatic.net/sstatic/people/profileImg/t/3f1e9c32-ca00-4901-be3c-bef98c0fc716.png,naver_api,2026-08-18
79109,오지환,https://ssl.pstatic.net/sstatic/people/profileImg/t/0e763cc6-b537-4a02-95c6-cac752cf81c9.png,naver_api,2026-08-18
60558,오태곤,https://ssl.pstatic.net/sstatic/people/profileImg/t/d56396bd-80ae-479a-8402-0cba1e391222.png,naver_api,2026-08-18
51996,오태양,https://ssl.pstatic.net/sstatic/people/profileImg/t/f48a8009-cc95-4f4b-b2dc-c9886e056dc9.png,naver_api,2026-08-18
78850,오현근,https://ssl.pstatic.net/sstatic/people/34/201603041116535691.jpg,naver_api,2026-08-18
79293,오현택,https://ssl.pstatic.net/sstatic/people/182/202103302012308001.png,naver_api,2026-08-18
55633,올러,https://ssl.pstatic.net/sstatic/people/profileImg/t/02377379-e4f5-48c1-b005-0cf9e45cefb7.png,naver_api,2026-08-18
54755,와이스,https://ssl.pstatic.net/sstatic/people/profileImg/t/c4089d82-8a4d-41da-8018-1405ffe9ac0b.png,naver_api,2026-08-18
56334,와일스,https://ssl.pstatic.net/sstatic/people/profileImg/t/9dc60c23-d5e7-469b-8780-50c47f592219.png,naver_api,2026-08-18
56719,왕옌청,https://ssl.pstatic.net/sstatic/people/profileImg/t/9e672334-1357-419b-ad09-d4320b1ddb6b.png,naver_api,2026-08-18
68948,왕웨이중,https://ssl.pstatic.net/sstatic/people/44/201803301352255961.png,naver_api,2026-08-18
69343,요키시,https://ssl.pstatic.net/sstatic/people/profileImg/t/51fa5947-cb30-4e05-85b0-3bb4cdd9e7b9.png,naver_api,2026-08-18
74223,용덕한,https://ssl.pstatic.net/sstatic/people/profileImg/t/b70b2a16-f019-4631-9ffe-22578b1cfad4.png,naver_api,2026-08-18
51526,우강훈,https://ssl.pstatic.net/sstatic/people/profileImg/t/9e74c514-867e-4ff6-b1fd-5dfe3496415a.png,naver_api,2026-08-18
73117,우규민,https://ssl.pstatic.net/sstatic/people/profileImg/t/d651daf1-9eb3-49f5-88f9-bd83211de2e0.png,naver_api,2026-08-18
78454,우동균,https://ssl.pstatic.net/sstatic/people/76/201704281432258371.png,naver_api,2026-08-18
54063,원상현,https://ssl.pstatic.net/sstatic/people/profileImg/t/9883a631-9826-4a69-94c8-d26e7b03b03d.png,naver_api,2026-08-18
54307,원성준,https://ssl.pstatic.net/sstatic/people/profileImg/t/72a1b5d4-d0cc-432a-8b7e-85644a1e4037.png,naver_api,2026-08-18
54906,원종해,https://ssl.pstatic.net/sstatic/people/profileImg/t/03ca91a2-1351-43e1-afbd-74843bc094f2.png,naver_api,2026-08-18
54702,원종혁,https://ssl.pstatic.net/sstatic/people/profileImg/t/86365ab3-0951-44d2-9073-daee1b2e79f3.png,naver_api,2026-08-18
76118,원종현,https://ssl.pstatic.net/sstatic/people/profileImg/t/45fc3147-0b77-4eb7-ae3d-5303cf2ecfe7.png,naver_api,2026-08-18
69446,원태인,https://ssl.pstatic.net/sstatic/people/profileImg/t/639e9f38-e872-475f-b680-365f178b2d83.png,naver_api,2026-08-18
67760,원혁재,https://ssl.pstatic.net/sstatic/people/39/202304051121495601.png,naver_api,2026-08-18
64956,웨버,https://ssl.pstatic.net/sstatic/people/93/201406201225556301.jpg,naver_api,2026-08-18
55348,웰스,https://ssl.pstatic.net/sstatic/people/profileImg/t/58aa3b83-f9f5-4541-b069-b58532b68931.png,naver_api,2026-08-18
55645,위즈덤,https://ssl.pstatic.net/sstatic/people/profileImg/t/2df447ac-adef-426d-a6dd-650dc40ecaae.png,naver_api,2026-08-18
69656,윌랜드,https://ssl.pstatic.net/sstatic/people/132/201904031153537091.png,naver_api,2026-08-18
53716,윌리엄스,https://ssl.pstatic.net/sstatic/people/36/202307270944189901.png,naver_api,2026-08-18
69405,윌리엄슨,https://ssl.pstatic.net/sstatic/people/31/201908021643301741.jpg,naver_api,2026-08-18
68135,윌슨,https://ssl.pstatic.net/sstatic/people/189/202003231206377491.png,naver_api,2026-08-18
53546,윌커슨,https://ssl.pstatic.net/sstatic/people/124/202307271430091251.png,naver_api,2026-08-18
61102,유강남,https://ssl.pstatic.net/sstatic/people/profileImg/t/7516e135-350b-412c-ba74-373b4fedea43.png,naver_api,2026-08-18
60164,유경국,https://ssl.pstatic.net/sstatic/people/177/2017042011053901.png,naver_api,2026-08-18
69766,유로결,https://ssl.pstatic.net/sstatic/people/profileImg/t/20198536-2478-4cf5-bd87-fb0bb8abf108.png,naver_api,2026-08-18
62597,유먼,https://ssl.pstatic.net/sstatic/people/181/201504021412371001.jpg,naver_api,2026-08-18
52765,유민,https://ssl.pstatic.net/sstatic/people/profileImg/t/16b32641-11d1-4992-a75e-b9b6a2ef1626.png,naver_api,2026-08-18
62265,유민상,https://ssl.pstatic.net/sstatic/people/profileImg/t/d8b93133-15b6-4c9a-a134-2f2472f6c933.png,naver_api,2026-08-18
52705,유상빈,https://ssl.pstatic.net/sstatic/people/53/202304051030584461.png,naver_api,2026-08-18
64890,유서준,https://ssl.pstatic.net/sstatic/people/129/20220307102802471.png,naver_api,2026-08-18
76322,유선정,https://ssl.pstatic.net/sstatic/people/54/201603041410472181.jpg,naver_api,2026-08-18
67640,유승철,https://ssl.pstatic.net/sstatic/people/profileImg/t/1d9dd426-2ff2-4707-aaa7-f33274cb5769.png,naver_api,2026-08-18
63903,유영준,https://ssl.pstatic.net/sstatic/people/144/202004011541021251.png,naver_api,2026-08-18
50106,유영찬,https://ssl.pstatic.net/sstatic/people/profileImg/t/21be2d59-e3b7-4a5b-8417-77c3e70f9936.png,naver_api,2026-08-18
76757,유원상,https://ssl.pstatic.net/sstatic/people/39/202103291910177031.png,naver_api,2026-08-18
76368,유재신,https://ssl.pstatic.net/sstatic/people/profileImg/t/4cc172bb-72f8-4c4f-9919-021b2da8de66.png,naver_api,2026-08-18
66160,유재유,https://ssl.pstatic.net/sstatic/people/185/20220330205047691.png,naver_api,2026-08-18
66359,유재훈,https://ssl.pstatic.net/sstatic/people/123/201702151518441841.jpg,naver_api,2026-08-18
51013,유준규,https://ssl.pstatic.net/sstatic/people/profileImg/t/a3b80ef8-05df-46d6-b642-d4c8f13aec7d.png,naver_api,2026-08-18
50604,유지성,https://ssl.pstatic.net/sstatic/people/profileImg/t/7f72aa1e-7064-4ebc-83d3-bb6076fd20b8.png,naver_api,2026-08-18
56348,유토,https://ssl.pstatic.net/sstatic/people/profileImg/t/a67cad64-2cb7-4391-83df-c4aead5a187f.png,naver_api,2026-08-18
74339,유한준,https://ssl.pstatic.net/sstatic/people/profileImg/t/59bf6f93-e74d-4604-8c8a-2bf2c7061722.png,naver_api,2026-08-18
79229,유희관,https://ssl.pstatic.net/sstatic/people/portrait/202202/20220221173459582.jpg,naver_api,2026-08-18
54404,육선엽,https://ssl.pstatic.net/sstatic/people/profileImg/t/fa393886-ded9-4d64-b388-c4edb09a6264.png,naver_api,2026-08-18
54064,육청명,https://ssl.pstatic.net/sstatic/people/profileImg/t/64587581-c7ec-4288-a840-d8266b05cedc.png,naver_api,2026-08-18
63936,윤강민,https://ssl.pstatic.net/sstatic/people/33/202003271031366501.png,naver_api,2026-08-18
73750,윤규진,https://ssl.pstatic.net/sstatic/people/profileImg/t/f965ca7c-1de8-4ab4-972e-93d281d8340f.png,naver_api,2026-08-18
75730,윤근영,https://ssl.pstatic.net/sstatic/people/19/201904051104302011.png,naver_api,2026-08-18
72862,윤길현,https://ssl.pstatic.net/sstatic/people/39/201904121128233031.png,naver_api,2026-08-18
63464,윤대경,https://ssl.pstatic.net/sstatic/people/profileImg/t/0c4e73a8-ead5-435c-ac37-57c060f857b5.png,naver_api,2026-08-18
52667,윤도현,https://ssl.pstatic.net/sstatic/people/profileImg/t/37ee5e24-e829-40de-a83e-bd2f6bf7877e.png,naver_api,2026-08-18
52591,윤동희,https://ssl.pstatic.net/sstatic/people/profileImg/t/d7caaa96-e9ac-423d-bb64-6693435bd0a8.png,naver_api,2026-08-18
62242,윤명준,https://ssl.pstatic.net/sstatic/people/profileImg/t/fa1e56f5-2a65-47ae-9af6-9aa1ef7968c8.png,naver_api,2026-08-18
62016,윤병호,https://ssl.pstatic.net/sstatic/people/profileImg/t/93f04104-e445-4b11-b6d5-b0620f8031b1.png,naver_api,2026-08-18
69213,윤산흠,https://ssl.pstatic.net/sstatic/people/profileImg/t/2e18eef8-be3a-40ed-b6cf-3d50c1faf8a2.png,naver_api,2026-08-18
74215,윤석민,https://ssl.pstatic.net/sstatic/people/144/202003311547379871.png,naver_api,2026-08-18
75620,윤석민,https://ssl.pstatic.net/sstatic/people/119/202107091420081171.png,naver_api,2026-08-18
52395,윤석원,https://ssl.pstatic.net/sstatic/people/profileImg/t/e369522c-74be-4b33-96d2-5453ed5819bf.png,naver_api,2026-08-18
67588,윤성빈,https://ssl.pstatic.net/sstatic/people/profileImg/t/ebb0a881-ff8b-4f73-8967-04c5b5ce93f2.png,naver_api,2026-08-18
74454,윤성환,https://ssl.pstatic.net/sstatic/people/124/202006161928562391.png,naver_api,2026-08-18
62537,윤수강,https://ssl.pstatic.net/sstatic/people/profileImg/t/c46d8aa8-37e2-45cc-a5c4-160d77fd5d41.png,naver_api,2026-08-18
53505,윤수녕,https://ssl.pstatic.net/sstatic/people/profileImg/t/ea705744-b640-412e-aea5-a36fe2c58b3e.png,naver_api,2026-08-18
65064,윤수호,https://ssl.pstatic.net/sstatic/people/19/202203302045201031.png,naver_api,2026-08-18
61456,윤영삼,https://ssl.pstatic.net/sstatic/people/88/202003261451221201.png,naver_api,2026-08-18
65405,윤영수,https://ssl.pstatic.net/sstatic/people/185/201704281433276391.png,naver_api,2026-08-18
53613,윤영철,https://ssl.pstatic.net/sstatic/people/profileImg/t/d8a39a11-73fe-4ff1-86f9-558ac39113fd.png,naver_api,2026-08-18
78892,윤요섭,https://ssl.pstatic.net/sstatic/people/profileImg/t/565756d5-f23c-4efd-8135-b207806c0e49.png,naver_api,2026-08-18
68463,윤정빈,https://ssl.pstatic.net/sstatic/people/profileImg/t/022a1fbf-9bfe-4ea3-94cf-ff2fde2542de.png,naver_api,2026-08-18
61652,윤정우,https://ssl.pstatic.net/sstatic/people/50/201906251734496841.png,naver_api,2026-08-18
69399,윤정현,https://ssl.pstatic.net/sstatic/people/profileImg/t/47c2c874-4eef-4c18-afef-571ca2423491.png,naver_api,2026-08-18
50092,윤준혁,https://ssl.pstatic.net/sstatic/people/profileImg/t/cd48602c-d5a6-490d-8e02-0e89d7498df0.png,naver_api,2026-08-18
53296,윤준호,https://ssl.pstatic.net/sstatic/people/profileImg/t/b18f959c-c6c6-47d0-8dd7-cd399be4bd9d.png,naver_api,2026-08-18
68619,윤중현,https://ssl.pstatic.net/sstatic/people/profileImg/t/38fb87a6-c5d9-40c8-a02a-242fae3e7ff1.png,naver_api,2026-08-18
61329,윤지웅,https://ssl.pstatic.net/sstatic/people/35/20190404163709981.png,naver_api,2026-08-18
79198,윤진호,https://ssl.pstatic.net/sstatic/people/profileImg/t/32e75298-445b-4b0f-8c51-52628ba69c9c.png,naver_api,2026-08-18
52867,윤태현,https://ssl.pstatic.net/sstatic/people/profileImg/t/7d3a9222-50a0-434a-851a-85d37b1419b9.png,naver_api,2026-08-18
52202,윤태호,https://ssl.pstatic.net/sstatic/people/profileImg/t/41953121-8ca3-47ee-8fc1-7aeea61a95c5.png,naver_api,2026-08-18
62668,윤해진,https://ssl.pstatic.net/sstatic/people/profileImg/t/6b46582d-4ade-4298-ab7a-3e830cb63d60.png,naver_api,2026-08-18
55396,윤현,https://ssl.pstatic.net/sstatic/people/profileImg/t/f69dfdf9-b4be-42f4-bcc0-8f076afa785a.png,naver_api,2026-08-18
63905,윤형준,https://ssl.pstatic.net/sstatic/people/profileImg/t/2fec83b3-6461-4b07-b728-9581800d1df8.png,naver_api,2026-08-18
63961,윤호솔,https://ssl.pstatic.net/sstatic/people/profileImg/t/e225cd36-f65f-4dde-b529-0f0b46fe3593.png,naver_api,2026-08-18
74838,윤희상,https://ssl.pstatic.net/sstatic/people/145/20200331155159731.png,naver_api,2026-08-18
56006,이강민,https://ssl.pstatic.net/sstatic/people/profileImg/t/cebea18f-ca09-4666-8b2c-42c362d60dec.png,naver_api,2026-08-18
50036,이강준,https://ssl.pstatic.net/sstatic/people/profileImg/t/8dfcea3c-b6e9-47bb-bfaa-2d9c9b984034.png,naver_api,2026-08-18
50819,이거연,https://ssl.pstatic.net/sstatic/people/144/202304181527522071.png,naver_api,2026-08-18
64861,이건욱,https://ssl.pstatic.net/sstatic/people/profileImg/t/32e2f318-2b8e-4fd1-8fc3-e83101765321.png,naver_api,2026-08-18
61569,이경우,https://ssl.pstatic.net/sstatic/people/146/201603041117511971.jpg,naver_api,2026-08-18
69205,이교훈,https://ssl.pstatic.net/sstatic/people/profileImg/t/b5a01e4b-30e6-4626-ab23-b6e1f6422058.png,naver_api,2026-08-18
52868,이기순,https://ssl.pstatic.net/sstatic/people/profileImg/t/a24b5486-2efa-49d3-824c-141b9de37569.png,naver_api,2026-08-18
72860,이대수,https://ssl.pstatic.net/sstatic/people/profileImg/t/5ce1c4be-ebf2-49de-a986-e58cb375a752.png,naver_api,2026-08-18
67008,이대은,https://ssl.pstatic.net/sstatic/people/profileImg/47177b7f-53bb-4a09-ac72-c74b614051e9.jpg,naver_api,2026-08-18
93626,이대진,https://ssl.pstatic.net/sstatic/people/profileImg/t/65e15d9d-14e2-46bc-a905-f0e10d107bf9.png,naver_api,2026-08-18
73153,이대형,https://ssl.pstatic.net/sstatic/people/portrait/202205/20220526175717771.jpg,naver_api,2026-08-18
71564,이대호,https://ssl.pstatic.net/sstatic/people/profileImg/2eda834c-d1bb-4952-9c7f-d1e0c8d08351.jpg,naver_api,2026-08-18
65703,이도윤,https://ssl.pstatic.net/sstatic/people/profileImg/t/b2b4cc41-790c-4a7e-aea7-b0b9699f28f2.png,naver_api,2026-08-18
53615,이도현,https://ssl.pstatic.net/sstatic/people/profileImg/t/6da35718-399a-4eea-851d-3b7b6e03bee6.png,naver_api,2026-08-18
93225,이도형,https://ssl.pstatic.net/sstatic/people/profileImg/t/3ab633b9-be65-4442-af8d-3c7870547030.png,naver_api,2026-08-18
56708,이도훈,https://ssl.pstatic.net/sstatic/people/profileImg/t/f8e2ab08-6c1c-4e52-b739-13aeb73888bd.png,naver_api,2026-08-18
77452,이동걸,https://ssl.pstatic.net/sstatic/people/profileImg/t/c0f5add1-a428-48f1-9e06-5f7427ce51fa.png,naver_api,2026-08-18
62294,이동원,https://ssl.pstatic.net/sstatic/people/11/202203312013201561.png,naver_api,2026-08-18
71118,이동현,https://ssl.pstatic.net/sstatic/people/192/202103231738375081.png,naver_api,2026-08-18
53892,이로운,https://ssl.pstatic.net/sstatic/people/profileImg/t/3944bcef-5478-4e2f-bcfd-9e0f67dc75f6.png,naver_api,2026-08-18
76849,이명기,https://ssl.pstatic.net/sstatic/people/profileImg/t/c573f39d-a41d-4efe-964e-3e8f10bfca91.png,naver_api,2026-08-18
72535,이명우,https://ssl.pstatic.net/sstatic/people/88/201804061731325451.png,naver_api,2026-08-18
52397,이명종,https://ssl.pstatic.net/sstatic/people/profileImg/t/98f87693-2faa-42ca-bda2-24b5a9cadbea.png,naver_api,2026-08-18
52530,이민석,https://ssl.pstatic.net/sstatic/people/profileImg/t/23643f90-adf1-4cd9-8122-43a20fa23949.png,naver_api,2026-08-18
65616,이민우,https://ssl.pstatic.net/sstatic/people/profileImg/t/b8742a2e-028c-4111-bf03-b783d95afc8b.png,naver_api,2026-08-18
55710,이민재,https://ssl.pstatic.net/sstatic/people/profileImg/t/50781e6c-f3f9-4235-a3f3-2e0c2b46c179.png,naver_api,2026-08-18
61194,이민재,https://ssl.pstatic.net/sstatic/people/13/201603041211024041.jpg,naver_api,2026-08-18
53795,이민준,https://ssl.pstatic.net/sstatic/people/profileImg/t/5c80b49a-1bf8-4f06-be28-0372169621ff.png,naver_api,2026-08-18
50126,이민호,https://ssl.pstatic.net/sstatic/people/profileImg/t/8a6e48d7-0358-4a77-a68b-dc4526d1a833.png,naver_api,2026-08-18
51110,이믿음,https://ssl.pstatic.net/sstatic/people/profileImg/t/699c766a-e4db-40c9-8c41-a7aa29296378.png,naver_api,2026-08-18
78119,이범준,https://ssl.pstatic.net/sstatic/people/192/201803301054045981.png,naver_api,2026-08-18
70756,이범호,https://ssl.pstatic.net/sstatic/people/profileImg/t/074973fc-6388-4d55-a3cc-c4c9a8eda435.png,naver_api,2026-08-18
67363,이병규,https://ssl.pstatic.net/sstatic/people/profileImg/t/7fe7686d-6d85-41db-85f7-c19df428e681.png,naver_api,2026-08-18
76100,이병규,https://ssl.pstatic.net/sstatic/people/profileImg/t/28c3f671-dd16-4bf8-beee-2ba5b361bf93.png,naver_api,2026-08-18
97109,이병규,https://ssl.pstatic.net/sstatic/people/profileImg/t/7b91baa9-030c-4678-be5f-443a40bab96f.png,naver_api,2026-08-18
69428,이병헌,https://ssl.pstatic.net/sstatic/people/profileImg/t/bd64fb71-0783-4504-b8be-0d697b048723.png,naver_api,2026-08-18
52204,이병헌,https://ssl.pstatic.net/sstatic/people/profileImg/t/f7abdb4d-283d-46c2-9c6b-1d4944a5c831.png,naver_api,2026-08-18
75342,이보근,https://ssl.pstatic.net/sstatic/people/182/202103292042216021.png,naver_api,2026-08-18
65117,이상규,https://ssl.pstatic.net/sstatic/people/profileImg/t/d5ac75e8-23e6-4786-864a-5dc795752dd6.png,naver_api,2026-08-18
69054,이상동,https://ssl.pstatic.net/sstatic/people/profileImg/t/786564c8-1e6b-49d3-8a63-09756de72cb4.png,naver_api,2026-08-18
63960,이상민,https://ssl.pstatic.net/sstatic/people/profileImg/t/f5ecb867-9e32-464d-b522-c92101f4141a.png,naver_api,2026-08-18
96720,이상열,https://ssl.pstatic.net/sstatic/people/117/201302271804049371.jpg,naver_api,2026-08-18
69168,이상영,https://ssl.pstatic.net/sstatic/people/profileImg/t/ff069bdf-f493-48fd-992b-1866ad9c07e8.png,naver_api,2026-08-18
52063,이상우,https://ssl.pstatic.net/sstatic/people/profileImg/t/7c49a415-86d3-4319-b458-6575e4411a8b.png,naver_api,2026-08-18
52704,이상혁,https://ssl.pstatic.net/sstatic/people/profileImg/t/c52782aa-14f8-4351-bb2a-80d91b709dc8.png,naver_api,2026-08-18
60566,이상호,https://ssl.pstatic.net/sstatic/people/124/202303311115021801.png,naver_api,2026-08-18
77563,이상화,https://ssl.pstatic.net/sstatic/people/60/202005221604058761.png,naver_api,2026-08-18
74647,이상화,https://ssl.pstatic.net/sstatic/people/profileImg/t/76f29a3d-ef0b-44c8-ac6e-fb19d72ed4e1.png,naver_api,2026-08-18
60724,이상훈,https://ssl.pstatic.net/sstatic/people/profileImg/t/2cf79ec1-39bd-4ccd-b1e7-f7e5f48b265b.png,naver_api,2026-08-18
78847,이상훈,https://ssl.pstatic.net/sstatic/people/129/20080725104358321.jpg,naver_api,2026-08-18
55224,이선우,https://ssl.pstatic.net/sstatic/people/profileImg/t/14cc268d-f738-414d-ae20-f25970706532.png,naver_api,2026-08-18
69068,이선우,https://ssl.pstatic.net/sstatic/people/profileImg/t/885309e8-e380-486e-a806-7063d5828fd9.png,naver_api,2026-08-18
54595,이선우,https://ssl.pstatic.net/sstatic/people/profileImg/t/459e24e8-451e-40f9-a92a-e2c5884cda68.png,naver_api,2026-08-18
64266,이성곤,https://ssl.pstatic.net/sstatic/people/profileImg/t/def79633-d875-403e-850c-2b36993733b2.png,naver_api,2026-08-18
66409,이성규,https://ssl.pstatic.net/sstatic/people/profileImg/t/4da986a3-08c1-4dd2-acdd-6b57ef9d65e5.png,naver_api,2026-08-18
63935,이성민,https://ssl.pstatic.net/sstatic/people/24/201603081724103951.png,naver_api,2026-08-18
73136,이성열,https://ssl.pstatic.net/sstatic/people/profileImg/t/b2bc6374-522f-406e-8921-24f5d7039201.png,naver_api,2026-08-18
71184,이성우,https://ssl.pstatic.net/sstatic/people/26/202203302136268401.png,naver_api,2026-08-18
55632,이성원,https://ssl.pstatic.net/sstatic/people/profileImg/t/d89e73d6-df13-45ca-a65a-986c100ca42b.png,naver_api,2026-08-18
60198,이성진,https://ssl.pstatic.net/sstatic/people/191/201403242202082041.jpg,naver_api,2026-08-18
64464,이수민,https://ssl.pstatic.net/sstatic/people/44/202203081527362631.png,naver_api,2026-08-18
94310,이숭용,https://ssl.pstatic.net/sstatic/people/profileImg/t/1d3a2dbb-f3ac-447c-899d-d370f5c8a5df.png,naver_api,2026-08-18
68797,이승관,https://ssl.pstatic.net/sstatic/people/profileImg/t/2b5596f0-093b-4565-bf56-83643102d70e.png,naver_api,2026-08-18
50464,이승민,https://ssl.pstatic.net/sstatic/people/profileImg/t/7fd182c0-b48b-4b13-bb78-7f5fb57c020c.png,naver_api,2026-08-18
54806,이승민,https://ssl.pstatic.net/sstatic/people/profileImg/t/c8413acc-a209-499f-aa43-a89a2b2e34e8.png,naver_api,2026-08-18
68211,이승민,https://ssl.pstatic.net/sstatic/people/173/202003241519174431.png,naver_api,2026-08-18
95436,이승엽,https://ssl.pstatic.net/sstatic/people/profileImg/3633612a-2f2c-4e5a-a63e-85dd048ac0ae.jpeg,naver_api,2026-08-18
53302,이승원,https://ssl.pstatic.net/sstatic/people/profileImg/t/c8c94d1b-e1b0-4bc4-ae17-d85cd6f55786.png,naver_api,2026-08-18
51668,이승재,https://ssl.pstatic.net/sstatic/people/profileImg/t/301e7a4a-d0cc-4fdb-ae94-a61a3cd9b05c.png,naver_api,2026-08-18
74346,이승주,https://ssl.pstatic.net/sstatic/people/193/201202081105386571.jpg,naver_api,2026-08-18
64805,이승진,https://ssl.pstatic.net/sstatic/people/profileImg/t/77fea82d-4727-47d6-ab0d-e27950c3ad4b.png,naver_api,2026-08-18
68529,이승헌,https://ssl.pstatic.net/sstatic/people/profileImg/t/88db17e4-ed2f-4b95-b61f-2ce2807444d6.png,naver_api,2026-08-18
68910,이승헌,https://ssl.pstatic.net/sstatic/people/44/202103292043438021.png,naver_api,2026-08-18
60146,이승현,https://ssl.pstatic.net/sstatic/people/profileImg/t/0076f96c-2546-4bf0-9914-2420a3e6c59e.png,naver_api,2026-08-18
51454,이승현,https://ssl.pstatic.net/sstatic/people/profileImg/t/a73177a2-cb1b-4a3e-8a13-586c6d8d4974.png,naver_api,2026-08-18
55712,이승현,https://ssl.pstatic.net/sstatic/people/profileImg/t/c8fb1718-7e62-4ef1-883c-a082063a6553.png,naver_api,2026-08-18
67603,이승호,https://ssl.pstatic.net/sstatic/people/profileImg/t/d51f6f08-2551-43ec-a534-9d754f82bfc4.png,naver_api,2026-08-18
99137,이승호,https://ssl.pstatic.net/sstatic/people/profileImg/t/736f2bc7-1280-48de-b5ef-897804083796.png,naver_api,2026-08-18
66702,이시원,https://ssl.pstatic.net/sstatic/people/26/202303311157387561.png,naver_api,2026-08-18
73725,이양기,https://ssl.pstatic.net/sstatic/people/profileImg/65b7dac4-80bc-47a9-8022-1d68e28a7cb2.jpg,naver_api,2026-08-18
51100,이영빈,https://ssl.pstatic.net/sstatic/people/profileImg/t/5dfabdef-64d0-49b2-a9b9-515ab56f6695.png,naver_api,2026-08-18
74650,이영수,https://ssl.pstatic.net/sstatic/people/profileImg/t/a013c8ba-8970-4e77-b8a9-788e40b40e01.png,naver_api,2026-08-18
78467,이영욱,https://ssl.pstatic.net/sstatic/people/profileImg/t/b12b1917-950c-4825-939b-2518ed094d43.png,naver_api,2026-08-18
73825,이영욱,https://ssl.pstatic.net/sstatic/people/profileImg/t/ca046897-3c3a-4acb-a43e-638809f9af28.png,naver_api,2026-08-18
55503,이영재,https://ssl.pstatic.net/sstatic/people/profileImg/t/6cf57094-0360-431e-845c-14cc5cebc5f8.png,naver_api,2026-08-18
64051,이영준,https://ssl.pstatic.net/sstatic/people/151/202303291834449461.png,naver_api,2026-08-18
66291,이영하,https://ssl.pstatic.net/sstatic/people/profileImg/t/5ddde340-3769-4b8a-a62c-c3f897bbf4b8.png,naver_api,2026-08-18
74163,이용규,https://ssl.pstatic.net/sstatic/people/profileImg/t/557a1776-8798-4442-9a2b-02b273f055b3.png,naver_api,2026-08-18
51948,이용준,https://ssl.pstatic.net/sstatic/people/profileImg/t/4c029c59-1e92-4ca0-8010-ce01d74085b5.png,naver_api,2026-08-18
77211,이용찬,https://ssl.pstatic.net/sstatic/people/profileImg/t/2c5ac259-5a5b-474d-9036-ee0583f13dbd.png,naver_api,2026-08-18
77253,이용호,https://ssl.pstatic.net/sstatic/people/170/201704061707359851.jpg,naver_api,2026-08-18
70434,이용훈,https://ssl.pstatic.net/sstatic/people/profileImg/t/3e276c41-7e7a-46ef-b62b-d29fb12c4b12.png,naver_api,2026-08-18
71565,이우민,https://ssl.pstatic.net/sstatic/people/102/201903271119228001.jpg,naver_api,2026-08-18
65964,이우석,https://ssl.pstatic.net/sstatic/people/profileImg/t/e28e4c25-7f19-4e79-a161-98646e467df9.png,naver_api,2026-08-18
63260,이우성,https://ssl.pstatic.net/sstatic/people/profileImg/t/921714df-5ab5-490f-a941-8a9e5964a4fb.png,naver_api,2026-08-18
61145,이우찬,https://ssl.pstatic.net/sstatic/people/profileImg/t/2f8aa9ed-50ad-469e-a9d6-901dd2968566.png,naver_api,2026-08-18
68700,이원석,https://ssl.pstatic.net/sstatic/people/profileImg/t/f5c222dd-79b3-41b1-8f64-81f53f4fb61b.png,naver_api,2026-08-18
75566,이원석,https://ssl.pstatic.net/sstatic/people/profileImg/t/b516d624-d607-4000-abf6-c79ba75fe8a4.png,naver_api,2026-08-18
52295,이원재,https://ssl.pstatic.net/sstatic/people/profileImg/t/3e9c57b5-5980-4a16-acba-f9fb04465b9b.png,naver_api,2026-08-18
62025,이원재,https://ssl.pstatic.net/sstatic/people/119/202103292107482351.png,naver_api,2026-08-18
77229,이원재,https://ssl.pstatic.net/sstatic/people/165/201804041518386611.png,naver_api,2026-08-18
67863,이원준,https://ssl.pstatic.net/sstatic/people/profileImg/t/1692ada1-6e88-49dc-a187-117b80603ca8.png,naver_api,2026-08-18
67207,이유찬,https://ssl.pstatic.net/sstatic/people/profileImg/t/fd5d6ee4-5615-43c0-a619-683c3cbf67be.png,naver_api,2026-08-18
63137,이윤학,https://ssl.pstatic.net/sstatic/people/portrait/202301/2023012400111736.jpg,naver_api,2026-08-18
55832,이율예,https://ssl.pstatic.net/sstatic/people/profileImg/t/0447c070-9aff-4a26-b05e-597ea2cd0d24.png,naver_api,2026-08-18
64602,이은총,https://ssl.pstatic.net/sstatic/people/49/202004031226059051.png,naver_api,2026-08-18
51648,이의리,https://ssl.pstatic.net/sstatic/people/profileImg/t/8202211a-1760-4dce-ab77-af67499fc681.png,naver_api,2026-08-18
56503,이이무라,https://ssl.pstatic.net/sstatic/people/profileImg/t/e537be0b-d087-477e-9ba8-88dbaedf01bb.png,naver_api,2026-08-18
64565,이인복,https://ssl.pstatic.net/sstatic/people/profileImg/t/1788d7ad-eb88-473c-b4c0-bc85a77502ca.png,naver_api,2026-08-18
50608,이인한,https://ssl.pstatic.net/sstatic/people/profileImg/t/8bffd83c-3bf8-4f1b-a6be-9a04ef04973b.png,naver_api,2026-08-18
60648,이인행,https://ssl.pstatic.net/sstatic/people/profileImg/t/754a2f2d-4ac9-4aad-b07d-489614a7cfbc.jpg,naver_api,2026-08-18
68901,이인혁,https://ssl.pstatic.net/sstatic/people/53/202304111538432791.png,naver_api,2026-08-18
77566,이재곤,https://ssl.pstatic.net/sstatic/people/119/201705191409411301.png,naver_api,2026-08-18
67092,이재근,https://ssl.pstatic.net/sstatic/people/154/202005211711079591.png,naver_api,2026-08-18
52715,이재민,https://ssl.pstatic.net/sstatic/people/117/202304051035293061.png,naver_api,2026-08-18
54305,이재상,https://ssl.pstatic.net/sstatic/people/profileImg/t/e3d33eb9-ecd3-42c6-8cec-8f6807e92648.png,naver_api,2026-08-18
67993,이재용,https://ssl.pstatic.net/sstatic/people/profileImg/t/1732d4ea-ec4d-4c00-965c-42d66c256e35.png,naver_api,2026-08-18
71260,이재우,https://ssl.pstatic.net/sstatic/people/50/201603071714098471.jpg,naver_api,2026-08-18
68106,이재원,https://ssl.pstatic.net/sstatic/people/profileImg/t/1981d70e-deef-407c-9c2a-37200788c21b.png,naver_api,2026-08-18
56005,이재원,https://ssl.pstatic.net/sstatic/people/profileImg/t/86a5c041-d72c-4c1a-b782-269b40a83ab7.png,naver_api,2026-08-18
76812,이재원,https://ssl.pstatic.net/sstatic/people/profileImg/t/f715064c-e54f-4b2e-bb2d-c241e74a5da5.png,naver_api,2026-08-18
66968,이재율,https://ssl.pstatic.net/sstatic/people/121/202103292109259881.png,naver_api,2026-08-18
63492,이재익,https://ssl.pstatic.net/sstatic/people/profileImg/t/aaeb1800-d7de-4ce8-8ab5-5268e0904445.png,naver_api,2026-08-18
60263,이재학,https://ssl.pstatic.net/sstatic/people/profileImg/t/3bb18fee-c77d-40c9-9c1d-138029afbf2a.png,naver_api,2026-08-18
52415,이재현,https://ssl.pstatic.net/sstatic/people/profileImg/t/7f746957-436e-4a65-aa55-71eefe6b7fb5.png,naver_api,2026-08-18
51307,이재홍,https://ssl.pstatic.net/sstatic/people/180/202303291705506671.png,naver_api,2026-08-18
51460,이재희,https://ssl.pstatic.net/sstatic/people/profileImg/t/89cf2e81-8b52-47fb-bb30-f963dfd24e36.png,naver_api,2026-08-18
61557,이정담,https://ssl.pstatic.net/sstatic/people/148/20180406174050501.png,naver_api,2026-08-18
72551,이정민,https://ssl.pstatic.net/sstatic/people/94/201903271347096501.jpg,naver_api,2026-08-18
67807,이정범,https://ssl.pstatic.net/sstatic/people/profileImg/t/1c08df22-de1d-48a3-9f1d-0eb118abd2c8.png,naver_api,2026-08-18
74402,이정식,https://ssl.pstatic.net/sstatic/people/profileImg/t/d4b78575-d285-4f0a-aeb1-cb3a61392173.png,naver_api,2026-08-18
69134,이정용,https://ssl.pstatic.net/sstatic/people/profileImg/t/7379cf52-47ee-4756-86d6-d91d79cdf7ad.png,naver_api,2026-08-18
67048,이정현,https://ssl.pstatic.net/sstatic/people/profileImg/t/9eb80cef-0790-48d9-93a2-e23577efab3d.png,naver_api,2026-08-18
61262,이정호,https://ssl.pstatic.net/sstatic/people/29/201704061712125691.jpg,naver_api,2026-08-18
71433,이정호,https://ssl.pstatic.net/sstatic/people/profileImg/t/c68e0afa-e779-47f0-858b-7f5fb7293f1e.png,naver_api,2026-08-18
67341,이정후,https://ssl.pstatic.net/sstatic/people/profileImg/t/e808236a-281b-41cc-a33a-1afa05f12c41.png,naver_api,2026-08-18
67644,이정훈,https://ssl.pstatic.net/sstatic/people/profileImg/t/a599004e-eba6-4136-8c2d-62e8d692c45d.png,naver_api,2026-08-18
50354,이종민,https://ssl.pstatic.net/sstatic/people/profileImg/t/e395bb84-515a-43bf-b8c3-a01efd655bb1.png,naver_api,2026-08-18
93607,이종범,https://ssl.pstatic.net/sstatic/people/profileImg/t/244f9631-8891-4f6e-ad48-a7f26ea42c97.png,naver_api,2026-08-18
65661,이종석,https://ssl.pstatic.net/sstatic/people/59/202004031459373781.png,naver_api,2026-08-18
73339,이종욱,https://ssl.pstatic.net/sstatic/people/profileImg/t/3913fd45-94c2-40b2-a42e-e16ece7d5017.png,naver_api,2026-08-18
50904,이종준,https://ssl.pstatic.net/sstatic/people/profileImg/t/ae6c97bc-229a-4074-89a5-de8bd2f2664e.png,naver_api,2026-08-18
60667,이종환,https://ssl.pstatic.net/sstatic/people/125/201603031709158281.jpg,naver_api,2026-08-18
50262,이주엽,https://ssl.pstatic.net/sstatic/people/profileImg/t/90721889-4dea-4205-8d40-cc44049a835e.png,naver_api,2026-08-18
51560,이주찬,https://ssl.pstatic.net/sstatic/people/profileImg/t/a72c7a9b-6603-417b-b145-33cc58d0352c.png,naver_api,2026-08-18
52154,이주헌,https://ssl.pstatic.net/sstatic/people/profileImg/t/c8304a0b-a245-4900-89b4-1b2e53968cdc.png,naver_api,2026-08-18
51302,이주형,https://ssl.pstatic.net/sstatic/people/profileImg/t/c5d3e3df-b4a1-40e3-b118-f27ac91bc7d6.png,naver_api,2026-08-18
50167,이주형,https://ssl.pstatic.net/sstatic/people/profileImg/t/d36cf440-3213-4828-8f87-e084e96b8e90.png,naver_api,2026-08-18
51702,이준기,https://ssl.pstatic.net/sstatic/people/profileImg/t/1a337695-4be0-4245-b408-8d9b02592c1f.png,naver_api,2026-08-18
56554,이준서,https://ssl.pstatic.net/sstatic/people/profileImg/t/a9383f3c-06ac-4e1a-b86e-32448050eaf7.png,naver_api,2026-08-18
77654,이준수,https://ssl.pstatic.net/sstatic/people/profileImg/t/61d9b644-b8f3-4d9b-b92f-be0aa07bfd40.png,naver_api,2026-08-18
65665,이준영,https://ssl.pstatic.net/sstatic/people/profileImg/t/208095c3-7364-4c3e-bdf0-6f44c896bc4d.png,naver_api,2026-08-18
55301,이준우,https://ssl.pstatic.net/sstatic/people/profileImg/t/0f101e1f-4bfe-4997-80e6-20fa0d9054a3.png,naver_api,2026-08-18
52992,이준혁,https://ssl.pstatic.net/sstatic/people/profileImg/t/0f92ff97-e809-4788-9075-2be8a59a6899.png,naver_api,2026-08-18
62463,이준형,https://ssl.pstatic.net/sstatic/people/74/202203312031116541.png,naver_api,2026-08-18
53996,이준호,https://ssl.pstatic.net/sstatic/people/profileImg/t/bbc496cd-a2ed-42d7-8d89-b7ae0fbe5de5.png,naver_api,2026-08-18
60693,이준호,https://ssl.pstatic.net/sstatic/people/79/201804131753105401.png,naver_api,2026-08-18
69108,이지강,https://ssl.pstatic.net/sstatic/people/profileImg/t/1250efae-b4a8-43f8-9156-9f823ca7744b.png,naver_api,2026-08-18
62522,이지모,https://ssl.pstatic.net/sstatic/people/79/201804041521412811.png,naver_api,2026-08-18
79456,이지영,https://ssl.pstatic.net/sstatic/people/profileImg/t/feb033b4-7067-4eb9-9454-78d66dd10d0e.png,naver_api,2026-08-18
64895,이진석,https://ssl.pstatic.net/sstatic/people/102/202003201652228311.png,naver_api,2026-08-18
66657,이진영,https://ssl.pstatic.net/sstatic/people/profileImg/t/cfbd88ec-a651-4f71-adba-1a7fa91e6576.png,naver_api,2026-08-18
99810,이진영,https://ssl.pstatic.net/sstatic/people/profileImg/t/2546bc0f-d3c8-4b1a-ac0a-c9c952809282.png,naver_api,2026-08-18
55417,이진용,https://ssl.pstatic.net/sstatic/people/profileImg/t/be7b4932-e85d-426f-9434-f7145bd1b0b4.png,naver_api,2026-08-18
53562,이진하,https://ssl.pstatic.net/sstatic/people/profileImg/t/69ffdf4f-9a7e-4b92-b16a-46c92726ff00.png,naver_api,2026-08-18
66504,이찬건,https://ssl.pstatic.net/sstatic/people/15/201904121206277391.png,naver_api,2026-08-18
60304,이창섭,https://ssl.pstatic.net/sstatic/people/191/201512301925251461.jpg,naver_api,2026-08-18
64706,이창열,https://ssl.pstatic.net/sstatic/people/133/201902191431515711.png,naver_api,2026-08-18
51407,이창용,https://ssl.pstatic.net/sstatic/people/profileImg/t/6ad4a435-f2b3-45d6-af49-6566912b335e.png,naver_api,2026-08-18
65057,이창재,https://ssl.pstatic.net/sstatic/people/22/202203311918091261.png,naver_api,2026-08-18
64560,이창진,https://ssl.pstatic.net/sstatic/people/profileImg/t/01c157ed-5423-432c-8955-144dc6062d3e.png,naver_api,2026-08-18
68896,이채호,https://ssl.pstatic.net/sstatic/people/profileImg/t/4139d429-3088-4117-aa8e-8404d83883c1.png,naver_api,2026-08-18
61186,이천웅,https://ssl.pstatic.net/sstatic/people/164/202303301506567261.png,naver_api,2026-08-18
63749,이충호,https://ssl.pstatic.net/sstatic/people/profileImg/t/1558fbee-2382-4cc1-9d8f-7d00ce0d35b9.png,naver_api,2026-08-18
66444,이케빈,https://ssl.pstatic.net/sstatic/people/109/201906201623571951.png,naver_api,2026-08-18
55511,이태경,https://ssl.pstatic.net/sstatic/people/profileImg/t/1193ffc9-9f95-4468-a3a0-3e7de6c3ced4.png,naver_api,2026-08-18
60768,이태양,https://ssl.pstatic.net/sstatic/people/profileImg/t/49b3bea0-9120-4110-943a-674a9e94fc61.png,naver_api,2026-08-18
56366,이태양,https://ssl.pstatic.net/sstatic/people/profileImg/t/4c3125be-6b4c-4e54-80fc-85978f7cd235.png,naver_api,2026-08-18
53594,이태연,https://ssl.pstatic.net/sstatic/people/profileImg/t/bf68fd04-b1cc-40ab-b993-5453237ab2ca.png,naver_api,2026-08-18
68466,이태훈,https://ssl.pstatic.net/sstatic/people/144/202303311723134571.png,naver_api,2026-08-18
73342,이택근,https://ssl.pstatic.net/sstatic/people/profileImg/139b0a0f-bd17-46f0-91de-fff2c5567c2e.jpeg,naver_api,2026-08-18
69453,이학주,https://ssl.pstatic.net/sstatic/people/profileImg/t/0d1bc35b-ce05-4b49-b069-51a74afb6f53.png,naver_api,2026-08-18
69416,이해승,https://ssl.pstatic.net/sstatic/people/profileImg/t/1210795d-65f2-4dc8-8a5c-0bef4bd24ffd.png,naver_api,2026-08-18
60343,이해창,https://ssl.pstatic.net/sstatic/people/profileImg/t/61479447-e512-4a15-80c1-6ccf70afcc75.png,naver_api,2026-08-18
72606,이현곤,https://ssl.pstatic.net/sstatic/people/profileImg/t/635d319b-75a5-4b4e-aab1-945a3055ee59.png,naver_api,2026-08-18
62499,이현동,https://ssl.pstatic.net/sstatic/people/32/202103301918578981.png,naver_api,2026-08-18
65869,이현석,https://ssl.pstatic.net/sstatic/people/128/202303311844226341.png,naver_api,2026-08-18
76329,이현승,https://ssl.pstatic.net/sstatic/people/9/202203302152297191.png,naver_api,2026-08-18
61214,이현호,https://ssl.pstatic.net/sstatic/people/113/202301131214308401.jpg,naver_api,2026-08-18
62951,이형범,https://ssl.pstatic.net/sstatic/people/profileImg/t/19d091c0-d5dc-49a0-ac16-ffa83305e8c0.png,naver_api,2026-08-18
78135,이형종,https://ssl.pstatic.net/sstatic/people/profileImg/t/fe3886cf-0bc5-408e-85fd-dc9816c69a48.png,naver_api,2026-08-18
55663,이호민,https://ssl.pstatic.net/sstatic/people/profileImg/t/6ec465e5-5460-4029-9157-0ed9188cd75b.png,naver_api,2026-08-18
53455,이호성,https://ssl.pstatic.net/sstatic/people/profileImg/t/78a500c0-fbae-4a35-b671-7ef152b37011.png,naver_api,2026-08-18
77648,이호신,https://ssl.pstatic.net/sstatic/people/110/201804161010034711.png,naver_api,2026-08-18
68504,이호연,https://ssl.pstatic.net/sstatic/people/profileImg/t/d91e5d58-bdef-4275-831f-2d51efe0e1a8.png,naver_api,2026-08-18
54598,이호준,https://ssl.pstatic.net/sstatic/people/profileImg/t/3592cfe8-c247-437b-a3f1-d1eae0fa7bc0.png,naver_api,2026-08-18
94629,이호준,https://ssl.pstatic.net/sstatic/people/profileImg/t/c8819af1-28fc-4c48-bbf6-c373b7ef48de.png,naver_api,2026-08-18
65937,이호중,https://ssl.pstatic.net/sstatic/people/185/202103301907011461.png,naver_api,2026-08-18
63634,이홍구,https://ssl.pstatic.net/sstatic/people/3/202103261921339301.png,naver_api,2026-08-18
63440,이흥련,https://ssl.pstatic.net/sstatic/people/profileImg/t/506ee9b1-3f61-4805-a0a7-c73898ae4726.png,naver_api,2026-08-18
78739,이희근,https://ssl.pstatic.net/sstatic/people/profileImg/t/9402d26d-55c5-4915-a381-972ef34fbbbb.png,naver_api,2026-08-18
61357,이희성,https://ssl.pstatic.net/sstatic/people/73/20130318153547851.jpg,naver_api,2026-08-18
98521,임경완,https://ssl.pstatic.net/sstatic/people/profileImg/t/ec270bc0-05f3-4ac5-a9e8-2923674ae609.png,naver_api,2026-08-18
65398,임규빈,https://ssl.pstatic.net/sstatic/people/profileImg/t/aef40a6a-32d0-4af2-b8bd-a2c172ecb9d1.png,naver_api,2026-08-18
52807,임근우,https://ssl.pstatic.net/sstatic/people/profileImg/t/ffc4fe3a-3a0b-4899-a136-0c78cc3460b5.png,naver_api,2026-08-18
62754,임기영,https://ssl.pstatic.net/sstatic/people/profileImg/t/169c02aa-7d90-4368-99ed-1ca1530bd56b.png,naver_api,2026-08-18
60634,임기준,https://ssl.pstatic.net/sstatic/people/167/20200402161459481.png,naver_api,2026-08-18
66493,임대한,https://ssl.pstatic.net/sstatic/people/123/202203081119074181.png,naver_api,2026-08-18
78128,임도현,https://ssl.pstatic.net/sstatic/people/130/200905251726103151.jpg,naver_api,2026-08-18
64346,임병욱,https://ssl.pstatic.net/sstatic/people/profileImg/t/ea96080b-0ffe-4ffc-b667-6fd32a52dc2b.png,naver_api,2026-08-18
54900,임상현,https://ssl.pstatic.net/sstatic/people/profileImg/t/680ce9ac-b557-4f53-8f36-b71e26728a19.png,naver_api,2026-08-18
66990,임서준,https://ssl.pstatic.net/sstatic/people/188/202004021406563821.png,naver_api,2026-08-18
66833,임석진,https://ssl.pstatic.net/sstatic/people/profileImg/t/7bb842c2-57af-4004-bc5b-1f37d6cd7b45.png,naver_api,2026-08-18
77464,임익준,https://ssl.pstatic.net/sstatic/people/180/202103311942327781.png,naver_api,2026-08-18
64803,임재현,https://ssl.pstatic.net/sstatic/people/profileImg/t/2ed4e2ff-91a9-47f0-b775-80eae065617d.png,naver_api,2026-08-18
61891,임정우,https://ssl.pstatic.net/sstatic/people/80/202303301508148001.png,naver_api,2026-08-18
63959,임정호,https://ssl.pstatic.net/sstatic/people/profileImg/t/d08a36e9-cef9-4050-8ea9-eedc18f36725.png,naver_api,2026-08-18
54236,임종성,https://ssl.pstatic.net/sstatic/people/profileImg/t/faef019f-a472-49dd-8eaf-c3d06d5890a8.png,naver_api,2026-08-18
50704,임종찬,https://ssl.pstatic.net/sstatic/people/profileImg/t/f00787d2-aa22-4196-b763-84f071c50be1.png,naver_api,2026-08-18
63554,임종혁,https://ssl.pstatic.net/sstatic/people/152/201804061753064651.png,naver_api,2026-08-18
62611,임준섭,https://ssl.pstatic.net/sstatic/people/profileImg/t/36ebf9e9-7c1f-4e0f-aa41-38eb34782c7d.png,naver_api,2026-08-18
73632,임준혁,https://ssl.pstatic.net/sstatic/people/36/201705191334155981.jpg,naver_api,2026-08-18
69113,임준형,https://ssl.pstatic.net/sstatic/people/profileImg/t/26fd18a4-c1e1-48be-9849-c617a15a662a.png,naver_api,2026-08-18
52902,임지민,https://ssl.pstatic.net/sstatic/people/profileImg/t/127c0053-04ba-4899-babe-cb333858a79f.png,naver_api,2026-08-18
64155,임지섭,https://ssl.pstatic.net/sstatic/people/17/20220330201739831.png,naver_api,2026-08-18
64340,임지열,https://ssl.pstatic.net/sstatic/people/profileImg/t/6d18d16a-782f-4ec6-9904-2fc858b47f98.png,naver_api,2026-08-18
55382,임진묵,https://ssl.pstatic.net/sstatic/people/profileImg/t/14b1f65a-ed17-46db-ac0f-ff27e230a03c.png,naver_api,2026-08-18
60441,임진우,https://ssl.pstatic.net/sstatic/people/172/201804041527587911.png,naver_api,2026-08-18
61101,임찬규,https://ssl.pstatic.net/sstatic/people/profileImg/t/d681542b-9f7c-4577-a9fd-b098d851d6be.png,naver_api,2026-08-18
78352,임창민,https://ssl.pstatic.net/sstatic/people/profileImg/t/5c143ae1-df89-416b-a50d-02a136c20b40.png,naver_api,2026-08-18
95657,임창용,https://ssl.pstatic.net/sstatic/people/94/201804161029124321.png,naver_api,2026-08-18
62868,임치영,https://ssl.pstatic.net/sstatic/people/5/201705191042588991.jpg,naver_api,2026-08-18
77326,임태준,https://ssl.pstatic.net/sstatic/people/121/201707191054476721.png,naver_api,2026-08-18
60655,임한용,https://ssl.pstatic.net/sstatic/people/80/201706211531324301.png,naver_api,2026-08-18
61457,임현준,https://ssl.pstatic.net/sstatic/people/139/202103302106097871.png,naver_api,2026-08-18
50900,임형원,https://ssl.pstatic.net/sstatic/people/profileImg/t/91fe1702-19b1-4788-8cdb-705a2664a175.png,naver_api,2026-08-18
74823,임훈,https://ssl.pstatic.net/sstatic/people/profileImg/t/f205a4b7-a919-4a63-b87b-642db3f1b761.png,naver_api,2026-08-18
50244,장규빈,https://ssl.pstatic.net/sstatic/people/profileImg/t/c9b34169-6447-48d5-9ccb-dd6fe64fb945.png,naver_api,2026-08-18
51762,장규현,https://ssl.pstatic.net/sstatic/people/profileImg/t/a5569ab1-eea1-409c-ac5e-2da677272360.png,naver_api,2026-08-18
68507,장두성,https://ssl.pstatic.net/sstatic/people/profileImg/t/5eb6c237-3538-4892-b4a0-49941fad6cd7.png,naver_api,2026-08-18
51665,장민기,https://ssl.pstatic.net/sstatic/people/profileImg/t/e8c2f74a-6e8e-4c76-a036-a53785867869.png,naver_api,2026-08-18
71347,장민석,https://ssl.pstatic.net/sstatic/people/173/201803051411531521.png,naver_api,2026-08-18
60255,장민익,https://ssl.pstatic.net/sstatic/people/60/201906201629149131.png,naver_api,2026-08-18
79764,장민재,https://ssl.pstatic.net/sstatic/people/profileImg/t/02533fdf-d112-445c-925b-1bb1f7483838.png,naver_api,2026-08-18
78548,장성우,https://ssl.pstatic.net/sstatic/people/profileImg/t/c2bf8e2e-cc37-45a1-b34f-153e1b140258.png,naver_api,2026-08-18
53596,장세진,https://ssl.pstatic.net/sstatic/people/profileImg/t/d97df60b-ac32-48b5-9d4d-587545820958.png,naver_api,2026-08-18
63202,장승현,https://ssl.pstatic.net/sstatic/people/profileImg/t/db289819-22f2-4e52-8e0a-7f9983410ba0.png,naver_api,2026-08-18
63360,장시윤,https://ssl.pstatic.net/sstatic/people/155/201802061121131781.png,naver_api,2026-08-18
77318,장시환,https://ssl.pstatic.net/sstatic/people/profileImg/t/b7f3c3db-612a-4b61-9070-d9244004c894.png,naver_api,2026-08-18
79334,장영석,https://ssl.pstatic.net/sstatic/people/profileImg/t/2d2cdc37-551c-4dbe-b0a6-6a76fd52fdc4.png,naver_api,2026-08-18
63700,장운호,https://ssl.pstatic.net/sstatic/people/154/202304051053219211.png,naver_api,2026-08-18
50706,장웅정,https://ssl.pstatic.net/sstatic/people/profileImg/e913993f-df99-4552-88f1-df9d646e65f8.jpeg,naver_api,2026-08-18
76355,장원삼,https://ssl.pstatic.net/sstatic/people/114/202003231539504581.png,naver_api,2026-08-18
74513,장원준,https://ssl.pstatic.net/sstatic/people/115/202304041534431911.png,naver_api,2026-08-18
69645,장유호,https://ssl.pstatic.net/sstatic/people/profileImg/t/250b1079-d379-45fb-ac18-8721b89c7767.png,naver_api,2026-08-18
51359,장재영,https://ssl.pstatic.net/sstatic/people/profileImg/t/9667b61e-6bdf-42e7-b039-edaf91b1eed5.png,naver_api,2026-08-18
50641,장재혁,https://ssl.pstatic.net/sstatic/people/profileImg/t/43f68407-03c7-4148-bbea-0c771b06eca2.png,naver_api,2026-08-18
64115,장준원,https://ssl.pstatic.net/sstatic/people/profileImg/t/ff86f14b-6772-47f4-a577-86d6adc1e400.png,naver_api,2026-08-18
51706,장지승,https://ssl.pstatic.net/sstatic/people/profileImg/45202a3b-e20a-41ce-a840-7eb17047b4bc.jpeg,naver_api,2026-08-18
51895,장지훈,https://ssl.pstatic.net/sstatic/people/profileImg/t/e199fffd-bd0f-422d-8e66-f2eae627e983.png,naver_api,2026-08-18
67443,장지훈,https://ssl.pstatic.net/sstatic/people/142/202103301937024981.png,naver_api,2026-08-18
74139,장진용,https://ssl.pstatic.net/sstatic/people/profileImg/t/bda4b0ab-14fe-47b7-825f-488676055af1.png,naver_api,2026-08-18
66706,장진혁,https://ssl.pstatic.net/sstatic/people/profileImg/t/932a7fea-50b5-4726-b61b-43a57e58d7f9.png,naver_api,2026-08-18
56460,장찬희,https://ssl.pstatic.net/sstatic/people/profileImg/t/d7d216f6-f9f9-4212-9411-49c203179926.png,naver_api,2026-08-18
77927,장필준,https://ssl.pstatic.net/sstatic/people/profileImg/t/ce5846d7-ca39-41b9-87ef-f730e509e3c3.png,naver_api,2026-08-18
63950,장현식,https://ssl.pstatic.net/sstatic/people/profileImg/t/1f85145a-7e38-45a7-bfbe-08c99c3ce261.png,naver_api,2026-08-18
55239,잭로그,https://ssl.pstatic.net/sstatic/people/profileImg/t/becae630-11f2-4c44-8500-c0cb41023533.png,naver_api,2026-08-18
68869,전경원,https://ssl.pstatic.net/sstatic/people/profileImg/t/49d3a854-6053-4646-9a3f-eb10425e5ea6.png,naver_api,2026-08-18
54214,전다민,https://ssl.pstatic.net/sstatic/people/profileImg/t/2493eb28-fdbb-477a-a77c-832f27c4df22.png,naver_api,2026-08-18
69204,전루건,https://ssl.pstatic.net/sstatic/people/profileImg/t/ede81fba-a969-45d6-9aa1-fd18a6afddbc.png,naver_api,2026-08-18
54561,전미르,https://ssl.pstatic.net/sstatic/people/profileImg/t/7316abe9-0d93-4e18-b55f-34acc688859e.png,naver_api,2026-08-18
78361,전민수,https://ssl.pstatic.net/sstatic/people/profileImg/t/9048b36b-8c3f-4cb8-acb2-291b446d4ee1.png,naver_api,2026-08-18
68205,전민재,https://ssl.pstatic.net/sstatic/people/profileImg/t/92239d31-efbe-4536-998a-35c96af40fbd.png,naver_api,2026-08-18
73228,전병두,https://ssl.pstatic.net/sstatic/people/profileImg/t/58a3c611-fdd0-4c4e-b656-2de261281b6b.png,naver_api,2026-08-18
65586,전병우,https://ssl.pstatic.net/sstatic/people/profileImg/t/7e796c8f-314b-46a4-8a4b-e402c5061c3c.png,naver_api,2026-08-18
69969,전사민,https://ssl.pstatic.net/sstatic/people/profileImg/t/11b37517-7dc9-4e2f-a070-3e975b876563.png,naver_api,2026-08-18
66609,전상현,https://ssl.pstatic.net/sstatic/people/profileImg/t/3c62d431-82bb-4eda-917e-7cf626806212.png,naver_api,2026-08-18
52809,전영준,https://ssl.pstatic.net/sstatic/people/profileImg/t/91ebce72-764d-4dd5-8553-6da6b6e8a622.png,naver_api,2026-08-18
69047,전용주,https://ssl.pstatic.net/sstatic/people/profileImg/t/68d85331-1ebc-45b8-a88d-3f4d831480a9.png,naver_api,2026-08-18
64267,전용훈,https://ssl.pstatic.net/sstatic/people/33/202003231553498251.png,naver_api,2026-08-18
78650,전우엽,https://ssl.pstatic.net/sstatic/people/9/201503171557274491.jpg,naver_api,2026-08-18
75340,전유수,https://ssl.pstatic.net/sstatic/people/199/202203312020143481.png,naver_api,2026-08-18
50820,전의산,https://ssl.pstatic.net/sstatic/people/profileImg/t/e4a5ff1f-5be6-4d49-b3a9-28f6a57b6c98.png,naver_api,2026-08-18
79339,전인환,https://ssl.pstatic.net/sstatic/people/profileImg/t/75be5e5b-2763-4089-91e1-8c25dc50b796.jpg,naver_api,2026-08-18
78513,전준우,https://ssl.pstatic.net/sstatic/people/profileImg/t/ad170cae-6061-47a3-b333-bbf966925d07.png,naver_api,2026-08-18
54362,전준표,https://ssl.pstatic.net/sstatic/people/profileImg/t/6688268b-c4ee-4ead-9eb2-9b3c6324ab10.png,naver_api,2026-08-18
67123,전준호,https://ssl.pstatic.net/sstatic/people/profileImg/t/651e02f0-9ff1-4110-b6d3-53f6b5b52e20.png,naver_api,2026-08-18
51009,전진영,https://ssl.pstatic.net/sstatic/people/89/202203301914487021.png,naver_api,2026-08-18
55397,전태현,https://ssl.pstatic.net/sstatic/people/profileImg/t/7220b056-b0a4-4ca7-a79e-a149b5569b6d.png,naver_api,2026-08-18
75706,전현태,https://ssl.pstatic.net/sstatic/people/67/201508201416331821.jpg,naver_api,2026-08-18
66716,정경운,https://ssl.pstatic.net/sstatic/people/77/201803051345369121.png,naver_api,2026-08-18
64769,정광운,https://ssl.pstatic.net/sstatic/people/158/201603071558027361.jpg,naver_api,2026-08-18
50995,정구범,https://ssl.pstatic.net/sstatic/people/profileImg/t/520810c2-edf0-4214-85ac-b7a4b8029549.png,naver_api,2026-08-18
75808,정근우,https://ssl.pstatic.net/sstatic/people/profileImg/20678858-5949-4659-a1f4-981713c3dbdc.jpg,naver_api,2026-08-18
64209,정기훈,https://ssl.pstatic.net/sstatic/people/132/202103292002381481.png,naver_api,2026-08-18
56345,정다훈,https://ssl.pstatic.net/sstatic/people/profileImg/t/af5ed4c3-519f-4ded-bf45-9608950d7963.png,naver_api,2026-08-18
53568,정대선,https://ssl.pstatic.net/sstatic/people/profileImg/t/07690062-97da-468f-9f50-f0f347c50c9f.png,naver_api,2026-08-18
60264,정대현,https://ssl.pstatic.net/sstatic/people/71/202003261433366081.png,naver_api,2026-08-18
71801,정대현,https://ssl.pstatic.net/sstatic/people/profileImg/t/242425b8-9222-44ef-8d08-e9ea60b254bb.png,naver_api,2026-08-18
78760,정대훈,https://ssl.pstatic.net/sstatic/people/1/201603031719064121.jpg,naver_api,2026-08-18
66858,정동윤,https://ssl.pstatic.net/sstatic/people/profileImg/t/39e2f62e-1e02-445c-b665-81ae6e4a40c1.png,naver_api,2026-08-18
66659,정동현,https://ssl.pstatic.net/sstatic/people/33/201706211537486401.png,naver_api,2026-08-18
51764,정민규,https://ssl.pstatic.net/sstatic/people/profileImg/t/8b1b705e-76c5-4ddc-9165-7d458f41a372.png,naver_api,2026-08-18
54467,정민성,https://ssl.pstatic.net/sstatic/people/profileImg/t/bd2b9c0c-0f6f-47c3-8dc4-cea4fddba984.png,naver_api,2026-08-18
76720,정범모,https://ssl.pstatic.net/sstatic/people/profileImg/t/7a87acc6-1918-46c1-a06d-aa2bfe33d3fb.png,naver_api,2026-08-18
61104,정병곤,https://ssl.pstatic.net/sstatic/people/profileImg/t/8342ef33-d166-4b33-949c-723bb030ba27.png,naver_api,2026-08-18
68518,정보근,https://ssl.pstatic.net/sstatic/people/profileImg/t/5a489653-0762-4caa-9b22-560f74d0b5e0.png,naver_api,2026-08-18
61658,정상교,https://ssl.pstatic.net/sstatic/people/157/201706211541349481.png,naver_api,2026-08-18
71842,정상호,https://ssl.pstatic.net/sstatic/people/profileImg/t/2131b49a-3bdc-49f8-a95b-83f083835924.png,naver_api,2026-08-18
68556,정성종,https://ssl.pstatic.net/sstatic/people/profileImg/t/0890fc37-3843-4bb5-a30c-058cff5f1e26.png,naver_api,2026-08-18
55377,정세영,https://ssl.pstatic.net/sstatic/people/profileImg/t/a16f1809-a12d-470f-98d7-ec7a303dfee5.png,naver_api,2026-08-18
66960,정수민,https://ssl.pstatic.net/sstatic/people/191/202104151356216081.png,naver_api,2026-08-18
79231,정수빈,https://ssl.pstatic.net/sstatic/people/profileImg/t/4c143653-9650-4983-821e-469cc0420b29.png,naver_api,2026-08-18
97350,정수성,https://ssl.pstatic.net/sstatic/people/profileImg/t/386ca8f6-2409-46b0-a063-a64df656f00b.png,naver_api,2026-08-18
62056,정영일,https://ssl.pstatic.net/sstatic/people/140/202104151119418711.png,naver_api,2026-08-18
79617,정용운,https://ssl.pstatic.net/sstatic/people/193/202003231613208071.png,naver_api,2026-08-18
65368,정용준,https://ssl.pstatic.net/sstatic/people/159/201603041424182411.jpg,naver_api,2026-08-18
74857,정우람,https://ssl.pstatic.net/sstatic/people/profileImg/t/6be2ec9c-90e9-48e5-b896-15e8309dc690.png,naver_api,2026-08-18
69159,정우영,https://ssl.pstatic.net/sstatic/people/profileImg/t/246dd4a3-36a2-4b22-aae3-c3f43bd0dd0a.png,naver_api,2026-08-18
55743,정우주,https://ssl.pstatic.net/sstatic/people/profileImg/t/e1c913f9-d83a-496e-9d05-50420ab1916e.png,naver_api,2026-08-18
51546,정우준,https://ssl.pstatic.net/sstatic/people/profileImg/t/7b69e5f5-3d60-41d2-b736-a6889d4d0cbe.png,naver_api,2026-08-18
68743,정은원,https://ssl.pstatic.net/sstatic/people/profileImg/t/3abd30a9-ff1e-4106-92fb-cb03a1783913.png,naver_api,2026-08-18
75151,정의윤,https://ssl.pstatic.net/sstatic/people/profileImg/c6f02135-0d53-4f3d-9aa6-c65e478f439e.jpg,naver_api,2026-08-18
79440,정인욱,https://ssl.pstatic.net/sstatic/people/16/202103292035571631.png,naver_api,2026-08-18
74748,정재원,https://ssl.pstatic.net/sstatic/people/53/201906201748373181.png,naver_api,2026-08-18
56469,정재훈,https://ssl.pstatic.net/sstatic/people/profileImg/t/9302c548-7af3-41cd-b515-19aed25e5a31.png,naver_api,2026-08-18
73241,정재훈,https://ssl.pstatic.net/sstatic/people/profileImg/t/bffd29c0-83cd-4b7d-b896-5d3c4dcbe985.png,naver_api,2026-08-18
79150,정주현,https://ssl.pstatic.net/sstatic/people/profileImg/t/ba8702ed-a8b4-4d18-8629-4596f0ae4741.png,naver_api,2026-08-18
65096,정주후,https://ssl.pstatic.net/sstatic/people/44/202203311923328431.png,naver_api,2026-08-18
53058,정준영,https://ssl.pstatic.net/sstatic/people/profileImg/t/2437a850-a78d-4745-b487-6129835b40a6.png,naver_api,2026-08-18
54812,정준재,https://ssl.pstatic.net/sstatic/people/profileImg/t/de99d754-e425-428d-b6da-2f3eb50e6686.png,naver_api,2026-08-18
63558,정준혁,https://ssl.pstatic.net/sstatic/people/157/201903261057307561.png,naver_api,2026-08-18
54149,정지헌,https://ssl.pstatic.net/sstatic/people/profileImg/t/a5a443f4-c796-4115-8b11-b56b0ab13f16.png,naver_api,2026-08-18
61869,정진기,https://ssl.pstatic.net/sstatic/people/133/202304121053383931.png,naver_api,2026-08-18
65293,정진철,https://ssl.pstatic.net/sstatic/people/portrait/201804/20180421132446761-1854096.jpg,naver_api,2026-08-18
61208,정진호,https://ssl.pstatic.net/sstatic/people/profileImg/t/eeed6196-bc9f-4504-aca6-5456289a0f65.png,naver_api,2026-08-18
78148,정찬헌,https://ssl.pstatic.net/sstatic/people/profileImg/t/4f7a148a-7f3a-4609-b925-fd3bdee3dd8e.png,naver_api,2026-08-18
68242,정철원,https://ssl.pstatic.net/sstatic/people/profileImg/t/73549c25-a25a-44f5-8b55-9ac7b48e23b5.png,naver_api,2026-08-18
62595,정태승,https://ssl.pstatic.net/sstatic/people/93/202304171450298811.png,naver_api,2026-08-18
50662,정해영,https://ssl.pstatic.net/sstatic/people/profileImg/t/050a2e96-6143-405f-88ef-175b4f0bddc2.png,naver_api,2026-08-18
53659,정해원,https://ssl.pstatic.net/sstatic/people/profileImg/t/cb844bb9-e972-41b8-8aa4-52c56f7aca2a.png,naver_api,2026-08-18
63450,정현,https://ssl.pstatic.net/sstatic/people/149/202203312022108031.png,naver_api,2026-08-18
78745,정현석,https://ssl.pstatic.net/sstatic/people/profileImg/t/464dbe6c-2863-4a13-b9bd-7a6b50baf238.png,naver_api,2026-08-18
54537,정현수,https://ssl.pstatic.net/sstatic/people/profileImg/t/42f04b9f-4cb0-427c-b923-9c0eb94684ff.png,naver_api,2026-08-18
54815,정현승,https://ssl.pstatic.net/sstatic/people/profileImg/t/c2635d2f-605c-4ea8-b326-d579f661fb5b.png,naver_api,2026-08-18
55313,정현우,https://ssl.pstatic.net/sstatic/people/profileImg/t/bd284a58-491f-4809-80dd-2609800016bb.png,naver_api,2026-08-18
96462,정현욱,https://ssl.pstatic.net/sstatic/people/profileImg/t/94d83228-bbc4-4d4d-a322-53667360712b.png,naver_api,2026-08-18
55926,정현창,https://ssl.pstatic.net/sstatic/people/profileImg/t/1fcad3d1-03df-4d50-abdd-6a3610a96adf.png,naver_api,2026-08-18
60342,정회찬,https://ssl.pstatic.net/sstatic/people/portrait/201403/20140310220939441.jpg,naver_api,2026-08-18
60523,정훈,https://ssl.pstatic.net/sstatic/people/profileImg/t/ea19d48f-e97f-47ab-b3c2-dc0aa21bb013.png,naver_api,2026-08-18
54295,제러드,https://ssl.pstatic.net/sstatic/people/profileImg/t/7d6f3c9f-b220-4563-af42-6c43c6cef454.png,naver_api,2026-08-18
72801,제춘모,https://ssl.pstatic.net/sstatic/people/profileImg/t/3737fc48-d37f-453a-8285-b1a01ece3dae.png,naver_api,2026-08-18
50211,제환유,https://ssl.pstatic.net/sstatic/people/profileImg/t/ca547477-a63d-4a96-a906-fba300cef446.png,naver_api,2026-08-18
51163,조건희,https://ssl.pstatic.net/sstatic/people/profileImg/t/96fd4d92-8018-4c64-94ff-fe0ba278bb72.png,naver_api,2026-08-18
63104,조근종,https://ssl.pstatic.net/sstatic/people/134/202005211516359381.png,naver_api,2026-08-18
68089,조대현,https://ssl.pstatic.net/sstatic/people/profileImg/t/09878e00-6e5a-4bf2-98bb-6fda6b108ac2.png,naver_api,2026-08-18
54768,조동욱,https://ssl.pstatic.net/sstatic/people/profileImg/t/04465ed0-3640-446d-9382-daeec2aab575.png,naver_api,2026-08-18
72466,조동찬,https://ssl.pstatic.net/sstatic/people/profileImg/t/4dbe4ac6-68b2-4c12-a980-da9f44dcf6d6.png,naver_api,2026-08-18
71848,조동화,https://ssl.pstatic.net/sstatic/people/profileImg/t/377ed2d8-bd50-471a-906f-be1edb077ceb.png,naver_api,2026-08-18
65067,조무근,https://ssl.pstatic.net/sstatic/people/141/20220331203310101.png,naver_api,2026-08-18
52903,조민석,https://ssl.pstatic.net/sstatic/people/profileImg/t/9c0f7ffa-2455-4522-bea4-e2335da62ff3.png,naver_api,2026-08-18
52405,조민성,https://ssl.pstatic.net/sstatic/people/profileImg/t/1f1066db-fa4d-4ce1-8ab1-5def0f291708.png,naver_api,2026-08-18
55534,조민영,https://ssl.pstatic.net/sstatic/people/profileImg/t/efd01aa6-0974-49d5-8ec4-ef6411273138.png,naver_api,2026-08-18
67045,조병욱,https://ssl.pstatic.net/sstatic/people/109/202303311202232751.png,naver_api,2026-08-18
51897,조병현,https://ssl.pstatic.net/sstatic/people/profileImg/t/c88802c4-9730-407e-9d76-92a6e22089dd.png,naver_api,2026-08-18
63342,조상우,https://ssl.pstatic.net/sstatic/people/profileImg/t/280e7f81-78bd-442f-8008-0682afb63f9c.png,naver_api,2026-08-18
64802,조성모,https://ssl.pstatic.net/sstatic/people/157/201906251345277211.png,naver_api,2026-08-18
60891,조성우,https://ssl.pstatic.net/sstatic/people/163/201502271807208051.jpg,naver_api,2026-08-18
63348,조성운,https://ssl.pstatic.net/sstatic/people/121/202103311937539181.png,naver_api,2026-08-18
99543,조성환,https://ssl.pstatic.net/sstatic/people/profileImg/t/339fdf3d-bfc4-4bc9-8297-b45926badc30.png,naver_api,2026-08-18
68848,조성훈,https://ssl.pstatic.net/sstatic/people/profileImg/t/950e2256-0a11-427d-a571-b306c6d9506f.png,naver_api,2026-08-18
52516,조세진,https://ssl.pstatic.net/sstatic/people/profileImg/t/eaf56cc3-dcd7-48ba-a3f7-3370cb65fe0f.png,naver_api,2026-08-18
69150,조셉,https://ssl.pstatic.net/sstatic/people/12/201903191232049611.png,naver_api,2026-08-18
66209,조수행,https://ssl.pstatic.net/sstatic/people/profileImg/t/2e716398-1092-4af0-8e5e-fbb15a04b6fa.png,naver_api,2026-08-18
79235,조승수,https://ssl.pstatic.net/sstatic/people/8/201704061735564031.jpg,naver_api,2026-08-18
69360,조영건,https://ssl.pstatic.net/sstatic/people/profileImg/t/25720198-16d4-429e-837e-4687baec2a98.png,naver_api,2026-08-18
75441,조영훈,https://ssl.pstatic.net/sstatic/people/profileImg/t/4081dc9a-0ccd-430d-8526-6af306d9fe59.png,naver_api,2026-08-18
51809,조요한,https://ssl.pstatic.net/sstatic/people/profileImg/t/3270b640-ba72-4a15-9224-740f2ac03fe5.png,naver_api,2026-08-18
64868,조용호,https://ssl.pstatic.net/sstatic/people/41/202303311137461331.png,naver_api,2026-08-18
66992,조원빈,https://ssl.pstatic.net/sstatic/people/31/201803301109287441.png,naver_api,2026-08-18
52149,조원태,https://ssl.pstatic.net/sstatic/people/profileImg/t/b4b100e9-6623-4928-af1e-4393ef2b2ed1.png,naver_api,2026-08-18
62147,조윤준,https://ssl.pstatic.net/sstatic/people/5/201802061045073321.png,naver_api,2026-08-18
64768,조이현,https://ssl.pstatic.net/sstatic/people/profileImg/t/9e195de7-99d6-4420-a67a-3fad495d87d9.png,naver_api,2026-08-18
98144,조인성,https://ssl.pstatic.net/sstatic/people/profileImg/t/f092583c-5a38-4fbc-ae90-80d4a342821e.png,naver_api,2026-08-18
75537,조정훈,https://ssl.pstatic.net/sstatic/people/174/201804061820581691.png,naver_api,2026-08-18
71835,조중근,https://ssl.pstatic.net/sstatic/people/profileImg/t/49366223-40df-4e1a-9549-a492c93d997e.png,naver_api,2026-08-18
74358,조평호,https://ssl.pstatic.net/sstatic/people/194/201803301138178001.png,naver_api,2026-08-18
69705,조한민,https://ssl.pstatic.net/sstatic/people/profileImg/t/22c37738-b6a6-46e1-8f79-ad82d87a6980.png,naver_api,2026-08-18
65827,조한욱,https://ssl.pstatic.net/sstatic/people/114/202103262117032631.png,naver_api,2026-08-18
75268,조현근,https://ssl.pstatic.net/sstatic/people/80/201603041011439851.jpg,naver_api,2026-08-18
64047,조현우,https://ssl.pstatic.net/sstatic/people/6/202303311129576791.png,naver_api,2026-08-18
51701,조현진,https://ssl.pstatic.net/sstatic/people/profileImg/t/bd0e75fd-6496-4453-bd28-95d7adb5488b.png,naver_api,2026-08-18
51865,조형우,https://ssl.pstatic.net/sstatic/people/profileImg/t/39cf3f11-d867-4461-8fb1-32a2d15b4519.png,naver_api,2026-08-18
63593,조홍석,https://ssl.pstatic.net/sstatic/people/166/201904121358141471.png,naver_api,2026-08-18
65060,주권,https://ssl.pstatic.net/sstatic/people/profileImg/t/d42085e2-3a20-470b-8126-29eb41e180aa.png,naver_api,2026-08-18
69332,주성원,https://ssl.pstatic.net/sstatic/people/profileImg/t/a934e822-f39a-4ce5-9267-6f119df3995d.png,naver_api,2026-08-18
52330,주승우,https://ssl.pstatic.net/sstatic/people/profileImg/t/2ed3d02d-9859-41a2-8e6a-1930cfa72003.png,naver_api,2026-08-18
65707,주현상,https://ssl.pstatic.net/sstatic/people/profileImg/t/7e626936-f6d0-4df8-9294-89a9f884d362.png,naver_api,2026-08-18
66354,주효상,https://ssl.pstatic.net/sstatic/people/profileImg/t/49ff3864-575b-4f50-93fd-917f685cef5c.png,naver_api,2026-08-18
51060,지명성,https://ssl.pstatic.net/sstatic/people/profileImg/t/1a8534f0-d487-4428-8092-c780e740553b.png,naver_api,2026-08-18
73306,지석훈,https://ssl.pstatic.net/sstatic/people/profileImg/t/47c73b2c-ced1-444d-a5df-e519f9961633.png,naver_api,2026-08-18
64717,지시완,https://ssl.pstatic.net/sstatic/people/profileImg/t/ef6e949f-d22e-44e8-83db-0c15a7ee9c01.png,naver_api,2026-08-18
62302,지재옥,https://ssl.pstatic.net/sstatic/people/147/202304051337214721.png,naver_api,2026-08-18
56633,지현,https://ssl.pstatic.net/sstatic/people/profileImg/t/1f2be85c-dee1-40fc-ac93-699cebf961ce.png,naver_api,2026-08-18
97202,진갑용,https://ssl.pstatic.net/sstatic/people/profileImg/t/58b79885-4af4-4dbb-8e48-84d1a19496cd.png,naver_api,2026-08-18
79545,진명호,https://ssl.pstatic.net/sstatic/people/52/202203312122204621.png,naver_api,2026-08-18
52558,진승현,https://ssl.pstatic.net/sstatic/people/profileImg/t/1e958907-6037-494f-95a8-e190164f3974.png,naver_api,2026-08-18
78257,진야곱,https://ssl.pstatic.net/sstatic/people/6/202211091449403901.png,naver_api,2026-08-18
54148,진우영,https://ssl.pstatic.net/sstatic/people/profileImg/t/0d499e1f-5679-49ed-94b6-8e3325fbe2e8.png,naver_api,2026-08-18
76650,진해수,https://ssl.pstatic.net/sstatic/people/profileImg/t/b3889ad5-3f55-4cbf-b9c4-895dab1f7170.png,naver_api,2026-08-18
56799,짐머맨,https://ssl.pstatic.net/sstatic/people/profileImg/t/bb794327-adfd-4838-a5a1-7973a647ef1a.png,naver_api,2026-08-18
64615,차명진,https://ssl.pstatic.net/sstatic/people/132/202103242004526271.png,naver_api,2026-08-18
55435,차승준,https://ssl.pstatic.net/sstatic/people/profileImg/t/093429fd-c962-4fbb-8333-cec7f603859a.png,naver_api,2026-08-18
76455,차우찬,https://ssl.pstatic.net/sstatic/people/profileImg/cc4eecc3-1b01-4ad6-a97c-a72b311626e6.png,naver_api,2026-08-18
73602,차일목,https://ssl.pstatic.net/sstatic/people/45/202003301334369801.png,naver_api,2026-08-18
65509,차재용,https://ssl.pstatic.net/sstatic/people/149/202103312010343551.png,naver_api,2026-08-18
75307,차화준,https://ssl.pstatic.net/sstatic/people/portrait/201409/2014090118330689.png,naver_api,2026-08-18
69748,채드벨,https://ssl.pstatic.net/sstatic/people/6/202003301154329881.png,naver_api,2026-08-18
71845,채병용,https://ssl.pstatic.net/sstatic/people/34/202304181558228211.png,naver_api,2026-08-18
72742,채상병,https://ssl.pstatic.net/sstatic/people/profileImg/t/6837db08-6fd8-4008-83d3-ee89f2f0adac.png,naver_api,2026-08-18
66302,채상현,https://ssl.pstatic.net/sstatic/people/portrait/201603/20160320182048448-8997751.jpg,naver_api,2026-08-18
61929,채선관,https://ssl.pstatic.net/sstatic/people/195/202203142024099131.gif,naver_api,2026-08-18
65241,채원후,https://ssl.pstatic.net/sstatic/people/profileImg/t/1f4dbe08-0381-4157-be81-dc71e26556ea.png,naver_api,2026-08-18
79192,채은성,https://ssl.pstatic.net/sstatic/people/profileImg/t/9c30774b-8d38-4c81-95bd-8f891bbb3f66.png,naver_api,2026-08-18
77463,채태인,https://ssl.pstatic.net/sstatic/people/179/20200417101841541.png,naver_api,2026-08-18
69804,채현우,https://ssl.pstatic.net/sstatic/people/profileImg/t/33580359-8173-429e-b7dc-02f5ec81002c.png,naver_api,2026-08-18
50054,천성호,https://ssl.pstatic.net/sstatic/people/profileImg/t/7d79f088-9542-47a3-852a-e58ac05009bc.png,naver_api,2026-08-18
67905,천재환,https://ssl.pstatic.net/sstatic/people/profileImg/t/e1d57010-dd47-4ff2-ada9-087bf840760e.png,naver_api,2026-08-18
52208,천현재,https://ssl.pstatic.net/sstatic/people/profileImg/t/1e93f367-c0b7-4c02-a603-3d5e38ad6cb9.png,naver_api,2026-08-18
67394,초이스,https://ssl.pstatic.net/sstatic/people/38/201707311455359501.png,naver_api,2026-08-18
69802,최경모,https://ssl.pstatic.net/sstatic/people/profileImg/t/2388bff1-31a3-4a76-b560-122b0513c368.png,naver_api,2026-08-18
73824,최경철,https://ssl.pstatic.net/sstatic/people/profileImg/t/66fd043e-fffd-4912-a632-fee436eaa660.png,naver_api,2026-08-18
62966,최금강,https://ssl.pstatic.net/sstatic/people/78/202103292021235251.png,naver_api,2026-08-18
74543,최대성,https://ssl.pstatic.net/sstatic/people/117/201803301433174831.png,naver_api,2026-08-18
79140,최동환,https://ssl.pstatic.net/sstatic/people/profileImg/t/ad1fac19-7318-417e-b8bb-a1387321d21b.png,naver_api,2026-08-18
54112,최명경,https://ssl.pstatic.net/sstatic/people/profileImg/t/a6983819-34d5-4aca-aa79-959eb691dc7d.png,naver_api,2026-08-18
65447,최민구,https://ssl.pstatic.net/sstatic/people/58/201704281441069141.png,naver_api,2026-08-18
55268,최민석,https://ssl.pstatic.net/sstatic/people/profileImg/t/863a657b-d964-4cdd-afe5-520bb4985bdd.png,naver_api,2026-08-18
63895,최민재,https://ssl.pstatic.net/sstatic/people/98/202304171501339131.png,naver_api,2026-08-18
68856,최민준,https://ssl.pstatic.net/sstatic/people/profileImg/t/a43b5a16-a09b-4a4a-9472-22238ce1cb59.png,naver_api,2026-08-18
65157,최민창,https://ssl.pstatic.net/sstatic/people/profileImg/t/1880ba65-5d7b-4572-a993-2a20c9a19a15.png,naver_api,2026-08-18
60658,최병연,https://ssl.pstatic.net/sstatic/people/52/201804161042398201.png,naver_api,2026-08-18
64259,최병욱,https://ssl.pstatic.net/sstatic/people/profileImg/9f60dc76-168d-4642-9d0b-449f89b2b9ee.jpg,naver_api,2026-08-18
68909,최보성,https://ssl.pstatic.net/sstatic/people/profileImg/t/2327caca-0074-4e94-958f-4d18d953fd67.png,naver_api,2026-08-18
64493,최선호,https://ssl.pstatic.net/sstatic/people/17/202103301925034351.png,naver_api,2026-08-18
64718,최설우,https://ssl.pstatic.net/sstatic/people/profileImg/t/164e12c8-e1c1-483c-96f8-b58762944ad8.png,naver_api,2026-08-18
51007,최성민,https://ssl.pstatic.net/sstatic/people/profileImg/t/171a50f8-873e-47ce-8a67-4a7acfed2fb5.png,naver_api,2026-08-18
66920,최성영,https://ssl.pstatic.net/sstatic/people/profileImg/t/8959ddff-3ded-48e2-a0e9-909dbf7e2a10.png,naver_api,2026-08-18
62146,최성훈,https://ssl.pstatic.net/sstatic/people/profileImg/t/5aaccf5c-7e0b-42e5-b8ea-ec1247b6cb9d.png,naver_api,2026-08-18
65905,최승민,https://ssl.pstatic.net/sstatic/people/profileImg/t/2caf7039-c2b5-4074-b417-c2d63b14e3b6.png,naver_api,2026-08-18
51264,최승용,https://ssl.pstatic.net/sstatic/people/profileImg/t/3a802aa3-133f-4101-9f68-4878272d7253.png,naver_api,2026-08-18
76158,최승준,https://ssl.pstatic.net/sstatic/people/profileImg/t/72714b2c-d14f-4365-b42a-afb6b1caefc8.png,naver_api,2026-08-18
61197,최영진,https://ssl.pstatic.net/sstatic/people/profileImg/t/20e542de-9ecf-4534-99b2-49f560e45661.png,naver_api,2026-08-18
97336,최영필,https://ssl.pstatic.net/sstatic/people/158/202203312037399391.png,naver_api,2026-08-18
56967,최요한,https://ssl.pstatic.net/sstatic/people/profileImg/t/9e6c1971-b63c-4efb-b4c0-dd49663d132a.png,naver_api,2026-08-18
78666,최용규,https://ssl.pstatic.net/sstatic/people/82/201603071522564601.jpg,naver_api,2026-08-18
64213,최용제,https://ssl.pstatic.net/sstatic/people/profileImg/t/4d6d11fc-0cd0-4c91-870d-57ddda7db493.png,naver_api,2026-08-18
50650,최용준,https://ssl.pstatic.net/sstatic/people/profileImg/t/cd763338-8f59-4097-8f72-52389baf2a16.png,naver_api,2026-08-18
54903,최우석,https://ssl.pstatic.net/sstatic/people/profileImg/t/aa8c98f1-7ec3-4ebd-b68e-737c783a7452.png,naver_api,2026-08-18
62741,최우석,https://ssl.pstatic.net/sstatic/people/profileImg/c9e0ac9e-0de8-4203-9ef1-ac7fa89de9aa.jpeg,naver_api,2026-08-18
52103,최원영,https://ssl.pstatic.net/sstatic/people/profileImg/t/730ad895-c818-4cbf-9651-ab6027d5e9cf.png,naver_api,2026-08-18
60848,최원재,https://ssl.pstatic.net/sstatic/people/94/201703081112343261.png,naver_api,2026-08-18
77466,최원제,https://ssl.pstatic.net/sstatic/people/196/201804161331454431.png,naver_api,2026-08-18
66606,최원준,https://ssl.pstatic.net/sstatic/people/profileImg/t/7775965d-7bb9-4203-bd10-55a613c906cb.png,naver_api,2026-08-18
67263,최원준,https://ssl.pstatic.net/sstatic/people/profileImg/t/d0f2b145-98a6-4876-923a-2495bfa942f6.png,naver_api,2026-08-18
65320,최원태,https://ssl.pstatic.net/sstatic/people/profileImg/t/ebcd30fa-d9e0-4bbc-8456-2e6ef8f002f7.png,naver_api,2026-08-18
56793,최유빈,https://ssl.pstatic.net/sstatic/people/profileImg/t/16aeeb5f-614f-4b31-a97f-de3d68bdda8f.png,naver_api,2026-08-18
55894,최윤석,https://ssl.pstatic.net/sstatic/people/profileImg/t/56ca3c21-7fbd-4a0d-8dcc-5eb0734ad71c.png,naver_api,2026-08-18
60805,최윤석,https://ssl.pstatic.net/sstatic/people/profileImg/t/96213a69-c9c0-47d1-afc1-dc972cae242c.png,naver_api,2026-08-18
68036,최이준,https://ssl.pstatic.net/sstatic/people/profileImg/t/4ce9da30-28ff-4c7c-b13b-e8b1e963e98b.png,naver_api,2026-08-18
50707,최인호,https://ssl.pstatic.net/sstatic/people/profileImg/t/3352d2cf-2532-428c-ae25-767ff78b23b6.png,naver_api,2026-08-18
56338,최재영,https://ssl.pstatic.net/sstatic/people/profileImg/t/62d05c5f-d089-42c4-85d2-f45404c8bd76.png,naver_api,2026-08-18
63913,최재원,https://ssl.pstatic.net/sstatic/people/173/202003201627111101.png,naver_api,2026-08-18
78288,최재훈,https://ssl.pstatic.net/sstatic/people/profileImg/t/d222848c-4bba-4f58-a6df-535c3db385cd.png,naver_api,2026-08-18
75847,최정,https://ssl.pstatic.net/sstatic/people/profileImg/t/f39d4bd6-58f4-4f0b-8b46-bb9121ce7d5a.png,naver_api,2026-08-18
62893,최정민,https://ssl.pstatic.net/sstatic/people/profileImg/t/5e0c6ee0-d935-4f16-9a79-09d001afaca9.png,naver_api,2026-08-18
65464,최정용,https://ssl.pstatic.net/sstatic/people/profileImg/t/d1eab01f-d452-4d9d-a8f6-20927a69382e.png,naver_api,2026-08-18
69992,최정원,https://ssl.pstatic.net/sstatic/people/profileImg/t/046205b3-ce3e-49e8-82b8-0d7d12591a2c.png,naver_api,2026-08-18
51574,최종은,https://ssl.pstatic.net/sstatic/people/profileImg/t/6b9eab5c-7492-41bd-a900-12a4860fd2fc.png,naver_api,2026-08-18
50206,최종인,https://ssl.pstatic.net/sstatic/people/profileImg/t/f02b64ea-2b75-4abc-90b1-049a9b9ae94f.png,naver_api,2026-08-18
56215,최주형,https://ssl.pstatic.net/sstatic/people/profileImg/t/cc121f98-cadc-42d9-8db5-59794a15a735.png,naver_api,2026-08-18
76267,최주환,https://ssl.pstatic.net/sstatic/people/profileImg/t/487ba54a-2ec9-47b4-b7fa-71bd99c8bd63.png,naver_api,2026-08-18
71552,최준석,https://ssl.pstatic.net/sstatic/people/portrait/202204/20220411154214464.jpg,naver_api,2026-08-18
50556,최준용,https://ssl.pstatic.net/sstatic/people/profileImg/t/138fb778-830c-4b62-9d94-5b75f11c2bb5.png,naver_api,2026-08-18
68868,최준우,https://ssl.pstatic.net/sstatic/people/profileImg/t/0fcefd82-9566-4fc0-beab-fd7917f3682d.png,naver_api,2026-08-18
53259,최준호,https://ssl.pstatic.net/sstatic/people/profileImg/t/3202fb72-c084-433c-8b8f-3b7a1181c14c.png,naver_api,2026-08-18
52206,최지강,https://ssl.pstatic.net/sstatic/people/profileImg/t/068f0dbd-f7e1-438e-ab48-58a4a1810e28.png,naver_api,2026-08-18
67421,최지광,https://ssl.pstatic.net/sstatic/people/profileImg/t/3bb5e5e5-b5ba-47bc-b775-99eff26d37c1.png,naver_api,2026-08-18
68419,최지명,https://ssl.pstatic.net/sstatic/people/profileImg/t/535e7df9-25ce-4554-a57b-615f9aad9e6a.png,naver_api,2026-08-18
52639,최지민,https://ssl.pstatic.net/sstatic/people/profileImg/t/91e111c6-53f4-4096-a97f-90cd204dec6d.png,naver_api,2026-08-18
50854,최지훈,https://ssl.pstatic.net/sstatic/people/profileImg/t/7355aaac-78a1-4ce3-91ea-40782b8d1c0e.png,naver_api,2026-08-18
74729,최진행,https://ssl.pstatic.net/sstatic/people/184/202003301416546591.png,naver_api,2026-08-18
66451,최충연,https://ssl.pstatic.net/sstatic/people/profileImg/t/0339faee-deb0-4266-bc41-e600b0a6262d.png,naver_api,2026-08-18
68501,최하늘,https://ssl.pstatic.net/sstatic/people/profileImg/t/59b8b49f-fbba-4d28-bcdb-2bb05c41ec15.png,naver_api,2026-08-18
62884,최항,https://ssl.pstatic.net/sstatic/people/profileImg/t/5db3135e-30bb-4652-a4b9-a30ab1081109.png,naver_api,2026-08-18
90687,최향남,https://ssl.pstatic.net/sstatic/people/198/202304051419375211.png,naver_api,2026-08-18
54803,최현석,https://ssl.pstatic.net/sstatic/people/profileImg/t/b611f1ee-ef23-4650-a7cd-8421feadaada.png,naver_api,2026-08-18
56312,최현우,https://ssl.pstatic.net/sstatic/people/profileImg/t/ba1e1aad-3631-43de-a6f7-f2b0ac8ea7f7.png,naver_api,2026-08-18
61267,최현정,https://ssl.pstatic.net/sstatic/people/37/201503171824503411.jpg,naver_api,2026-08-18
61228,최현진,https://ssl.pstatic.net/sstatic/people/191/201704061751347381.jpg,naver_api,2026-08-18
72443,최형우,https://ssl.pstatic.net/sstatic/people/profileImg/t/2a66c973-47a0-4d3d-92c1-e6d1da56ee3d.png,naver_api,2026-08-18
75608,최훈락,https://ssl.pstatic.net/sstatic/people/147/201401211730577251.jpg,naver_api,2026-08-18
77623,최희섭,https://ssl.pstatic.net/sstatic/people/profileImg/t/823f4fe2-a4e6-474a-ad80-df68f721682f.png,naver_api,2026-08-18
72139,추승우,https://ssl.pstatic.net/sstatic/people/profileImg/t/d9de7101-1b47-4c6b-8ed8-2521f4801a56.png,naver_api,2026-08-18
51817,추신수,https://ssl.pstatic.net/sstatic/people/profileImg/t/b1778eae-3e34-4180-9f71-09a379493b92.png,naver_api,2026-08-18
68362,추재현,https://ssl.pstatic.net/sstatic/people/profileImg/t/e78bf30d-88d5-4350-90aa-e060ade3481b.png,naver_api,2026-08-18
55146,치리노스,https://ssl.pstatic.net/sstatic/people/profileImg/t/4b18a081-ab12-4776-b9e7-cff0be96c926.png,naver_api,2026-08-18
54444,카디네스,https://ssl.pstatic.net/sstatic/people/profileImg/t/7a1706c3-e691-4836-8d87-6506d52f5bab.png,naver_api,2026-08-18
56103,카라스코,https://ssl.pstatic.net/sstatic/people/profileImg/t/4299a4bf-5fde-4cee-b48a-c3b9cb7ad3a3.png,naver_api,2026-08-18
56251,카메론,https://ssl.pstatic.net/sstatic/people/profileImg/t/95bc10da-b0b0-4625-bf57-b520315e3b0c.png,naver_api,2026-08-18
54920,카스타노,https://ssl.pstatic.net/sstatic/people/profileImg/t/139b0b99-77c7-4042-ac22-0f49910bd7b0.png,naver_api,2026-08-18
56626,카스트로,https://ssl.pstatic.net/sstatic/people/profileImg/t/d7538e97-1aef-428b-acf8-05a57716ffb1.png,naver_api,2026-08-18
51722,카펜터,https://ssl.pstatic.net/sstatic/people/3/202203312050114411.png,naver_api,2026-08-18
55208,케이브,https://ssl.pstatic.net/sstatic/people/profileImg/t/820cfa23-c897-46e6-8f03-e533d123bcba.png,naver_api,2026-08-18
69103,켈리,https://ssl.pstatic.net/sstatic/people/profileImg/t/96febd3b-e62f-49d7-a949-8e827399b577.png,naver_api,2026-08-18
65856,켈리,https://ssl.pstatic.net/sstatic/people/profileImg/t/45a63f45-c338-463a-9240-f9c28d9d758b.png,naver_api,2026-08-18
54452,코너,https://ssl.pstatic.net/sstatic/people/profileImg/t/18ae504f-56b7-4721-ae2b-5bcae6308ce3.png,naver_api,2026-08-18
55138,코엔 윈,https://ssl.pstatic.net/sstatic/people/profileImg/t/17ead308-53ba-4b98-a4ed-66ed23435299.png,naver_api,2026-08-18
55257,콜어빈,https://ssl.pstatic.net/sstatic/people/profileImg/t/7bf174c2-410f-460e-9817-07621890b4ad.png,naver_api,2026-08-18
56548,쿄야마,https://ssl.pstatic.net/sstatic/people/profileImg/t/d055ce7d-e6e1-4a31-9052-c910557a66d8.png,naver_api,2026-08-18
56760,쿠싱,https://ssl.pstatic.net/sstatic/people/profileImg/t/d8ecbb15-d113-47e6-9631-f1b2ca36b194.png,naver_api,2026-08-18
69032,쿠에바스,https://ssl.pstatic.net/sstatic/people/profileImg/t/d3940143-e9c9-4da3-96cf-7dbe88837b61.png,naver_api,2026-08-18
51309,크레익,https://ssl.pstatic.net/sstatic/people/42/202109101033141031.png,naver_api,2026-08-18
54612,크로우,https://ssl.pstatic.net/sstatic/people/profileImg/t/b4a1804b-5b5e-44a7-a063-0603eaebcf60.png,naver_api,2026-08-18
52827,크론,https://ssl.pstatic.net/sstatic/people/48/202203031439249081.png,naver_api,2026-08-18
50815,킹험,https://ssl.pstatic.net/sstatic/people/18/202203312032425921.png,naver_api,2026-08-18
56218,타무라,https://ssl.pstatic.net/sstatic/people/profileImg/t/6466d7a2-a0dd-41c1-a98b-0a3c84e3316b.png,naver_api,2026-08-18
56212,타카다,https://ssl.pstatic.net/sstatic/people/profileImg/t/5ef8e6fc-2d55-42d3-9e84-591b122e9cbd.png,naver_api,2026-08-18
56823,타케다,https://ssl.pstatic.net/sstatic/people/profileImg/t/42085b41-a975-4f6d-bb81-1542522e3021.png,naver_api,2026-08-18
53909,태너,https://ssl.pstatic.net/sstatic/people/191/202308291032018701.png,naver_api,2026-08-18
69640,터너,https://ssl.pstatic.net/sstatic/people/42/201904031156147521.png,naver_api,2026-08-18
69652,터커,https://ssl.pstatic.net/sstatic/people/57/202307271155038041.png,naver_api,2026-08-18
52712,터크먼,https://ssl.pstatic.net/sstatic/people/profileImg/t/b24c3469-60a6-46e9-9ea1-f3add90f8b0f.png,naver_api,2026-08-18
56966,테일러,https://ssl.pstatic.net/sstatic/people/profileImg/t/e6bb4b4f-7b0b-4bac-b4cc-9abbcfffc4c1.png,naver_api,2026-08-18
56911,토다,https://ssl.pstatic.net/sstatic/people/profileImg/t/b9f786c7-238e-48b7-9274-2d4fa30e7f4d.png,naver_api,2026-08-18
55130,톨허스트,https://ssl.pstatic.net/sstatic/people/profileImg/t/c10da407-6e07-42b8-a4ca-b8abb93b81c6.png,naver_api,2026-08-18
69550,톰슨,https://ssl.pstatic.net/sstatic/people/193/201904121141165181.png,naver_api,2026-08-18
52606,파노니,https://ssl.pstatic.net/sstatic/people/profileImg/t/5b8088fe-9530-48b1-80c8-8d3d9724367e.png,naver_api,2026-08-18
68244,파레디스,https://ssl.pstatic.net/sstatic/people/65/20180330143645251.png,naver_api,2026-08-18
51967,파슨스,https://ssl.pstatic.net/sstatic/people/profileImg/t/f082454d-b719-4f19-a927-feee9c2f7e41.png,naver_api,2026-08-18
50469,팔카,https://ssl.pstatic.net/sstatic/people/7/202008271049098611.png,naver_api,2026-08-18
55032,패트릭,https://ssl.pstatic.net/sstatic/people/profileImg/t/d8143042-eaa7-4281-b960-e0899b27e8bc.png,naver_api,2026-08-18
67645,팻딘,https://ssl.pstatic.net/sstatic/people/116/201804161056579131.png,naver_api,2026-08-18
69165,페게로,https://ssl.pstatic.net/sstatic/people/180/201907181005584591.png,naver_api,2026-08-18
52720,페냐,https://ssl.pstatic.net/sstatic/people/profileImg/t/0fb57743-66bb-4c17-80ed-7cf239d5fe8e.png,naver_api,2026-08-18
56459,페덱,https://ssl.pstatic.net/sstatic/people/profileImg/t/af6e4c2c-74f4-458c-bfed-bc118671b1a2.png,naver_api,2026-08-18
53913,페디,https://ssl.pstatic.net/sstatic/people/profileImg/t/8658ff77-0b3f-482e-8be8-c0a1ff70d1b7.png,naver_api,2026-08-18
54730,페라자,https://ssl.pstatic.net/sstatic/people/profileImg/t/a62ee080-04c8-4695-809c-08f753bd2ce6.png,naver_api,2026-08-18
51714,페레즈,https://ssl.pstatic.net/sstatic/people/58/202108111707261941.png,naver_api,2026-08-18
69209,페르난데스,https://ssl.pstatic.net/sstatic/people/31/202203302139166801.png,naver_api,2026-08-18
67435,페트릭,https://ssl.pstatic.net/sstatic/people/152/201704281442513941.png,naver_api,2026-08-18
55730,폰세,https://ssl.pstatic.net/sstatic/people/profileImg/t/6061ebfa-c531-4cf8-86a9-16f0a6b68977.png,naver_api,2026-08-18
51863,폰트,https://ssl.pstatic.net/sstatic/people/36/202203031439543231.png,naver_api,2026-08-18
52366,푸이그,https://ssl.pstatic.net/sstatic/people/profileImg/t/cc56d1ca-a448-43e7-b38f-151a7629e750.png,naver_api,2026-08-18
51567,프랑코,https://ssl.pstatic.net/sstatic/people/1/202103302049189181.png,naver_api,2026-08-18
51324,프레이타스,https://ssl.pstatic.net/sstatic/people/95/202103312033523561.png,naver_api,2026-08-18
69953,프리드릭,https://ssl.pstatic.net/sstatic/people/191/201907111852325111.png,naver_api,2026-08-18
66423,플란데,https://ssl.pstatic.net/sstatic/people/192/201607111432013322.jpg,naver_api,2026-08-18
52145,플럿코,https://ssl.pstatic.net/sstatic/people/27/202303301437185831.png,naver_api,2026-08-18
50234,플렉센,https://ssl.pstatic.net/sstatic/people/profileImg/t/fe90826f-7295-49a5-9b0f-dd731faecb72.png,naver_api,2026-08-18
55734,플로리얼,https://ssl.pstatic.net/sstatic/people/profileImg/t/88f991f6-ac8e-4efb-a709-8802d32b658f.png,naver_api,2026-08-18
51463,피렐라,https://ssl.pstatic.net/sstatic/people/13/202303311511574191.png,naver_api,2026-08-18
65331,피어밴드,https://ssl.pstatic.net/sstatic/people/65/201803061509312361.png,naver_api,2026-08-18
64746,피에,https://ssl.pstatic.net/sstatic/people/94/201403211833061941.jpg,naver_api,2026-08-18
52526,피터스,https://ssl.pstatic.net/sstatic/people/138/202203311934141081.png,naver_api,2026-08-18
50835,핀토,https://ssl.pstatic.net/sstatic/people/7/202003261552574011.png,naver_api,2026-08-18
64350,하영민,https://ssl.pstatic.net/sstatic/people/profileImg/t/c5698967-3281-4444-aa6b-0d02f5a9ac1f.png,naver_api,2026-08-18
69813,하재훈,https://ssl.pstatic.net/sstatic/people/profileImg/t/7e1a5934-3c83-478e-917a-00a237c3e773.png,naver_api,2026-08-18
62700,하주석,https://ssl.pstatic.net/sstatic/people/profileImg/t/3b3b385f-8a7d-41fd-8348-db4ab1364b29.png,naver_api,2026-08-18
69991,하준수,https://ssl.pstatic.net/sstatic/people/profileImg/t/eb121569-915b-44d1-8c10-64d81989acf4.png,naver_api,2026-08-18
68639,하준영,https://ssl.pstatic.net/sstatic/people/profileImg/t/8d1d8fdb-1ff5-4d66-bf3e-7044f8a6c794.png,naver_api,2026-08-18
78517,하준호,https://ssl.pstatic.net/sstatic/people/78/202303311357356511.png,naver_api,2026-08-18
54930,하트,https://ssl.pstatic.net/sstatic/people/profileImg/t/bb93b4e6-2adc-4701-a278-f455647c0f5c.png,naver_api,2026-08-18
52710,한경빈,https://ssl.pstatic.net/sstatic/people/profileImg/t/f3b064b2-2457-447f-9db4-a296d0c33004.png,naver_api,2026-08-18
76610,한기주,https://ssl.pstatic.net/sstatic/people/profileImg/t/86f0f970-fb21-4ab7-a34d-bde79045a343.jpg,naver_api,2026-08-18
68525,한동희,https://ssl.pstatic.net/sstatic/people/profileImg/t/dbc66720-4e61-416d-b142-fcf32c712528.png,naver_api,2026-08-18
68092,한두솔,https://ssl.pstatic.net/sstatic/people/profileImg/t/4d95b6dd-cbd3-400f-80fe-897e91918543.png,naver_api,2026-08-18
64101,한석현,https://ssl.pstatic.net/sstatic/people/profileImg/t/76baba9c-521f-4271-8a6d-9b3a95660e57.png,naver_api,2026-08-18
69111,한선태,https://ssl.pstatic.net/sstatic/people/19/20220330210958541.png,naver_api,2026-08-18
52628,한승연,https://ssl.pstatic.net/sstatic/people/profileImg/t/a0bee92d-5481-4abe-b028-d7bf41143d59.png,naver_api,2026-08-18
50726,한승주,https://ssl.pstatic.net/sstatic/people/profileImg/t/b754c970-4c67-467d-ba3c-2bbfbf665459.png,naver_api,2026-08-18
66039,한승지,https://ssl.pstatic.net/sstatic/people/130/202103262123441581.png,naver_api,2026-08-18
63722,한승택,https://ssl.pstatic.net/sstatic/people/profileImg/t/fd8efe63-a010-4cd0-b05e-143516e32789.png,naver_api,2026-08-18
61666,한승혁,https://ssl.pstatic.net/sstatic/people/profileImg/t/c4ea24b7-8053-4f20-bc16-6e375d124d05.png,naver_api,2026-08-18
66557,한승혁,https://ssl.pstatic.net/sstatic/people/10/202103302020224831.png,naver_api,2026-08-18
55506,한승현,https://ssl.pstatic.net/sstatic/people/profileImg/t/04f3e94d-48ba-487d-a6c0-96e4efc50e20.png,naver_api,2026-08-18
62895,한유섬,https://ssl.pstatic.net/sstatic/people/profileImg/t/b0fa02b5-4d83-40e4-8138-bf3130e01776.png,naver_api,2026-08-18
51994,한재승,https://ssl.pstatic.net/sstatic/people/profileImg/t/73dabec7-48ff-4642-9f58-2d38819ea33b.png,naver_api,2026-08-18
50903,한재환,https://ssl.pstatic.net/sstatic/people/profileImg/t/31804223-e8ae-42ea-8745-593f76cd7a6d.png,naver_api,2026-08-18
64255,한주성,https://ssl.pstatic.net/sstatic/people/164/202003231543006241.png,naver_api,2026-08-18
68646,한준수,https://ssl.pstatic.net/sstatic/people/profileImg/t/7b1efbc3-1e39-417c-bfaa-7f1b02f8eafc.png,naver_api,2026-08-18
55767,한지윤,https://ssl.pstatic.net/sstatic/people/profileImg/t/7c030b72-4216-4cc6-bc56-88874429b9a1.png,naver_api,2026-08-18
51058,한차현,https://ssl.pstatic.net/sstatic/people/profileImg/t/d4901b31-9d4d-4122-a3da-4a937ee5d105.png,naver_api,2026-08-18
52568,한태양,https://ssl.pstatic.net/sstatic/people/profileImg/t/84653d13-6720-4d26-b449-ed3cf01f8351.png,naver_api,2026-08-18
62363,한현희,https://ssl.pstatic.net/sstatic/people/profileImg/t/080bef50-c0da-4070-9f83-ad9cd13ad262.png,naver_api,2026-08-18
79138,한희,https://ssl.pstatic.net/sstatic/people/134/20170420111025611.png,naver_api,2026-08-18
63248,함덕주,https://ssl.pstatic.net/sstatic/people/profileImg/t/a53dc06c-5b7f-4294-baeb-1a1ba5e7f5cf.png,naver_api,2026-08-18
55440,함수호,https://ssl.pstatic.net/sstatic/people/profileImg/t/d3e909d4-f462-4c20-82db-0bcb2c2597ac.png,naver_api,2026-08-18
50108,함창건,https://ssl.pstatic.net/sstatic/people/profileImg/t/c0b80bf8-e3b8-4e59-9487-05d91961ac82.png,naver_api,2026-08-18
69605,해즐베이커,https://ssl.pstatic.net/sstatic/people/14/201904031211387481.png,naver_api,2026-08-18
56855,해치,https://ssl.pstatic.net/sstatic/people/profileImg/t/b6799d0c-84cb-485b-ab7a-45e9b8e3c2b8.png,naver_api,2026-08-18
63938,해커,https://ssl.pstatic.net/sstatic/people/181/201807031732428091.png,naver_api,2026-08-18
79240,허경민,https://ssl.pstatic.net/sstatic/people/profileImg/t/74e4e6e8-ad7a-40cb-af35-0713779f9894.png,naver_api,2026-08-18
69706,허관회,https://ssl.pstatic.net/sstatic/people/profileImg/t/5e8f30d1-292f-4364-b6f9-1bfe9d745a01.png,naver_api,2026-08-18
77243,허도환,https://ssl.pstatic.net/sstatic/people/profileImg/t/31900230-455f-4690-b095-df8c71b030d5.png,naver_api,2026-08-18
72324,허웅,https://ssl.pstatic.net/sstatic/people/3/201603071139045141.jpg,naver_api,2026-08-18
79746,허유강,https://ssl.pstatic.net/sstatic/people/81/201504011337249691.jpg,naver_api,2026-08-18
56904,허윤,https://ssl.pstatic.net/sstatic/people/profileImg/t/3232acdf-a5d1-46ce-8f79-88c130f0a7a4.png,naver_api,2026-08-18
50449,허윤동,https://ssl.pstatic.net/sstatic/people/profileImg/t/1b361671-3991-4201-811a-c64dd151dca6.png,naver_api,2026-08-18
52764,허인서,https://ssl.pstatic.net/sstatic/people/profileImg/t/6b7b4eb8-9304-48f0-8c62-1809b5c90eec.png,naver_api,2026-08-18
61566,허일,https://ssl.pstatic.net/sstatic/people/profileImg/fbee124c-0256-4f6a-a433-9005da288676.jpg,naver_api,2026-08-18
65399,허정협,https://ssl.pstatic.net/sstatic/people/102/202103312008471141.png,naver_api,2026-08-18
75344,허준,https://ssl.pstatic.net/sstatic/people/143/201303151614329941.jpg,naver_api,2026-08-18
52119,허준혁,https://ssl.pstatic.net/sstatic/people/profileImg/t/b7a9eecf-04b8-49e3-8049-b49ef9e6a2a6.png,naver_api,2026-08-18
79535,허준혁,https://ssl.pstatic.net/sstatic/people/184/20190308095941111.png,naver_api,2026-08-18
74556,허준혁,https://ssl.pstatic.net/sstatic/people/119/201603041144167341.jpg,naver_api,2026-08-18
66138,허프,https://ssl.pstatic.net/sstatic/people/81/20170524174600591.png,naver_api,2026-08-18
54354,헤이수스,https://ssl.pstatic.net/sstatic/people/profileImg/t/414b8071-794b-4c55-b9a8-4ada97572541.png,naver_api,2026-08-18
68794,헤일,https://ssl.pstatic.net/sstatic/people/157/201807241521241551.png,naver_api,2026-08-18
69435,헤일리,https://ssl.pstatic.net/sstatic/people/23/201906111820337551.png,naver_api,2026-08-18
66643,헥터,https://ssl.pstatic.net/sstatic/people/162/201804161103043591.png,naver_api,2026-08-18
68260,현도훈,https://ssl.pstatic.net/sstatic/people/profileImg/t/433301a5-86a3-4500-aa03-56894c67090d.png,naver_api,2026-08-18
50840,현원회,https://ssl.pstatic.net/sstatic/people/profileImg/t/1f1b682b-dda5-40bc-807e-fcca9bf25c7d.png,naver_api,2026-08-18
68730,호잉,https://ssl.pstatic.net/sstatic/people/108/202108171902247401.png,naver_api,2026-08-18
64658,홀튼,https://ssl.pstatic.net/sstatic/people/177/201405131517591391.jpg,naver_api,2026-08-18
61643,홍건희,https://ssl.pstatic.net/sstatic/people/profileImg/t/9af6ded7-180b-4d1f-9964-15731e875537.png,naver_api,2026-08-18
55897,홍대인,https://ssl.pstatic.net/sstatic/people/profileImg/t/6a712e62-2aa9-4fa7-b71d-824989e9bf54.png,naver_api,2026-08-18
55267,홍민규,https://ssl.pstatic.net/sstatic/people/profileImg/t/453d79e9-5817-4a8f-bb50-b9fcbf391130.png,naver_api,2026-08-18
50596,홍민기,https://ssl.pstatic.net/sstatic/people/profileImg/t/6b6dabde-48fa-45c4-9d2f-a098cd7764d4.png,naver_api,2026-08-18
78247,홍상삼,https://ssl.pstatic.net/sstatic/people/17/202203312041545791.png,naver_api,2026-08-18
61366,홍성갑,https://ssl.pstatic.net/sstatic/people/149/201902191507472811.png,naver_api,2026-08-18
65042,홍성무,https://ssl.pstatic.net/sstatic/people/99/202004021808226091.png,naver_api,2026-08-18
62655,홍성민,https://ssl.pstatic.net/sstatic/people/87/20230329183200621.png,naver_api,2026-08-18
75149,홍성용,https://ssl.pstatic.net/sstatic/people/profileImg/t/af03f155-7c12-4911-a8b5-03de187c873d.png,naver_api,2026-08-18
66233,홍성호,https://ssl.pstatic.net/sstatic/people/profileImg/t/3207144f-e210-4afd-bd7a-0e49c0d0a7f0.png,naver_api,2026-08-18
99222,홍성흔,https://ssl.pstatic.net/sstatic/people/167/20220607150729531.jpg,naver_api,2026-08-18
70626,홍세완,https://ssl.pstatic.net/sstatic/people/profileImg/t/9dc1318e-6e40-43f5-b1ce-6f6757f3ae1f.png,naver_api,2026-08-18
64204,홍영현,https://ssl.pstatic.net/sstatic/people/62/201704061805594021.jpg,naver_api,2026-08-18
69643,홍원빈,https://ssl.pstatic.net/sstatic/people/profileImg/t/6d86dab7-fda6-4efe-9281-fca0abe39220.png,naver_api,2026-08-18
50430,홍원표,https://ssl.pstatic.net/sstatic/people/profileImg/t/75dda3e1-24a2-418d-9a0a-1a2a20de918b.png,naver_api,2026-08-18
55996,홍재문,https://ssl.pstatic.net/sstatic/people/profileImg/t/24e822c1-d07b-4510-b561-13440ead73ff.png,naver_api,2026-08-18
60605,홍재호,https://ssl.pstatic.net/sstatic/people/58/201804161113103291.png,naver_api,2026-08-18
65496,홍정우,https://ssl.pstatic.net/sstatic/people/profileImg/t/0d0d2f7a-fd69-48da-b13c-1df8e8da7d52.png,naver_api,2026-08-18
50600,홍종표,https://ssl.pstatic.net/sstatic/people/profileImg/t/9b884c05-bbe5-41f0-9d37-765ecb4bc7f4.png,naver_api,2026-08-18
66108,홍창기,https://ssl.pstatic.net/sstatic/people/profileImg/t/a190b906-12d2-4d84-a05f-d38e28c865ef.png,naver_api,2026-08-18
67005,홍현빈,https://ssl.pstatic.net/sstatic/people/profileImg/t/3ca2888d-1bd1-466d-bf2f-076c28c9c196.png,naver_api,2026-08-18
55855,화이트,https://ssl.pstatic.net/sstatic/people/profileImg/t/7c4e838b-11aa-4661-850d-fda19f42d7bd.png,naver_api,2026-08-18
56724,화이트,https://ssl.pstatic.net/sstatic/people/profileImg/t/707ad43b-7e82-4d94-880d-68aa2f882fd6.png,naver_api,2026-08-18
50802,화이트,https://ssl.pstatic.net/sstatic/people/198/202008241408068811.png,naver_api,2026-08-18
66207,황경태,https://ssl.pstatic.net/sstatic/people/profileImg/017b5126-4837-47e9-96a4-db26a6011b04.jpeg,naver_api,2026-08-18
65610,황대인,https://ssl.pstatic.net/sstatic/people/profileImg/t/f62241bd-e9da-40d3-a346-a2fa0e0a1d23.png,naver_api,2026-08-18
72261,황덕균,https://ssl.pstatic.net/sstatic/people/75/201603071651576951.jpg,naver_api,2026-08-18
50441,황동재,https://ssl.pstatic.net/sstatic/people/profileImg/t/386a9c1d-8269-421e-903d-20f52ea5ad6c.png,naver_api,2026-08-18
52641,황동하,https://ssl.pstatic.net/sstatic/people/profileImg/t/1d7b26d4-e54b-44ad-9ce0-dcf2f2c4653a.png,naver_api,2026-08-18
63077,황목치승,https://ssl.pstatic.net/sstatic/people/12/201704201014311421.jpg,naver_api,2026-08-18
66469,황선도,https://ssl.pstatic.net/sstatic/people/192/20180416135031921.png,naver_api,2026-08-18
76404,황선일,https://ssl.pstatic.net/sstatic/people/60/201603031740083001.jpg,naver_api,2026-08-18
50500,황성빈,https://ssl.pstatic.net/sstatic/people/profileImg/t/71d0edbc-81b3-4a00-b872-80474bea3b82.png,naver_api,2026-08-18
61496,황수범,https://ssl.pstatic.net/sstatic/people/184/201804161353075911.png,naver_api,2026-08-18
64760,황영국,https://ssl.pstatic.net/sstatic/people/191/202203312215168151.png,naver_api,2026-08-18
54795,황영묵,https://ssl.pstatic.net/sstatic/people/profileImg/t/1de95913-da46-4969-bf2f-b8868e51f190.png,naver_api,2026-08-18
65618,황인준,https://ssl.pstatic.net/sstatic/people/66/20210324201219351.png,naver_api,2026-08-18
79758,황재규,https://ssl.pstatic.net/sstatic/people/75/201504011343588611.jpg,naver_api,2026-08-18
76313,황재균,https://ssl.pstatic.net/sstatic/people/profileImg/970f93d0-b2e4-4959-8350-f0fd8a34ea8e.jpg,naver_api,2026-08-18
62646,황정립,https://ssl.pstatic.net/sstatic/people/24/201503181052275261.jpg,naver_api,2026-08-18
54729,황준서,https://ssl.pstatic.net/sstatic/people/profileImg/t/498b5d85-8264-4b8f-8b7c-a8613c57e660.png,naver_api,2026-08-18
78566,황진수,https://ssl.pstatic.net/sstatic/people/profileImg/t/f05ab17f-75ed-4063-ac66-8a8383135c78.png,naver_api,2026-08-18
53375,후라도,https://ssl.pstatic.net/sstatic/people/profileImg/t/3a1ae8f4-f6ff-4f11-9c56-8f5cafd1a789.png,naver_api,2026-08-18
68240,후랭코프,https://ssl.pstatic.net/sstatic/people/171/201804051758242081.png,naver_api,2026-08-18
68742,휠러,https://ssl.pstatic.net/sstatic/people/3/201803051454387591.png,naver_api,2026-08-18
56305,히우라,https://ssl.pstatic.net/sstatic/people/profileImg/t/ecc37db2-f8ce-4dba-9337-1a797f3a01f0.png,naver_api,2026-08-18
51725,힐리,https://ssl.pstatic.net/sstatic/people/107/202103262022252911.png,naver_api,2026-08-18
56034,힐리어드,https://ssl.pstatic.net/sstatic/people/profileImg/t/6313cd87-5d1f-4197-90e8-544bad02e14f.png,naver_api,2026-08-18
